** Event #0   t=0   Elapsed: 1.8e-05s (0m 00s)  0% completed  (0% total)
     Speed:     ev/sec=0   simsec/sec=0   ev/simsec=0
     Messages:  created: 1178   present: 1178   in FES: 186
** Event #69888   t=8.034601279896   Elapsed: 2.00144s (0m 02s)  1% completed  (0% total)
     Speed:     ev/sec=34919.7   simsec/sec=4.01445   ev/simsec=8698.5
     Messages:  created: 62986   present: 1189   in FES: 144
** Event #142848   t=16.514035031824   Elapsed: 4.00594s (0m 04s)  3% completed  (1% total)
     Speed:     ev/sec=36397.9   simsec/sec=4.23018   ev/simsec=8604.35
     Messages:  created: 127742   present: 1228   in FES: 147
** Event #208128   t=24.505928441286   Elapsed: 6.00595s (0m 06s)  4% completed  (2% total)
     Speed:     ev/sec=32639.9   simsec/sec=3.99593   ev/simsec=8168.28
     Messages:  created: 185714   present: 1272   in FES: 185
** Event #268800   t=31.511927389521   Elapsed: 8.00831s (0m 08s)  6% completed  (3% total)
     Speed:     ev/sec=30300.1   simsec/sec=3.49886   ev/simsec=8660.01
     Messages:  created: 239666   present: 1280   in FES: 185
** Event #319232   t=37.507063341026   Elapsed: 10.0305s (0m 10s)  7% completed  (3% total)
     Speed:     ev/sec=24939.9   simsec/sec=2.96475   ev/simsec=8412.15
     Messages:  created: 283900   present: 1215   in FES: 154
** Event #352256   t=40.543251098692   Elapsed: 12.0532s (0m 12s)  8% completed  (4% total)
     Speed:     ev/sec=16326.2   simsec/sec=1.50101   ev/simsec=10876.8
     Messages:  created: 310536   present: 1182   in FES: 141
** Event #385280   t=44.022532309819   Elapsed: 14.0539s (0m 14s)  8% completed  (4% total)
     Speed:     ev/sec=16506.2   simsec/sec=1.73903   ev/simsec=9491.62
     Messages:  created: 337144   present: 1146   in FES: 131
** Event #424192   t=47.872325687808   Elapsed: 16.068s (0m 16s)  9% completed  (4% total)
     Speed:     ev/sec=19320.2   simsec/sec=1.91147   ev/simsec=10107.6
     Messages:  created: 368990   present: 1116   in FES: 122
** Event #467712   t=52.039418820042   Elapsed: 18.0749s (0m 18s)  10% completed  (5% total)
     Speed:     ev/sec=21685.2   simsec/sec=2.07638   ev/simsec=10443.7
     Messages:  created: 404324   present: 1146   in FES: 129
** Event #509952   t=56.093935588477   Elapsed: 20.0852s (0m 20s)  11% completed  (5% total)
     Speed:     ev/sec=21011.3   simsec/sec=2.01683   ev/simsec=10418
     Messages:  created: 438754   present: 1151   in FES: 134
** Event #544768   t=59.526841208183   Elapsed: 22.1044s (0m 22s)  11% completed  (5% total)
     Speed:     ev/sec=17242.3   simsec/sec=1.70012   ev/simsec=10141.8
     Messages:  created: 466781   present: 1133   in FES: 124
** Event #577536   t=62.537708114959   Elapsed: 24.1066s (0m 24s)  12% completed  (6% total)
     Speed:     ev/sec=16366.2   simsec/sec=1.5038   ev/simsec=10883.2
     Messages:  created: 492692   present: 1191   in FES: 146
** Event #609792   t=65.521391486188   Elapsed: 26.1087s (0m 26s)  13% completed  (6% total)
     Speed:     ev/sec=16111.5   simsec/sec=1.49032   ev/simsec=10810.8
     Messages:  created: 517014   present: 1209   in FES: 148
** Event #634624   t=67.521971241406   Elapsed: 28.116s (0m 28s)  13% completed  (6% total)
     Speed:     ev/sec=12370.7   simsec/sec=0.996638   ev/simsec=12412.4
     Messages:  created: 534980   present: 1316   in FES: 183
** Event #659456   t=69.522114384656   Elapsed: 30.125s (0m 30s)  13% completed  (6% total)
     Speed:     ev/sec=12360.1   simsec/sec=0.995566   ev/simsec=12415.1
     Messages:  created: 553233   present: 1148   in FES: 127
** Event #692224   t=72.514972685132   Elapsed: 32.1371s (0m 32s)  14% completed  (7% total)
     Speed:     ev/sec=16285.7   simsec/sec=1.48745   ev/simsec=10948.7
     Messages:  created: 578374   present: 1131   in FES: 126
** Event #726784   t=75.51997262397   Elapsed: 34.161s (0m 34s)  15% completed  (7% total)
     Speed:     ev/sec=17075.9   simsec/sec=1.48475   ev/simsec=11500.8
     Messages:  created: 605039   present: 1162   in FES: 135
** Event #760832   t=78.514972337039   Elapsed: 36.1957s (0m 36s)  15% completed  (7% total)
     Speed:     ev/sec=16733.6   simsec/sec=1.47196   ev/simsec=11368.3
     Messages:  created: 630852   present: 1163   in FES: 138
** Event #789248   t=81.003654429723   Elapsed: 38.1981s (0m 38s)  16% completed  (8% total)
     Speed:     ev/sec=14191.3   simsec/sec=1.24287   ev/simsec=11418.1
     Messages:  created: 652590   present: 1139   in FES: 130
** Event #820736   t=83.567471495802   Elapsed: 40.2248s (0m 40s)  16% completed  (8% total)
     Speed:     ev/sec=15536.7   simsec/sec=1.26503   ev/simsec=12281.7
     Messages:  created: 677028   present: 1170   in FES: 141
** Event #858112   t=87.079612583115   Elapsed: 42.2272s (0m 42s)  17% completed  (8% total)
     Speed:     ev/sec=18665.6   simsec/sec=1.75397   ev/simsec=10641.9
     Messages:  created: 706540   present: 1165   in FES: 138
** Event #893952   t=90.590523974825   Elapsed: 44.2425s (0m 44s)  18% completed  (9% total)
     Speed:     ev/sec=17783.5   simsec/sec=1.74209   ev/simsec=10208.2
     Messages:  created: 735584   present: 1136   in FES: 129
** Event #933888   t=94.545075114504   Elapsed: 46.2478s (0m 46s)  18% completed  (9% total)
     Speed:     ev/sec=19915.3   simsec/sec=1.97206   ev/simsec=10098.7
     Messages:  created: 767670   present: 1201   in FES: 148
** Event #974592   t=98.536168652603   Elapsed: 48.2705s (0m 48s)  19% completed  (9% total)
     Speed:     ev/sec=20123.8   simsec/sec=1.97317   ev/simsec=10198.7
     Messages:  created: 800261   present: 1204   in FES: 154
** Event #1012992   t=101.599988013406   Elapsed: 50.2774s (0m 50s)  20% completed  (10% total)
     Speed:     ev/sec=19133.8   simsec/sec=1.52663   ev/simsec=12533.4
     Messages:  created: 833863   present: 1344   in FES: 170
** Event #1053440   t=104.53954726573   Elapsed: 52.2844s (0m 52s)  20% completed  (10% total)
     Speed:     ev/sec=20153.1   simsec/sec=1.46463   ev/simsec=13759.9
     Messages:  created: 872398   present: 1748   in FES: 184
** Event #1102336   t=106.737413957619   Elapsed: 54.2888s (0m 54s)  21% completed  (10% total)
     Speed:     ev/sec=24394.3   simsec/sec=1.09652   ev/simsec=22247
     Messages:  created: 924907   present: 1918   in FES: 159
** Event #1146368   t=110.007209697977   Elapsed: 56.2968s (0m 56s)  22% completed  (11% total)
     Speed:     ev/sec=21928.8   simsec/sec=1.62842   ev/simsec=13466.3
     Messages:  created: 966748   present: 1356   in FES: 137
** Event #1185536   t=114.028907502885   Elapsed: 58.3041s (0m 58s)  22% completed  (11% total)
     Speed:     ev/sec=19513   simsec/sec=2.00356   ev/simsec=9739.17
     Messages:  created: 998491   present: 1799   in FES: 124
** Event #1231616   t=119.080161957238   Elapsed: 60.3069s (1m 00s)  23% completed  (11% total)
     Speed:     ev/sec=23007.9   simsec/sec=2.5221   ev/simsec=9122.49
     Messages:  created: 1037853   present: 2414   in FES: 126
** Event #1289216   t=126.543363590255   Elapsed: 62.3188s (1m 02s)  25% completed  (12% total)
     Speed:     ev/sec=28629.8   simsec/sec=3.70955   ev/simsec=7717.87
     Messages:  created: 1089989   present: 3378   in FES: 154
** Event #1352448   t=134.601902707456   Elapsed: 64.3189s (1m 04s)  26% completed  (13% total)
     Speed:     ev/sec=31614.6   simsec/sec=4.02909   ev/simsec=7846.58
     Messages:  created: 1147581   present: 4330   in FES: 154
** Event #1423872   t=144.022531120091   Elapsed: 66.3217s (1m 06s)  28% completed  (14% total)
     Speed:     ev/sec=35661   simsec/sec=4.70359   ev/simsec=7581.66
     Messages:  created: 1212433   present: 5464   in FES: 146
** Event #1484800   t=151.75671070653   Elapsed: 68.3283s (1m 08s)  30% completed  (15% total)
     Speed:     ev/sec=30363.5   simsec/sec=3.85433   ev/simsec=7877.76
     Messages:  created: 1267936   present: 6316   in FES: 122
** Event #1545728   t=159.57290197383   Elapsed: 70.3348s (1m 10s)  31% completed  (15% total)
     Speed:     ev/sec=30365.9   simsec/sec=3.89551   ev/simsec=7795.1
     Messages:  created: 1323441   present: 7343   in FES: 151
** Event #1605376   t=167.509951383319   Elapsed: 72.3366s (1m 12s)  33% completed  (16% total)
     Speed:     ev/sec=29796.9   simsec/sec=3.96492   ev/simsec=7515.14
     Messages:  created: 1377604   present: 8283   in FES: 148
** Event #1664000   t=175.012843860064   Elapsed: 74.3422s (1m 14s)  35% completed  (17% total)
     Speed:     ev/sec=29230.8   simsec/sec=3.74105   ev/simsec=7813.52
     Messages:  created: 1430941   present: 9160   in FES: 136
** Event #1723904   t=182.564368910168   Elapsed: 76.3445s (1m 16s)  36% completed  (18% total)
     Speed:     ev/sec=29916.8   simsec/sec=3.77133   ev/simsec=7932.7
     Messages:  created: 1485602   present: 10105   in FES: 154
** Event #1784064   t=190.516659025891   Elapsed: 78.3449s (1m 18s)  38% completed  (19% total)
     Speed:     ev/sec=30073.9   simsec/sec=3.97534   ev/simsec=7565.12
     Messages:  created: 1540238   present: 11053   in FES: 148
** Event #1845504   t=198.45671070653   Elapsed: 80.3461s (1m 20s)  39% completed  (19% total)
     Speed:     ev/sec=30701.2   simsec/sec=3.9676   ev/simsec=7737.98
     Messages:  created: 1596113   present: 11921   in FES: 122
** Event #1908736   t=206.535455586423   Elapsed: 82.3499s (1m 22s)  41% completed  (20% total)
     Speed:     ev/sec=31557.6   simsec/sec=4.03191   ev/simsec=7826.96
     Messages:  created: 1653713   present: 12963   in FES: 145
** Event #1972224   t=214.586418211957   Elapsed: 84.353s (1m 24s)  42% completed  (21% total)
     Speed:     ev/sec=31694.9   simsec/sec=4.01926   ev/simsec=7885.77
     Messages:  created: 1711608   present: 13931   in FES: 154
** Event #2033408   t=222.542985707465   Elapsed: 86.3552s (1m 26s)  44% completed  (22% total)
     Speed:     ev/sec=30557.9   simsec/sec=3.97385   ev/simsec=7689.75
     Messages:  created: 1767274   present: 14983   in FES: 176
** Event #2095360   t=230.542912765652   Elapsed: 88.3632s (1m 28s)  46% completed  (23% total)
     Speed:     ev/sec=30852.6   simsec/sec=3.98403   ev/simsec=7744.07
     Messages:  created: 1823659   present: 15898   in FES: 184
** Event #2155520   t=238.109280926076   Elapsed: 90.3633s (1m 30s)  47% completed  (23% total)
     Speed:     ev/sec=30077.8   simsec/sec=3.78291   ev/simsec=7950.97
     Messages:  created: 1878429   present: 1481   in FES: 123
** Event #2212864   t=245.586635566682   Elapsed: 92.3749s (1m 32s)  49% completed  (24% total)
     Speed:     ev/sec=28507.4   simsec/sec=3.71722   ev/simsec=7669.02
     Messages:  created: 1930613   present: 2453   in FES: 147
** Event #2274048   t=253.006634917418   Elapsed: 94.3809s (1m 34s)  50% completed  (25% total)
     Speed:     ev/sec=30499.4   simsec/sec=3.69878   ev/simsec=8245.82
     Messages:  created: 1988656   present: 3343   in FES: 153
** Event #2341120   t=256.180696238199   Elapsed: 96.3854s (1m 36s)  51% completed  (25% total)
     Speed:     ev/sec=33461.3   simsec/sec=1.5835   ev/simsec=21131.3
     Messages:  created: 2067855   present: 3529   in FES: 139
** Event #2407680   t=259.546624943313   Elapsed: 98.3913s (1m 38s)  51% completed  (25% total)
     Speed:     ev/sec=33181.6   simsec/sec=1.67799   ev/simsec=19774.6
     Messages:  created: 2146709   present: 3826   in FES: 135
** Event #2477568   t=263.09743973077   Elapsed: 100.394s (1m 40s)  52% completed  (26% total)
     Speed:     ev/sec=34903.3   simsec/sec=1.77334   ev/simsec=19682.2
     Messages:  created: 2228890   present: 4144   in FES: 150
** Event #2543360   t=266.902875260662   Elapsed: 102.396s (1m 42s)  53% completed  (26% total)
     Speed:     ev/sec=32864   simsec/sec=1.90087   ev/simsec=17289
     Messages:  created: 2305570   present: 4422   in FES: 140
** Event #2614016   t=271.51020081613   Elapsed: 104.399s (1m 44s)  54% completed  (27% total)
     Speed:     ev/sec=35272.1   simsec/sec=2.30002   ev/simsec=15335.6
     Messages:  created: 2385911   present: 4732   in FES: 124
** Event #2676480   t=275.524624356008   Elapsed: 106.404s (1m 46s)  55% completed  (27% total)
     Speed:     ev/sec=31147   simsec/sec=2.00175   ev/simsec=15559.9
     Messages:  created: 2456823   present: 5103   in FES: 138
** Event #2742528   t=278.568957162593   Elapsed: 108.408s (1m 48s)  55% completed  (27% total)
     Speed:     ev/sec=32960.5   simsec/sec=1.51924   ev/simsec=21695.4
     Messages:  created: 2534562   present: 5249   in FES: 140
** Event #2803712   t=281.039365025613   Elapsed: 110.414s (1m 50s)  56% completed  (28% total)
     Speed:     ev/sec=30494.7   simsec/sec=1.23127   ev/simsec=24766.8
     Messages:  created: 2607546   present: 5461   in FES: 154
** Event #2862848   t=283.032267233171   Elapsed: 112.417s (1m 52s)  56% completed  (28% total)
     Speed:     ev/sec=29537   simsec/sec=0.995405   ev/simsec=29673.3
     Messages:  created: 2679361   present: 5546   in FES: 147
** Event #2917376   t=284.728630446421   Elapsed: 114.424s (1m 54s)  56% completed  (28% total)
     Speed:     ev/sec=27160.2   simsec/sec=0.844952   ev/simsec=32144.1
     Messages:  created: 2744801   present: 5620   in FES: 166
** Event #2974464   t=286.538151620105   Elapsed: 116.435s (1m 56s)  57% completed  (28% total)
     Speed:     ev/sec=28390.9   simsec/sec=0.899908   ev/simsec=31548.7
     Messages:  created: 2813513   present: 5678   in FES: 154
** Event #3036928   t=288.515396561008   Elapsed: 118.449s (1m 58s)  57% completed  (28% total)
     Speed:     ev/sec=31008.8   simsec/sec=0.981556   ev/simsec=31591.4
     Messages:  created: 2888551   present: 5793   in FES: 153
** Event #3092736   t=290.152623995171   Elapsed: 120.455s (2m 00s)  58% completed  (29% total)
     Speed:     ev/sec=27832.9   simsec/sec=0.816527   ev/simsec=34086.9
     Messages:  created: 2954390   present: 5766   in FES: 125
** Event #3143936   t=291.772898085486   Elapsed: 122.462s (2m 02s)  58% completed  (29% total)
     Speed:     ev/sec=25507.1   simsec/sec=0.807196   ev/simsec=31599.6
     Messages:  created: 3016455   present: 5869   in FES: 155
** Event #3203328   t=293.585475996932   Elapsed: 124.479s (2m 04s)  58% completed  (29% total)
     Speed:     ev/sec=29446   simsec/sec=0.898658   ev/simsec=32766.6
     Messages:  created: 3087448   present: 5980   in FES: 154
** Event #3263488   t=295.517863945078   Elapsed: 126.481s (2m 06s)  59% completed  (29% total)
     Speed:     ev/sec=30045.9   simsec/sec=0.965098   ev/simsec=31132.5
     Messages:  created: 3160026   present: 6045   in FES: 145
** Event #3327232   t=297.511117636707   Elapsed: 128.481s (2m 08s)  59% completed  (29% total)
     Speed:     ev/sec=31865.8   simsec/sec=0.996434   ev/simsec=31979.9
     Messages:  created: 3236362   present: 6117   in FES: 155
** Event #3382784   t=299.119949578364   Elapsed: 130.482s (2m 10s)  59% completed  (29% total)
     Speed:     ev/sec=27775.1   simsec/sec=0.804391   ev/simsec=34529.4
     Messages:  created: 3302052   present: 6187   in FES: 153
** Event #3436800   t=300.869905507206   Elapsed: 132.484s (2m 12s)  60% completed  (30% total)
     Speed:     ev/sec=26975.6   simsec/sec=0.873929   ev/simsec=30867.1
     Messages:  created: 3367704   present: 6229   in FES: 156
** Event #3499520   t=302.766296212291   Elapsed: 134.487s (2m 14s)  60% completed  (30% total)
     Speed:     ev/sec=31307.9   simsec/sec=0.946621   ev/simsec=33073.4
     Messages:  created: 3442440   present: 6327   in FES: 175
** Event #3557376   t=304.547609396706   Elapsed: 136.51s (2m 16s)  60% completed  (30% total)
     Speed:     ev/sec=28604.4   simsec/sec=0.880694   ev/simsec=32479.4
     Messages:  created: 3511513   present: 6412   in FES: 154
** Event #3615488   t=306.369919696872   Elapsed: 138.515s (2m 18s)  61% completed  (30% total)
     Speed:     ev/sec=28978.5   simsec/sec=0.908726   ev/simsec=31889.2
     Messages:  created: 3581224   present: 6486   in FES: 174
** Event #3670784   t=308.03941879316   Elapsed: 140.519s (2m 20s)  61% completed  (30% total)
     Speed:     ev/sec=27596   simsec/sec=0.83318   ev/simsec=33121.3
     Messages:  created: 3647367   present: 6510   in FES: 135
** Event #3730432   t=309.90368018888   Elapsed: 142.523s (2m 22s)  61% completed  (30% total)
     Speed:     ev/sec=29766.3   simsec/sec=0.930328   ev/simsec=31995.5
     Messages:  created: 3719230   present: 6629   in FES: 155
** Event #3788288   t=311.646747958759   Elapsed: 144.526s (2m 24s)  62% completed  (31% total)
     Speed:     ev/sec=28882   simsec/sec=0.870149   ev/simsec=33192.1
     Messages:  created: 3787908   present: 6651   in FES: 156
** Event #3849472   t=313.550409374442   Elapsed: 146.529s (2m 26s)  62% completed  (31% total)
     Speed:     ev/sec=30546.3   simsec/sec=0.950408   ev/simsec=32140.2
     Messages:  created: 3861551   present: 6778   in FES: 149
** Event #3907072   t=315.319155114376   Elapsed: 148.53s (2m 28s)  63% completed  (31% total)
     Speed:     ev/sec=28784.8   simsec/sec=0.883907   ev/simsec=32565.4
     Messages:  created: 3930638   present: 6783   in FES: 131
** Event #3962880   t=317.043302784601   Elapsed: 150.534s (2m 30s)  63% completed  (31% total)
     Speed:     ev/sec=27850.7   simsec/sec=0.860428   ev/simsec=32368.5
     Messages:  created: 3997367   present: 6877   in FES: 138
** Event #4018176   t=318.766331475414   Elapsed: 152.538s (2m 32s)  63% completed  (31% total)
     Speed:     ev/sec=27590.8   simsec/sec=0.859732   ev/simsec=32092.3
     Messages:  created: 4064002   present: 6986   in FES: 150
** Event #4077056   t=320.558410467043   Elapsed: 154.546s (2m 34s)  64% completed  (32% total)
     Speed:     ev/sec=29319.6   simsec/sec=0.892374   ev/simsec=32855.7
     Messages:  created: 4134239   present: 7009   in FES: 134
** Event #4136704   t=322.462599772925   Elapsed: 156.552s (2m 36s)  64% completed  (32% total)
     Speed:     ev/sec=29742.6   simsec/sec=0.949496   ev/simsec=31324.6
     Messages:  created: 4206145   present: 7040   in FES: 145
** Event #4195584   t=324.213074527676   Elapsed: 158.558s (2m 38s)  64% completed  (32% total)
     Speed:     ev/sec=29345.7   simsec/sec=0.872435   ev/simsec=33636.6
     Messages:  created: 4276225   present: 7149   in FES: 155
** Event #4253184   t=326.032023980135   Elapsed: 160.564s (2m 40s)  65% completed  (32% total)
     Speed:     ev/sec=28715.8   simsec/sec=0.906815   ev/simsec=31666.6
     Messages:  created: 4345705   present: 7254   in FES: 143
** Event #4308224   t=327.680737577316   Elapsed: 162.569s (2m 42s)  65% completed  (32% total)
     Speed:     ev/sec=27451.5   simsec/sec=0.822304   ev/simsec=33383.6
     Messages:  created: 4411002   present: 7327   in FES: 149
** Event #4367872   t=329.547130692495   Elapsed: 164.582s (2m 44s)  65% completed  (32% total)
     Speed:     ev/sec=29629.7   simsec/sec=0.927116   ev/simsec=31959
     Messages:  created: 4482526   present: 7420   in FES: 149
** Event #4424704   t=331.293622327224   Elapsed: 166.583s (2m 46s)  66% completed  (33% total)
     Speed:     ev/sec=28409.4   simsec/sec=0.873042   ev/simsec=32540.7
     Messages:  created: 4550297   present: 7486   in FES: 174
** Event #4481792   t=333.043672568888   Elapsed: 168.589s (2m 48s)  66% completed  (33% total)
     Speed:     ev/sec=28450.9   simsec/sec=0.87217   ev/simsec=32620.8
     Messages:  created: 4618486   present: 7547   in FES: 154
** Event #4536064   t=334.712642231385   Elapsed: 170.596s (2m 50s)  66% completed  (33% total)
     Speed:     ev/sec=27041.5   simsec/sec=0.831578   ev/simsec=32518.3
     Messages:  created: 4683551   present: 7579   in FES: 141
** Event #4595200   t=336.547689717613   Elapsed: 172.607s (2m 52s)  67% completed  (33% total)
     Speed:     ev/sec=29403.9   simsec/sec=0.912431   ev/simsec=32225.9
     Messages:  created: 4754297   present: 7674   in FES: 139
** Event #4654848   t=338.406794660982   Elapsed: 174.61s (2m 54s)  67% completed  (33% total)
     Speed:     ev/sec=29776.6   simsec/sec=0.928076   ev/simsec=32084.3
     Messages:  created: 4826043   present: 7694   in FES: 123
** Event #4714752   t=340.212375578306   Elapsed: 176.611s (2m 56s)  68% completed  (34% total)
     Speed:     ev/sec=29940   simsec/sec=0.902428   ev/simsec=33177.1
     Messages:  created: 4897280   present: 7828   in FES: 154
** Event #4774912   t=342.06382483068   Elapsed: 178.616s (2m 58s)  68% completed  (34% total)
     Speed:     ev/sec=30006.1   simsec/sec=0.923451   ev/simsec=32493.5
     Messages:  created: 4969372   present: 7913   in FES: 154
** Event #4828160   t=343.713014862228   Elapsed: 180.625s (3m 00s)  68% completed  (34% total)
     Speed:     ev/sec=26503.3   simsec/sec=0.820856   ev/simsec=32287.4
     Messages:  created: 5033268   present: 7924   in FES: 156
** Event #4887040   t=345.547025512105   Elapsed: 182.625s (3m 02s)  69% completed  (34% total)
     Speed:     ev/sec=29438.5   simsec/sec=0.916957   ev/simsec=32104.5
     Messages:  created: 5103829   present: 8060   in FES: 154
** Event #4952576   t=347.556779055475   Elapsed: 184.638s (3m 04s)  69% completed  (34% total)
     Speed:     ev/sec=32564.1   simsec/sec=0.998622   ev/simsec=32609
     Messages:  created: 5182334   present: 8108   in FES: 141
** Event #5010944   t=349.4021966161   Elapsed: 186.647s (3m 06s)  69% completed  (34% total)
     Speed:     ev/sec=29057.2   simsec/sec=0.918699   ev/simsec=31628.6
     Messages:  created: 5252547   present: 8153   in FES: 132
** Event #5072640   t=351.266332012543   Elapsed: 188.648s (3m 08s)  70% completed  (35% total)
     Speed:     ev/sec=30829.1   simsec/sec=0.931496   ev/simsec=33096.3
     Messages:  created: 5326140   present: 8265   in FES: 143
** Event #5134080   t=353.119950466996   Elapsed: 190.655s (3m 10s)  70% completed  (35% total)
     Speed:     ev/sec=30605.4   simsec/sec=0.923352   ev/simsec=33146
     Messages:  created: 5399379   present: 8302   in FES: 135
** Event #5192960   t=355.021550740061   Elapsed: 192.663s (3m 12s)  71% completed  (35% total)
     Speed:     ev/sec=29323.9   simsec/sec=0.947051   ev/simsec=30963.4
     Messages:  created: 5471050   present: 8368   in FES: 134
** Event #5250816   t=356.58557858759   Elapsed: 194.668s (3m 14s)  71% completed  (35% total)
     Speed:     ev/sec=28859.2   simsec/sec=0.780154   ev/simsec=36991.7
     Messages:  created: 5540241   present: 8462   in FES: 146
** Event #5307648   t=357.801668161398   Elapsed: 196.678s (3m 16s)  71% completed  (35% total)
     Speed:     ev/sec=28281.3   simsec/sec=0.605163   ev/simsec=46733.4
     Messages:  created: 5612428   present: 8156   in FES: 173
** Event #5367040   t=357.960352274437   Elapsed: 198.678s (3m 18s)  71% completed  (35% total)
     Speed:     ev/sec=29686.6   simsec/sec=0.0793168   ev/simsec=374278
     Messages:  created: 5693471   present: 5812   in FES: 171
** Event #5424384   t=358.088602822386   Elapsed: 200.681s (3m 20s)  71% completed  (35% total)
     Speed:     ev/sec=28630.2   simsec/sec=0.0640318   ev/simsec=447125
     Messages:  created: 5771207   present: 5768   in FES: 141
** Event #5481216   t=358.270877768568   Elapsed: 202.686s (3m 22s)  71% completed  (35% total)
     Speed:     ev/sec=28341.5   simsec/sec=0.0908986   ev/simsec=311793
     Messages:  created: 5848544   present: 5691   in FES: 160
** Event #5537792   t=358.922928721635   Elapsed: 204.692s (3m 24s)  71% completed  (35% total)
     Speed:     ev/sec=28213.7   simsec/sec=0.325169   ev/simsec=86766.2
     Messages:  created: 5922900   present: 5596   in FES: 158
** Event #5598464   t=360.272946397287   Elapsed: 206.695s (3m 26s)  72% completed  (36% total)
     Speed:     ev/sec=30283.9   simsec/sec=0.673848   ev/simsec=44941.6
     Messages:  created: 5996822   present: 5572   in FES: 132
** Event #5651968   t=360.75894173887   Elapsed: 208.702s (3m 28s)  72% completed  (36% total)
     Speed:     ev/sec=26665.3   simsec/sec=0.24221   ev/simsec=110092
     Messages:  created: 6067499   present: 4743   in FES: 154
** Event #5709312   t=360.901387761019   Elapsed: 210.704s (3m 30s)  72% completed  (36% total)
     Speed:     ev/sec=28645.2   simsec/sec=0.0711565   ev/simsec=402567
     Messages:  created: 6145602   present: 4226   in FES: 158
** Event #5764608   t=361.869974458042   Elapsed: 212.707s (3m 32s)  72% completed  (36% total)
     Speed:     ev/sec=27604.1   simsec/sec=0.483524   ev/simsec=57089.4
     Messages:  created: 6215170   present: 4217   in FES: 188
** Event #5818368   t=362.623653311412   Elapsed: 214.713s (3m 34s)  72% completed  (36% total)
     Speed:     ev/sec=26800.9   simsec/sec=0.375731   ev/simsec=71330.1
     Messages:  created: 6282529   present: 4097   in FES: 147
** Event #5877504   t=363.531769468087   Elapsed: 216.718s (3m 36s)  72% completed  (36% total)
     Speed:     ev/sec=29492.5   simsec/sec=0.452899   ev/simsec=65119.4
     Messages:  created: 6358855   present: 4077   in FES: 125
** Event #5929472   t=364.318249672763   Elapsed: 218.722s (3m 38s)  72% completed  (36% total)
     Speed:     ev/sec=25931.2   simsec/sec=0.392441   ev/simsec=66076.7
     Messages:  created: 6424057   present: 4142   in FES: 175
** Event #5977856   t=365.055356474826   Elapsed: 220.725s (3m 40s)  73% completed  (36% total)
     Speed:     ev/sec=24154.1   simsec/sec=0.367976   ev/simsec=65640.4
     Messages:  created: 6484962   present: 4103   in FES: 154
** Event #6027520   t=365.826116408102   Elapsed: 222.733s (3m 42s)  73% completed  (36% total)
     Speed:     ev/sec=24728   simsec/sec=0.383766   ev/simsec=64435.1
     Messages:  created: 6547942   present: 4087   in FES: 145
** Event #6081536   t=366.622091081585   Elapsed: 224.738s (3m 44s)  73% completed  (36% total)
     Speed:     ev/sec=26948.1   simsec/sec=0.397105   ev/simsec=67861.5
     Messages:  created: 6615125   present: 4157   in FES: 154
** Event #6139136   t=367.512029205006   Elapsed: 226.739s (3m 46s)  73% completed  (36% total)
     Speed:     ev/sec=28782.3   simsec/sec=0.444696   ev/simsec=64723.6
     Messages:  created: 6689213   present: 4127   in FES: 155
** Event #6190592   t=368.201528051758   Elapsed: 228.748s (3m 48s)  73% completed  (36% total)
     Speed:     ev/sec=25607.4   simsec/sec=0.343133   ev/simsec=74628.1
     Messages:  created: 6753385   present: 4107   in FES: 154
** Event #6245376   t=368.871325376139   Elapsed: 230.755s (3m 50s)  73% completed  (36% total)
     Speed:     ev/sec=27300.5   simsec/sec=0.33378   ev/simsec=81791.9
     Messages:  created: 6824300   present: 4165   in FES: 156
** Event #6302720   t=369.019860874698   Elapsed: 232.765s (3m 52s)  73% completed  (36% total)
     Speed:     ev/sec=28524.1   simsec/sec=0.0738845   ev/simsec=386063
     Messages:  created: 6902281   present: 4166   in FES: 156
** Event #6356224   t=369.529937387927   Elapsed: 234.774s (3m 54s)  73% completed  (36% total)
     Speed:     ev/sec=26640.4   simsec/sec=0.253974   ev/simsec=104894
     Messages:  created: 6970921   present: 4086   in FES: 154
** Event #6408192   t=370.127943909385   Elapsed: 236.777s (3m 56s)  74% completed  (37% total)
     Speed:     ev/sec=25942.8   simsec/sec=0.298529   ev/simsec=86902.1
     Messages:  created: 7036258   present: 4092   in FES: 136
** Event #6458624   t=370.734665750603   Elapsed: 238.779s (3m 58s)  74% completed  (37% total)
     Speed:     ev/sec=25193.3   simsec/sec=0.303088   ev/simsec=83122.1
     Messages:  created: 7101243   present: 4044   in FES: 156
** Event #6518528   t=371.519544862861   Elapsed: 240.789s (4m 00s)  74% completed  (37% total)
     Speed:     ev/sec=29807.1   simsec/sec=0.390541   ev/simsec=76322.6
     Messages:  created: 7178137   present: 4104   in FES: 154
** Event #6570240   t=372.173209202643   Elapsed: 242.798s (4m 02s)  74% completed  (37% total)
     Speed:     ev/sec=25740.9   simsec/sec=0.325377   ev/simsec=79110.9
     Messages:  created: 7242608   present: 4047   in FES: 154
** Event #6621184   t=372.874161610174   Elapsed: 244.806s (4m 04s)  74% completed  (37% total)
     Speed:     ev/sec=25361.9   simsec/sec=0.348961   ev/simsec=72678.3
     Messages:  created: 7308505   present: 4102   in FES: 174
** Event #6675456   t=373.553672351181   Elapsed: 246.825s (4m 06s)  74% completed  (37% total)
     Speed:     ev/sec=26883   simsec/sec=0.336588   ev/simsec=79869.2
     Messages:  created: 7377005   present: 4000   in FES: 128
** Event #6728192   t=374.165051776737   Elapsed: 248.826s (4m 08s)  74% completed  (37% total)
     Speed:     ev/sec=26351.6   simsec/sec=0.305499   ev/simsec=86257.4
     Messages:  created: 7443943   present: 4154   in FES: 159
** Event #6785280   t=374.306453099707   Elapsed: 250.833s (4m 10s)  74% completed  (37% total)
     Speed:     ev/sec=28450.8   simsec/sec=0.0704698   ev/simsec=403730
     Messages:  created: 7522034   present: 3992   in FES: 126
** Event #6850560   t=374.459967357304   Elapsed: 252.837s (4m 12s)  74% completed  (37% total)
     Speed:     ev/sec=32571.6   simsec/sec=0.0765964   ev/simsec=425237
     Messages:  created: 7611580   present: 4095   in FES: 155
** Event #6899712   t=374.572878383536   Elapsed: 254.84s (4m 14s)  74% completed  (37% total)
     Speed:     ev/sec=24542   simsec/sec=0.0563775   ev/simsec=435316
     Messages:  created: 7676750   present: 4111   in FES: 156
** Event #6950400   t=374.687776044302   Elapsed: 256.847s (4m 16s)  74% completed  (37% total)
     Speed:     ev/sec=25255.4   simsec/sec=0.0572481   ev/simsec=441158
     Messages:  created: 7745753   present: 3930   in FES: 183
** Event #7006720   t=374.824786591887   Elapsed: 258.853s (4m 18s)  74% completed  (37% total)
     Speed:     ev/sec=28079   simsec/sec=0.0683081   ev/simsec=411063
     Messages:  created: 7822622   present: 3043   in FES: 136
** Event #7062016   t=374.950580070432   Elapsed: 260.854s (4m 20s)  74% completed  (37% total)
     Speed:     ev/sec=27625.2   simsec/sec=0.0628448   ev/simsec=439578
     Messages:  created: 7898417   present: 2703   in FES: 159
** Event #7123712   t=375.085552677596   Elapsed: 262.855s (4m 22s)  75% completed  (37% total)
     Speed:     ev/sec=30830.2   simsec/sec=0.0674475   ev/simsec=457100
     Messages:  created: 7980487   present: 2737   in FES: 146
** Event #7187200   t=375.226623339406   Elapsed: 264.856s (4m 24s)  75% completed  (37% total)
     Speed:     ev/sec=31741.8   simsec/sec=0.0705304   ev/simsec=450044
     Messages:  created: 8067133   present: 2745   in FES: 156
** Event #7247104   t=375.37261796193   Elapsed: 266.86s (4m 26s)  75% completed  (37% total)
     Speed:     ev/sec=29886.8   simsec/sec=0.0728383   ev/simsec=410316
     Messages:  created: 8149058   present: 2736   in FES: 158
** Event #7302144   t=375.497948169376   Elapsed: 268.862s (4m 28s)  75% completed  (37% total)
     Speed:     ev/sec=27494.8   simsec/sec=0.0626078   ev/simsec=439160
     Messages:  created: 8224658   present: 2716   in FES: 150
** Event #7352320   t=375.611065507858   Elapsed: 270.865s (4m 30s)  75% completed  (37% total)
     Speed:     ev/sec=25041.2   simsec/sec=0.0564532   ev/simsec=443575
     Messages:  created: 8291214   present: 2800   in FES: 165
** Event #7406848   t=375.73441605766   Elapsed: 272.865s (4m 32s)  75% completed  (37% total)
     Speed:     ev/sec=27263.8   simsec/sec=0.0616748   ev/simsec=442057
     Messages:  created: 8365770   present: 2789   in FES: 152
** Event #7461632   t=375.859714331271   Elapsed: 274.869s (4m 34s)  75% completed  (37% total)
     Speed:     ev/sec=27337.9   simsec/sec=0.0625254   ev/simsec=437229
     Messages:  created: 8440898   present: 2793   in FES: 176
** Event #7518976   t=375.988098022347   Elapsed: 276.87s (4m 36s)  75% completed  (37% total)
     Speed:     ev/sec=28661   simsec/sec=0.0641673   ev/simsec=446661
     Messages:  created: 8519432   present: 2761   in FES: 159
** Event #7575040   t=376.113581527813   Elapsed: 278.874s (4m 38s)  75% completed  (37% total)
     Speed:     ev/sec=27979.8   simsec/sec=0.0626249   ev/simsec=446784
     Messages:  created: 8593854   present: 2785   in FES: 158
** Event #7636992   t=376.252500724727   Elapsed: 280.876s (4m 40s)  75% completed  (37% total)
     Speed:     ev/sec=30937.5   simsec/sec=0.0693733   ev/simsec=445957
     Messages:  created: 8678797   present: 2800   in FES: 165
** Event #7692288   t=376.374958187016   Elapsed: 282.877s (4m 42s)  75% completed  (37% total)
     Speed:     ev/sec=27639.9   simsec/sec=0.0612109   ev/simsec=451553
     Messages:  created: 8754622   present: 2795   in FES: 185
** Event #7749120   t=376.505492077796   Elapsed: 284.882s (4m 44s)  75% completed  (37% total)
     Speed:     ev/sec=28338.7   simsec/sec=0.0650893   ev/simsec=435381
     Messages:  created: 8832414   present: 2763   in FES: 158
** Event #7797760   t=376.61310188825   Elapsed: 286.883s (4m 46s)  75% completed  (37% total)
     Speed:     ev/sec=24314.5   simsec/sec=0.0537927   ev/simsec=452003
     Messages:  created: 8896399   present: 2749   in FES: 158
** Event #7858432   t=376.752643406781   Elapsed: 288.887s (4m 48s)  75% completed  (37% total)
     Speed:     ev/sec=30272.9   simsec/sec=0.0696257   ev/simsec=434795
     Messages:  created: 8979408   present: 2784   in FES: 168
** Event #7918592   t=376.893608528047   Elapsed: 290.892s (4m 50s)  75% completed  (37% total)
     Speed:     ev/sec=30003.3   simsec/sec=0.0703028   ev/simsec=426772
     Messages:  created: 9061843   present: 2772   in FES: 159
** Event #7972608   t=377.015983663372   Elapsed: 292.893s (4m 52s)  75% completed  (37% total)
     Speed:     ev/sec=26998.3   simsec/sec=0.0611655   ev/simsec=441397
     Messages:  created: 9135450   present: 2812   in FES: 156
** Event #8033024   t=377.156148606145   Elapsed: 294.895s (4m 54s)  75% completed  (37% total)
     Speed:     ev/sec=30170.4   simsec/sec=0.0699953   ev/simsec=431035
     Messages:  created: 9216130   present: 2815   in FES: 159
** Event #8099072   t=377.30794760075   Elapsed: 296.899s (4m 56s)  75% completed  (37% total)
     Speed:     ev/sec=32970.2   simsec/sec=0.0757758   ev/simsec=435102
     Messages:  created: 9306617   present: 2731   in FES: 153
** Event #8155648   t=377.445119502927   Elapsed: 298.905s (4m 58s)  75% completed  (37% total)
     Speed:     ev/sec=28195.6   simsec/sec=0.0683619   ev/simsec=412446
     Messages:  created: 9384154   present: 2791   in FES: 186
** Event #8206592   t=377.558745504353   Elapsed: 300.91s (5m 00s)  75% completed  (37% total)
     Speed:     ev/sec=25405.4   simsec/sec=0.0566644   ev/simsec=448348
     Messages:  created: 9451688   present: 2818   in FES: 179
** Event #8270592   t=377.710057881369   Elapsed: 302.911s (5m 02s)  75% completed  (37% total)
     Speed:     ev/sec=31989.8   simsec/sec=0.0756321   ev/simsec=422966
     Messages:  created: 9539046   present: 2753   in FES: 139
** Event #8325376   t=377.834620534465   Elapsed: 304.913s (5m 04s)  75% completed  (37% total)
     Speed:     ev/sec=27360.5   simsec/sec=0.0622096   ev/simsec=439811
     Messages:  created: 9614170   present: 2771   in FES: 159
** Event #8391424   t=377.989221810733   Elapsed: 306.919s (5m 06s)  75% completed  (37% total)
     Speed:     ev/sec=32927.9   simsec/sec=0.0770758   ev/simsec=427215
     Messages:  created: 9704827   present: 2814   in FES: 157
** Event #8450304   t=378.123028342735   Elapsed: 308.928s (5m 08s)  75% completed  (37% total)
     Speed:     ev/sec=29310.9   simsec/sec=0.06661   ev/simsec=440038
     Messages:  created: 9782876   present: 2814   in FES: 177
** Event #8508672   t=378.260415444709   Elapsed: 310.93s (5m 10s)  75% completed  (37% total)
     Speed:     ev/sec=29148.6   simsec/sec=0.0686103   ev/simsec=424843
     Messages:  created: 9862924   present: 2739   in FES: 156
** Event #8565504   t=378.390121947241   Elapsed: 312.939s (5m 12s)  75% completed  (37% total)
     Speed:     ev/sec=28293.8   simsec/sec=0.0645744   ev/simsec=438158
     Messages:  created: 9940823   present: 2761   in FES: 140
** Event #8620800   t=378.517991888721   Elapsed: 314.942s (5m 14s)  75% completed  (37% total)
     Speed:     ev/sec=27611.3   simsec/sec=0.0638501   ev/simsec=432439
     Messages:  created: 10016295   present: 2789   in FES: 146
** Event #8669184   t=378.624476784633   Elapsed: 316.949s (5m 16s)  75% completed  (37% total)
     Speed:     ev/sec=24110.3   simsec/sec=0.0530626   ev/simsec=454374
     Messages:  created: 10080696   present: 2812   in FES: 186
** Event #8724992   t=378.750819106702   Elapsed: 318.953s (5m 18s)  75% completed  (37% total)
     Speed:     ev/sec=27845.1   simsec/sec=0.0630377   ev/simsec=441721
     Messages:  created: 10156973   present: 2773   in FES: 139
** Event #8779008   t=378.882337908932   Elapsed: 320.955s (5m 20s)  75% completed  (37% total)
     Speed:     ev/sec=26972.6   simsec/sec=0.0656731   ev/simsec=410709
     Messages:  created: 10230984   present: 2639   in FES: 166
** Event #8838400   t=379.022447599106   Elapsed: 322.96s (5m 22s)  75% completed  (37% total)
     Speed:     ev/sec=29629.9   simsec/sec=0.0698988   ev/simsec=423896
     Messages:  created: 10312014   present: 2647   in FES: 159
** Event #8895744   t=379.146884885879   Elapsed: 324.966s (5m 24s)  75% completed  (37% total)
     Speed:     ev/sec=28581.4   simsec/sec=0.0620221   ev/simsec=460827
     Messages:  created: 10388725   present: 2615   in FES: 157
** Event #8954112   t=379.280977259493   Elapsed: 326.972s (5m 26s)  75% completed  (37% total)
     Speed:     ev/sec=29106.1   simsec/sec=0.0668673   ev/simsec=435282
     Messages:  created: 10468758   present: 2602   in FES: 157
** Event #9014272   t=379.419959123835   Elapsed: 328.972s (5m 28s)  75% completed  (37% total)
     Speed:     ev/sec=30069.6   simsec/sec=0.0694669   ev/simsec=432862
     Messages:  created: 10551152   present: 2555   in FES: 127
** Event #9073920   t=379.55690286104   Elapsed: 330.985s (5m 30s)  75% completed  (37% total)
     Speed:     ev/sec=29632.2   simsec/sec=0.0680316   ev/simsec=435566
     Messages:  created: 10631421   present: 2591   in FES: 157
** Event #9130496   t=379.689263371546   Elapsed: 332.988s (5m 32s)  75% completed  (37% total)
     Speed:     ev/sec=28248.1   simsec/sec=0.0660869   ev/simsec=427439
     Messages:  created: 10708203   present: 2568   in FES: 132
** Event #9186304   t=379.81676034672   Elapsed: 334.994s (5m 34s)  75% completed  (37% total)
     Speed:     ev/sec=27817.3   simsec/sec=0.0635503   ev/simsec=437720
     Messages:  created: 10784723   present: 2614   in FES: 156
** Event #9243136   t=379.951205936949   Elapsed: 336.995s (5m 36s)  75% completed  (37% total)
     Speed:     ev/sec=28404.9   simsec/sec=0.0671966   ev/simsec=422714
     Messages:  created: 10862652   present: 2607   in FES: 155
** Event #9301248   t=380.080709325587   Elapsed: 338.996s (5m 38s)  76% completed  (38% total)
     Speed:     ev/sec=29046.9   simsec/sec=0.0647314   ev/simsec=448730
     Messages:  created: 10940350   present: 2583   in FES: 156
** Event #9362432   t=380.220878565777   Elapsed: 341.003s (5m 41s)  76% completed  (38% total)
     Speed:     ev/sec=30472.8   simsec/sec=0.0698116   ev/simsec=436501
     Messages:  created: 11023592   present: 2623   in FES: 154
** Event #9425920   t=380.367329799776   Elapsed: 343.009s (5m 43s)  76% completed  (38% total)
     Speed:     ev/sec=31660.1   simsec/sec=0.0730322   ev/simsec=433509
     Messages:  created: 11110553   present: 2553   in FES: 145
** Event #9490432   t=380.517283223948   Elapsed: 345.014s (5m 45s)  76% completed  (38% total)
     Speed:     ev/sec=32167   simsec/sec=0.0747697   ev/simsec=430214
     Messages:  created: 11198617   present: 2648   in FES: 163
** Event #9540352   t=380.626302110348   Elapsed: 347.024s (5m 47s)  76% completed  (38% total)
     Speed:     ev/sec=24844.1   simsec/sec=0.0542564   ev/simsec=457902
     Messages:  created: 11264676   present: 2618   in FES: 144
** Event #9601536   t=380.768127412718   Elapsed: 349.027s (5m 49s)  76% completed  (38% total)
     Speed:     ev/sec=30533.9   simsec/sec=0.0707779   ev/simsec=431404
     Messages:  created: 11348510   present: 2631   in FES: 174
** Event #9667584   t=380.921822046817   Elapsed: 351.033s (5m 51s)  76% completed  (38% total)
     Speed:     ev/sec=32928.1   simsec/sec=0.0766241   ev/simsec=429735
     Messages:  created: 11439185   present: 2622   in FES: 142
** Event #9724160   t=381.051445904773   Elapsed: 353.035s (5m 53s)  76% completed  (38% total)
     Speed:     ev/sec=28265.9   simsec/sec=0.0647613   ev/simsec=436463
     Messages:  created: 11515467   present: 2595   in FES: 146
** Event #9793280   t=381.20747073269   Elapsed: 355.039s (5m 55s)  76% completed  (38% total)
     Speed:     ev/sec=34488.1   simsec/sec=0.0778501   ev/simsec=443006
     Messages:  created: 11608957   present: 2674   in FES: 154
** Event #9866752   t=381.379475204427   Elapsed: 357.046s (5m 57s)  76% completed  (38% total)
     Speed:     ev/sec=36617.2   simsec/sec=0.0857241   ev/simsec=427152
     Messages:  created: 11709499   present: 2722   in FES: 186
** Event #9933568   t=381.532405284167   Elapsed: 359.047s (5m 59s)  76% completed  (38% total)
     Speed:     ev/sec=33378.5   simsec/sec=0.0763974   ev/simsec=436906
     Messages:  created: 11800562   present: 2634   in FES: 186
** Event #9990912   t=381.666714585809   Elapsed: 361.049s (6m 01s)  76% completed  (38% total)
     Speed:     ev/sec=28642.7   simsec/sec=0.0670861   ev/simsec=426955
     Messages:  created: 11877086   present: 2614   in FES: 150
** Event #10052352   t=381.842979264309   Elapsed: 363.051s (6m 03s)  76% completed  (38% total)
     Speed:     ev/sec=30693.3   simsec/sec=0.0880558   ev/simsec=348567
     Messages:  created: 11961046   present: 2619   in FES: 156
** Event #10107648   t=381.966899663187   Elapsed: 365.056s (6m 05s)  76% completed  (38% total)
     Speed:     ev/sec=27574.2   simsec/sec=0.0617947   ev/simsec=446222
     Messages:  created: 12036888   present: 2615   in FES: 145
** Event #10166016   t=382.096449397343   Elapsed: 367.059s (6m 07s)  76% completed  (38% total)
     Speed:     ev/sec=29146.4   simsec/sec=0.0646914   ev/simsec=450545
     Messages:  created: 12114335   present: 2603   in FES: 140
** Event #10224128   t=382.236784651662   Elapsed: 369.065s (6m 09s)  76% completed  (38% total)
     Speed:     ev/sec=28974.4   simsec/sec=0.0699706   ev/simsec=414094
     Messages:  created: 12193661   present: 2639   in FES: 156
** Event #10293504   t=382.396386557747   Elapsed: 371.071s (6m 11s)  76% completed  (38% total)
     Speed:     ev/sec=34571.3   simsec/sec=0.0795325   ev/simsec=434682
     Messages:  created: 12288735   present: 2615   in FES: 186
** Event #10349056   t=382.523521005137   Elapsed: 373.077s (6m 13s)  76% completed  (38% total)
     Speed:     ev/sec=27698.7   simsec/sec=0.0633902   ev/simsec=436955
     Messages:  created: 12363639   present: 2655   in FES: 177
** Event #10407168   t=382.654818142428   Elapsed: 375.079s (6m 15s)  76% completed  (38% total)
     Speed:     ev/sec=29026.3   simsec/sec=0.0655816   ev/simsec=442599
     Messages:  created: 12441793   present: 2652   in FES: 158
** Event #10465792   t=382.787175234527   Elapsed: 377.088s (6m 17s)  76% completed  (38% total)
     Speed:     ev/sec=29184.6   simsec/sec=0.065891   ev/simsec=442923
     Messages:  created: 12522104   present: 2633   in FES: 161
** Event #10525440   t=382.920097610241   Elapsed: 379.089s (6m 19s)  76% completed  (38% total)
     Speed:     ev/sec=29799.5   simsec/sec=0.0664066   ev/simsec=448743
     Messages:  created: 12603825   present: 2609   in FES: 140
** Event #10580992   t=383.047938159231   Elapsed: 381.092s (6m 21s)  76% completed  (38% total)
     Speed:     ev/sec=27742.9   simsec/sec=0.0638442   ev/simsec=434541
     Messages:  created: 12678254   present: 2633   in FES: 145
** Event #10639872   t=383.174917997203   Elapsed: 383.095s (6m 23s)  76% completed  (38% total)
     Speed:     ev/sec=29396   simsec/sec=0.063395   ev/simsec=463696
     Messages:  created: 12757971   present: 2680   in FES: 158
** Event #10701056   t=383.313010625806   Elapsed: 385.098s (6m 25s)  76% completed  (38% total)
     Speed:     ev/sec=30548.1   simsec/sec=0.0689473   ev/simsec=443065
     Messages:  created: 12841698   present: 2639   in FES: 188
** Event #10765056   t=383.462435396509   Elapsed: 387.108s (6m 27s)  76% completed  (38% total)
     Speed:     ev/sec=31840.8   simsec/sec=0.0743407   ev/simsec=428309
     Messages:  created: 12929433   present: 2671   in FES: 166
** Event #10814208   t=383.57137447973   Elapsed: 389.11s (6m 29s)  76% completed  (38% total)
     Speed:     ev/sec=24551.5   simsec/sec=0.0544152   ev/simsec=451188
     Messages:  created: 12994449   present: 2650   in FES: 178
** Event #10868480   t=383.695546644929   Elapsed: 391.116s (6m 31s)  76% completed  (38% total)
     Speed:     ev/sec=27056.6   simsec/sec=0.0619044   ev/simsec=437071
     Messages:  created: 13068416   present: 2628   in FES: 158
** Event #10925824   t=383.823985821416   Elapsed: 393.117s (6m 33s)  76% completed  (38% total)
     Speed:     ev/sec=28654.2   simsec/sec=0.0641798   ev/simsec=446468
     Messages:  created: 13146982   present: 2604   in FES: 159
** Event #10993664   t=383.974912347072   Elapsed: 395.117s (6m 35s)  76% completed  (38% total)
     Speed:     ev/sec=33908.3   simsec/sec=0.0754372   ev/simsec=449490
     Messages:  created: 13239963   present: 2672   in FES: 158
** Event #11055872   t=384.109867101587   Elapsed: 397.124s (6m 37s)  76% completed  (38% total)
     Speed:     ev/sec=31006.9   simsec/sec=0.0672666   ev/simsec=460954
     Messages:  created: 13322283   present: 2626   in FES: 139
** Event #11120384   t=384.266528641524   Elapsed: 399.125s (6m 39s)  76% completed  (38% total)
     Speed:     ev/sec=32228.7   simsec/sec=0.0782645   ev/simsec=411792
     Messages:  created: 13410587   present: 2646   in FES: 160
** Event #11183104   t=384.416099068984   Elapsed: 401.127s (6m 41s)  76% completed  (38% total)
     Speed:     ev/sec=31332.2   simsec/sec=0.0747189   ev/simsec=419334
     Messages:  created: 13496369   present: 2662   in FES: 187
** Event #11237376   t=384.54883733256   Elapsed: 403.135s (6m 43s)  76% completed  (38% total)
     Speed:     ev/sec=27031.5   simsec/sec=0.0661136   ev/simsec=408865
     Messages:  created: 13569026   present: 2651   in FES: 185
** Event #11303168   t=384.707019973502   Elapsed: 405.14s (6m 45s)  76% completed  (38% total)
     Speed:     ev/sec=32806.6   simsec/sec=0.0788765   ev/simsec=415924
     Messages:  created: 13658031   present: 2640   in FES: 156
** Event #11364864   t=384.847194736627   Elapsed: 407.141s (6m 47s)  76% completed  (38% total)
     Speed:     ev/sec=30841   simsec/sec=0.0700715   ev/simsec=440136
     Messages:  created: 13742558   present: 2662   in FES: 184
** Event #11420672   t=384.975651920152   Elapsed: 409.149s (6m 49s)  76% completed  (38% total)
     Speed:     ev/sec=27796.2   simsec/sec=0.0639806   ev/simsec=434448
     Messages:  created: 13818986   present: 2651   in FES: 156
** Event #11479296   t=385.101519369255   Elapsed: 411.154s (6m 51s)  77% completed  (38% total)
     Speed:     ev/sec=29234   simsec/sec=0.0627662   ev/simsec=465760
     Messages:  created: 13896459   present: 2659   in FES: 154
** Event #11552512   t=385.267061664448   Elapsed: 413.159s (6m 53s)  77% completed  (38% total)
     Speed:     ev/sec=36518.1   simsec/sec=0.0825678   ev/simsec=442280
     Messages:  created: 13996592   present: 2612   in FES: 156
** Event #11621120   t=385.428008157825   Elapsed: 415.165s (6m 55s)  77% completed  (38% total)
     Speed:     ev/sec=34196.4   simsec/sec=0.0802208   ev/simsec=426278
     Messages:  created: 14090634   present: 2672   in FES: 170
** Event #11684608   t=385.573285619046   Elapsed: 417.171s (6m 57s)  77% completed  (38% total)
     Speed:     ev/sec=31649   simsec/sec=0.0724214   ev/simsec=437012
     Messages:  created: 14175639   present: 2593   in FES: 133
** Event #11756288   t=385.736873999139   Elapsed: 419.175s (6m 59s)  77% completed  (38% total)
     Speed:     ev/sec=35779.3   simsec/sec=0.0816556   ev/simsec=438173
     Messages:  created: 14273011   present: 2635   in FES: 159
** Event #11827968   t=385.905377830788   Elapsed: 421.178s (7m 01s)  77% completed  (38% total)
     Speed:     ev/sec=35770.4   simsec/sec=0.0840882   ev/simsec=425391
     Messages:  created: 14371146   present: 2644   in FES: 154
** Event #11897600   t=386.059563440777   Elapsed: 423.186s (7m 03s)  77% completed  (38% total)
     Speed:     ev/sec=34679.1   simsec/sec=0.0767898   ev/simsec=451612
     Messages:  created: 14464687   present: 2610   in FES: 149
** Event #11974400   t=386.229797272365   Elapsed: 425.189s (7m 05s)  77% completed  (38% total)
     Speed:     ev/sec=38339.8   simsec/sec=0.0849834   ev/simsec=451144
     Messages:  created: 14568764   present: 2662   in FES: 155
** Event #12063488   t=386.442478365708   Elapsed: 427.194s (7m 07s)  77% completed  (38% total)
     Speed:     ev/sec=44432.5   simsec/sec=0.106074   ev/simsec=418881
     Messages:  created: 14690735   present: 2654   in FES: 154
** Event #12117504   t=386.561184598616   Elapsed: 429.198s (7m 09s)  77% completed  (38% total)
     Speed:     ev/sec=26964.9   simsec/sec=0.0592583   ev/simsec=455039
     Messages:  created: 14762730   present: 2667   in FES: 166
** Event #12193792   t=386.740662051536   Elapsed: 431.198s (7m 11s)  77% completed  (38% total)
     Speed:     ev/sec=38141.7   simsec/sec=0.0897334   ev/simsec=425056
     Messages:  created: 14866580   present: 2611   in FES: 134
** Event #12266240   t=386.906926874835   Elapsed: 433.205s (7m 13s)  77% completed  (38% total)
     Speed:     ev/sec=36084.6   simsec/sec=0.0828125   ev/simsec=435739
     Messages:  created: 14965762   present: 2647   in FES: 157
** Event #12334336   t=387.060066348866   Elapsed: 435.208s (7m 15s)  77% completed  (38% total)
     Speed:     ev/sec=34006.4   simsec/sec=0.0764763   ev/simsec=444667
     Messages:  created: 15057169   present: 2632   in FES: 158
** Event #12399872   t=387.204803313063   Elapsed: 437.208s (7m 17s)  77% completed  (38% total)
     Speed:     ev/sec=32758.8   simsec/sec=0.0723483   ev/simsec=452794
     Messages:  created: 15145881   present: 2598   in FES: 132
** Event #12484608   t=387.401183971857   Elapsed: 439.213s (7m 19s)  77% completed  (38% total)
     Speed:     ev/sec=42268.3   simsec/sec=0.0979593   ev/simsec=431489
     Messages:  created: 15261868   present: 2624   in FES: 152
** Event #12559360   t=387.576016628819   Elapsed: 441.214s (7m 21s)  77% completed  (38% total)
     Speed:     ev/sec=37357.6   simsec/sec=0.0873733   ev/simsec=427563
     Messages:  created: 15361689   present: 2682   in FES: 158
** Event #12638720   t=387.752714788607   Elapsed: 443.214s (7m 23s)  77% completed  (38% total)
     Speed:     ev/sec=39678.3   simsec/sec=0.0883453   ev/simsec=449127
     Messages:  created: 15470128   present: 2616   in FES: 156
** Event #12726528   t=387.951292636552   Elapsed: 445.215s (7m 25s)  77% completed  (38% total)
     Speed:     ev/sec=43898.8   simsec/sec=0.0992772   ev/simsec=442184
     Messages:  created: 15590408   present: 2646   in FES: 155
** Event #12807680   t=388.136490990625   Elapsed: 447.215s (7m 27s)  77% completed  (38% total)
     Speed:     ev/sec=40571.1   simsec/sec=0.092588   ev/simsec=438190
     Messages:  created: 15698314   present: 2589   in FES: 131
** Event #12885504   t=388.315455445181   Elapsed: 449.217s (7m 29s)  77% completed  (38% total)
     Speed:     ev/sec=38876.7   simsec/sec=0.0894011   ev/simsec=434857
     Messages:  created: 15804987   present: 2671   in FES: 171
** Event #12967936   t=388.508460411555   Elapsed: 451.226s (7m 31s)  77% completed  (38% total)
     Speed:     ev/sec=41014.5   simsec/sec=0.0960307   ev/simsec=427098
     Messages:  created: 15917732   present: 2611   in FES: 139
** Event #13037568   t=388.672292465479   Elapsed: 453.229s (7m 33s)  77% completed  (38% total)
     Speed:     ev/sec=34767.2   simsec/sec=0.0818013   ev/simsec=425021
     Messages:  created: 16010463   present: 2661   in FES: 174
** Event #13123072   t=388.865671716539   Elapsed: 455.23s (7m 35s)  77% completed  (38% total)
     Speed:     ev/sec=42736.5   simsec/sec=0.0966545   ev/simsec=442157
     Messages:  created: 16127428   present: 2646   in FES: 155
** Event #13216512   t=389.077385566986   Elapsed: 457.235s (7m 37s)  77% completed  (38% total)
     Speed:     ev/sec=46596.4   simsec/sec=0.105577   ev/simsec=441350
     Messages:  created: 16253133   present: 2672   in FES: 174
** Event #13310976   t=389.291008538178   Elapsed: 459.237s (7m 39s)  77% completed  (38% total)
     Speed:     ev/sec=47189.2   simsec/sec=0.106715   ev/simsec=442200
     Messages:  created: 16381485   present: 2604   in FES: 134
** Event #13406976   t=389.514302517573   Elapsed: 461.241s (7m 41s)  77% completed  (38% total)
     Speed:     ev/sec=47904.2   simsec/sec=0.111424   ev/simsec=429927
     Messages:  created: 16512802   present: 2688   in FES: 167
** Event #13490432   t=389.703267967069   Elapsed: 463.242s (7m 43s)  77% completed  (38% total)
     Speed:     ev/sec=41702.5   simsec/sec=0.0944249   ev/simsec=441647
     Messages:  created: 16624541   present: 2676   in FES: 154
** Event #13584896   t=389.913397497243   Elapsed: 465.246s (7m 45s)  77% completed  (38% total)
     Speed:     ev/sec=47152.1   simsec/sec=0.104887   ev/simsec=449551
     Messages:  created: 16753893   present: 2676   in FES: 177
** Event #13677312   t=390.113439324613   Elapsed: 467.25s (7m 47s)  78% completed  (39% total)
     Speed:     ev/sec=46114.8   simsec/sec=0.0998192   ev/simsec=461983
     Messages:  created: 16877258   present: 2616   in FES: 156
** Event #13776640   t=390.340882150552   Elapsed: 469.251s (7m 49s)  78% completed  (39% total)
     Speed:     ev/sec=49640.4   simsec/sec=0.113667   ev/simsec=436716
     Messages:  created: 17013118   present: 2613   in FES: 156
** Event #13867264   t=390.551746870122   Elapsed: 471.253s (7m 51s)  78% completed  (39% total)
     Speed:     ev/sec=45249   simsec/sec=0.105286   ev/simsec=429773
     Messages:  created: 17135510   present: 2653   in FES: 154
** Event #13950208   t=390.749719508736   Elapsed: 473.259s (7m 53s)  78% completed  (39% total)
     Speed:     ev/sec=41361.5   simsec/sec=0.0987226   ev/simsec=418967
     Messages:  created: 17248100   present: 2661   in FES: 173
** Event #14042368   t=390.970506895691   Elapsed: 475.261s (7m 55s)  78% completed  (39% total)
     Speed:     ev/sec=46036.9   simsec/sec=0.110291   ev/simsec=417415
     Messages:  created: 17374236   present: 2593   in FES: 156
** Event #14121216   t=391.1423643483   Elapsed: 477.263s (7m 57s)  78% completed  (39% total)
     Speed:     ev/sec=39385.7   simsec/sec=0.0858452   ev/simsec=458799
     Messages:  created: 17479193   present: 2679   in FES: 155
** Event #14212864   t=391.35656876442   Elapsed: 479.267s (7m 59s)  78% completed  (39% total)
     Speed:     ev/sec=45719.5   simsec/sec=0.106858   ev/simsec=427853
     Messages:  created: 17604680   present: 2655   in FES: 155
** Event #14289152   t=391.525037957728   Elapsed: 481.267s (8m 01s)  78% completed  (39% total)
     Speed:     ev/sec=38139.3   simsec/sec=0.0842241   ev/simsec=452831
     Messages:  created: 17708927   present: 2695   in FES: 159
** Event #14364928   t=391.694562279517   Elapsed: 483.27s (8m 03s)  78% completed  (39% total)
     Speed:     ev/sec=37838.2   simsec/sec=0.0846507   ev/simsec=446992
     Messages:  created: 17809850   present: 2660   in FES: 155
** Event #14464512   t=391.923473657552   Elapsed: 485.272s (8m 05s)  78% completed  (39% total)
     Speed:     ev/sec=49732.6   simsec/sec=0.114319   ev/simsec=435033
     Messages:  created: 17946129   present: 2682   in FES: 167
** Event #14559744   t=392.134975964756   Elapsed: 487.274s (8m 07s)  78% completed  (39% total)
     Speed:     ev/sec=47577.5   simsec/sec=0.105666   ev/simsec=450265
     Messages:  created: 18073469   present: 2658   in FES: 143
** Event #14649088   t=392.336437893278   Elapsed: 489.279s (8m 09s)  78% completed  (39% total)
     Speed:     ev/sec=44552.5   simsec/sec=0.100461   ev/simsec=443478
     Messages:  created: 18195901   present: 2674   in FES: 184
** Event #14735104   t=392.535327376107   Elapsed: 491.306s (8m 11s)  78% completed  (39% total)
     Speed:     ev/sec=42435.3   simsec/sec=0.0981206   ev/simsec=432481
     Messages:  created: 18312784   present: 2753   in FES: 186
** Event #14808576   t=392.702178791953   Elapsed: 493.307s (8m 13s)  78% completed  (39% total)
     Speed:     ev/sec=36722.9   simsec/sec=0.0833959   ev/simsec=440344
     Messages:  created: 18410966   present: 2639   in FES: 144
** Event #14908160   t=392.927913285976   Elapsed: 495.309s (8m 15s)  78% completed  (39% total)
     Speed:     ev/sec=49748.8   simsec/sec=0.112769   ev/simsec=441155
     Messages:  created: 18547200   present: 2641   in FES: 159
** Event #15004416   t=393.151870390074   Elapsed: 497.314s (8m 17s)  78% completed  (39% total)
     Speed:     ev/sec=48010.2   simsec/sec=0.111704   ev/simsec=429797
     Messages:  created: 18675852   present: 2681   in FES: 155
** Event #15102720   t=393.37513925377   Elapsed: 499.316s (8m 19s)  78% completed  (39% total)
     Speed:     ev/sec=49106.1   simsec/sec=0.11153   ev/simsec=440294
     Messages:  created: 18810441   present: 2682   in FES: 155
** Event #15191040   t=393.575390789407   Elapsed: 501.317s (8m 21s)  78% completed  (39% total)
     Speed:     ev/sec=44138.7   simsec/sec=0.100077   ev/simsec=441045
     Messages:  created: 18929112   present: 2674   in FES: 155
** Event #15276032   t=393.775411995718   Elapsed: 503.321s (8m 23s)  78% completed  (39% total)
     Speed:     ev/sec=42405.3   simsec/sec=0.0997972   ev/simsec=424915
     Messages:  created: 19044279   present: 2693   in FES: 176
** Event #15365376   t=393.983331852948   Elapsed: 505.323s (8m 25s)  78% completed  (39% total)
     Speed:     ev/sec=44615.4   simsec/sec=0.103828   ev/simsec=429704
     Messages:  created: 19166621   present: 2700   in FES: 171
** Event #15459584   t=394.194949676756   Elapsed: 507.327s (8m 27s)  78% completed  (39% total)
     Speed:     ev/sec=47011.9   simsec/sec=0.105602   ev/simsec=445180
     Messages:  created: 19292125   present: 2649   in FES: 139
** Event #15555840   t=394.418104078704   Elapsed: 509.329s (8m 29s)  78% completed  (39% total)
     Speed:     ev/sec=48091.7   simsec/sec=0.111493   ev/simsec=431343
     Messages:  created: 19423809   present: 2655   in FES: 152
** Event #15626496   t=394.572890922376   Elapsed: 511.329s (8m 31s)  78% completed  (39% total)
     Speed:     ev/sec=35317.9   simsec/sec=0.0773713   ev/simsec=456473
     Messages:  created: 19517753   present: 2643   in FES: 134
** Event #15715328   t=394.771219848921   Elapsed: 513.334s (8m 33s)  78% completed  (39% total)
     Speed:     ev/sec=44320   simsec/sec=0.0989502   ev/simsec=447902
     Messages:  created: 19638949   present: 2700   in FES: 156
** Event #15814912   t=394.996028466573   Elapsed: 515.334s (8m 35s)  78% completed  (39% total)
     Speed:     ev/sec=49780.5   simsec/sec=0.112378   ev/simsec=442972
     Messages:  created: 19775331   present: 2724   in FES: 174
** Event #15915008   t=395.221266633219   Elapsed: 517.334s (8m 37s)  79% completed  (39% total)
     Speed:     ev/sec=50041.4   simsec/sec=0.112604   ev/simsec=444401
     Messages:  created: 19908717   present: 2617   in FES: 128
** Event #16007680   t=395.433564600094   Elapsed: 519.337s (8m 39s)  79% completed  (39% total)
     Speed:     ev/sec=46286.1   simsec/sec=0.106035   ev/simsec=436519
     Messages:  created: 20035385   present: 2608   in FES: 128
** Event #16083968   t=395.600702642597   Elapsed: 521.346s (8m 41s)  79% completed  (39% total)
     Speed:     ev/sec=37972.3   simsec/sec=0.0831928   ev/simsec=456437
     Messages:  created: 20136858   present: 2706   in FES: 156
** Event #16179712   t=395.819562943784   Elapsed: 523.347s (8m 43s)  79% completed  (39% total)
     Speed:     ev/sec=47839.6   simsec/sec=0.109356   ev/simsec=437466
     Messages:  created: 20267657   present: 2641   in FES: 154
** Event #16268288   t=396.012522861253   Elapsed: 525.348s (8m 45s)  79% completed  (39% total)
     Speed:     ev/sec=44274.7   simsec/sec=0.096451   ev/simsec=459038
     Messages:  created: 20388545   present: 2808   in FES: 190
** Event #16349952   t=396.198718104462   Elapsed: 527.35s (8m 47s)  79% completed  (39% total)
     Speed:     ev/sec=40787.4   simsec/sec=0.092996   ev/simsec=438593
     Messages:  created: 20497145   present: 2628   in FES: 150
** Event #16433920   t=396.421263957338   Elapsed: 529.355s (8m 49s)  79% completed  (39% total)
     Speed:     ev/sec=41880.6   simsec/sec=0.110999   ev/simsec=377307
     Messages:  created: 20611902   present: 2617   in FES: 144
** Event #16497920   t=396.560795734026   Elapsed: 531.362s (8m 51s)  79% completed  (39% total)
     Speed:     ev/sec=31884.9   simsec/sec=0.0695149   ev/simsec=458677
     Messages:  created: 20696760   present: 2652   in FES: 155
** Event #16580096   t=396.74534329031   Elapsed: 533.366s (8m 53s)  79% completed  (39% total)
     Speed:     ev/sec=41006.8   simsec/sec=0.0920914   ev/simsec=445284
     Messages:  created: 20809070   present: 2635   in FES: 132
** Event #16676608   t=396.967365708595   Elapsed: 535.369s (8m 55s)  79% completed  (39% total)
     Speed:     ev/sec=48180.3   simsec/sec=0.110837   ev/simsec=434695
     Messages:  created: 20941204   present: 2669   in FES: 155
** Event #16764416   t=397.162211035972   Elapsed: 537.371s (8m 57s)  79% completed  (39% total)
     Speed:     ev/sec=43861.4   simsec/sec=0.0973282   ev/simsec=450655
     Messages:  created: 21057907   present: 2716   in FES: 154
** Event #16858112   t=397.377238200596   Elapsed: 539.371s (8m 59s)  79% completed  (39% total)
     Speed:     ev/sec=46847.1   simsec/sec=0.107512   ev/simsec=435740
     Messages:  created: 21186495   present: 2693   in FES: 174
** Event #16944384   t=397.58259307802   Elapsed: 541.376s (9m 01s)  79% completed  (39% total)
     Speed:     ev/sec=43020.4   simsec/sec=0.102402   ev/simsec=420112
     Messages:  created: 21302446   present: 2672   in FES: 155
** Event #17028096   t=397.786730182064   Elapsed: 543.379s (9m 03s)  79% completed  (39% total)
     Speed:     ev/sec=41800.2   simsec/sec=0.101932   ev/simsec=410077
     Messages:  created: 21416744   present: 2636   in FES: 134
** Event #17111040   t=397.974351272997   Elapsed: 545.38s (9m 05s)  79% completed  (39% total)
     Speed:     ev/sec=41463.9   simsec/sec=0.0937923   ev/simsec=442082
     Messages:  created: 21530533   present: 2692   in FES: 155
** Event #17210880   t=398.20678196382   Elapsed: 547.382s (9m 07s)  79% completed  (39% total)
     Speed:     ev/sec=49854.3   simsec/sec=0.116062   ev/simsec=429547
     Messages:  created: 21663706   present: 2631   in FES: 156
** Event #17307648   t=398.431443167666   Elapsed: 549.383s (9m 09s)  79% completed  (39% total)
     Speed:     ev/sec=48373.2   simsec/sec=0.112306   ev/simsec=430729
     Messages:  created: 21796315   present: 2664   in FES: 156
** Event #17387520   t=398.613605050977   Elapsed: 551.384s (9m 11s)  79% completed  (39% total)
     Speed:     ev/sec=39914.8   simsec/sec=0.0910326   ev/simsec=438467
     Messages:  created: 21902994   present: 2671   in FES: 155
** Event #17467392   t=398.801191747051   Elapsed: 553.388s (9m 13s)  79% completed  (39% total)
     Speed:     ev/sec=39855.7   simsec/sec=0.0936048   ev/simsec=425787
     Messages:  created: 22012238   present: 2711   in FES: 162
** Event #17558784   t=399.008247830975   Elapsed: 555.391s (9m 15s)  79% completed  (39% total)
     Speed:     ev/sec=45612.1   simsec/sec=0.103338   ev/simsec=441388
     Messages:  created: 22137067   present: 2639   in FES: 131
** Event #17671168   t=399.252547629991   Elapsed: 557.392s (9m 17s)  79% completed  (39% total)
     Speed:     ev/sec=56182.4   simsec/sec=0.122129   ev/simsec=460025
     Messages:  created: 22288440   present: 2731   in FES: 165
** Event #17777152   t=399.493985669181   Elapsed: 559.392s (9m 19s)  79% completed  (39% total)
     Speed:     ev/sec=52979.2   simsec/sec=0.12069   ev/simsec=438970
     Messages:  created: 22433903   present: 2730   in FES: 175
** Event #17865472   t=399.692300828551   Elapsed: 561.396s (9m 21s)  79% completed  (39% total)
     Speed:     ev/sec=44085.8   simsec/sec=0.0989909   ev/simsec=445352
     Messages:  created: 22551614   present: 2681   in FES: 145
** Event #17975808   t=399.940114084797   Elapsed: 563.399s (9m 23s)  79% completed  (39% total)
     Speed:     ev/sec=55079.1   simsec/sec=0.123707   ev/simsec=445238
     Messages:  created: 22703006   present: 2675   in FES: 157
** Event #18087680   t=400.192231169793   Elapsed: 565.399s (9m 25s)  80% completed  (40% total)
     Speed:     ev/sec=55916.9   simsec/sec=0.126015   ev/simsec=443730
     Messages:  created: 22852630   present: 2714   in FES: 173
** Event #18199552   t=400.458747626894   Elapsed: 567.401s (9m 27s)  80% completed  (40% total)
     Speed:     ev/sec=55889.9   simsec/sec=0.133148   ev/simsec=419756
     Messages:  created: 23006059   present: 2714   in FES: 175
** Event #18282496   t=400.645594996081   Elapsed: 569.405s (9m 29s)  80% completed  (40% total)
     Speed:     ev/sec=41398.9   simsec/sec=0.093259   ev/simsec=443913
     Messages:  created: 23116690   present: 2697   in FES: 185
** Event #18387456   t=400.883972331592   Elapsed: 571.408s (9m 31s)  80% completed  (40% total)
     Speed:     ev/sec=52379.7   simsec/sec=0.118961   ev/simsec=440310
     Messages:  created: 23260535   present: 2653   in FES: 156
** Event #18492928   t=401.124251213395   Elapsed: 573.414s (9m 33s)  80% completed  (40% total)
     Speed:     ev/sec=52591.4   simsec/sec=0.11981   ev/simsec=438957
     Messages:  created: 23402104   present: 2706   in FES: 180
** Event #18593024   t=401.349617920058   Elapsed: 575.418s (9m 35s)  80% completed  (40% total)
     Speed:     ev/sec=49946.9   simsec/sec=0.112456   ev/simsec=444147
     Messages:  created: 23539197   present: 2720   in FES: 155
** Event #18686976   t=401.556701878628   Elapsed: 577.421s (9m 37s)  80% completed  (40% total)
     Speed:     ev/sec=46915   simsec/sec=0.103408   ev/simsec=453690
     Messages:  created: 23665584   present: 2689   in FES: 155
** Event #18786816   t=401.785186912505   Elapsed: 579.423s (9m 39s)  80% completed  (40% total)
     Speed:     ev/sec=49848.3   simsec/sec=0.114079   ev/simsec=436965
     Messages:  created: 23801353   present: 2706   in FES: 156
** Event #18893312   t=402.026738836656   Elapsed: 581.428s (9m 41s)  80% completed  (40% total)
     Speed:     ev/sec=53129.7   simsec/sec=0.120508   ev/simsec=440882
     Messages:  created: 23946445   present: 2744   in FES: 180
** Event #19001344   t=402.27154883039   Elapsed: 583.431s (9m 43s)  80% completed  (40% total)
     Speed:     ev/sec=53942.5   simsec/sec=0.122238   ev/simsec=441289
     Messages:  created: 24092060   present: 2677   in FES: 136
** Event #19105280   t=402.512693237929   Elapsed: 585.431s (9m 45s)  80% completed  (40% total)
     Speed:     ev/sec=51966.9   simsec/sec=0.12057   ev/simsec=431011
     Messages:  created: 24234128   present: 2678   in FES: 137
** Event #19186944   t=402.694215123931   Elapsed: 587.434s (9m 47s)  80% completed  (40% total)
     Speed:     ev/sec=40763.4   simsec/sec=0.0906085   ev/simsec=449885
     Messages:  created: 24343076   present: 2694   in FES: 155
** Event #19296256   t=402.95013432399   Elapsed: 589.439s (9m 49s)  80% completed  (40% total)
     Speed:     ev/sec=54509.3   simsec/sec=0.127616   ev/simsec=427135
     Messages:  created: 24493002   present: 2720   in FES: 155
** Event #19403264   t=403.19126270497   Elapsed: 591.443s (9m 51s)  80% completed  (40% total)
     Speed:     ev/sec=53402.5   simsec/sec=0.120335   ev/simsec=443780
     Messages:  created: 24636350   present: 2735   in FES: 174
** Event #19512576   t=403.459840391393   Elapsed: 593.445s (9m 53s)  80% completed  (40% total)
     Speed:     ev/sec=54615.5   simsec/sec=0.134189   ev/simsec=407003
     Messages:  created: 24786183   present: 2697   in FES: 155
** Event #19601408   t=403.653761827672   Elapsed: 595.446s (9m 55s)  80% completed  (40% total)
     Speed:     ev/sec=44388.1   simsec/sec=0.0968998   ev/simsec=458082
     Messages:  created: 24905014   present: 2733   in FES: 184
** Event #19716352   t=403.91533938815   Elapsed: 597.45s (9m 57s)  80% completed  (40% total)
     Speed:     ev/sec=57369.3   simsec/sec=0.130555   ev/simsec=439426
     Messages:  created: 25062645   present: 2742   in FES: 184
** Event #19832064   t=404.170814445158   Elapsed: 599.452s (9m 59s)  80% completed  (40% total)
     Speed:     ev/sec=57773.8   simsec/sec=0.127556   ev/simsec=452929
     Messages:  created: 25217721   present: 2697   in FES: 155
** Event #19949056   t=404.439161115472   Elapsed: 601.455s (10m 01s)  80% completed  (40% total)
     Speed:     ev/sec=58410.5   simsec/sec=0.133977   ev/simsec=435973
     Messages:  created: 25378229   present: 2679   in FES: 137
** Event #20043008   t=404.655227394479   Elapsed: 603.456s (10m 03s)  80% completed  (40% total)
     Speed:     ev/sec=46951.2   simsec/sec=0.107976   ev/simsec=434830
     Messages:  created: 25503905   present: 2716   in FES: 155
** Event #20160256   t=404.922681511179   Elapsed: 605.46s (10m 05s)  80% completed  (40% total)
     Speed:     ev/sec=58507.7   simsec/sec=0.133462   ev/simsec=438385
     Messages:  created: 25664643   present: 2808   in FES: 186
** Event #20275456   t=405.168246100777   Elapsed: 607.463s (10m 07s)  81% completed  (40% total)
     Speed:     ev/sec=57515.9   simsec/sec=0.122603   ev/simsec=469123
     Messages:  created: 25818678   present: 2679   in FES: 135
** Event #20389120   t=405.423872421732   Elapsed: 609.467s (10m 09s)  81% completed  (40% total)
     Speed:     ev/sec=56713.6   simsec/sec=0.127547   ev/simsec=444649
     Messages:  created: 25974469   present: 2680   in FES: 144
** Event #20476416   t=405.620117308554   Elapsed: 611.473s (10m 11s)  81% completed  (40% total)
     Speed:     ev/sec=43528.9   simsec/sec=0.0978548   ev/simsec=444832
     Messages:  created: 26091060   present: 2653   in FES: 127
** Event #20584960   t=405.859236285556   Elapsed: 613.476s (10m 13s)  81% completed  (40% total)
     Speed:     ev/sec=54189   simsec/sec=0.119377   ev/simsec=453933
     Messages:  created: 26239901   present: 2714   in FES: 155
** Event #20701440   t=406.113502963168   Elapsed: 615.48s (10m 15s)  81% completed  (40% total)
     Speed:     ev/sec=58135.8   simsec/sec=0.126906   ev/simsec=458102
     Messages:  created: 26395856   present: 2707   in FES: 157
** Event #20818432   t=406.382836979665   Elapsed: 617.483s (10m 17s)  81% completed  (40% total)
     Speed:     ev/sec=58399.1   simsec/sec=0.134444   ev/simsec=434375
     Messages:  created: 26556332   present: 2747   in FES: 154
** Event #20913920   t=406.60001268665   Elapsed: 619.485s (10m 19s)  81% completed  (40% total)
     Speed:     ev/sec=47701.9   simsec/sec=0.108492   ev/simsec=439681
     Messages:  created: 26684213   present: 2747   in FES: 175
** Event #21026048   t=406.845978411808   Elapsed: 621.487s (10m 21s)  81% completed  (40% total)
     Speed:     ev/sec=56011.6   simsec/sec=0.122868   ev/simsec=455868
     Messages:  created: 26837603   present: 2748   in FES: 164
** Event #21142016   t=407.102875644444   Elapsed: 623.489s (10m 23s)  81% completed  (40% total)
     Speed:     ev/sec=57902.3   simsec/sec=0.128268   ev/simsec=451418
     Messages:  created: 26993029   present: 2733   in FES: 158
** Event #21258496   t=407.369176857435   Elapsed: 625.49s (10m 25s)  81% completed  (40% total)
     Speed:     ev/sec=58218   simsec/sec=0.1331   ev/simsec=437399
     Messages:  created: 27152716   present: 2741   in FES: 177
** Event #21362944   t=407.599907544503   Elapsed: 627.491s (10m 27s)  81% completed  (40% total)
     Speed:     ev/sec=52200.7   simsec/sec=0.115314   ev/simsec=452684
     Messages:  created: 27293330   present: 2740   in FES: 155
** Event #21483520   t=407.87620180616   Elapsed: 629.493s (10m 29s)  81% completed  (40% total)
     Speed:     ev/sec=60240.1   simsec/sec=0.138037   ev/simsec=436404
     Messages:  created: 27458327   present: 2746   in FES: 177
** Event #21606400   t=408.143540610354   Elapsed: 631.493s (10m 31s)  81% completed  (40% total)
     Speed:     ev/sec=61418.6   simsec/sec=0.133623   ev/simsec=459641
     Messages:  created: 27623354   present: 2696   in FES: 156
** Event #21729536   t=408.415750704824   Elapsed: 633.496s (10m 33s)  81% completed  (40% total)
     Speed:     ev/sec=61492.1   simsec/sec=0.135937   ev/simsec=452356
     Messages:  created: 27792113   present: 2704   in FES: 137
** Event #21828608   t=408.641674720643   Elapsed: 635.498s (10m 35s)  81% completed  (40% total)
     Speed:     ev/sec=49475.8   simsec/sec=0.112825   ev/simsec=438519
     Messages:  created: 27924461   present: 2695   in FES: 138
** Event #21952256   t=408.924932440784   Elapsed: 637.498s (10m 37s)  81% completed  (40% total)
     Speed:     ev/sec=61818.2   simsec/sec=0.141616   ev/simsec=436521
     Messages:  created: 28094120   present: 2736   in FES: 144
** Event #22074624   t=409.192332993518   Elapsed: 639.5s (10m 39s)  81% completed  (40% total)
     Speed:     ev/sec=61126.2   simsec/sec=0.133574   ev/simsec=457621
     Messages:  created: 28258305   present: 2746   in FES: 154
** Event #22198784   t=409.471445338694   Elapsed: 641.502s (10m 41s)  81% completed  (40% total)
     Speed:     ev/sec=62031.1   simsec/sec=0.139446   ev/simsec=444839
     Messages:  created: 28428454   present: 2736   in FES: 155
** Event #22299392   t=409.688393927238   Elapsed: 643.506s (10m 43s)  81% completed  (40% total)
     Speed:     ev/sec=50204.7   simsec/sec=0.10826   ev/simsec=463741
     Messages:  created: 28563112   present: 2755   in FES: 154
** Event #22422272   t=409.961597496593   Elapsed: 645.51s (10m 45s)  81% completed  (40% total)
     Speed:     ev/sec=61327   simsec/sec=0.136351   ev/simsec=449775
     Messages:  created: 28731466   present: 2729   in FES: 155
** Event #22545408   t=410.235835710535   Elapsed: 647.511s (10m 47s)  82% completed  (41% total)
     Speed:     ev/sec=61523   simsec/sec=0.137019   ev/simsec=449011
     Messages:  created: 28896800   present: 2739   in FES: 155
** Event #22668288   t=410.511346253219   Elapsed: 649.514s (10m 49s)  82% completed  (41% total)
     Speed:     ev/sec=61336.5   simsec/sec=0.137523   ev/simsec=446008
     Messages:  created: 29065138   present: 2845   in FES: 186
** Event #22765824   t=410.721972136439   Elapsed: 651.517s (10m 51s)  82% completed  (41% total)
     Speed:     ev/sec=48702.6   simsec/sec=0.105172   ev/simsec=463077
     Messages:  created: 29195218   present: 2763   in FES: 184
** Event #22889472   t=411.001411237681   Elapsed: 653.518s (10m 53s)  82% completed  (41% total)
     Speed:     ev/sec=61794.4   simsec/sec=0.139653   ev/simsec=442486
     Messages:  created: 29364728   present: 2765   in FES: 154
** Event #23012096   t=411.268885518177   Elapsed: 655.519s (10m 55s)  82% completed  (41% total)
     Speed:     ev/sec=61273.9   simsec/sec=0.133654   ev/simsec=458452
     Messages:  created: 29529367   present: 2763   in FES: 184
** Event #23123712   t=411.521475515603   Elapsed: 657.532s (10m 57s)  82% completed  (41% total)
     Speed:     ev/sec=55466.6   simsec/sec=0.125522   ev/simsec=441886
     Messages:  created: 29680469   present: 2701   in FES: 134
** Event #23238912   t=411.781281641618   Elapsed: 659.532s (10m 59s)  82% completed  (41% total)
     Speed:     ev/sec=57577.1   simsec/sec=0.129851   ev/simsec=443408
     Messages:  created: 29837154   present: 2790   in FES: 165
** Event #23361536   t=412.058476803678   Elapsed: 661.534s (11m 01s)  82% completed  (41% total)
     Speed:     ev/sec=61274   simsec/sec=0.138512   ev/simsec=442374
     Messages:  created: 30003105   present: 2705   in FES: 137
** Event #23483904   t=412.334323466912   Elapsed: 663.535s (11m 03s)  82% completed  (41% total)
     Speed:     ev/sec=61135.8   simsec/sec=0.137815   ev/simsec=443609
     Messages:  created: 30169444   present: 2679   in FES: 129
** Event #23586048   t=412.556993320543   Elapsed: 665.538s (11m 05s)  82% completed  (41% total)
     Speed:     ev/sec=51009.6   simsec/sec=0.111199   ev/simsec=458724
     Messages:  created: 30306300   present: 2760   in FES: 163
** Event #23709440   t=412.839463882977   Elapsed: 667.538s (11m 07s)  82% completed  (41% total)
     Speed:     ev/sec=61678   simsec/sec=0.141194   ev/simsec=436831
     Messages:  created: 30475520   present: 2741   in FES: 155
** Event #23832832   t=413.106767764953   Elapsed: 669.542s (11m 09s)  82% completed  (41% total)
     Speed:     ev/sec=61577.7   simsec/sec=0.133396   ev/simsec=461617
     Messages:  created: 30641084   present: 2700   in FES: 132
** Event #23957504   t=413.410163711595   Elapsed: 671.545s (11m 11s)  82% completed  (41% total)
     Speed:     ev/sec=62244.8   simsec/sec=0.151476   ev/simsec=410922
     Messages:  created: 30811701   present: 2777   in FES: 157
** Event #24060928   t=413.63564988265   Elapsed: 673.546s (11m 13s)  82% completed  (41% total)
     Speed:     ev/sec=51681.9   simsec/sec=0.112678   ev/simsec=458671
     Messages:  created: 30950582   present: 2682   in FES: 130
** Event #24185600   t=413.922359467881   Elapsed: 675.547s (11m 15s)  82% completed  (41% total)
     Speed:     ev/sec=62315.9   simsec/sec=0.143309   ev/simsec=434837
     Messages:  created: 31121498   present: 2780   in FES: 158
** Event #24309760   t=414.19634137168   Elapsed: 677.548s (11m 17s)  82% completed  (41% total)
     Speed:     ev/sec=62048.9   simsec/sec=0.136922   ev/simsec=453169
     Messages:  created: 31288144   present: 2787   in FES: 160
** Event #24433664   t=414.483447624312   Elapsed: 679.551s (11m 19s)  82% completed  (41% total)
     Speed:     ev/sec=61864.2   simsec/sec=0.14335   ev/simsec=431561
     Messages:  created: 31458100   present: 2735   in FES: 157
** Event #24537856   t=414.711690394669   Elapsed: 681.551s (11m 21s)  82% completed  (41% total)
     Speed:     ev/sec=52092.6   simsec/sec=0.114114   ev/simsec=456496
     Messages:  created: 31598164   present: 2719   in FES: 130
** Event #24662528   t=415.030781540761   Elapsed: 683.555s (11m 23s)  83% completed  (41% total)
     Speed:     ev/sec=62217.3   simsec/sec=0.159242   ev/simsec=390710
     Messages:  created: 31767929   present: 2764   in FES: 186
** Event #24786432   t=415.302492238581   Elapsed: 685.555s (11m 25s)  83% completed  (41% total)
     Speed:     ev/sec=61938   simsec/sec=0.135825   ev/simsec=456014
     Messages:  created: 31934883   present: 2746   in FES: 141
** Event #24892160   t=415.542925008724   Elapsed: 687.559s (11m 27s)  83% completed  (41% total)
     Speed:     ev/sec=52770.7   simsec/sec=0.120004   ev/simsec=439740
     Messages:  created: 32077367   present: 2765   in FES: 148
** Event #25011968   t=415.815555929908   Elapsed: 689.562s (11m 29s)  83% completed  (41% total)
     Speed:     ev/sec=59799.4   simsec/sec=0.136078   ev/simsec=439451
     Messages:  created: 32240868   present: 2740   in FES: 138
** Event #25133824   t=416.089318554259   Elapsed: 691.562s (11m 31s)  83% completed  (41% total)
     Speed:     ev/sec=60925.6   simsec/sec=0.136876   ev/simsec=445116
     Messages:  created: 32404758   present: 2722   in FES: 156
** Event #25258240   t=416.3718985775   Elapsed: 693.563s (11m 33s)  83% completed  (41% total)
     Speed:     ev/sec=62192.5   simsec/sec=0.141255   ev/simsec=440286
     Messages:  created: 32574548   present: 2753   in FES: 155
** Event #25359104   t=416.598696160719   Elapsed: 695.564s (11m 35s)  83% completed  (41% total)
     Speed:     ev/sec=50398   simsec/sec=0.113322   ev/simsec=444731
     Messages:  created: 32709842   present: 2770   in FES: 159
** Event #25481984   t=416.886898052241   Elapsed: 697.568s (11m 37s)  83% completed  (41% total)
     Speed:     ev/sec=61320.2   simsec/sec=0.14382   ev/simsec=426368
     Messages:  created: 32878192   present: 2774   in FES: 155
** Event #25605632   t=417.169827922159   Elapsed: 699.568s (11m 39s)  83% completed  (41% total)
     Speed:     ev/sec=61815.6   simsec/sec=0.141446   ev/simsec=437027
     Messages:  created: 33044566   present: 2787   in FES: 154
** Event #25729536   t=417.445529533946   Elapsed: 701.569s (11m 41s)  83% completed  (41% total)
     Speed:     ev/sec=61940.6   simsec/sec=0.137825   ev/simsec=449413
     Messages:  created: 33214385   present: 2771   in FES: 176
** Event #25830912   t=417.670430130961   Elapsed: 703.57s (11m 43s)  83% completed  (41% total)
     Speed:     ev/sec=50642.6   simsec/sec=0.11235   ev/simsec=450759
     Messages:  created: 33350117   present: 2781   in FES: 176
** Event #25955840   t=417.952045440174   Elapsed: 705.572s (11m 45s)  83% completed  (41% total)
     Speed:     ev/sec=62400.9   simsec/sec=0.140665   ev/simsec=443612
     Messages:  created: 33521410   present: 2779   in FES: 152
** Event #26079488   t=418.224415538427   Elapsed: 707.573s (11m 47s)  83% completed  (41% total)
     Speed:     ev/sec=61813.5   simsec/sec=0.136162   ev/simsec=453971
     Messages:  created: 33687130   present: 2733   in FES: 127
** Event #26203136   t=418.50894068678   Elapsed: 709.575s (11m 49s)  83% completed  (41% total)
     Speed:     ev/sec=61750.8   simsec/sec=0.142094   ev/simsec=434577
     Messages:  created: 33856548   present: 2747   in FES: 156
** Event #26307072   t=418.751109097289   Elapsed: 711.578s (11m 51s)  83% completed  (41% total)
     Speed:     ev/sec=51887.3   simsec/sec=0.120896   ev/simsec=429189
     Messages:  created: 33996177   present: 2772   in FES: 185
** Event #26429952   t=419.025408375451   Elapsed: 713.579s (11m 53s)  83% completed  (41% total)
     Speed:     ev/sec=61403.8   simsec/sec=0.137069   ev/simsec=447978
     Messages:  created: 34163715   present: 2802   in FES: 155
** Event #26553344   t=419.302804822202   Elapsed: 715.583s (11m 55s)  83% completed  (41% total)
     Speed:     ev/sec=61575.6   simsec/sec=0.138427   ev/simsec=444822
     Messages:  created: 34330192   present: 2786   in FES: 156
** Event #26661632   t=419.542437259338   Elapsed: 717.594s (11m 57s)  83% completed  (41% total)
     Speed:     ev/sec=53862.6   simsec/sec=0.119193   ev/simsec=451892
     Messages:  created: 34476358   present: 2770   in FES: 142
** Event #26780416   t=419.812666975915   Elapsed: 719.597s (11m 59s)  83% completed  (41% total)
     Speed:     ev/sec=59297.1   simsec/sec=0.134899   ev/simsec=439567
     Messages:  created: 34638375   present: 2758   in FES: 142
** Event #26904320   t=420.08853017297   Elapsed: 721.601s (12m 01s)  84% completed  (42% total)
     Speed:     ev/sec=61826.4   simsec/sec=0.137652   ev/simsec=449150
     Messages:  created: 34805354   present: 2796   in FES: 156
** Event #27028480   t=420.375172931537   Elapsed: 723.602s (12m 03s)  84% completed  (42% total)
     Speed:     ev/sec=62033.1   simsec/sec=0.143213   ev/simsec=433152
     Messages:  created: 34974923   present: 2776   in FES: 156
** Event #27133184   t=420.611889784911   Elapsed: 725.606s (12m 05s)  84% completed  (42% total)
     Speed:     ev/sec=52265.3   simsec/sec=0.118162   ev/simsec=442317
     Messages:  created: 35115578   present: 2807   in FES: 174
** Event #27257856   t=420.931067303463   Elapsed: 727.606s (12m 07s)  84% completed  (42% total)
     Speed:     ev/sec=62325.6   simsec/sec=0.159562   ev/simsec=390604
     Messages:  created: 35286045   present: 2801   in FES: 174
** Event #27381504   t=421.258341740897   Elapsed: 729.609s (12m 09s)  84% completed  (42% total)
     Speed:     ev/sec=61727.2   simsec/sec=0.163381   ev/simsec=377811
     Messages:  created: 35452679   present: 2786   in FES: 177
** Event #27501056   t=421.518095598669   Elapsed: 731.629s (12m 11s)  84% completed  (42% total)
     Speed:     ev/sec=59204.8   simsec/sec=0.128636   ev/simsec=460251
     Messages:  created: 35616640   present: 2752   in FES: 138
** Event #27603712   t=422.534341082518   Elapsed: 733.646s (12m 13s)  84% completed  (42% total)
     Speed:     ev/sec=50889   simsec/sec=0.503777   ev/simsec=101015
     Messages:  created: 35748507   present: 2651   in FES: 156
** Event #27712000   t=423.272836322283   Elapsed: 735.65s (12m 15s)  84% completed  (42% total)
     Speed:     ev/sec=54033.8   simsec/sec=0.368496   ev/simsec=146633
     Messages:  created: 35890102   present: 2717   in FES: 154
** Event #27828480   t=423.534825207417   Elapsed: 737.658s (12m 17s)  84% completed  (42% total)
     Speed:     ev/sec=58013.6   simsec/sec=0.130485   ev/simsec=444599
     Messages:  created: 36048770   present: 2692   in FES: 134
** Event #27939328   t=423.784432609623   Elapsed: 739.658s (12m 19s)  84% completed  (42% total)
     Speed:     ev/sec=55415.2   simsec/sec=0.124784   ev/simsec=444089
     Messages:  created: 36199086   present: 2774   in FES: 184
** Event #28063232   t=424.064994449262   Elapsed: 741.662s (12m 21s)  84% completed  (42% total)
     Speed:     ev/sec=61838.7   simsec/sec=0.140024   ev/simsec=441628
     Messages:  created: 36366863   present: 2848   in FES: 186
** Event #28186880   t=424.345135151384   Elapsed: 743.664s (12m 23s)  84% completed  (42% total)
     Speed:     ev/sec=61765.9   simsec/sec=0.139939   ev/simsec=441378
     Messages:  created: 36535712   present: 2729   in FES: 151
** Event #28292608   t=424.577510627658   Elapsed: 745.664s (12m 25s)  84% completed  (42% total)
     Speed:     ev/sec=52860.9   simsec/sec=0.116181   ev/simsec=454988
     Messages:  created: 36677948   present: 2795   in FES: 153
** Event #28409856   t=424.848567287078   Elapsed: 747.665s (12m 27s)  84% completed  (42% total)
     Speed:     ev/sec=58580   simsec/sec=0.135427   ev/simsec=432559
     Messages:  created: 36838397   present: 2768   in FES: 157
** Event #28534528   t=425.112498056449   Elapsed: 749.668s (12m 29s)  85% completed  (42% total)
     Speed:     ev/sec=62252.5   simsec/sec=0.131789   ev/simsec=472366
     Messages:  created: 37006075   present: 2734   in FES: 127
** Event #28658432   t=425.389010956973   Elapsed: 751.669s (12m 31s)  85% completed  (42% total)
     Speed:     ev/sec=61915.7   simsec/sec=0.138176   ev/simsec=448095
     Messages:  created: 37176164   present: 2811   in FES: 155
** Event #28761600   t=425.617586440625   Elapsed: 753.671s (12m 33s)  85% completed  (42% total)
     Speed:     ev/sec=51525.4   simsec/sec=0.114158   ev/simsec=451352
     Messages:  created: 37314494   present: 2779   in FES: 138
** Event #28885248   t=425.893618440268   Elapsed: 755.671s (12m 35s)  85% completed  (42% total)
     Speed:     ev/sec=61818.6   simsec/sec=0.138004   ev/simsec=447948
     Messages:  created: 37483991   present: 2793   in FES: 158
** Event #29008896   t=426.169987908499   Elapsed: 757.676s (12m 37s)  85% completed  (42% total)
     Speed:     ev/sec=61680.4   simsec/sec=0.137864   ev/simsec=447401
     Messages:  created: 37650381   present: 2751   in FES: 156
** Event #29133312   t=426.458969595512   Elapsed: 759.68s (12m 39s)  85% completed  (42% total)
     Speed:     ev/sec=62097.9   simsec/sec=0.144235   ev/simsec=430532
     Messages:  created: 37820984   present: 2815   in FES: 154
** Event #29238528   t=426.693320384144   Elapsed: 761.681s (12m 41s)  85% completed  (42% total)
     Speed:     ev/sec=52573.1   simsec/sec=0.117098   ev/simsec=448968
     Messages:  created: 37962276   present: 2744   in FES: 156
** Event #29361920   t=426.972415187118   Elapsed: 763.683s (12m 43s)  85% completed  (42% total)
     Speed:     ev/sec=61642.6   simsec/sec=0.139427   ev/simsec=442115
     Messages:  created: 38131425   present: 2812   in FES: 155
** Event #29484800   t=427.239453994603   Elapsed: 765.686s (12m 45s)  85% completed  (42% total)
     Speed:     ev/sec=61328.4   simsec/sec=0.133277   ev/simsec=460158
     Messages:  created: 38296535   present: 2815   in FES: 149
** Event #29608704   t=427.509303901916   Elapsed: 767.689s (12m 47s)  85% completed  (42% total)
     Speed:     ev/sec=61884.4   simsec/sec=0.134778   ev/simsec=459159
     Messages:  created: 38466345   present: 2786   in FES: 142
** Event #29717504   t=427.752792000014   Elapsed: 769.69s (12m 49s)  85% completed  (42% total)
     Speed:     ev/sec=54360.3   simsec/sec=0.121655   ev/simsec=446839
     Messages:  created: 38613000   present: 2824   in FES: 175
** Event #29841664   t=428.023936182617   Elapsed: 771.694s (12m 51s)  85% completed  (42% total)
     Speed:     ev/sec=61953.7   simsec/sec=0.135296   ev/simsec=457911
     Messages:  created: 38782485   present: 2757   in FES: 157
** Event #29965056   t=428.294617850163   Elapsed: 773.695s (12m 53s)  85% completed  (42% total)
     Speed:     ev/sec=61671.7   simsec/sec=0.135288   ev/simsec=455857
     Messages:  created: 38949323   present: 2806   in FES: 147
** Event #30076672   t=428.540012468824   Elapsed: 775.701s (12m 55s)  85% completed  (42% total)
     Speed:     ev/sec=55630   simsec/sec=0.122306   ev/simsec=454843
     Messages:  created: 39100452   present: 2795   in FES: 138
** Event #30192128   t=428.794883315394   Elapsed: 777.705s (12m 57s)  85% completed  (42% total)
     Speed:     ev/sec=57608.1   simsec/sec=0.127171   ev/simsec=452998
     Messages:  created: 39257372   present: 2783   in FES: 155
** Event #30316032   t=429.069888417463   Elapsed: 779.707s (12m 59s)  85% completed  (42% total)
     Speed:     ev/sec=61910.8   simsec/sec=0.137411   ev/simsec=450552
     Messages:  created: 39424828   present: 2838   in FES: 184
** Event #30440704   t=429.352476724837   Elapsed: 781.711s (13m 01s)  85% completed  (42% total)
     Speed:     ev/sec=62202.1   simsec/sec=0.140991   ev/simsec=441179
     Messages:  created: 39594840   present: 2784   in FES: 155
** Event #30549760   t=429.603728654692   Elapsed: 783.714s (13m 03s)  85% completed  (42% total)
     Speed:     ev/sec=54440.9   simsec/sec=0.125425   ev/simsec=434050
     Messages:  created: 39742090   present: 2802   in FES: 155
** Event #30672640   t=429.877622090299   Elapsed: 785.718s (13m 05s)  85% completed  (42% total)
     Speed:     ev/sec=61324   simsec/sec=0.136688   ev/simsec=448642
     Messages:  created: 39910247   present: 2790   in FES: 156
** Event #30777600   t=430.103454763424   Elapsed: 787.722s (13m 07s)  86% completed  (43% total)
     Speed:     ev/sec=52381.6   simsec/sec=0.112705   ev/simsec=464769
     Messages:  created: 40050674   present: 2773   in FES: 133
** Event #30902272   t=430.382018166459   Elapsed: 789.724s (13m 09s)  86% completed  (43% total)
     Speed:     ev/sec=62255.9   simsec/sec=0.139103   ev/simsec=447553
     Messages:  created: 40221655   present: 2859   in FES: 155
** Event #31009536   t=430.615226471828   Elapsed: 791.726s (13m 11s)  86% completed  (43% total)
     Speed:     ev/sec=53589.4   simsec/sec=0.116512   ev/simsec=459949
     Messages:  created: 40366044   present: 2801   in FES: 141
** Event #31131392   t=430.885325538136   Elapsed: 793.729s (13m 13s)  86% completed  (43% total)
     Speed:     ev/sec=60833.6   simsec/sec=0.13484   ev/simsec=451153
     Messages:  created: 40533013   present: 2836   in FES: 155
** Event #31255552   t=431.156018920305   Elapsed: 795.732s (13m 15s)  86% completed  (43% total)
     Speed:     ev/sec=61997.7   simsec/sec=0.135167   ev/simsec=458674
     Messages:  created: 40700489   present: 2831   in FES: 156
** Event #31380224   t=431.435611061864   Elapsed: 797.733s (13m 17s)  86% completed  (43% total)
     Speed:     ev/sec=62293.2   simsec/sec=0.1397   ev/simsec=445907
     Messages:  created: 40871442   present: 2851   in FES: 166
** Event #31484416   t=431.661067509918   Elapsed: 799.735s (13m 19s)  86% completed  (43% total)
     Speed:     ev/sec=52049.9   simsec/sec=0.112628   ev/simsec=462138
     Messages:  created: 41011218   present: 2832   in FES: 155
** Event #31608320   t=431.936204960396   Elapsed: 801.737s (13m 21s)  86% completed  (43% total)
     Speed:     ev/sec=61882.8   simsec/sec=0.137415   ev/simsec=450335
     Messages:  created: 41181030   present: 2858   in FES: 174
** Event #31731968   t=432.205459198526   Elapsed: 803.738s (13m 23s)  86% completed  (43% total)
     Speed:     ev/sec=61785.1   simsec/sec=0.134542   ev/simsec=459224
     Messages:  created: 41347335   present: 2834   in FES: 185
** Event #31856384   t=432.479452062481   Elapsed: 805.739s (13m 25s)  86% completed  (43% total)
     Speed:     ev/sec=62202.6   simsec/sec=0.136984   ev/simsec=454085
     Messages:  created: 41517858   present: 2831   in FES: 154
** Event #31965184   t=432.733268191142   Elapsed: 807.741s (13m 27s)  86% completed  (43% total)
     Speed:     ev/sec=54337.2   simsec/sec=0.126762   ev/simsec=428657
     Messages:  created: 41664461   present: 2833   in FES: 156
** Event #32089344   t=433.013395114286   Elapsed: 809.742s (13m 29s)  86% completed  (43% total)
     Speed:     ev/sec=62042.1   simsec/sec=0.139978   ev/simsec=443228
     Messages:  created: 41834239   present: 2865   in FES: 174
** Event #32213760   t=433.291906571964   Elapsed: 811.746s (13m 31s)  86% completed  (43% total)
     Speed:     ev/sec=62096.7   simsec/sec=0.139007   ev/simsec=446718
     Messages:  created: 42002283   present: 2836   in FES: 155
** Event #32323328   t=433.530525690602   Elapsed: 813.749s (13m 33s)  86% completed  (43% total)
     Speed:     ev/sec=54690.3   simsec/sec=0.119105   ev/simsec=459175
     Messages:  created: 42150179   present: 2838   in FES: 185
** Event #32444928   t=433.803231305505   Elapsed: 815.752s (13m 35s)  86% completed  (43% total)
     Speed:     ev/sec=60700.9   simsec/sec=0.136131   ev/simsec=445902
     Messages:  created: 42316377   present: 2859   in FES: 155
** Event #32569088   t=434.077072801747   Elapsed: 817.756s (13m 37s)  86% completed  (43% total)
     Speed:     ev/sec=61977.5   simsec/sec=0.136695   ev/simsec=453401
     Messages:  created: 42484407   present: 2842   in FES: 155
** Event #32693760   t=434.356701048118   Elapsed: 819.757s (13m 39s)  86% completed  (43% total)
     Speed:     ev/sec=62288.9   simsec/sec=0.139709   ev/simsec=445849
     Messages:  created: 42654480   present: 2863   in FES: 184
** Event #32803584   t=434.603530371492   Elapsed: 821.76s (13m 41s)  86% completed  (43% total)
     Speed:     ev/sec=54827.7   simsec/sec=0.123225   ev/simsec=444939
     Messages:  created: 42802611   present: 2826   in FES: 145
** Event #32926976   t=434.881830353868   Elapsed: 823.764s (13m 43s)  86% completed  (43% total)
     Speed:     ev/sec=61587.2   simsec/sec=0.138905   ev/simsec=443378
     Messages:  created: 42971828   present: 2825   in FES: 157
** Event #33051904   t=435.156735374115   Elapsed: 825.768s (13m 45s)  87% completed  (43% total)
     Speed:     ev/sec=62346.9   simsec/sec=0.137195   ev/simsec=454441
     Messages:  created: 43139580   present: 2842   in FES: 155
** Event #33176576   t=435.436823449963   Elapsed: 827.769s (13m 47s)  87% completed  (43% total)
     Speed:     ev/sec=62297.1   simsec/sec=0.139957   ev/simsec=445117
     Messages:  created: 43310653   present: 2859   in FES: 157
** Event #33281792   t=435.678405070872   Elapsed: 829.771s (13m 49s)  87% completed  (43% total)
     Speed:     ev/sec=52555   simsec/sec=0.120669   ev/simsec=435530
     Messages:  created: 43451796   present: 2841   in FES: 174
** Event #33407232   t=435.963636068336   Elapsed: 831.772s (13m 51s)  87% completed  (43% total)
     Speed:     ev/sec=62681.3   simsec/sec=0.142527   ev/simsec=439784
     Messages:  created: 43623812   present: 2850   in FES: 153
** Event #33531648   t=436.238923031386   Elapsed: 833.776s (13m 53s)  87% completed  (43% total)
     Speed:     ev/sec=62098.5   simsec/sec=0.137401   ev/simsec=451950
     Messages:  created: 43791375   present: 2801   in FES: 156
** Event #33654016   t=436.514804759319   Elapsed: 835.776s (13m 55s)  87% completed  (43% total)
     Speed:     ev/sec=61171.8   simsec/sec=0.137913   ev/simsec=443552
     Messages:  created: 43958832   present: 2875   in FES: 182
** Event #33763072   t=436.768863846966   Elapsed: 837.779s (13m 57s)  87% completed  (43% total)
     Speed:     ev/sec=54453.8   simsec/sec=0.126857   ev/simsec=429254
     Messages:  created: 44105864   present: 2815   in FES: 156
** Event #33888000   t=437.04542357285   Elapsed: 839.779s (13m 59s)  87% completed  (43% total)
     Speed:     ev/sec=62457.9   simsec/sec=0.138266   ev/simsec=451722
     Messages:  created: 44275405   present: 2866   in FES: 175
** Event #34011904   t=437.320191550912   Elapsed: 841.779s (14m 01s)  87% completed  (43% total)
     Speed:     ev/sec=61946.5   simsec/sec=0.137372   ev/simsec=450940
     Messages:  created: 44444082   present: 2847   in FES: 153
** Event #34124544   t=437.56972572078   Elapsed: 843.779s (14m 03s)  87% completed  (43% total)
     Speed:     ev/sec=56318.8   simsec/sec=0.124764   ev/simsec=451401
     Messages:  created: 44596780   present: 2879   in FES: 163
** Event #34245888   t=437.844885145923   Elapsed: 845.781s (14m 05s)  87% completed  (43% total)
     Speed:     ev/sec=60600.6   simsec/sec=0.137418   ev/simsec=440995
     Messages:  created: 44762434   present: 2813   in FES: 139
** Event #34371072   t=438.144037202325   Elapsed: 847.783s (14m 07s)  87% completed  (43% total)
     Speed:     ev/sec=62556.7   simsec/sec=0.149492   ev/simsec=418463
     Messages:  created: 44931100   present: 2849   in FES: 156
** Event #34496512   t=438.429984481932   Elapsed: 849.783s (14m 09s)  87% completed  (43% total)
     Speed:     ev/sec=62698   simsec/sec=0.142924   ev/simsec=438682
     Messages:  created: 45103202   present: 2872   in FES: 172
** Event #34603520   t=438.666922586284   Elapsed: 851.785s (14m 11s)  87% completed  (43% total)
     Speed:     ev/sec=53471.4   simsec/sec=0.118397   ev/simsec=451628
     Messages:  created: 45247103   present: 2844   in FES: 144
** Event #34727680   t=438.948065021137   Elapsed: 853.788s (14m 13s)  87% completed  (43% total)
     Speed:     ev/sec=61983.2   simsec/sec=0.140352   ev/simsec=441627
     Messages:  created: 45417304   present: 2869   in FES: 160
** Event #34851840   t=439.228582577697   Elapsed: 855.788s (14m 15s)  87% completed  (43% total)
     Speed:     ev/sec=62064.8   simsec/sec=0.140224   ev/simsec=442610
     Messages:  created: 45584692   present: 2882   in FES: 174
** Event #34971904   t=439.50804462434   Elapsed: 857.788s (14m 17s)  87% completed  (43% total)
     Speed:     ev/sec=60022.1   simsec/sec=0.139708   ev/simsec=429625
     Messages:  created: 45749361   present: 2794   in FES: 147
** Event #35077632   t=439.74465769719   Elapsed: 859.79s (14m 19s)  87% completed  (43% total)
     Speed:     ev/sec=52821.8   simsec/sec=0.118212   ev/simsec=446839
     Messages:  created: 45891151   present: 2819   in FES: 139
** Event #35202048   t=440.030215619239   Elapsed: 861.794s (14m 21s)  88% completed  (44% total)
     Speed:     ev/sec=62097.5   simsec/sec=0.142525   ev/simsec=435694
     Messages:  created: 46061065   present: 2829   in FES: 140
** Event #35326464   t=440.325079167275   Elapsed: 863.797s (14m 23s)  88% completed  (44% total)
     Speed:     ev/sec=62113   simsec/sec=0.147207   ev/simsec=421944
     Messages:  created: 46229645   present: 2796   in FES: 156
** Event #35437312   t=440.569309449856   Elapsed: 865.798s (14m 25s)  88% completed  (44% total)
     Speed:     ev/sec=55392   simsec/sec=0.122045   ev/simsec=453867
     Messages:  created: 46379173   present: 2825   in FES: 136
** Event #35558912   t=440.85894092126   Elapsed: 867.798s (14m 27s)  88% completed  (44% total)
     Speed:     ev/sec=60793.3   simsec/sec=0.1448   ev/simsec=419844
     Messages:  created: 46545815   present: 2873   in FES: 155
** Event #35662080   t=441.09183884088   Elapsed: 869.8s (14m 29s)  88% completed  (44% total)
     Speed:     ev/sec=51539.7   simsec/sec=0.116349   ev/simsec=442975
     Messages:  created: 46685349   present: 2890   in FES: 156
** Event #35787008   t=441.37660520967   Elapsed: 871.8s (14m 31s)  88% completed  (44% total)
     Speed:     ev/sec=62451.6   simsec/sec=0.142355   ev/simsec=438703
     Messages:  created: 46855875   present: 2910   in FES: 176
** Event #35872256   t=441.562769421072   Elapsed: 873.804s (14m 33s)  88% completed  (44% total)
     Speed:     ev/sec=42544.3   simsec/sec=0.0929081   ev/simsec=457918
     Messages:  created: 46970414   present: 2901   in FES: 156
** Event #35996160   t=441.838733519315   Elapsed: 875.808s (14m 35s)  88% completed  (44% total)
     Speed:     ev/sec=61839   simsec/sec=0.13773   ev/simsec=448986
     Messages:  created: 47140144   present: 2829   in FES: 153
** Event #36120576   t=442.11961652862   Elapsed: 877.808s (14m 37s)  88% completed  (44% total)
     Speed:     ev/sec=62202.3   simsec/sec=0.140429   ev/simsec=442946
     Messages:  created: 47307849   present: 2865   in FES: 146
** Event #36246784   t=442.407292055374   Elapsed: 879.809s (14m 39s)  88% completed  (44% total)
     Speed:     ev/sec=63055.3   simsec/sec=0.143727   ev/simsec=438716
     Messages:  created: 47481027   present: 2880   in FES: 184
** Event #36355328   t=442.650073001394   Elapsed: 881.812s (14m 41s)  88% completed  (44% total)
     Speed:     ev/sec=54198.5   simsec/sec=0.121226   ev/simsec=447086
     Messages:  created: 47627147   present: 2835   in FES: 157
** Event #36476672   t=442.922949192113   Elapsed: 883.814s (14m 43s)  88% completed  (44% total)
     Speed:     ev/sec=60614.7   simsec/sec=0.136309   ev/simsec=444685
     Messages:  created: 47793670   present: 2902   in FES: 160
** Event #36602112   t=443.208094221224   Elapsed: 885.814s (14m 45s)  88% completed  (44% total)
     Speed:     ev/sec=62718.9   simsec/sec=0.14257   ev/simsec=439916
     Messages:  created: 47962506   present: 2907   in FES: 174
** Event #36728320   t=443.497104936986   Elapsed: 887.818s (14m 47s)  88% completed  (44% total)
     Speed:     ev/sec=62971.9   simsec/sec=0.144203   ev/simsec=436690
     Messages:  created: 48135432   present: 2830   in FES: 157
** Event #36837120   t=443.738915518065   Elapsed: 889.821s (14m 49s)  88% completed  (44% total)
     Speed:     ev/sec=54335.4   simsec/sec=0.120762   ev/simsec=449939
     Messages:  created: 48281705   present: 2819   in FES: 127
** Event #36960000   t=444.011991456304   Elapsed: 891.824s (14m 51s)  88% completed  (44% total)
     Speed:     ev/sec=61347.8   simsec/sec=0.136333   ev/simsec=449985
     Messages:  created: 48449901   present: 2992   in FES: 184
** Event #37084672   t=444.287101450454   Elapsed: 893.827s (14m 53s)  88% completed  (44% total)
     Speed:     ev/sec=62238.8   simsec/sec=0.13734   ev/simsec=453171
     Messages:  created: 48618402   present: 2853   in FES: 157
** Event #37201408   t=444.552591973108   Elapsed: 895.83s (14m 55s)  88% completed  (44% total)
     Speed:     ev/sec=58282.7   simsec/sec=0.132551   ev/simsec=439699
     Messages:  created: 48777050   present: 2860   in FES: 140
** Event #37320960   t=444.818426389326   Elapsed: 897.831s (14m 57s)  88% completed  (44% total)
     Speed:     ev/sec=59736.2   simsec/sec=0.132829   ev/simsec=449724
     Messages:  created: 48939993   present: 2898   in FES: 167
** Event #37445632   t=445.096080155797   Elapsed: 899.835s (14m 59s)  89% completed  (44% total)
     Speed:     ev/sec=62220.4   simsec/sec=0.138569   ev/simsec=449020
     Messages:  created: 49108304   present: 2898   in FES: 157
** Event #37571328   t=445.378599285681   Elapsed: 901.836s (15m 01s)  89% completed  (44% total)
     Speed:     ev/sec=62804.8   simsec/sec=0.141162   ev/simsec=444911
     Messages:  created: 49280184   present: 2889   in FES: 156
** Event #37681920   t=445.634760887636   Elapsed: 903.838s (15m 03s)  89% completed  (44% total)
     Speed:     ev/sec=55236.2   simsec/sec=0.127942   ev/simsec=431727
     Messages:  created: 49429381   present: 2873   in FES: 159
** Event #37806848   t=445.925181642315   Elapsed: 905.841s (15m 05s)  89% completed  (44% total)
     Speed:     ev/sec=62374.7   simsec/sec=0.145003   ev/simsec=430162
     Messages:  created: 49600543   present: 2908   in FES: 177
** Event #37932800   t=446.174806259104   Elapsed: 907.841s (15m 07s)  89% completed  (44% total)
     Speed:     ev/sec=62967.2   simsec/sec=0.124795   ev/simsec=504566
     Messages:  created: 49773583   present: 2926   in FES: 197
** Event #38060032   t=446.393006035036   Elapsed: 909.843s (15m 09s)  89% completed  (44% total)
     Speed:     ev/sec=63555.4   simsec/sec=0.108996   ev/simsec=583099
     Messages:  created: 49953410   present: 2955   in FES: 186
** Event #38169856   t=446.596777556934   Elapsed: 911.846s (15m 11s)  89% completed  (44% total)
     Speed:     ev/sec=54836.5   simsec/sec=0.101746   ev/simsec=538957
     Messages:  created: 50104914   present: 2795   in FES: 157
** Event #38297088   t=446.89175362008   Elapsed: 913.849s (15m 13s)  89% completed  (44% total)
     Speed:     ev/sec=63533.2   simsec/sec=0.147296   ev/simsec=431330
     Messages:  created: 50279794   present: 2931   in FES: 196
** Event #38418432   t=447.161455361371   Elapsed: 915.85s (15m 15s)  89% completed  (44% total)
     Speed:     ev/sec=60640.8   simsec/sec=0.134782   ev/simsec=449919
     Messages:  created: 50444132   present: 2988   in FES: 190
** Event #38547712   t=447.463816822197   Elapsed: 917.851s (15m 17s)  89% completed  (44% total)
     Speed:     ev/sec=64584.4   simsec/sec=0.151051   ev/simsec=427568
     Messages:  created: 50621986   present: 2696   in FES: 153
** Event #38658816   t=447.713146605188   Elapsed: 919.853s (15m 19s)  89% completed  (44% total)
     Speed:     ev/sec=55496.6   simsec/sec=0.124541   ev/simsec=445611
     Messages:  created: 50772345   present: 2726   in FES: 186
** Event #38787840   t=448.003365786171   Elapsed: 921.855s (15m 21s)  89% completed  (44% total)
     Speed:     ev/sec=64474.1   simsec/sec=0.145024   ev/simsec=444574
     Messages:  created: 50950028   present: 2694   in FES: 156
** Event #38915328   t=448.301322728148   Elapsed: 923.855s (15m 23s)  89% completed  (44% total)
     Speed:     ev/sec=63743.4   simsec/sec=0.148977   ev/simsec=427874
     Messages:  created: 51123103   present: 2751   in FES: 157
** Event #39030016   t=448.613409369291   Elapsed: 925.859s (15m 25s)  89% completed  (44% total)
     Speed:     ev/sec=57204.2   simsec/sec=0.155663   ev/simsec=367488
     Messages:  created: 51278182   present: 2727   in FES: 159
** Event #39158272   t=449.117232636343   Elapsed: 927.861s (15m 27s)  89% completed  (44% total)
     Speed:     ev/sec=64067.8   simsec/sec=0.251675   ev/simsec=254565
     Messages:  created: 51450121   present: 2730   in FES: 159
** Event #39287040   t=449.412120313839   Elapsed: 929.862s (15m 29s)  89% completed  (44% total)
     Speed:     ev/sec=64369.9   simsec/sec=0.147412   ev/simsec=436668
     Messages:  created: 51627018   present: 2725   in FES: 161
** Event #39405568   t=449.683677080859   Elapsed: 931.862s (15m 31s)  89% completed  (44% total)
     Speed:     ev/sec=59244.7   simsec/sec=0.135734   ev/simsec=436476
     Messages:  created: 51788623   present: 2726   in FES: 144
** Event #39534336   t=449.992863636495   Elapsed: 933.864s (15m 33s)  89% completed  (44% total)
     Speed:     ev/sec=64320.9   simsec/sec=0.154442   ev/simsec=416473
     Messages:  created: 51965950   present: 2786   in FES: 178
** Event #39661056   t=450.294635433009   Elapsed: 935.865s (15m 35s)  90% completed  (45% total)
     Speed:     ev/sec=63334.1   simsec/sec=0.150824   ev/simsec=419920
     Messages:  created: 52137943   present: 2769   in FES: 178
** Event #39782144   t=450.574137698651   Elapsed: 937.867s (15m 37s)  90% completed  (45% total)
     Speed:     ev/sec=60477.9   simsec/sec=0.139598   ev/simsec=433227
     Messages:  created: 52303180   present: 2783   in FES: 173
** Event #39909120   t=450.866298882384   Elapsed: 939.869s (15m 39s)  90% completed  (45% total)
     Speed:     ev/sec=63436.6   simsec/sec=0.145962   ev/simsec=434609
     Messages:  created: 52477677   present: 2794   in FES: 158
** Event #40038912   t=451.180808738562   Elapsed: 941.869s (15m 41s)  90% completed  (45% total)
     Speed:     ev/sec=64887.3   simsec/sec=0.157234   ev/simsec=412680
     Messages:  created: 52654107   present: 2771   in FES: 160
** Event #40169984   t=451.478960897427   Elapsed: 943.871s (15m 43s)  90% completed  (45% total)
     Speed:     ev/sec=65485.5   simsec/sec=0.148961   ev/simsec=439614
     Messages:  created: 52834821   present: 2743   in FES: 152
** Event #40288768   t=451.755924689944   Elapsed: 945.872s (15m 45s)  90% completed  (45% total)
     Speed:     ev/sec=59363.2   simsec/sec=0.138415   ev/simsec=428879
     Messages:  created: 52996523   present: 2806   in FES: 159
** Event #40419328   t=452.079073483232   Elapsed: 947.873s (15m 47s)  90% completed  (45% total)
     Speed:     ev/sec=65254.9   simsec/sec=0.161512   ev/simsec=404024
     Messages:  created: 53174692   present: 2772   in FES: 143
** Event #40549120   t=452.386114061408   Elapsed: 949.874s (15m 49s)  90% completed  (45% total)
     Speed:     ev/sec=64841.5   simsec/sec=0.153391   ev/simsec=422719
     Messages:  created: 53352923   present: 2793   in FES: 159
** Event #40669184   t=452.654818568875   Elapsed: 951.875s (15m 51s)  90% completed  (45% total)
     Speed:     ev/sec=60022.2   simsec/sec=0.13433   ev/simsec=446825
     Messages:  created: 53516630   present: 2806   in FES: 146
** Event #40797696   t=452.946317705016   Elapsed: 953.875s (15m 53s)  90% completed  (45% total)
     Speed:     ev/sec=64234.6   simsec/sec=0.145701   ev/simsec=440866
     Messages:  created: 53693913   present: 2830   in FES: 158
** Event #40924928   t=453.227275107766   Elapsed: 955.877s (15m 55s)  90% completed  (45% total)
     Speed:     ev/sec=63547.4   simsec/sec=0.140327   ev/simsec=452852
     Messages:  created: 53866995   present: 2816   in FES: 159
** Event #41050112   t=453.523136243739   Elapsed: 957.881s (15m 57s)  90% completed  (45% total)
     Speed:     ev/sec=62470.4   simsec/sec=0.147643   ev/simsec=423117
     Messages:  created: 54038369   present: 2860   in FES: 167
** Event #41173504   t=453.812604473561   Elapsed: 959.884s (15m 59s)  90% completed  (45% total)
     Speed:     ev/sec=61612.8   simsec/sec=0.144539   ev/simsec=426271
     Messages:  created: 54207419   present: 2850   in FES: 171
** Event #41298688   t=454.093230812818   Elapsed: 961.885s (16m 01s)  90% completed  (45% total)
     Speed:     ev/sec=62548.4   simsec/sec=0.140215   ev/simsec=446088
     Messages:  created: 54377386   present: 2850   in FES: 173
** Event #41423616   t=454.314744070748   Elapsed: 963.887s (16m 03s)  90% completed  (45% total)
     Speed:     ev/sec=62412.9   simsec/sec=0.110666   ev/simsec=563975
     Messages:  created: 54551244   present: 2975   in FES: 163
** Event #41542144   t=454.55887730375   Elapsed: 965.888s (16m 05s)  90% completed  (45% total)
     Speed:     ev/sec=59225.3   simsec/sec=0.121987   ev/simsec=485505
     Messages:  created: 54713591   present: 2853   in FES: 157
** Event #41662464   t=454.839656471569   Elapsed: 967.89s (16m 07s)  90% completed  (45% total)
     Speed:     ev/sec=60113.3   simsec/sec=0.140281   ev/simsec=428522
     Messages:  created: 54878366   present: 2869   in FES: 158
** Event #41788416   t=455.11726470167   Elapsed: 969.89s (16m 09s)  91% completed  (45% total)
     Speed:     ev/sec=62967.5   simsec/sec=0.138785   ev/simsec=453704
     Messages:  created: 55049499   present: 2841   in FES: 142
** Event #41913856   t=455.3895723987   Elapsed: 971.892s (16m 11s)  91% completed  (45% total)
     Speed:     ev/sec=62659   simsec/sec=0.136021   ev/simsec=460655
     Messages:  created: 55222165   present: 2845   in FES: 155
** Event #42026496   t=455.645954711721   Elapsed: 973.894s (16m 13s)  91% completed  (45% total)
     Speed:     ev/sec=56264.2   simsec/sec=0.128064   ev/simsec=439344
     Messages:  created: 55375035   present: 2861   in FES: 175
** Event #42154496   t=455.942242193407   Elapsed: 975.897s (16m 15s)  91% completed  (45% total)
     Speed:     ev/sec=63890.6   simsec/sec=0.14789   ev/simsec=432013
     Messages:  created: 55551087   present: 2890   in FES: 174
** Event #42280960   t=456.223991238475   Elapsed: 977.899s (16m 17s)  91% completed  (45% total)
     Speed:     ev/sec=63168.3   simsec/sec=0.140733   ev/simsec=448853
     Messages:  created: 55722161   present: 2817   in FES: 132
** Event #42405376   t=456.511222337883   Elapsed: 979.903s (16m 19s)  91% completed  (45% total)
     Speed:     ev/sec=62093.5   simsec/sec=0.143351   ev/simsec=433156
     Messages:  created: 55892600   present: 2905   in FES: 158
** Event #42521856   t=456.775730569604   Elapsed: 981.904s (16m 21s)  91% completed  (45% total)
     Speed:     ev/sec=58226.3   simsec/sec=0.132223   ev/simsec=440364
     Messages:  created: 56050943   present: 2856   in FES: 137
** Event #42648320   t=457.063961946944   Elapsed: 983.907s (16m 23s)  91% completed  (45% total)
     Speed:     ev/sec=63122.1   simsec/sec=0.143865   ev/simsec=438759
     Messages:  created: 56223189   present: 2833   in FES: 157
** Event #42775040   t=457.327276585018   Elapsed: 985.909s (16m 25s)  91% completed  (45% total)
     Speed:     ev/sec=63291.7   simsec/sec=0.131515   ev/simsec=481249
     Messages:  created: 56396259   present: 2770   in FES: 156
** Event #42889728   t=457.573396680179   Elapsed: 987.914s (16m 27s)  91% completed  (45% total)
     Speed:     ev/sec=57221.4   simsec/sec=0.122797   ev/simsec=465984
     Messages:  created: 56551717   present: 2756   in FES: 148
** Event #43014656   t=457.861965495688   Elapsed: 989.914s (16m 29s)  91% completed  (45% total)
     Speed:     ev/sec=62443.2   simsec/sec=0.144236   ev/simsec=432923
     Messages:  created: 56723176   present: 2749   in FES: 173
** Event #43141888   t=458.138837222997   Elapsed: 991.917s (16m 31s)  91% completed  (45% total)
     Speed:     ev/sec=63539.8   simsec/sec=0.13827   ev/simsec=459534
     Messages:  created: 56895155   present: 2750   in FES: 156
** Event #43269120   t=458.430316236435   Elapsed: 993.918s (16m 33s)  91% completed  (45% total)
     Speed:     ev/sec=63563.1   simsec/sec=0.145618   ev/simsec=436505
     Messages:  created: 57070174   present: 2734   in FES: 156
** Event #43379968   t=458.681221558613   Elapsed: 995.919s (16m 35s)  91% completed  (45% total)
     Speed:     ev/sec=55403.9   simsec/sec=0.125407   ev/simsec=441792
     Messages:  created: 57220239   present: 2768   in FES: 155
** Event #43507712   t=458.975188538204   Elapsed: 997.922s (16m 37s)  91% completed  (45% total)
     Speed:     ev/sec=63788.9   simsec/sec=0.146792   ev/simsec=434552
     Messages:  created: 57395909   present: 2774   in FES: 161
** Event #43634432   t=459.254429116069   Elapsed: 999.926s (16m 39s)  91% completed  (45% total)
     Speed:     ev/sec=63230.5   simsec/sec=0.139335   ev/simsec=453802
     Messages:  created: 57567050   present: 2763   in FES: 154
** Event #43752448   t=459.520388211077   Elapsed: 1001.93s (16m 41s)  91% completed  (45% total)
     Speed:     ev/sec=58835.6   simsec/sec=0.132591   ev/simsec=443737
     Messages:  created: 57727599   present: 2768   in FES: 141
** Event #43873024   t=459.791008954894   Elapsed: 1003.94s (16m 43s)  91% completed  (45% total)
     Speed:     ev/sec=60182.2   simsec/sec=0.135073   ev/simsec=445553
     Messages:  created: 57892363   present: 2796   in FES: 154
** Event #44000768   t=460.076472801037   Elapsed: 1005.94s (16m 45s)  92% completed  (46% total)
     Speed:     ev/sec=63824.1   simsec/sec=0.142625   ev/simsec=447496
     Messages:  created: 58065731   present: 2768   in FES: 156
** Event #44128256   t=460.367193904364   Elapsed: 1007.94s (16m 47s)  92% completed  (46% total)
     Speed:     ev/sec=63653.1   simsec/sec=0.145153   ev/simsec=438523
     Messages:  created: 58240242   present: 2759   in FES: 158
** Event #44239360   t=460.614530490018   Elapsed: 1009.94s (16m 49s)  92% completed  (46% total)
     Speed:     ev/sec=55491.4   simsec/sec=0.123533   ev/simsec=449202
     Messages:  created: 58390405   present: 2782   in FES: 155
** Event #44366848   t=460.909883541109   Elapsed: 1011.94s (16m 51s)  92% completed  (46% total)
     Speed:     ev/sec=63727.4   simsec/sec=0.147638   ev/simsec=431646
     Messages:  created: 58565602   present: 2784   in FES: 154
** Event #44490752   t=461.185385564792   Elapsed: 1013.94s (16m 53s)  92% completed  (46% total)
     Speed:     ev/sec=61886.5   simsec/sec=0.137605   ev/simsec=449739
     Messages:  created: 58732868   present: 2784   in FES: 156
** Event #44618752   t=461.480807085554   Elapsed: 1015.95s (16m 55s)  92% completed  (46% total)
     Speed:     ev/sec=63910.6   simsec/sec=0.147504   ev/simsec=433279
     Messages:  created: 58908881   present: 2726   in FES: 135
** Event #44727040   t=461.71844254171   Elapsed: 1017.95s (16m 57s)  92% completed  (46% total)
     Speed:     ev/sec=54087.5   simsec/sec=0.118694   ev/simsec=455690
     Messages:  created: 59054665   present: 2771   in FES: 155
** Event #44854272   t=462.005911693569   Elapsed: 1019.95s (16m 59s)  92% completed  (46% total)
     Speed:     ev/sec=63583.3   simsec/sec=0.143661   ev/simsec=442594
     Messages:  created: 59229576   present: 2766   in FES: 144
** Event #44979968   t=462.281549156878   Elapsed: 1021.95s (17m 01s)  92% completed  (46% total)
     Speed:     ev/sec=62828.1   simsec/sec=0.137775   ev/simsec=456019
     Messages:  created: 59399363   present: 2742   in FES: 132
** Event #45096704   t=462.546795883726   Elapsed: 1023.95s (17m 03s)  92% completed  (46% total)
     Speed:     ev/sec=58362.4   simsec/sec=0.132611   ev/simsec=440103
     Messages:  created: 59558286   present: 2787   in FES: 154
** Event #45222400   t=462.83656284917   Elapsed: 1025.95s (17m 05s)  92% completed  (46% total)
     Speed:     ev/sec=62737.7   simsec/sec=0.144629   ev/simsec=433783
     Messages:  created: 59730681   present: 2795   in FES: 164
** Event #45348096   t=463.116360806279   Elapsed: 1027.96s (17m 07s)  92% completed  (46% total)
     Speed:     ev/sec=62777.6   simsec/sec=0.139742   ev/simsec=449238
     Messages:  created: 59900887   present: 2767   in FES: 151
** Event #45475840   t=463.412590045186   Elapsed: 1029.96s (17m 09s)  92% completed  (46% total)
     Speed:     ev/sec=63828.2   simsec/sec=0.148013   ev/simsec=431234
     Messages:  created: 60076447   present: 2784   in FES: 164
** Event #45586944   t=463.663725295313   Elapsed: 1031.96s (17m 11s)  92% completed  (46% total)
     Speed:     ev/sec=55488.2   simsec/sec=0.125423   ev/simsec=442407
     Messages:  created: 60226697   present: 2745   in FES: 176
** Event #45712128   t=463.95620122071   Elapsed: 1033.96s (17m 13s)  92% completed  (46% total)
     Speed:     ev/sec=62580.2   simsec/sec=0.14621   ev/simsec=428015
     Messages:  created: 60398712   present: 2682   in FES: 126
** Event #45834752   t=464.22490108028   Elapsed: 1035.96s (17m 15s)  92% completed  (46% total)
     Speed:     ev/sec=61241.1   simsec/sec=0.134194   ev/simsec=456360
     Messages:  created: 60564297   present: 2757   in FES: 176
** Event #45960960   t=464.511113168021   Elapsed: 1037.97s (17m 17s)  92% completed  (46% total)
     Speed:     ev/sec=62936.4   simsec/sec=0.142726   ev/simsec=440960
     Messages:  created: 60737564   present: 2734   in FES: 156
** Event #46072320   t=464.756846325117   Elapsed: 1039.97s (17m 19s)  92% completed  (46% total)
     Speed:     ev/sec=55637.6   simsec/sec=0.122773   ev/simsec=453174
     Messages:  created: 60887883   present: 2680   in FES: 144
** Event #46200320   t=465.041030097004   Elapsed: 1041.97s (17m 21s)  93% completed  (46% total)
     Speed:     ev/sec=63895.9   simsec/sec=0.141861   ev/simsec=450413
     Messages:  created: 61062764   present: 2783   in FES: 174
** Event #46327552   t=465.331648899578   Elapsed: 1043.98s (17m 23s)  93% completed  (46% total)
     Speed:     ev/sec=63537.8   simsec/sec=0.145131   ev/simsec=437797
     Messages:  created: 61236030   present: 2765   in FES: 154
** Event #46440192   t=465.585768293122   Elapsed: 1045.98s (17m 25s)  93% completed  (46% total)
     Speed:     ev/sec=56282.3   simsec/sec=0.126975   ev/simsec=443256
     Messages:  created: 61388581   present: 2773   in FES: 174
** Event #46564608   t=465.874781019974   Elapsed: 1047.98s (17m 27s)  93% completed  (46% total)
     Speed:     ev/sec=62184.9   simsec/sec=0.144453   ev/simsec=430486
     Messages:  created: 61559253   present: 2779   in FES: 155
** Event #46691584   t=466.157950454928   Elapsed: 1049.98s (17m 29s)  93% completed  (46% total)
     Speed:     ev/sec=63463.5   simsec/sec=0.14153   ev/simsec=448410
     Messages:  created: 61731013   present: 2779   in FES: 166
** Event #46818816   t=466.450274728359   Elapsed: 1051.98s (17m 31s)  93% completed  (46% total)
     Speed:     ev/sec=63556.6   simsec/sec=0.146026   ev/simsec=435243
     Messages:  created: 61905988   present: 2760   in FES: 157
** Event #46929152   t=466.698370017505   Elapsed: 1053.98s (17m 33s)  93% completed  (46% total)
     Speed:     ev/sec=55166.9   simsec/sec=0.124045   ev/simsec=444732
     Messages:  created: 62055024   present: 2762   in FES: 148
** Event #47057408   t=466.989936183392   Elapsed: 1055.98s (17m 35s)  93% completed  (46% total)
     Speed:     ev/sec=64002.5   simsec/sec=0.145498   ev/simsec=439886
     Messages:  created: 62231578   present: 2864   in FES: 179
** Event #47184384   t=467.27184865646   Elapsed: 1057.99s (17m 37s)  93% completed  (46% total)
     Speed:     ev/sec=63450.4   simsec/sec=0.140873   ev/simsec=450409
     Messages:  created: 62403348   present: 2751   in FES: 135
** Event #47302912   t=467.540874376582   Elapsed: 1060s (17m 39s)  93% completed  (46% total)
     Speed:     ev/sec=58969.4   simsec/sec=0.133844   ev/simsec=440582
     Messages:  created: 62564722   present: 2755   in FES: 131
** Event #47424768   t=467.817241122451   Elapsed: 1062s (17m 41s)  93% completed  (46% total)
     Speed:     ev/sec=60834.9   simsec/sec=0.137972   ev/simsec=440921
     Messages:  created: 62731386   present: 2803   in FES: 154
** Event #47552512   t=468.103136856631   Elapsed: 1064s (17m 44s)  93% completed  (46% total)
     Speed:     ev/sec=63761.9   simsec/sec=0.142702   ev/simsec=446820
     Messages:  created: 62904335   present: 2775   in FES: 144
** Event #47680000   t=468.395483796271   Elapsed: 1066s (17m 46s)  93% completed  (46% total)
     Speed:     ev/sec=63730.3   simsec/sec=0.146142   ev/simsec=436085
     Messages:  created: 63079683   present: 2814   in FES: 156
** Event #47791360   t=468.640714128278   Elapsed: 1068s (17m 48s)  93% completed  (46% total)
     Speed:     ev/sec=55636.9   simsec/sec=0.12252   ev/simsec=454104
     Messages:  created: 63230042   present: 2802   in FES: 154
** Event #47919104   t=468.932510522991   Elapsed: 1070s (17m 50s)  93% completed  (46% total)
     Speed:     ev/sec=63855.5   simsec/sec=0.14586   ev/simsec=437785
     Messages:  created: 63405593   present: 2801   in FES: 155
** Event #48045312   t=469.216713072989   Elapsed: 1072.01s (17m 52s)  93% completed  (46% total)
     Speed:     ev/sec=62998.4   simsec/sec=0.141863   ev/simsec=444078
     Messages:  created: 63575834   present: 2781   in FES: 154
** Event #48171776   t=469.507619003273   Elapsed: 1074.01s (17m 54s)  93% completed  (46% total)
     Speed:     ev/sec=63211   simsec/sec=0.145405   ev/simsec=434725
     Messages:  created: 63749859   present: 2785   in FES: 173
** Event #48282624   t=469.756930977613   Elapsed: 1076.01s (17m 56s)  93% completed  (46% total)
     Speed:     ev/sec=55419   simsec/sec=0.124645   ev/simsec=444616
     Messages:  created: 63899327   present: 2779   in FES: 154
** Event #48409344   t=470.046277650617   Elapsed: 1078.01s (17m 58s)  94% completed  (47% total)
     Speed:     ev/sec=63275.7   simsec/sec=0.144481   ev/simsec=437952
     Messages:  created: 64071985   present: 2762   in FES: 145
** Event #48536320   t=470.336227606112   Elapsed: 1080.01s (18m 00s)  94% completed  (47% total)
     Speed:     ev/sec=63481   simsec/sec=0.144959   ev/simsec=437924
     Messages:  created: 64245349   present: 2722   in FES: 148
** Event #48646656   t=470.583280047584   Elapsed: 1082.01s (18m 02s)  94% completed  (47% total)
     Speed:     ev/sec=55135.7   simsec/sec=0.123454   ev/simsec=446610
     Messages:  created: 64394612   present: 2715   in FES: 148
** Event #48772096   t=470.873505941305   Elapsed: 1084.02s (18m 04s)  94% completed  (47% total)
     Speed:     ev/sec=62628.4   simsec/sec=0.144901   ev/simsec=432215
     Messages:  created: 64566984   present: 2905   in FES: 185
** Event #48899072   t=471.156525976038   Elapsed: 1086.02s (18m 06s)  94% completed  (47% total)
     Speed:     ev/sec=63471.6   simsec/sec=0.141473   ev/simsec=448647
     Messages:  created: 64738537   present: 2805   in FES: 176
** Event #49026048   t=471.448882105824   Elapsed: 1088.02s (18m 08s)  94% completed  (47% total)
     Speed:     ev/sec=63436.9   simsec/sec=0.14606   ev/simsec=434320
     Messages:  created: 64913113   present: 2742   in FES: 134
** Event #49134848   t=471.687604667007   Elapsed: 1090.02s (18m 10s)  94% completed  (47% total)
     Speed:     ev/sec=54365   simsec/sec=0.119284   ev/simsec=455759
     Messages:  created: 65059693   present: 2798   in FES: 155
** Event #49262848   t=471.982931489012   Elapsed: 1092.02s (18m 12s)  94% completed  (47% total)
     Speed:     ev/sec=63940.7   simsec/sec=0.147527   ev/simsec=433418
     Messages:  created: 65235733   present: 2877   in FES: 187
** Event #49389312   t=472.266034354099   Elapsed: 1094.02s (18m 14s)  94% completed  (47% total)
     Speed:     ev/sec=63193.6   simsec/sec=0.141465   ev/simsec=446707
     Messages:  created: 65406643   present: 2746   in FES: 128
** Event #49509888   t=472.538737702196   Elapsed: 1096.02s (18m 16s)  94% completed  (47% total)
     Speed:     ev/sec=60211.6   simsec/sec=0.136179   ev/simsec=442151
     Messages:  created: 65571852   present: 2849   in FES: 154
** Event #49622016   t=472.790771336345   Elapsed: 1098.03s (18m 18s)  94% completed  (47% total)
     Speed:     ev/sec=56024.3   simsec/sec=0.125927   ev/simsec=444893
     Messages:  created: 65723772   present: 2840   in FES: 176
** Event #49748224   t=473.073287831007   Elapsed: 1100.03s (18m 20s)  94% completed  (47% total)
     Speed:     ev/sec=63083.3   simsec/sec=0.141212   ev/simsec=446728
     Messages:  created: 65895084   present: 2827   in FES: 146
** Event #49875456   t=473.364031239794   Elapsed: 1102.03s (18m 22s)  94% completed  (47% total)
     Speed:     ev/sec=63507.6   simsec/sec=0.145124   ev/simsec=437609
     Messages:  created: 66069107   present: 2839   in FES: 154
** Event #49985280   t=473.611491671262   Elapsed: 1104.03s (18m 24s)  94% completed  (47% total)
     Speed:     ev/sec=54864.7   simsec/sec=0.123624   ev/simsec=443804
     Messages:  created: 66217563   present: 2929   in FES: 179
** Event #50112768   t=473.901947037588   Elapsed: 1106.03s (18m 26s)  94% completed  (47% total)
     Speed:     ev/sec=63688.4   simsec/sec=0.145101   ev/simsec=438925
     Messages:  created: 66392727   present: 2855   in FES: 161
** Event #50237952   t=474.179626709901   Elapsed: 1108.04s (18m 28s)  94% completed  (47% total)
     Speed:     ev/sec=62546.2   simsec/sec=0.138738   ev/simsec=450822
     Messages:  created: 66561887   present: 2861   in FES: 174
** Event #50366464   t=474.47083151699   Elapsed: 1110.04s (18m 30s)  94% completed  (47% total)
     Speed:     ev/sec=64247.3   simsec/sec=0.145583   ev/simsec=441311
     Messages:  created: 66738631   present: 2876   in FES: 164
** Event #50480384   t=474.725523506181   Elapsed: 1112.04s (18m 32s)  94% completed  (47% total)
     Speed:     ev/sec=56895.3   simsec/sec=0.127201   ev/simsec=447285
     Messages:  created: 66892653   present: 2850   in FES: 156
** Event #50609920   t=475.017146674643   Elapsed: 1114.04s (18m 34s)  95% completed  (47% total)
     Speed:     ev/sec=64757.1   simsec/sec=0.145787   ev/simsec=444190
     Messages:  created: 67070102   present: 2883   in FES: 167
** Event #50739712   t=475.305516656724   Elapsed: 1116.04s (18m 36s)  95% completed  (47% total)
     Speed:     ev/sec=64840.5   simsec/sec=0.144062   ev/simsec=450088
     Messages:  created: 67246310   present: 2846   in FES: 176
** Event #50855936   t=475.564000175947   Elapsed: 1118.04s (18m 38s)  95% completed  (47% total)
     Speed:     ev/sec=58077   simsec/sec=0.129164   ev/simsec=449638
     Messages:  created: 67403942   present: 2869   in FES: 174
** Event #50984960   t=475.857972881029   Elapsed: 1120.04s (18m 40s)  95% completed  (47% total)
     Speed:     ev/sec=64432.6   simsec/sec=0.146805   ev/simsec=438898
     Messages:  created: 67580972   present: 2851   in FES: 154
** Event #51114496   t=476.14361213788   Elapsed: 1122.05s (18m 42s)  95% completed  (47% total)
     Speed:     ev/sec=64713.5   simsec/sec=0.1427   ev/simsec=453495
     Messages:  created: 67756230   present: 2873   in FES: 175
** Event #51245312   t=476.44928896557   Elapsed: 1124.05s (18m 44s)  95% completed  (47% total)
     Speed:     ev/sec=65292.1   simsec/sec=0.152568   ev/simsec=427955
     Messages:  created: 67936066   present: 2863   in FES: 154
** Event #51360768   t=476.70518359536   Elapsed: 1126.05s (18m 46s)  95% completed  (47% total)
     Speed:     ev/sec=57678.2   simsec/sec=0.127837   ev/simsec=451186
     Messages:  created: 68092403   present: 2854   in FES: 175
** Event #51491840   t=477.00676789251   Elapsed: 1128.05s (18m 48s)  95% completed  (47% total)
     Speed:     ev/sec=65481.2   simsec/sec=0.150666   ev/simsec=434611
     Messages:  created: 68272589   present: 2878   in FES: 155
** Event #51622400   t=477.298785156982   Elapsed: 1130.06s (18m 50s)  95% completed  (47% total)
     Speed:     ev/sec=65164.9   simsec/sec=0.145751   ev/simsec=447097
     Messages:  created: 68449380   present: 2869   in FES: 154
** Event #51739904   t=477.561631819957   Elapsed: 1132.06s (18m 52s)  95% completed  (47% total)
     Speed:     ev/sec=58743.3   simsec/sec=0.131404   ev/simsec=447044
     Messages:  created: 68608749   present: 2867   in FES: 174
** Event #51868160   t=477.859715499047   Elapsed: 1134.06s (18m 54s)  95% completed  (47% total)
     Speed:     ev/sec=64102   simsec/sec=0.148982   ev/simsec=430268
     Messages:  created: 68784786   present: 2873   in FES: 175
** Event #51997696   t=478.151251564809   Elapsed: 1136.06s (18m 56s)  95% completed  (47% total)
     Speed:     ev/sec=64725.2   simsec/sec=0.145672   ev/simsec=444322
     Messages:  created: 68960073   present: 2881   in FES: 175
** Event #52128256   t=478.449758878311   Elapsed: 1138.06s (18m 58s)  95% completed  (47% total)
     Speed:     ev/sec=65245   simsec/sec=0.149174   ev/simsec=437376
     Messages:  created: 69139615   present: 2856   in FES: 155
** Event #52242688   t=478.70850994526   Elapsed: 1140.06s (19m 00s)  95% completed  (47% total)
     Speed:     ev/sec=57207.2   simsec/sec=0.129356   ev/simsec=442247
     Messages:  created: 69294319   present: 2839   in FES: 157
** Event #52372992   t=479.009832116601   Elapsed: 1142.06s (19m 02s)  95% completed  (47% total)
     Speed:     ev/sec=65048.6   simsec/sec=0.150422   ev/simsec=432441
     Messages:  created: 69473265   present: 2846   in FES: 165
** Event #52503040   t=479.30106883746   Elapsed: 1144.06s (19m 04s)  95% completed  (47% total)
     Speed:     ev/sec=64954.4   simsec/sec=0.145462   ev/simsec=446537
     Messages:  created: 69649461   present: 2821   in FES: 145
** Event #52623360   t=479.573486124074   Elapsed: 1146.07s (19m 06s)  95% completed  (47% total)
     Speed:     ev/sec=60143.6   simsec/sec=0.136172   ev/simsec=441675
     Messages:  created: 69813206   present: 2830   in FES: 154
** Event #52747520   t=479.860383928988   Elapsed: 1148.07s (19m 08s)  95% completed  (47% total)
     Speed:     ev/sec=61966.8   simsec/sec=0.143187   ev/simsec=432767
     Messages:  created: 69982857   present: 2816   in FES: 175
** Event #52877824   t=480.148239398868   Elapsed: 1150.07s (19m 10s)  96% completed  (48% total)
     Speed:     ev/sec=65080.1   simsec/sec=0.143769   ev/simsec=452672
     Messages:  created: 70158929   present: 2835   in FES: 155
** Event #53009152   t=480.451463453326   Elapsed: 1152.07s (19m 12s)  96% completed  (48% total)
     Speed:     ev/sec=65550.7   simsec/sec=0.15135   ev/simsec=433105
     Messages:  created: 70339456   present: 2814   in FES: 156
** Event #53124864   t=480.714070409823   Elapsed: 1154.08s (19m 14s)  96% completed  (48% total)
     Speed:     ev/sec=57785.2   simsec/sec=0.131143   ev/simsec=440628
     Messages:  created: 70496296   present: 2832   in FES: 155
** Event #53256704   t=481.015794874648   Elapsed: 1156.08s (19m 16s)  96% completed  (48% total)
     Speed:     ev/sec=65908.7   simsec/sec=0.150836   ev/simsec=436955
     Messages:  created: 70677268   present: 2838   in FES: 160
** Event #53387776   t=481.312888732763   Elapsed: 1158.08s (19m 18s)  96% completed  (48% total)
     Speed:     ev/sec=65472.3   simsec/sec=0.148403   ev/simsec=441180
     Messages:  created: 70855229   present: 2791   in FES: 156
** Event #53512192   t=481.596050606139   Elapsed: 1160.08s (19m 20s)  96% completed  (48% total)
     Speed:     ev/sec=62136   simsec/sec=0.141417   ev/simsec=439381
     Messages:  created: 71025260   present: 2837   in FES: 174
** Event #53615360   t=482.761118438619   Elapsed: 1162.08s (19m 22s)  96% completed  (48% total)
     Speed:     ev/sec=51563.7   simsec/sec=0.582305   ev/simsec=88551.1
     Messages:  created: 71155460   present: 2713   in FES: 156
** Event #53723904   t=484.520899867848   Elapsed: 1164.09s (19m 24s)  96% completed  (48% total)
     Speed:     ev/sec=54019.3   simsec/sec=0.875794   ev/simsec=61680.4
     Messages:  created: 71288609   present: 2772   in FES: 148
** Event #53821696   t=485.646747767408   Elapsed: 1166.1s (19m 26s)  97% completed  (48% total)
     Speed:     ev/sec=48800.5   simsec/sec=0.561824   ev/simsec=86860.8
     Messages:  created: 71409848   present: 2582   in FES: 157
** Event #53936640   t=487.397388048642   Elapsed: 1168.1s (19m 28s)  97% completed  (48% total)
     Speed:     ev/sec=57454.2   simsec/sec=0.875049   ev/simsec=65658.3
     Messages:  created: 71553267   present: 2670   in FES: 165
** Event #54033408   t=488.869461700395   Elapsed: 1170.1s (19m 30s)  97% completed  (48% total)
     Speed:     ev/sec=48343.8   simsec/sec=0.735425   ev/simsec=65735.8
     Messages:  created: 71672855   present: 2621   in FES: 140
** Event #54144256   t=490.533398977332   Elapsed: 1172.11s (19m 32s)  98% completed  (49% total)
     Speed:     ev/sec=55212.6   simsec/sec=0.828796   ev/simsec=66617.9
     Messages:  created: 71810079   present: 2628   in FES: 135
** Event #54251520   t=492.362255629037   Elapsed: 1174.11s (19m 34s)  98% completed  (49% total)
     Speed:     ev/sec=53547.3   simsec/sec=0.912984   ev/simsec=58650.9
     Messages:  created: 71941152   present: 2637   in FES: 155
** Event #54354176   t=494.063878022062   Elapsed: 1176.11s (19m 36s)  98% completed  (49% total)
     Speed:     ev/sec=51241.8   simsec/sec=0.849383   ev/simsec=60328.3
     Messages:  created: 72066739   present: 2661   in FES: 150
** Event #54453504   t=495.781951771851   Elapsed: 1178.12s (19m 38s)  99% completed  (49% total)
     Speed:     ev/sec=49590.3   simsec/sec=0.857762   ev/simsec=57813.6
     Messages:  created: 72189083   present: 2656   in FES: 155
** Event #54557184   t=497.603611076138   Elapsed: 1180.13s (19m 40s)  99% completed  (49% total)
     Speed:     ev/sec=51525.3   simsec/sec=0.905301   ev/simsec=56915.1
     Messages:  created: 72314942   present: 2621   in FES: 138
** Event #54667008   t=499.538399348418   Elapsed: 1182.14s (19m 42s)  99% completed  (49% total)
     Speed:     ev/sec=54490.5   simsec/sec=0.959969   ev/simsec=56762.8
     Messages:  created: 72449978   present: 2608   in FES: 129
** Event #54689613   t=500   Elapsed: 1182.61s (19m 42s)  100% completed  (50% total)
     Speed:     ev/sec=48903.2   simsec/sec=0.998033   ev/simsec=48999.6
     Messages:  created: 72478643   present: 2574   in FES: 123

<!> Simulation time limit reached -- at t=500s, event #54689613
undisposed object: (omnetpp::cMessage) FanetSarNetwork.groundStation.app.debugTimer -- check module destructor
undisposed object: (omnetpp::cMessage) FanetSarNetwork.uav[0].app.debugTimer -- check module destructor
undisposed object: (omnetpp::cMessage) FanetSarNetwork.uav[1].app.debugTimer -- check module destructor
undisposed object: (omnetpp::cMessage) FanetSarNetwork.uav[2].app.debugTimer -- check module destructor
undisposed object: (omnetpp::cMessage) FanetSarNetwork.uav[3].app.debugTimer -- check module destructor
undisposed object: (omnetpp::cMessage) FanetSarNetwork.uav[4].app.debugTimer -- check module destructor
undisposed object: (omnetpp::cMessage) FanetSarNetwork.uav[5].app.debugTimer -- check module destructor
undisposed object: (omnetpp::cMessage) FanetSarNetwork.uav[6].app.debugTimer -- check module destructor
undisposed object: (omnetpp::cMessage) FanetSarNetwork.uav[7].app.debugTimer -- check module destructor
undisposed object: (omnetpp::cMessage) FanetSarNetwork.uav[8].app.debugTimer -- check module destructor
undisposed object: (omnetpp::cMessage) FanetSarNetwork.uav[9].app.debugTimer -- check module destructor
undisposed object: (omnetpp::cMessage) FanetSarNetwork.uav[10].app.debugTimer -- check module destructor
undisposed object: (omnetpp::cMessage) FanetSarNetwork.uav[11].app.debugTimer -- check module destructor
undisposed object: (omnetpp::cMessage) FanetSarNetwork.uav[12].app.debugTimer -- check module destructor
undisposed object: (omnetpp::cMessage) FanetSarNetwork.uav[13].app.debugTimer -- check module destructor
undisposed object: (omnetpp::cMessage) FanetSarNetwork.uav[14].app.debugTimer -- check module destructor
undisposed object: (omnetpp::cMessage) FanetSarNetwork.uav[15].app.debugTimer -- check module destructor
undisposed object: (omnetpp::cMessage) FanetSarNetwork.uav[16].app.debugTimer -- check module destructor
undisposed object: (omnetpp::cMessage) FanetSarNetwork.uav[17].app.debugTimer -- check module destructor
undisposed object: (omnetpp::cMessage) FanetSarNetwork.uav[18].app.debugTimer -- check module destructor
undisposed object: (omnetpp::cMessage) FanetSarNetwork.uav[19].app.debugTimer -- check module destructor
undisposed object: (omnetpp::cMessage) FanetSarNetwork.uav[20].app.debugTimer -- check module destructor
undisposed object: (omnetpp::cMessage) FanetSarNetwork.uav[21].app.debugTimer -- check module destructor
undisposed object: (omnetpp::cMessage) FanetSarNetwork.uav[22].app.debugTimer -- check module destructor
undisposed object: (omnetpp::cMessage) FanetSarNetwork.uav[23].app.debugTimer -- check module destructor
undisposed object: (omnetpp::cMessage) FanetSarNetwork.uav[24].app.debugTimer -- check module destructor
undisposed object: (omnetpp::cMessage) FanetSarNetwork.uav[25].app.debugTimer -- check module destructor
undisposed object: (omnetpp::cMessage) FanetSarNetwork.uav[26].app.debugTimer -- check module destructor
undisposed object: (omnetpp::cMessage) FanetSarNetwork.uav[27].app.debugTimer -- check module destructor
undisposed object: (omnetpp::cMessage) FanetSarNetwork.uav[28].app.debugTimer -- check module destructor
undisposed object: (omnetpp::cMessage) FanetSarNetwork.uav[29].app.debugTimer -- check module destructor
