** Event #0   t=0   Elapsed: 6e-06s (0m 00s)  0% completed  (50% total)
     Speed:     ev/sec=0   simsec/sec=0   ev/simsec=0
     Messages:  created: 1938   present: 1938   in FES: 306
** Event #47360   t=2   Elapsed: 2.00002s (0m 02s)  0% completed  (50% total)
     Speed:     ev/sec=23680.4   simsec/sec=0.999995   ev/simsec=23680.5
     Messages:  created: 43758   present: 1836   in FES: 202
** Event #90368   t=3.512911915755   Elapsed: 4.00423s (0m 04s)  0% completed  (50% total)
     Speed:     ev/sec=21458.8   simsec/sec=0.754864   ev/simsec=28427.3
     Messages:  created: 80772   present: 1904   in FES: 211
** Event #134144   t=5.505685730054   Elapsed: 6.01487s (0m 06s)  1% completed  (50% total)
     Speed:     ev/sec=21772.2   simsec/sec=0.991114   ev/simsec=21967.4
     Messages:  created: 118766   present: 1949   in FES: 238
** Event #165632   t=6.516766061043   Elapsed: 8.01834s (0m 08s)  1% completed  (50% total)
     Speed:     ev/sec=15716.7   simsec/sec=0.504665   ev/simsec=31142.9
     Messages:  created: 146386   present: 2122   in FES: 305
** Event #209920   t=8.511862248241   Elapsed: 10.0494s (0m 10s)  1% completed  (50% total)
     Speed:     ev/sec=21805.6   simsec/sec=0.982303   ev/simsec=22198.4
     Messages:  created: 185133   present: 1995   in FES: 243
** Event #240896   t=9.6   Elapsed: 12.0649s (0m 12s)  1% completed  (50% total)
     Speed:     ev/sec=15368.8   simsec/sec=0.539881   ev/simsec=28467
     Messages:  created: 212288   present: 1836   in FES: 202
** Event #283648   t=11.512726178575   Elapsed: 14.0687s (0m 14s)  2% completed  (51% total)
     Speed:     ev/sec=21335.2   simsec/sec=0.954537   ev/simsec=22351.3
     Messages:  created: 248893   present: 1981   in FES: 238
** Event #327936   t=13.503540107176   Elapsed: 16.0945s (0m 16s)  2% completed  (51% total)
     Speed:     ev/sec=21862.7   simsec/sec=0.982764   ev/simsec=22246.2
     Messages:  created: 286792   present: 1963   in FES: 254
** Event #360704   t=14.518483599764   Elapsed: 18.105s (0m 18s)  2% completed  (51% total)
     Speed:     ev/sec=16298   simsec/sec=0.504809   ev/simsec=32285.5
     Messages:  created: 315540   present: 2114   in FES: 275
** Event #403456   t=16.509483542196   Elapsed: 20.1202s (0m 20s)  3% completed  (51% total)
     Speed:     ev/sec=21215.1   simsec/sec=0.988008   ev/simsec=21472.6
     Messages:  created: 351829   present: 1975   in FES: 244
** Event #434944   t=17.536895962484   Elapsed: 22.14s (0m 22s)  3% completed  (51% total)
     Speed:     ev/sec=15589.7   simsec/sec=0.50867   ev/simsec=30647.9
     Messages:  created: 379498   present: 1957   in FES: 242
** Event #477184   t=19.511297894339   Elapsed: 24.1578s (0m 24s)  3% completed  (51% total)
     Speed:     ev/sec=20933.6   simsec/sec=0.978489   ev/simsec=21393.8
     Messages:  created: 415519   present: 1970   in FES: 254
** Event #509696   t=20.611052163399   Elapsed: 26.1587s (0m 26s)  4% completed  (52% total)
     Speed:     ev/sec=16248.8   simsec/sec=0.549634   ev/simsec=29563
     Messages:  created: 444219   present: 1974   in FES: 254
** Event #550144   t=22.512483391988   Elapsed: 28.169s (0m 28s)  4% completed  (52% total)
     Speed:     ev/sec=20120   simsec/sec=0.945828   ev/simsec=21272.4
     Messages:  created: 478910   present: 2017   in FES: 254
** Event #584192   t=24.016357975807   Elapsed: 30.1727s (0m 30s)  4% completed  (52% total)
     Speed:     ev/sec=16992.3   simsec/sec=0.750538   ev/simsec=22640.2
     Messages:  created: 508668   present: 1891   in FES: 218
** Event #625920   t=25.529745301249   Elapsed: 32.2058s (0m 32s)  5% completed  (52% total)
     Speed:     ev/sec=20524.8   simsec/sec=0.744391   ev/simsec=27572.6
     Messages:  created: 545140   present: 1923   in FES: 228
** Event #655104   t=27.004131026739   Elapsed: 34.2086s (0m 34s)  5% completed  (52% total)
     Speed:     ev/sec=14571.5   simsec/sec=0.736157   ev/simsec=19794
     Messages:  created: 569992   present: 1897   in FES: 222
** Event #694272   t=28.517443135233   Elapsed: 36.243s (0m 36s)  5% completed  (52% total)
     Speed:     ev/sec=19252.6   simsec/sec=0.743853   ev/simsec=25882.3
     Messages:  created: 603943   present: 2080   in FES: 276
** Event #724992   t=29.59975434125   Elapsed: 38.2691s (0m 38s)  5% completed  (52% total)
     Speed:     ev/sec=15162.6   simsec/sec=0.534201   ev/simsec=28383.7
     Messages:  created: 630487   present: 1976   in FES: 254
** Event #765184   t=31.512487323019   Elapsed: 40.2747s (0m 40s)  6% completed  (53% total)
     Speed:     ev/sec=20038.9   simsec/sec=0.953651   ev/simsec=21012.9
     Messages:  created: 664784   present: 1897   in FES: 218
** Event #797440   t=32.589474826702   Elapsed: 42.2777s (0m 42s)  6% completed  (53% total)
     Speed:     ev/sec=16104   simsec/sec=0.537693   ev/simsec=29950.2
     Messages:  created: 692586   present: 1923   in FES: 230
** Event #840192   t=34.524087454837   Elapsed: 44.29s (0m 44s)  6% completed  (53% total)
     Speed:     ev/sec=21245.7   simsec/sec=0.961408   ev/simsec=22098.5
     Messages:  created: 729178   present: 2009   in FES: 252
** Event #868608   t=35.55984808004   Elapsed: 46.3171s (0m 46s)  7% completed  (53% total)
     Speed:     ev/sec=14018.1   simsec/sec=0.510959   ev/simsec=27434.9
     Messages:  created: 753186   present: 1914   in FES: 225
** Event #897536   t=37.003765694898   Elapsed: 48.3175s (0m 48s)  7% completed  (53% total)
     Speed:     ev/sec=14460.8   simsec/sec=0.721798   ev/simsec=20034.4
     Messages:  created: 777524   present: 1991   in FES: 254
** Event #940288   t=38.55229384424   Elapsed: 50.3387s (0m 50s)  7% completed  (53% total)
     Speed:     ev/sec=21151.9   simsec/sec=0.766147   ev/simsec=27608.2
     Messages:  created: 814212   present: 1957   in FES: 242
** Event #966912   t=39.578486979343   Elapsed: 52.3527s (0m 52s)  7% completed  (53% total)
     Speed:     ev/sec=13219.9   simsec/sec=0.509547   ev/simsec=25944.4
     Messages:  created: 836858   present: 1988   in FES: 253
** Event #1002496   t=41.066320405274   Elapsed: 54.3541s (0m 54s)  8% completed  (54% total)
     Speed:     ev/sec=17779.6   simsec/sec=0.743399   ev/simsec=23916.7
     Messages:  created: 866973   present: 2000   in FES: 254
** Event #1036544   t=42.539891974396   Elapsed: 56.3593s (0m 56s)  8% completed  (54% total)
     Speed:     ev/sec=16979.6   simsec/sec=0.734864   ev/simsec=23105.8
     Messages:  created: 896188   present: 1946   in FES: 239
** Event #1063680   t=43.565363274362   Elapsed: 58.366s (0m 58s)  8% completed  (54% total)
     Speed:     ev/sec=13522.4   simsec/sec=0.511014   ev/simsec=26462
     Messages:  created: 919409   present: 1992   in FES: 254
** Event #1099264   t=45.064218241802   Elapsed: 60.368s (1m 00s)  9% completed  (54% total)
     Speed:     ev/sec=17774.2   simsec/sec=0.748679   ev/simsec=23740.8
     Messages:  created: 949542   present: 1967   in FES: 254
** Event #1134592   t=46.541064941094   Elapsed: 62.3696s (1m 02s)  9% completed  (54% total)
     Speed:     ev/sec=17650.5   simsec/sec=0.73786   ev/simsec=23921.2
     Messages:  created: 979959   present: 1978   in FES: 254
** Event #1164288   t=47.604865042579   Elapsed: 64.3751s (1m 04s)  9% completed  (54% total)
     Speed:     ev/sec=14806.8   simsec/sec=0.530424   ev/simsec=27915
     Messages:  created: 1005056   present: 1908   in FES: 225
** Event #1207040   t=49.539891930776   Elapsed: 66.3944s (1m 06s)  9% completed  (54% total)
     Speed:     ev/sec=21171.9   simsec/sec=0.958273   ev/simsec=22093.7
     Messages:  created: 1042096   present: 1949   in FES: 240
** Event #1237760   t=50.610294910323   Elapsed: 68.4104s (1m 08s)  10% completed  (55% total)
     Speed:     ev/sec=15238.2   simsec/sec=0.530958   ev/simsec=28699.5
     Messages:  created: 1068164   present: 1858   in FES: 207
** Event #1280000   t=52.543741553395   Elapsed: 70.4331s (1m 10s)  10% completed  (55% total)
     Speed:     ev/sec=20882.5   simsec/sec=0.955853   ev/simsec=21847
     Messages:  created: 1104930   present: 1905   in FES: 224
** Event #1310208   t=53.612630033394   Elapsed: 72.439s (1m 12s)  10% completed  (55% total)
     Speed:     ev/sec=15060.1   simsec/sec=0.532892   ev/simsec=28261.1
     Messages:  created: 1130702   present: 1970   in FES: 245
** Event #1350400   t=55.52451289723   Elapsed: 74.4479s (1m 14s)  11% completed  (55% total)
     Speed:     ev/sec=20006.3   simsec/sec=0.951676   ev/simsec=21022.2
     Messages:  created: 1165742   present: 1930   in FES: 229
** Event #1380352   t=56.589474296761   Elapsed: 76.463s (1m 16s)  11% completed  (55% total)
     Speed:     ev/sec=14864.1   simsec/sec=0.528503   ev/simsec=28125
     Messages:  created: 1191310   present: 1960   in FES: 243
** Event #1408768   t=58.016354578348   Elapsed: 78.4664s (1m 18s)  11% completed  (55% total)
     Speed:     ev/sec=14183.7   simsec/sec=0.71222   ev/simsec=19914.8
     Messages:  created: 1215506   present: 1970   in FES: 245
** Event #1448704   t=59.543742005599   Elapsed: 80.4871s (1m 20s)  11% completed  (55% total)
     Speed:     ev/sec=19763.6   simsec/sec=0.755875   ev/simsec=26146.6
     Messages:  created: 1250276   present: 1899   in FES: 222
** Event #1479168   t=60.61029481117   Elapsed: 82.5151s (1m 22s)  12% completed  (56% total)
     Speed:     ev/sec=15021.6   simsec/sec=0.525909   ev/simsec=28563
     Messages:  created: 1276224   present: 1876   in FES: 213
** Event #1521664   t=62.550550037483   Elapsed: 84.5282s (1m 24s)  12% completed  (56% total)
     Speed:     ev/sec=21110.2   simsec/sec=0.963838   ev/simsec=21902.3
     Messages:  created: 1313022   present: 1936   in FES: 235
** Event #1552128   t=63.610294909532   Elapsed: 86.5317s (1m 26s)  12% completed  (56% total)
     Speed:     ev/sec=15204.8   simsec/sec=0.528928   ev/simsec=28746.5
     Messages:  created: 1339078   present: 1858   in FES: 207
** Event #1593600   t=65.576158390767   Elapsed: 88.533s (1m 28s)  13% completed  (56% total)
     Speed:     ev/sec=20722.6   simsec/sec=0.982295   ev/simsec=21096.1
     Messages:  created: 1376576   present: 1964   in FES: 243
** Event #1646336   t=68.5187932696   Elapsed: 90.5391s (1m 30s)  13% completed  (56% total)
     Speed:     ev/sec=26288.2   simsec/sec=1.46686   ev/simsec=17921.4
     Messages:  created: 1427656   present: 1981   in FES: 254
** Event #1711360   t=71.587853894714   Elapsed: 92.541s (1m 32s)  14% completed  (57% total)
     Speed:     ev/sec=32481.4   simsec/sec=1.53308   ev/simsec=21186.9
     Messages:  created: 1491160   present: 1902   in FES: 223
** Event #1781504   t=75.511890937316   Elapsed: 94.5436s (1m 34s)  15% completed  (57% total)
     Speed:     ev/sec=35025.6   simsec/sec=1.95943   ev/simsec=17875.5
     Messages:  created: 1559148   present: 1909   in FES: 226
** Event #1848320   t=78.858139791878   Elapsed: 96.5443s (1m 36s)  15% completed  (57% total)
     Speed:     ev/sec=33396.1   simsec/sec=1.67253   ev/simsec=19967.4
     Messages:  created: 1624410   present: 1836   in FES: 202
** Event #1937152   t=83.538984016339   Elapsed: 98.5485s (1m 38s)  16% completed  (58% total)
     Speed:     ev/sec=44323.3   simsec/sec=2.33554   ev/simsec=18977.8
     Messages:  created: 1711073   present: 1980   in FES: 254
** Event #2018816   t=87.57751444811   Elapsed: 100.553s (1m 40s)  17% completed  (58% total)
     Speed:     ev/sec=40749   simsec/sec=2.01516   ev/simsec=20221.2
     Messages:  created: 1791174   present: 2008   in FES: 253
** Event #2091776   t=91.548991618483   Elapsed: 102.556s (1m 42s)  18% completed  (59% total)
     Speed:     ev/sec=36424.7   simsec/sec=1.98273   ev/simsec=18371
     Messages:  created: 1862227   present: 1950   in FES: 254
** Event #2161920   t=95.066260376038   Elapsed: 104.559s (1m 44s)  19% completed  (59% total)
     Speed:     ev/sec=35008.8   simsec/sec=1.75546   ev/simsec=19942.7
     Messages:  created: 1931136   present: 1985   in FES: 254
** Event #2242816   t=99.520433293364   Elapsed: 106.56s (1m 46s)  19% completed  (59% total)
     Speed:     ev/sec=40430.1   simsec/sec=2.2261   ev/simsec=18161.8
     Messages:  created: 2010146   present: 1995   in FES: 254
** Event #2338048   t=102.539079129612   Elapsed: 108.566s (1m 48s)  20% completed  (60% total)
     Speed:     ev/sec=47483.6   simsec/sec=1.50513   ev/simsec=31547.9
     Messages:  created: 2117577   present: 2313   in FES: 282
** Event #2415872   t=104.549085727813   Elapsed: 110.572s (1m 50s)  20% completed  (60% total)
     Speed:     ev/sec=38783.8   simsec/sec=1.00169   ev/simsec=38718.3
     Messages:  created: 2208732   present: 2567   in FES: 276
** Event #2502400   t=106.613982058903   Elapsed: 112.573s (1m 52s)  21% completed  (60% total)
     Speed:     ev/sec=43247.4   simsec/sec=1.03205   ev/simsec=41904.3
     Messages:  created: 2310269   present: 2876   in FES: 289
** Event #2579968   t=108.576360148885   Elapsed: 114.573s (1m 54s)  21% completed  (60% total)
     Speed:     ev/sec=38783   simsec/sec=0.981165   ev/simsec=39527.6
     Messages:  created: 2402295   present: 2520   in FES: 254
** Event #2666496   t=110.568062157039   Elapsed: 116.579s (1m 56s)  22% completed  (61% total)
     Speed:     ev/sec=43129.5   simsec/sec=0.992756   ev/simsec=43444.3
     Messages:  created: 2506190   present: 2289   in FES: 254
** Event #2732544   t=112.040045675004   Elapsed: 118.581s (1m 58s)  22% completed  (61% total)
     Speed:     ev/sec=32991.4   simsec/sec=0.735266   ev/simsec=44870.1
     Messages:  created: 2585027   present: 2496   in FES: 251
** Event #2794240   t=113.043572745102   Elapsed: 120.588s (2m 00s)  22% completed  (61% total)
     Speed:     ev/sec=30744.2   simsec/sec=0.500075   ev/simsec=61479.2
     Messages:  created: 2657552   present: 2587   in FES: 282
** Event #2847488   t=113.535172258236   Elapsed: 122.592s (2m 02s)  22% completed  (61% total)
     Speed:     ev/sec=26570.1   simsec/sec=0.245302   ev/simsec=108316
     Messages:  created: 2720580   present: 2634   in FES: 258
** Event #2909952   t=114.09620869404   Elapsed: 124.596s (2m 04s)  22% completed  (61% total)
     Speed:     ev/sec=31174.5   simsec/sec=0.280002   ev/simsec=111337
     Messages:  created: 2795426   present: 2563   in FES: 207
** Event #2957056   t=114.52101886848   Elapsed: 126.607s (2m 06s)  22% completed  (61% total)
     Speed:     ev/sec=23417.2   simsec/sec=0.211189   ev/simsec=110882
     Messages:  created: 2853954   present: 2708   in FES: 239
** Event #3000320   t=114.864907045646   Elapsed: 128.613s (2m 08s)  22% completed  (61% total)
     Speed:     ev/sec=21569.5   simsec/sec=0.171447   ev/simsec=125808
     Messages:  created: 2908279   present: 2605   in FES: 207
** Event #3088384   t=115.470937871355   Elapsed: 130.614s (2m 10s)  23% completed  (61% total)
     Speed:     ev/sec=44019.8   simsec/sec=0.302932   ev/simsec=145313
     Messages:  created: 3017202   present: 2725   in FES: 297
** Event #3107840   t=115.526245695379   Elapsed: 132.677s (2m 12s)  23% completed  (61% total)
     Speed:     ev/sec=9429.25   simsec/sec=0.0268047   ev/simsec=351777
     Messages:  created: 3038158   present: 2673   in FES: 208
** Event #3166720   t=115.971122274508   Elapsed: 134.678s (2m 14s)  23% completed  (61% total)
     Speed:     ev/sec=29429.6   simsec/sec=0.22236   ev/simsec=132351
     Messages:  created: 3114352   present: 2756   in FES: 263
** Event #3238144   t=116.354875994861   Elapsed: 136.685s (2m 16s)  23% completed  (61% total)
     Speed:     ev/sec=35591.7   simsec/sec=0.191231   ev/simsec=186119
     Messages:  created: 3200151   present: 2755   in FES: 277
** Event #3265792   t=116.525196485908   Elapsed: 138.73s (2m 18s)  23% completed  (61% total)
     Speed:     ev/sec=13515.8   simsec/sec=0.0832618   ev/simsec=162329
     Messages:  created: 3233344   present: 2769   in FES: 236
** Event #3283456   t=116.598409211615   Elapsed: 140.765s (2m 20s)  23% completed  (61% total)
     Speed:     ev/sec=8681.47   simsec/sec=0.0359824   ev/simsec=241270
     Messages:  created: 3252818   present: 2645   in FES: 205
** Event #3373056   t=117.220309040803   Elapsed: 142.773s (2m 22s)  23% completed  (61% total)
     Speed:     ev/sec=44609.9   simsec/sec=0.309631   ev/simsec=144075
     Messages:  created: 3362745   present: 2648   in FES: 255
** Event #3406592   t=117.522274383705   Elapsed: 144.825s (2m 24s)  23% completed  (61% total)
     Speed:     ev/sec=16344.3   simsec/sec=0.147167   ev/simsec=111059
     Messages:  created: 3404901   present: 2862   in FES: 257
** Event #3416832   t=117.556033836734   Elapsed: 146.931s (2m 26s)  23% completed  (61% total)
     Speed:     ev/sec=4862.93   simsec/sec=0.0160322   ev/simsec=303322
     Messages:  created: 3414094   present: 2738   in FES: 211
** Event #3468544   t=118.040046962755   Elapsed: 148.932s (2m 28s)  23% completed  (61% total)
     Speed:     ev/sec=25837.5   simsec/sec=0.241834   ev/simsec=106840
     Messages:  created: 3478271   present: 2825   in FES: 229
** Event #3535104   t=118.515611870869   Elapsed: 150.948s (2m 30s)  23% completed  (61% total)
     Speed:     ev/sec=33022   simsec/sec=0.235939   ev/simsec=139960
     Messages:  created: 3561175   present: 2837   in FES: 258
** Event #3543808   t=118.566086771998   Elapsed: 152.966s (2m 32s)  23% completed  (61% total)
     Speed:     ev/sec=4312.17   simsec/sec=0.0250065   ev/simsec=172442
     Messages:  created: 3568061   present: 2833   in FES: 267
** Event #3576320   t=119.495221262798   Elapsed: 154.969s (2m 34s)  23% completed  (61% total)
     Speed:     ev/sec=16233.5   simsec/sec=0.463924   ev/simsec=34991.7
     Messages:  created: 3596763   present: 2892   in FES: 217
** Event #3584768   t=119.552687071427   Elapsed: 156.999s (2m 36s)  23% completed  (61% total)
     Speed:     ev/sec=4162.93   simsec/sec=0.0283175   ev/simsec=147009
     Messages:  created: 3603608   present: 2963   in FES: 234
** Event #3602688   t=120.043853924128   Elapsed: 159.001s (2m 39s)  24% completed  (62% total)
     Speed:     ev/sec=8950.12   simsec/sec=0.245313   ev/simsec=36484.5
     Messages:  created: 3619634   present: 3079   in FES: 242
** Event #3624960   t=120.546394575396   Elapsed: 161.042s (2m 41s)  24% completed  (62% total)
     Speed:     ev/sec=10910.4   simsec/sec=0.24618   ev/simsec=44318.8
     Messages:  created: 3638292   present: 3173   in FES: 244
** Event #3632640   t=120.574780800799   Elapsed: 163.132s (2m 43s)  24% completed  (62% total)
     Speed:     ev/sec=3675.45   simsec/sec=0.0135849   ev/simsec=270554
     Messages:  created: 3644482   present: 3225   in FES: 253
** Event #3664128   t=121.518623794621   Elapsed: 165.138s (2m 45s)  24% completed  (62% total)
     Speed:     ev/sec=15691.6   simsec/sec=0.470352   ev/simsec=33361.5
     Messages:  created: 3672104   present: 3381   in FES: 251
** Event #3672064   t=121.566086608554   Elapsed: 167.148s (2m 47s)  24% completed  (62% total)
     Speed:     ev/sec=3949.42   simsec/sec=0.0236203   ev/simsec=167205
     Messages:  created: 3678383   present: 3282   in FES: 217
** Event #3687680   t=122.037119152484   Elapsed: 169.15s (2m 49s)  24% completed  (62% total)
     Speed:     ev/sec=7798.5   simsec/sec=0.23523   ev/simsec=33152.7
     Messages:  created: 3692404   present: 3450   in FES: 242
** Event #3711744   t=122.549394622477   Elapsed: 171.219s (2m 51s)  24% completed  (62% total)
     Speed:     ev/sec=11629.8   simsec/sec=0.247575   ev/simsec=46974.7
     Messages:  created: 3712517   present: 3496   in FES: 225
** Event #3718656   t=122.575018692124   Elapsed: 173.253s (2m 53s)  24% completed  (62% total)
     Speed:     ev/sec=3399.42   simsec/sec=0.0126023   ev/simsec=269746
     Messages:  created: 3718181   present: 3578   in FES: 247
** Event #3750656   t=123.520335293364   Elapsed: 175.308s (2m 55s)  24% completed  (62% total)
     Speed:     ev/sec=15569.5   simsec/sec=0.459941   ev/simsec=33851.1
     Messages:  created: 3746106   present: 3653   in FES: 217
** Event #3759360   t=123.568268391741   Elapsed: 177.355s (2m 57s)  24% completed  (62% total)
     Speed:     ev/sec=4251.84   simsec/sec=0.023415   ev/simsec=181586
     Messages:  created: 3753049   present: 3706   in FES: 231
** Event #3792128   t=124.512612670448   Elapsed: 179.387s (2m 59s)  24% completed  (62% total)
     Speed:     ev/sec=16123.1   simsec/sec=0.464654   ev/simsec=34699.2
     Messages:  created: 3782001   present: 3866   in FES: 228
** Event #3800576   t=124.561825409908   Elapsed: 181.411s (3m 01s)  24% completed  (62% total)
     Speed:     ev/sec=4174.33   simsec/sec=0.024317   ev/simsec=171663
     Messages:  created: 3788722   present: 3877   in FES: 227
** Event #3820800   t=125.050751719899   Elapsed: 183.416s (3m 03s)  25% completed  (62% total)
     Speed:     ev/sec=10089.6   simsec/sec=0.243921   ev/simsec=41364.1
     Messages:  created: 3806180   present: 4053   in FES: 269
** Event #3843840   t=125.552393902169   Elapsed: 185.434s (3m 05s)  25% completed  (62% total)
     Speed:     ev/sec=11417.4   simsec/sec=0.248587   ev/simsec=45929.2
     Messages:  created: 3826998   present: 4104   in FES: 249
** Event #3853568   t=125.580960887665   Elapsed: 187.447s (3m 07s)  25% completed  (62% total)
     Speed:     ev/sec=4832.2   simsec/sec=0.0141901   ev/simsec=340533
     Messages:  created: 3835320   present: 4170   in FES: 266
** Event #3948544   t=126.146462396552   Elapsed: 189.45s (3m 09s)  25% completed  (62% total)
     Speed:     ev/sec=47414.1   simsec/sec=0.282311   ev/simsec=167950
     Messages:  created: 3951272   present: 4072   in FES: 267
** Event #4003840   t=126.542957549255   Elapsed: 191.491s (3m 11s)  25% completed  (62% total)
     Speed:     ev/sec=27088.4   simsec/sec=0.194235   ev/simsec=139462
     Messages:  created: 4023044   present: 4096   in FES: 234
** Event #4017408   t=126.575974131633   Elapsed: 193.516s (3m 13s)  25% completed  (62% total)
     Speed:     ev/sec=6699.82   simsec/sec=0.0163034   ev/simsec=410945
     Messages:  created: 4036930   present: 4127   in FES: 236
** Event #4081152   t=127.022827353624   Elapsed: 195.52s (3m 15s)  25% completed  (62% total)
     Speed:     ev/sec=31812.8   simsec/sec=0.223012   ev/simsec=142651
     Messages:  created: 4118672   present: 4014   in FES: 207
** Event #4161792   t=127.520647952705   Elapsed: 197.579s (3m 17s)  25% completed  (62% total)
     Speed:     ev/sec=39162.3   simsec/sec=0.241763   ev/simsec=161986
     Messages:  created: 4216525   present: 4135   in FES: 254
** Event #4176128   t=127.569726466899   Elapsed: 199.628s (3m 19s)  25% completed  (62% total)
     Speed:     ev/sec=6997.88   simsec/sec=0.0239569   ev/simsec=292103
     Messages:  created: 4231623   present: 4156   in FES: 246
** Event #4203008   t=127.746268721936   Elapsed: 201.631s (3m 21s)  25% completed  (62% total)
     Speed:     ev/sec=13416.7   simsec/sec=0.0881181   ev/simsec=152258
     Messages:  created: 4264921   present: 4015   in FES: 205
** Event #4293120   t=128.315086465047   Elapsed: 203.638s (3m 23s)  25% completed  (62% total)
     Speed:     ev/sec=44895.5   simsec/sec=0.283396   ev/simsec=158420
     Messages:  created: 4375521   present: 4144   in FES: 304
** Event #4329472   t=128.567134610413   Elapsed: 205.662s (3m 25s)  25% completed  (62% total)
     Speed:     ev/sec=17961   simsec/sec=0.124533   ev/simsec=144226
     Messages:  created: 4420991   present: 4053   in FES: 212
** Event #4343808   t=128.603076761328   Elapsed: 207.669s (3m 27s)  25% completed  (62% total)
     Speed:     ev/sec=7145.15   simsec/sec=0.0179138   ev/simsec=398863
     Messages:  created: 4436426   present: 4117   in FES: 271
** Event #4450304   t=129.346766099482   Elapsed: 209.671s (3m 29s)  25% completed  (62% total)
     Speed:     ev/sec=53179.7   simsec/sec=0.371368   ev/simsec=143200
     Messages:  created: 4568631   present: 4142   in FES: 250
** Event #4481792   t=129.567585865904   Elapsed: 211.686s (3m 31s)  25% completed  (62% total)
     Speed:     ev/sec=15632.2   simsec/sec=0.109626   ev/simsec=142596
     Messages:  created: 4607194   present: 4173   in FES: 250
** Event #4516864   t=129.807537858052   Elapsed: 213.691s (3m 33s)  25% completed  (62% total)
     Speed:     ev/sec=17492.1   simsec/sec=0.119676   ev/simsec=146163
     Messages:  created: 4651209   present: 4146   in FES: 304
** Event #4618240   t=130.5138171062   Elapsed: 215.695s (3m 35s)  26% completed  (63% total)
     Speed:     ev/sec=50575.3   simsec/sec=0.352354   ev/simsec=143535
     Messages:  created: 4776957   present: 4049   in FES: 255
** Event #4633344   t=130.570151026504   Elapsed: 217.765s (3m 37s)  26% completed  (63% total)
     Speed:     ev/sec=7298.73   simsec/sec=0.0272223   ev/simsec=268116
     Messages:  created: 4792699   present: 4063   in FES: 213
** Event #4645376   t=130.598905108403   Elapsed: 219.784s (3m 39s)  26% completed  (63% total)
     Speed:     ev/sec=5959.44   simsec/sec=0.0142419   ev/simsec=418445
     Messages:  created: 4804846   present: 4023   in FES: 204
** Event #4731648   t=131.220671038314   Elapsed: 221.785s (3m 41s)  26% completed  (63% total)
     Speed:     ev/sec=43111.9   simsec/sec=0.310709   ev/simsec=138753
     Messages:  created: 4910069   present: 4133   in FES: 246
** Event #4776448   t=131.552866771974   Elapsed: 223.792s (3m 43s)  26% completed  (63% total)
     Speed:     ev/sec=22319.6   simsec/sec=0.165502   ev/simsec=134860
     Messages:  created: 4967960   present: 4150   in FES: 255
** Event #4789760   t=131.580268583551   Elapsed: 225.832s (3m 45s)  26% completed  (63% total)
     Speed:     ev/sec=6524.55   simsec/sec=0.0134303   ev/simsec=485807
     Messages:  created: 4981390   present: 4190   in FES: 251
** Event #4873728   t=132.114026194108   Elapsed: 227.836s (3m 47s)  26% completed  (63% total)
     Speed:     ev/sec=41900.1   simsec/sec=0.266346   ev/simsec=157315
     Messages:  created: 5082388   present: 4171   in FES: 278
** Event #4926720   t=132.55350018359   Elapsed: 229.876s (3m 49s)  26% completed  (63% total)
     Speed:     ev/sec=25973.1   simsec/sec=0.215401   ev/simsec=120581
     Messages:  created: 5151059   present: 4091   in FES: 226
** Event #4937216   t=132.574646208765   Elapsed: 231.902s (3m 51s)  26% completed  (63% total)
     Speed:     ev/sec=5182.8   simsec/sec=0.0104417   ev/simsec=496358
     Messages:  created: 5160941   present: 4100   in FES: 220
** Event #4979968   t=132.896566571404   Elapsed: 233.906s (3m 53s)  26% completed  (63% total)
     Speed:     ev/sec=21333.7   simsec/sec=0.160642   ev/simsec=132803
     Messages:  created: 5215750   present: 4165   in FES: 259
** Event #5070592   t=133.51561195694   Elapsed: 235.925s (3m 55s)  26% completed  (63% total)
     Speed:     ev/sec=44864.2   simsec/sec=0.306464   ev/simsec=146393
     Messages:  created: 5326101   present: 4128   in FES: 235
** Event #5085696   t=133.571246399145   Elapsed: 237.96s (3m 57s)  26% completed  (63% total)
     Speed:     ev/sec=7422.54   simsec/sec=0.0273404   ev/simsec=271487
     Messages:  created: 5341976   present: 4170   in FES: 241
** Event #5101312   t=133.646667801842   Elapsed: 239.961s (3m 59s)  26% completed  (63% total)
     Speed:     ev/sec=7806.49   simsec/sec=0.0377034   ev/simsec=207050
     Messages:  created: 5359246   present: 4157   in FES: 250
** Event #5208320   t=134.409892071403   Elapsed: 241.966s (4m 01s)  26% completed  (63% total)
     Speed:     ev/sec=53370.6   simsec/sec=0.380661   ev/simsec=140205
     Messages:  created: 5492168   present: 4044   in FES: 255
** Event #5233408   t=134.567625709579   Elapsed: 243.987s (4m 03s)  26% completed  (63% total)
     Speed:     ev/sec=12411   simsec/sec=0.0780308   ev/simsec=159053
     Messages:  created: 5522247   present: 4202   in FES: 253
** Event #5247488   t=134.60281122496   Elapsed: 246.019s (4m 06s)  26% completed  (63% total)
     Speed:     ev/sec=6928.34   simsec/sec=0.0173137   ev/simsec=400165
     Messages:  created: 5537179   present: 4159   in FES: 254
** Event #5352704   t=135.349782389144   Elapsed: 248.021s (4m 08s)  27% completed  (63% total)
     Speed:     ev/sec=52566.6   simsec/sec=0.373191   ev/simsec=140857
     Messages:  created: 5667736   present: 4157   in FES: 254
** Event #5382656   t=135.567726937764   Elapsed: 250.045s (4m 10s)  27% completed  (63% total)
     Speed:     ev/sec=14801.3   simsec/sec=0.107701   ev/simsec=137429
     Messages:  created: 5704441   present: 4083   in FES: 212
** Event #5392128   t=135.579247531227   Elapsed: 252.047s (4m 12s)  27% completed  (63% total)
     Speed:     ev/sec=4731.26   simsec/sec=0.00575453   ev/simsec=822180
     Messages:  created: 5712476   present: 4081   in FES: 206
** Event #5476352   t=136.114657055875   Elapsed: 254.047s (4m 14s)  27% completed  (63% total)
     Speed:     ev/sec=42098.9   simsec/sec=0.267622   ev/simsec=157308
     Messages:  created: 5813878   present: 4177   in FES: 254
** Event #5528832   t=136.553380953716   Elapsed: 256.065s (4m 16s)  27% completed  (63% total)
     Speed:     ev/sec=26004.6   simsec/sec=0.217394   ev/simsec=119620
     Messages:  created: 5881891   present: 4129   in FES: 232
** Event #5539584   t=136.57452671313   Elapsed: 258.086s (4m 18s)  27% completed  (63% total)
     Speed:     ev/sec=5319.9   simsec/sec=0.0104625   ev/simsec=508471
     Messages:  created: 5891992   present: 4188   in FES: 241
** Event #5569536   t=136.793168368027   Elapsed: 260.087s (4m 20s)  27% completed  (63% total)
     Speed:     ev/sec=14975.5   simsec/sec=0.109317   ev/simsec=136991
     Messages:  created: 5929337   present: 4145   in FES: 304
** Event #5661952   t=137.434730834384   Elapsed: 262.087s (4m 22s)  27% completed  (63% total)
     Speed:     ev/sec=46187.4   simsec/sec=0.320638   ev/simsec=144048
     Messages:  created: 6042555   present: 4165   in FES: 249
** Event #5685248   t=137.567270247275   Elapsed: 264.109s (4m 24s)  27% completed  (63% total)
     Speed:     ev/sec=11521   simsec/sec=0.065547   ev/simsec=175767
     Messages:  created: 6070074   present: 4138   in FES: 229
** Event #5693440   t=137.577146603696   Elapsed: 266.161s (4m 26s)  27% completed  (63% total)
     Speed:     ev/sec=3993.67   simsec/sec=0.0048148   ev/simsec=829456
     Messages:  created: 6076843   present: 4091   in FES: 208
** Event #5748480   t=138.012441257228   Elapsed: 268.165s (4m 28s)  27% completed  (63% total)
     Speed:     ev/sec=27457.8   simsec/sec=0.217156   ev/simsec=126443
     Messages:  created: 6148397   present: 4067   in FES: 210
** Event #5826304   t=138.522827241734   Elapsed: 270.172s (4m 30s)  27% completed  (63% total)
     Speed:     ev/sec=38776.2   simsec/sec=0.254302   ev/simsec=152481
     Messages:  created: 6242107   present: 4097   in FES: 218
** Event #5838592   t=138.569408678099   Elapsed: 272.23s (4m 32s)  27% completed  (63% total)
     Speed:     ev/sec=5972.57   simsec/sec=0.0226409   ev/simsec=263796
     Messages:  created: 6254963   present: 4223   in FES: 254
** Event #5851648   t=138.599978571381   Elapsed: 274.265s (4m 34s)  27% completed  (63% total)
     Speed:     ev/sec=6413.25   simsec/sec=0.0150163   ev/simsec=427087
     Messages:  created: 6268663   present: 4208   in FES: 254
** Event #5940992   t=139.241681887582   Elapsed: 276.266s (4m 36s)  27% completed  (63% total)
     Speed:     ev/sec=44669.2   simsec/sec=0.320832   ev/simsec=139229
     Messages:  created: 6377843   present: 4207   in FES: 301
** Event #5982464   t=139.553382555235   Elapsed: 278.285s (4m 38s)  27% completed  (63% total)
     Speed:     ev/sec=20535.8   simsec/sec=0.154346   ev/simsec=133051
     Messages:  created: 6431029   present: 4146   in FES: 235
** Event #5993984   t=139.576139280595   Elapsed: 280.286s (4m 40s)  27% completed  (63% total)
     Speed:     ev/sec=5758.15   simsec/sec=0.0113747   ev/simsec=506224
     Messages:  created: 6442402   present: 4195   in FES: 238
** Event #6038784   t=139.935222977082   Elapsed: 282.287s (4m 42s)  27% completed  (63% total)
     Speed:     ev/sec=22385.2   simsec/sec=0.179423   ev/simsec=124762
     Messages:  created: 6500017   present: 4179   in FES: 255
** Event #6126848   t=140.521029555799   Elapsed: 284.339s (4m 44s)  28% completed  (64% total)
     Speed:     ev/sec=42913.5   simsec/sec=0.285463   ev/simsec=150329
     Messages:  created: 6606808   present: 4201   in FES: 251
** Event #6141184   t=140.571533568415   Elapsed: 286.37s (4m 46s)  28% completed  (64% total)
     Speed:     ev/sec=7060.04   simsec/sec=0.0248717   ev/simsec=283859
     Messages:  created: 6622055   present: 4145   in FES: 224
** Event #6165504   t=140.741327063674   Elapsed: 288.371s (4m 48s)  28% completed  (64% total)
     Speed:     ev/sec=12150.7   simsec/sec=0.0848315   ev/simsec=143233
     Messages:  created: 6651217   present: 4155   in FES: 237
** Event #6260992   t=141.365095596175   Elapsed: 290.372s (4m 50s)  28% completed  (64% total)
     Speed:     ev/sec=47721.5   simsec/sec=0.311737   ev/simsec=153082
     Messages:  created: 6768801   present: 4199   in FES: 255
** Event #6287872   t=141.566061313977   Elapsed: 292.427s (4m 52s)  28% completed  (64% total)
     Speed:     ev/sec=13079.9   simsec/sec=0.0977908   ev/simsec=133754
     Messages:  created: 6801467   present: 4323   in FES: 305
** Event #6301184   t=141.596191449317   Elapsed: 294.445s (4m 54s)  28% completed  (64% total)
     Speed:     ev/sec=6599.03   simsec/sec=0.0149361   ev/simsec=441817
     Messages:  created: 6814971   present: 4180   in FES: 245
** Event #6376704   t=142.094780301904   Elapsed: 296.446s (4m 56s)  28% completed  (64% total)
     Speed:     ev/sec=37730.3   simsec/sec=0.249099   ev/simsec=151467
     Messages:  created: 6906037   present: 4198   in FES: 247
** Event #6435072   t=142.553284821853   Elapsed: 298.509s (4m 58s)  28% completed  (64% total)
     Speed:     ev/sec=28297.7   simsec/sec=0.22229   ev/simsec=127301
     Messages:  created: 6981101   present: 4146   in FES: 230
** Event #6446848   t=142.576772736649   Elapsed: 300.566s (5m 00s)  28% completed  (64% total)
     Speed:     ev/sec=5722.86   simsec/sec=0.0114146   ev/simsec=501364
     Messages:  created: 6993169   present: 4203   in FES: 239
** Event #6506496   t=143.033036107889   Elapsed: 302.572s (5m 02s)  28% completed  (64% total)
     Speed:     ev/sec=29748   simsec/sec=0.22755   ev/simsec=130732
     Messages:  created: 7068607   present: 4138   in FES: 229
** Event #6583552   t=143.542565821404   Elapsed: 304.576s (5m 04s)  28% completed  (64% total)
     Speed:     ev/sec=38435.2   simsec/sec=0.254151   ev/simsec=151230
     Messages:  created: 7162100   present: 4122   in FES: 225
** Event #6596352   t=143.574475961371   Elapsed: 306.578s (5m 06s)  28% completed  (64% total)
     Speed:     ev/sec=6394.15   simsec/sec=0.0159405   ev/simsec=401126
     Messages:  created: 7175245   present: 4244   in FES: 249
** Event #6627584   t=143.807199626179   Elapsed: 308.58s (5m 08s)  28% completed  (64% total)
     Speed:     ev/sec=15600   simsec/sec=0.116243   ev/simsec=134202
     Messages:  created: 7213988   present: 4189   in FES: 303
** Event #6724352   t=144.491899800302   Elapsed: 310.581s (5m 10s)  28% completed  (64% total)
     Speed:     ev/sec=48355.9   simsec/sec=0.342151   ev/simsec=141329
     Messages:  created: 7333122   present: 4106   in FES: 255
** Event #6742528   t=144.569214240784   Elapsed: 312.617s (5m 12s)  28% completed  (64% total)
     Speed:     ev/sec=8929.38   simsec/sec=0.0379825   ev/simsec=235092
     Messages:  created: 7353470   present: 4129   in FES: 216
** Event #6754816   t=144.596636189535   Elapsed: 314.685s (5m 14s)  28% completed  (64% total)
     Speed:     ev/sec=5941.02   simsec/sec=0.013258   ev/simsec=448108
     Messages:  created: 7365543   present: 4082   in FES: 207
** Event #6821120   t=145.066258524396   Elapsed: 316.686s (5m 16s)  29% completed  (64% total)
     Speed:     ev/sec=33146.2   simsec/sec=0.23477   ev/simsec=141186
     Messages:  created: 7447443   present: 4214   in FES: 254
** Event #6887936   t=145.550531137985   Elapsed: 318.71s (5m 18s)  29% completed  (64% total)
     Speed:     ev/sec=33007.5   simsec/sec=0.239234   ev/simsec=137972
     Messages:  created: 7531177   present: 4216   in FES: 254
** Event #6902528   t=145.581182070177   Elapsed: 320.761s (5m 20s)  29% completed  (64% total)
     Speed:     ev/sec=7115.02   simsec/sec=0.0149453   ev/simsec=476070
     Messages:  created: 7546836   present: 4247   in FES: 255
** Event #6981888   t=146.087391646537   Elapsed: 322.761s (5m 22s)  29% completed  (64% total)
     Speed:     ev/sec=39673   simsec/sec=0.25306   ev/simsec=156773
     Messages:  created: 7643437   present: 4143   in FES: 220
** Event #7045632   t=146.553201668603   Elapsed: 324.8s (5m 24s)  29% completed  (64% total)
     Speed:     ev/sec=31262.5   simsec/sec=0.228451   ev/simsec=136845
     Messages:  created: 7724372   present: 4201   in FES: 241
** Event #7058432   t=146.580269909056   Elapsed: 326.859s (5m 26s)  29% completed  (64% total)
     Speed:     ev/sec=6216.52   simsec/sec=0.0131461   ev/simsec=472879
     Messages:  created: 7737102   present: 4145   in FES: 218
** Event #7132416   t=147.057643443367   Elapsed: 328.868s (5m 28s)  29% completed  (64% total)
     Speed:     ev/sec=36832   simsec/sec=0.237654   ev/simsec=154981
     Messages:  created: 7828744   present: 4130   in FES: 256
** Event #7201280   t=147.552212791885   Elapsed: 330.923s (5m 30s)  29% completed  (64% total)
     Speed:     ev/sec=33504.6   simsec/sec=0.240624   ev/simsec=139240
     Messages:  created: 7915585   present: 4212   in FES: 254
** Event #7217664   t=147.598191523125   Elapsed: 332.934s (5m 32s)  29% completed  (64% total)
     Speed:     ev/sec=8148.13   simsec/sec=0.0228663   ev/simsec=356339
     Messages:  created: 7933095   present: 4218   in FES: 239
** Event #7290368   t=148.090381256347   Elapsed: 334.935s (5m 34s)  29% completed  (64% total)
     Speed:     ev/sec=36332.5   simsec/sec=0.245963   ev/simsec=147715
     Messages:  created: 8021960   present: 4241   in FES: 254
** Event #7353088   t=148.561821887695   Elapsed: 336.941s (5m 36s)  29% completed  (64% total)
     Speed:     ev/sec=31264.7   simsec/sec=0.235004   ev/simsec=133039
     Messages:  created: 8102174   present: 4219   in FES: 241
** Event #7378688   t=148.735754376774   Elapsed: 338.943s (5m 38s)  29% completed  (64% total)
     Speed:     ev/sec=12785.5   simsec/sec=0.0868679   ev/simsec=147184
     Messages:  created: 8132378   present: 4236   in FES: 251
** Event #7481856   t=149.50736459698   Elapsed: 340.99s (5m 40s)  29% completed  (64% total)
     Speed:     ev/sec=50397.7   simsec/sec=0.376933   ev/simsec=133705
     Messages:  created: 8263049   present: 4215   in FES: 235
** Event #7500800   t=149.596009310906   Elapsed: 343.029s (5m 43s)  29% completed  (64% total)
     Speed:     ev/sec=9294.61   simsec/sec=0.0434923   ev/simsec=213707
     Messages:  created: 8284058   present: 4143   in FES: 207
** Event #7579136   t=150.200176582949   Elapsed: 345.031s (5m 45s)  30% completed  (65% total)
     Speed:     ev/sec=39130.7   simsec/sec=0.301796   ev/simsec=129659
     Messages:  created: 8382013   present: 4128   in FES: 219
** Event #7623168   t=150.574350144232   Elapsed: 347.039s (5m 47s)  30% completed  (65% total)
     Speed:     ev/sec=21923.9   simsec/sec=0.186304   ev/simsec=117678
     Messages:  created: 8438446   present: 4299   in FES: 256
** Event #7667968   t=151.057187197133   Elapsed: 349.04s (5m 49s)  30% completed  (65% total)
     Speed:     ev/sec=22385.3   simsec/sec=0.24126   ev/simsec=92784.9
     Messages:  created: 8492954   present: 4342   in FES: 255
** Event #7715840   t=151.568882754242   Elapsed: 351.052s (5m 51s)  30% completed  (65% total)
     Speed:     ev/sec=23792.3   simsec/sec=0.254311   ev/simsec=93555.6
     Messages:  created: 8552373   present: 4331   in FES: 287
** Event #7778048   t=152.24225358681   Elapsed: 353.054s (5m 53s)  30% completed  (65% total)
     Speed:     ev/sec=31082.8   simsec/sec=0.336456   ev/simsec=92383
     Messages:  created: 8627609   present: 4408   in FES: 265
** Event #7815424   t=152.610673400623   Elapsed: 355.067s (5m 55s)  30% completed  (65% total)
     Speed:     ev/sec=18562.5   simsec/sec=0.182973   ev/simsec=101449
     Messages:  created: 8672633   present: 4393   in FES: 254
** Event #7892736   t=153.528443264662   Elapsed: 357.07s (5m 57s)  30% completed  (65% total)
     Speed:     ev/sec=38606.6   simsec/sec=0.458298   ev/simsec=84239
     Messages:  created: 8770580   present: 4444   in FES: 255
** Event #7919104   t=153.768424293586   Elapsed: 359.072s (5m 59s)  30% completed  (65% total)
     Speed:     ev/sec=13167.5   simsec/sec=0.11984   ev/simsec=109875
     Messages:  created: 8801293   present: 4354   in FES: 249
** Event #7990784   t=154.557743874783   Elapsed: 361.074s (6m 01s)  30% completed  (65% total)
     Speed:     ev/sec=35801.9   simsec/sec=0.394241   ev/simsec=90812.4
     Messages:  created: 8889663   present: 4518   in FES: 254
** Event #8059648   t=155.30075158178   Elapsed: 363.075s (6m 03s)  31% completed  (65% total)
     Speed:     ev/sec=34414.2   simsec/sec=0.371312   ev/simsec=92682.8
     Messages:  created: 8973976   present: 4523   in FES: 255
** Event #8100608   t=155.735454883918   Elapsed: 365.075s (6m 05s)  31% completed  (65% total)
     Speed:     ev/sec=20479.9   simsec/sec=0.217351   ev/simsec=94225.2
     Messages:  created: 9023635   present: 4558   in FES: 243
** Event #8177408   t=156.563458055002   Elapsed: 367.083s (6m 07s)  31% completed  (65% total)
     Speed:     ev/sec=38250.3   simsec/sec=0.412388   ev/simsec=92753.3
     Messages:  created: 9118916   present: 4567   in FES: 225
** Event #8252160   t=157.409937550236   Elapsed: 369.085s (6m 09s)  31% completed  (65% total)
     Speed:     ev/sec=37352.1   simsec/sec=0.422969   ev/simsec=88309.3
     Messages:  created: 9211399   present: 4670   in FES: 249
** Event #8291072   t=157.807188517308   Elapsed: 371.086s (6m 11s)  31% completed  (65% total)
     Speed:     ev/sec=19442.4   simsec/sec=0.198487   ev/simsec=97953.2
     Messages:  created: 9258294   present: 4614   in FES: 256
** Event #8365568   t=158.579308123971   Elapsed: 373.092s (6m 13s)  31% completed  (65% total)
     Speed:     ev/sec=37142.1   simsec/sec=0.384962   ev/simsec=96482.5
     Messages:  created: 9349404   present: 4636   in FES: 215
** Event #8445696   t=159.508170313202   Elapsed: 375.098s (6m 15s)  31% completed  (65% total)
     Speed:     ev/sec=39932.9   simsec/sec=0.462911   ev/simsec=86264.7
     Messages:  created: 9449737   present: 4746   in FES: 229
** Event #8505856   t=160.087390211804   Elapsed: 377.104s (6m 17s)  32% completed  (66% total)
     Speed:     ev/sec=29994   simsec/sec=0.288782   ev/simsec=103864
     Messages:  created: 9521637   present: 4829   in FES: 251
** Event #8556544   t=160.63086595527   Elapsed: 379.109s (6m 19s)  32% completed  (66% total)
     Speed:     ev/sec=25278   simsec/sec=0.27103   ev/simsec=93266.4
     Messages:  created: 9583461   present: 4859   in FES: 262
** Event #8635392   t=161.527443970037   Elapsed: 381.137s (6m 21s)  32% completed  (66% total)
     Speed:     ev/sec=38878   simsec/sec=0.44208   ev/simsec=87943.3
     Messages:  created: 9682053   present: 4831   in FES: 223
** Event #8717312   t=162.483378804189   Elapsed: 383.142s (6m 23s)  32% completed  (66% total)
     Speed:     ev/sec=40865.5   simsec/sec=0.476865   ev/simsec=85696.2
     Messages:  created: 9784401   present: 4925   in FES: 287
** Event #8779264   t=163.06590774993   Elapsed: 385.144s (6m 25s)  32% completed  (66% total)
     Speed:     ev/sec=30947.9   simsec/sec=0.291   ev/simsec=106350
     Messages:  created: 9859860   present: 5010   in FES: 254
** Event #8828672   t=163.566079788137   Elapsed: 387.165s (6m 27s)  32% completed  (66% total)
     Speed:     ev/sec=24446.8   simsec/sec=0.247482   ev/simsec=98782
     Messages:  created: 9919663   present: 4969   in FES: 256
** Event #8914432   t=164.513801795167   Elapsed: 389.166s (6m 29s)  32% completed  (66% total)
     Speed:     ev/sec=42859.1   simsec/sec=0.47363   ev/simsec=90490.7
     Messages:  created: 10027379   present: 4976   in FES: 210
** Event #8990464   t=165.091143049683   Elapsed: 391.167s (6m 31s)  33% completed  (66% total)
     Speed:     ev/sec=37991.2   simsec/sec=0.288483   ev/simsec=131693
     Messages:  created: 10121719   present: 5032   in FES: 256
** Event #9054976   t=165.565009547261   Elapsed: 393.183s (6m 33s)  33% completed  (66% total)
     Speed:     ev/sec=32008.9   simsec/sec=0.235118   ev/simsec=136140
     Messages:  created: 10203890   present: 5123   in FES: 239
** Event #9153792   t=166.324119547546   Elapsed: 395.185s (6m 35s)  33% completed  (66% total)
     Speed:     ev/sec=49346.3   simsec/sec=0.379081   ev/simsec=130173
     Messages:  created: 10331218   present: 5155   in FES: 247
** Event #9261056   t=166.494714175182   Elapsed: 397.187s (6m 37s)  33% completed  (66% total)
     Speed:     ev/sec=53582   simsec/sec=0.0852178   ev/simsec=628765
     Messages:  created: 10481386   present: 5249   in FES: 256
** Event #9314816   t=166.566488220663   Elapsed: 399.194s (6m 39s)  33% completed  (66% total)
     Speed:     ev/sec=26782   simsec/sec=0.0357562   ev/simsec=749017
     Messages:  created: 10552587   present: 5260   in FES: 240
** Event #9404672   t=167.006841679082   Elapsed: 401.198s (6m 41s)  33% completed  (66% total)
     Speed:     ev/sec=44838   simsec/sec=0.219736   ev/simsec=204054
     Messages:  created: 10674561   present: 5244   in FES: 229
** Event #9491712   t=167.527603150887   Elapsed: 403.227s (6m 43s)  33% completed  (66% total)
     Speed:     ev/sec=42896.2   simsec/sec=0.256648   ev/simsec=167140
     Messages:  created: 10785666   present: 5295   in FES: 246
** Event #9552640   t=168.237748070459   Elapsed: 405.229s (6m 45s)  33% completed  (66% total)
     Speed:     ev/sec=30438.2   simsec/sec=0.354772   ev/simsec=85796.6
     Messages:  created: 10858887   present: 5377   in FES: 254
** Event #9604864   t=168.900173311315   Elapsed: 407.234s (6m 47s)  33% completed  (66% total)
     Speed:     ev/sec=26050.4   simsec/sec=0.330431   ev/simsec=78837.6
     Messages:  created: 10923533   present: 5433   in FES: 288
** Event #9660416   t=169.58048698655   Elapsed: 409.243s (6m 49s)  33% completed  (66% total)
     Speed:     ev/sec=27653.7   simsec/sec=0.338659   ev/simsec=81656.5
     Messages:  created: 10987045   present: 5510   in FES: 249
** Event #9733632   t=170.541798724845   Elapsed: 411.253s (6m 51s)  34% completed  (67% total)
     Speed:     ev/sec=36420.7   simsec/sec=0.478197   ev/simsec=76162.6
     Messages:  created: 11076125   present: 5589   in FES: 232
** Event #9779712   t=171.563658003261   Elapsed: 413.262s (6m 53s)  34% completed  (67% total)
     Speed:     ev/sec=22936.8   simsec/sec=0.508641   ev/simsec=45094.3
     Messages:  created: 11125201   present: 5695   in FES: 229
** Event #9816320   t=172.771129500312   Elapsed: 415.263s (6m 55s)  34% completed  (67% total)
     Speed:     ev/sec=18294.2   simsec/sec=0.603412   ev/simsec=30317.9
     Messages:  created: 11159834   present: 5826   in FES: 202
** Event #9859328   t=174.064269172653   Elapsed: 417.265s (6m 57s)  34% completed  (67% total)
     Speed:     ev/sec=21486   simsec/sec=0.646029   ev/simsec=33258.6
     Messages:  created: 11200474   present: 6215   in FES: 248
** Event #9901824   t=175.540064331453   Elapsed: 419.273s (6m 59s)  35% completed  (67% total)
     Speed:     ev/sec=21162.1   simsec/sec=0.734916   ev/simsec=28795.3
     Messages:  created: 11240787   present: 6469   in FES: 255
** Event #9934336   t=176.541558503375   Elapsed: 421.301s (7m 01s)  35% completed  (67% total)
     Speed:     ev/sec=16029.1   simsec/sec=0.493757   ev/simsec=32463.5
     Messages:  created: 11271545   present: 6636   in FES: 234
** Event #9969152   t=177.55309832874   Elapsed: 423.312s (7m 03s)  35% completed  (67% total)
     Speed:     ev/sec=17314.1   simsec/sec=0.503041   ev/simsec=34418.8
     Messages:  created: 11304741   present: 6900   in FES: 254
** Event #10006528   t=178.613764609574   Elapsed: 425.32s (7m 05s)  35% completed  (67% total)
     Speed:     ev/sec=18611.8   simsec/sec=0.528172   ev/simsec=35238.2
     Messages:  created: 11339917   present: 7084   in FES: 254
** Event #10052864   t=180.08580770183   Elapsed: 427.324s (7m 07s)  36% completed  (68% total)
     Speed:     ev/sec=23119.8   simsec/sec=0.734492   ev/simsec=31477.3
     Messages:  created: 11384052   present: 7341   in FES: 247
** Event #10092800   t=181.536740825626   Elapsed: 429.349s (7m 09s)  36% completed  (68% total)
     Speed:     ev/sec=19725.5   simsec/sec=0.716658   ev/simsec=27524.4
     Messages:  created: 11422288   present: 7592   in FES: 240
** Event #10129408   t=182.578812208637   Elapsed: 431.37s (7m 11s)  36% completed  (68% total)
     Speed:     ev/sec=18109.4   simsec/sec=0.515496   ev/simsec=35130
     Messages:  created: 11457253   present: 7790   in FES: 255
** Event #10163200   t=183.598953906554   Elapsed: 433.379s (7m 13s)  36% completed  (68% total)
     Speed:     ev/sec=16824.7   simsec/sec=0.507919   ev/simsec=33124.8
     Messages:  created: 11489657   present: 7992   in FES: 255
** Event #10214400   t=185.539552171494   Elapsed: 435.392s (7m 15s)  37% completed  (68% total)
     Speed:     ev/sec=25428.9   simsec/sec=0.963813   ev/simsec=26383.6
     Messages:  created: 11540512   present: 8239   in FES: 205
** Event #10269184   t=187.525375928633   Elapsed: 437.398s (7m 17s)  37% completed  (68% total)
     Speed:     ev/sec=27308.2   simsec/sec=0.989873   ev/simsec=27587.5
     Messages:  created: 11597175   present: 8741   in FES: 254
** Event #10334720   t=190.003767745759   Elapsed: 439.402s (7m 19s)  38% completed  (69% total)
     Speed:     ev/sec=32706.6   simsec/sec=1.23688   ev/simsec=26443
     Messages:  created: 11666024   present: 9147   in FES: 229
** Event #10422528   t=193.080409394649   Elapsed: 441.404s (7m 21s)  38% completed  (69% total)
     Speed:     ev/sec=43864.3   simsec/sec=1.53693   ev/simsec=28540.2
     Messages:  created: 11758132   present: 9718   in FES: 223
** Event #10514176   t=196.57634896038   Elapsed: 443.408s (7m 23s)  39% completed  (69% total)
     Speed:     ev/sec=45737.5   simsec/sec=1.74467   ev/simsec=26215.6
     Messages:  created: 11854770   present: 10419   in FES: 255
** Event #10605312   t=200.050372714363   Elapsed: 445.408s (7m 25s)  40% completed  (70% total)
     Speed:     ev/sec=45562.3   simsec/sec=1.7368   ev/simsec=26233.6
     Messages:  created: 11950749   present: 11112   in FES: 251
** Event #10699008   t=203.564339912212   Elapsed: 447.415s (7m 27s)  40% completed  (70% total)
     Speed:     ev/sec=46684   simsec/sec=1.75083   ev/simsec=26663.9
     Messages:  created: 12049854   present: 11757   in FES: 254
** Event #10792448   t=207.073434752881   Elapsed: 449.419s (7m 29s)  41% completed  (70% total)
     Speed:     ev/sec=46631.2   simsec/sec=1.75121   ev/simsec=26627.9
     Messages:  created: 12148900   present: 12437   in FES: 252
** Event #10884864   t=210.580451281153   Elapsed: 451.424s (7m 31s)  42% completed  (71% total)
     Speed:     ev/sec=46083.3   simsec/sec=1.74877   ev/simsec=26351.7
     Messages:  created: 12246899   present: 13060   in FES: 243
** Event #10979840   t=213.991300794285   Elapsed: 453.429s (7m 33s)  42% completed  (71% total)
     Speed:     ev/sec=47386.4   simsec/sec=1.70178   ev/simsec=27845.3
     Messages:  created: 12352451   present: 13709   in FES: 268
** Event #11091200   t=215.971611926189   Elapsed: 455.429s (7m 35s)  43% completed  (71% total)
     Speed:     ev/sec=55662.5   simsec/sec=0.989844   ev/simsec=56233.6
     Messages:  created: 12490810   present: 13949   in FES: 271
** Event #11209472   t=217.92419114279   Elapsed: 457.431s (7m 37s)  43% completed  (71% total)
     Speed:     ev/sec=59076.2   simsec/sec=0.975303   ev/simsec=60572.2
     Messages:  created: 12638771   present: 14161   in FES: 255
** Event #11316736   t=219.590923018077   Elapsed: 459.434s (7m 39s)  43% completed  (71% total)
     Speed:     ev/sec=53565   simsec/sec=0.832326   ev/simsec=64355.9
     Messages:  created: 12772498   present: 14392   in FES: 256
** Event #11435264   t=221.557545941736   Elapsed: 461.435s (7m 41s)  44% completed  (72% total)
     Speed:     ev/sec=59219.3   simsec/sec=0.98257   ev/simsec=60269.8
     Messages:  created: 12921448   present: 14640   in FES: 255
** Event #11552768   t=223.51363769676   Elapsed: 463.441s (7m 43s)  44% completed  (72% total)
     Speed:     ev/sec=58590.4   simsec/sec=0.975356   ev/simsec=60070.8
     Messages:  created: 13069583   present: 14876   in FES: 245
** Event #11665920   t=225.396124363601   Elapsed: 465.443s (7m 45s)  45% completed  (72% total)
     Speed:     ev/sec=56500.7   simsec/sec=0.939991   ev/simsec=60107.7
     Messages:  created: 13211184   present: 15064   in FES: 255
** Event #11783424   t=227.272561281513   Elapsed: 467.445s (7m 47s)  45% completed  (72% total)
     Speed:     ev/sec=58694.2   simsec/sec=0.937295   ev/simsec=62620.8
     Messages:  created: 13358241   present: 15304   in FES: 265
** Event #11901952   t=229.206694076686   Elapsed: 469.446s (7m 49s)  45% completed  (72% total)
     Speed:     ev/sec=59231.9   simsec/sec=0.966542   ev/simsec=61282.2
     Messages:  created: 13506598   present: 15484   in FES: 260
** Event #12019968   t=231.091188195605   Elapsed: 471.449s (7m 51s)  46% completed  (73% total)
     Speed:     ev/sec=58943.6   simsec/sec=0.941219   ev/simsec=62624.8
     Messages:  created: 13654662   present: 15789   in FES: 266
** Event #12134912   t=233.050753729363   Elapsed: 473.45s (7m 53s)  46% completed  (73% total)
     Speed:     ev/sec=57439.2   simsec/sec=0.979224   ev/simsec=58657.9
     Messages:  created: 13799374   present: 16000   in FES: 272
** Event #12237312   t=234.706370725884   Elapsed: 475.451s (7m 55s)  46% completed  (73% total)
     Speed:     ev/sec=51177.2   simsec/sec=0.827439   ev/simsec=61850.1
     Messages:  created: 13927708   present: 14633   in FES: 266
** Event #12347648   t=236.52279284839   Elapsed: 477.455s (7m 57s)  47% completed  (73% total)
     Speed:     ev/sec=55055.5   simsec/sec=0.906359   ev/simsec=60743.6
     Messages:  created: 14066996   present: 11079   in FES: 271
** Event #12450304   t=238.173846284314   Elapsed: 479.457s (7m 59s)  47% completed  (73% total)
     Speed:     ev/sec=51262.7   simsec/sec=0.824477   ev/simsec=62176.1
     Messages:  created: 14194582   present: 11306   in FES: 271
** Event #12555008   t=239.995445393974   Elapsed: 481.458s (8m 01s)  47% completed  (73% total)
     Speed:     ev/sec=52335.6   simsec/sec=0.910514   ev/simsec=57479.2
     Messages:  created: 14327648   present: 11463   in FES: 245
** Event #12660480   t=241.605954025822   Elapsed: 483.459s (8m 03s)  48% completed  (74% total)
     Speed:     ev/sec=52711.6   simsec/sec=0.804882   ev/simsec=65489.9
     Messages:  created: 14458475   present: 11703   in FES: 254
** Event #12774912   t=243.533760136037   Elapsed: 485.466s (8m 05s)  48% completed  (74% total)
     Speed:     ev/sec=57007.7   simsec/sec=0.960394   ev/simsec=59358.7
     Messages:  created: 14602780   present: 11845   in FES: 216
** Event #12882688   t=245.307189252657   Elapsed: 487.467s (8m 07s)  49% completed  (74% total)
     Speed:     ev/sec=53861.6   simsec/sec=0.88628   ev/simsec=60772.7
     Messages:  created: 14737620   present: 12104   in FES: 256
** Event #12984832   t=247.022559735821   Elapsed: 489.467s (8m 09s)  49% completed  (74% total)
     Speed:     ev/sec=51069.3   simsec/sec=0.85764   ev/simsec=59546.3
     Messages:  created: 14866491   present: 12360   in FES: 267
** Event #13085440   t=248.573309275903   Elapsed: 491.47s (8m 11s)  49% completed  (74% total)
     Speed:     ev/sec=50231.9   simsec/sec=0.774264   ev/simsec=64877
     Messages:  created: 14992094   present: 12557   in FES: 253
** Event #13201920   t=248.89937597258   Elapsed: 493.471s (8m 13s)  49% completed  (74% total)
     Speed:     ev/sec=58215.8   simsec/sec=0.162966   ev/simsec=357228
     Messages:  created: 15153982   present: 11118   in FES: 288
** Event #13302528   t=249.072359976651   Elapsed: 495.473s (8m 15s)  49% completed  (74% total)
     Speed:     ev/sec=50243.1   simsec/sec=0.0863873   ev/simsec=581603
     Messages:  created: 15292537   present: 10253   in FES: 288
** Event #13406208   t=250.549787300469   Elapsed: 497.476s (8m 17s)  50% completed  (75% total)
     Speed:     ev/sec=51782.1   simsec/sec=0.737888   ev/simsec=70176
     Messages:  created: 15425885   present: 10307   in FES: 235
** Event #13513728   t=250.777366384651   Elapsed: 499.479s (8m 19s)  50% completed  (75% total)
     Speed:     ev/sec=53659.8   simsec/sec=0.113577   ev/simsec=472451
     Messages:  created: 15574675   present: 8923   in FES: 286
** Event #13632512   t=250.984784881787   Elapsed: 501.483s (8m 21s)  50% completed  (75% total)
     Speed:     ev/sec=59296.8   simsec/sec=0.103543   ev/simsec=572678
     Messages:  created: 15741657   present: 8129   in FES: 287
** Event #13743616   t=251.143842614966   Elapsed: 503.486s (8m 23s)  50% completed  (75% total)
     Speed:     ev/sec=55467   simsec/sec=0.0794071   ev/simsec=698514
     Messages:  created: 15893322   present: 7502   in FES: 266
** Event #13859072   t=251.582623454692   Elapsed: 505.488s (8m 25s)  50% completed  (75% total)
     Speed:     ev/sec=57658.5   simsec/sec=0.219126   ev/simsec=263129
     Messages:  created: 16052680   present: 7405   in FES: 265
** Event #13973504   t=252.542530827048   Elapsed: 507.49s (8m 27s)  50% completed  (75% total)
     Speed:     ev/sec=57158.1   simsec/sec=0.479468   ev/simsec=119212
     Messages:  created: 16204697   present: 7432   in FES: 270
** Event #14086912   t=253.472270681508   Elapsed: 509.494s (8m 29s)  50% completed  (75% total)
     Speed:     ev/sec=56584.1   simsec/sec=0.463887   ev/simsec=121978
     Messages:  created: 16355303   present: 7486   in FES: 272
** Event #14184448   t=254.226862549343   Elapsed: 511.497s (8m 31s)  50% completed  (75% total)
     Speed:     ev/sec=48707.4   simsec/sec=0.376827   ev/simsec=129257
     Messages:  created: 16481643   present: 7465   in FES: 237
** Event #14286848   t=255.066257335788   Elapsed: 513.497s (8m 33s)  51% completed  (75% total)
     Speed:     ev/sec=51198.4   simsec/sec=0.419684   ev/simsec=121993
     Messages:  created: 16615999   present: 7607   in FES: 247
** Event #14387712   t=255.923832301802   Elapsed: 515.499s (8m 35s)  51% completed  (75% total)
     Speed:     ev/sec=50375.6   simsec/sec=0.428308   ev/simsec=117615
     Messages:  created: 16749157   present: 7613   in FES: 255
** Event #14477056   t=256.587001614183   Elapsed: 517.499s (8m 37s)  51% completed  (75% total)
     Speed:     ev/sec=44663.6   simsec/sec=0.331522   ev/simsec=134723
     Messages:  created: 16863978   present: 7745   in FES: 255
** Event #14579200   t=257.542169333461   Elapsed: 519.515s (8m 39s)  51% completed  (75% total)
     Speed:     ev/sec=50668   simsec/sec=0.473806   ev/simsec=106938
     Messages:  created: 16996789   present: 7819   in FES: 251
** Event #14678016   t=258.268877148649   Elapsed: 521.517s (8m 41s)  51% completed  (75% total)
     Speed:     ev/sec=49359   simsec/sec=0.362993   ev/simsec=135978
     Messages:  created: 17124734   present: 7863   in FES: 255
** Event #14756352   t=258.696616236511   Elapsed: 523.52s (8m 43s)  51% completed  (75% total)
     Speed:     ev/sec=39123.9   simsec/sec=0.213629   ev/simsec=183140
     Messages:  created: 17228197   present: 8016   in FES: 264
** Event #14868992   t=258.889100459383   Elapsed: 525.52s (8m 45s)  51% completed  (75% total)
     Speed:     ev/sec=56297.3   simsec/sec=0.0962032   ev/simsec=585191
     Messages:  created: 17386788   present: 8025   in FES: 263
** Event #14986496   t=259.082451250586   Elapsed: 527.52s (8m 47s)  51% completed  (75% total)
     Speed:     ev/sec=58751.2   simsec/sec=0.0966741   ev/simsec=607724
     Messages:  created: 17547870   present: 8208   in FES: 314
** Event #15105792   t=259.293049679706   Elapsed: 529.522s (8m 49s)  51% completed  (75% total)
     Speed:     ev/sec=59602.4   simsec/sec=0.105219   ev/simsec=566462
     Messages:  created: 17714763   present: 8065   in FES: 263
** Event #15224320   t=259.50267179936   Elapsed: 531.522s (8m 51s)  51% completed  (75% total)
     Speed:     ev/sec=59262   simsec/sec=0.104808   ev/simsec=565437
     Messages:  created: 17881301   present: 8040   in FES: 237
** Event #15307264   t=259.649147031435   Elapsed: 533.524s (8m 53s)  51% completed  (75% total)
     Speed:     ev/sec=41441.2   simsec/sec=0.0731832   ev/simsec=566266
     Messages:  created: 17992636   present: 8040   in FES: 226
** Event #15424512   t=259.847035865617   Elapsed: 535.525s (8m 55s)  51% completed  (75% total)
     Speed:     ev/sec=58579.9   simsec/sec=0.0988699   ev/simsec=592494
     Messages:  created: 18157533   present: 8192   in FES: 267
** Event #15542528   t=260.04297657465   Elapsed: 537.528s (8m 57s)  52% completed  (76% total)
     Speed:     ev/sec=58916.5   simsec/sec=0.0978185   ev/simsec=602305
     Messages:  created: 18321521   present: 8188   in FES: 263
** Event #15655424   t=260.231007433295   Elapsed: 539.529s (8m 59s)  52% completed  (76% total)
     Speed:     ev/sec=56410.3   simsec/sec=0.0939527   ev/simsec=600412
     Messages:  created: 18476450   present: 8236   in FES: 279
** Event #15772160   t=260.426552362276   Elapsed: 541.532s (9m 01s)  52% completed  (76% total)
     Speed:     ev/sec=58300.8   simsec/sec=0.0976599   ev/simsec=596978
     Messages:  created: 18640514   present: 8239   in FES: 266
** Event #15862272   t=260.574540105255   Elapsed: 543.532s (9m 03s)  52% completed  (76% total)
     Speed:     ev/sec=45051.9   simsec/sec=0.0739872   ev/simsec=608915
     Messages:  created: 18763446   present: 8238   in FES: 255
** Event #15963136   t=260.745415937286   Elapsed: 545.535s (9m 05s)  52% completed  (76% total)
     Speed:     ev/sec=50365.6   simsec/sec=0.0853255   ev/simsec=590277
     Messages:  created: 18904093   present: 8264   in FES: 255
** Event #16078336   t=260.939224642546   Elapsed: 547.538s (9m 07s)  52% completed  (76% total)
     Speed:     ev/sec=57496.7   simsec/sec=0.0967306   ev/simsec=594401
     Messages:  created: 19065989   present: 8244   in FES: 226
** Event #16194816   t=261.130731103785   Elapsed: 549.541s (9m 09s)  52% completed  (76% total)
     Speed:     ev/sec=58158.4   simsec/sec=0.0956191   ev/simsec=608230
     Messages:  created: 19224014   present: 8487   in FES: 299
** Event #16314624   t=261.340680630643   Elapsed: 551.542s (9m 11s)  52% completed  (76% total)
     Speed:     ev/sec=59880.3   simsec/sec=0.104933   ev/simsec=570651
     Messages:  created: 19392219   present: 8345   in FES: 255
** Event #16425216   t=261.526733583871   Elapsed: 553.543s (9m 13s)  52% completed  (76% total)
     Speed:     ev/sec=55257.3   simsec/sec=0.0929613   ev/simsec=594411
     Messages:  created: 19546514   present: 8387   in FES: 272
** Event #16510464   t=261.682915878479   Elapsed: 555.547s (9m 15s)  52% completed  (76% total)
     Speed:     ev/sec=42536.7   simsec/sec=0.0779312   ev/simsec=545824
     Messages:  created: 19661998   present: 8381   in FES: 248
** Event #16623616   t=261.888727584523   Elapsed: 557.547s (9m 17s)  52% completed  (76% total)
     Speed:     ev/sec=56570   simsec/sec=0.102895   ev/simsec=549784
     Messages:  created: 19820975   present: 8417   in FES: 255
** Event #16739328   t=262.072111835374   Elapsed: 559.549s (9m 19s)  52% completed  (76% total)
     Speed:     ev/sec=57806   simsec/sec=0.0916129   ev/simsec=630981
     Messages:  created: 19979938   present: 8400   in FES: 289
** Event #16856576   t=262.283090659402   Elapsed: 561.551s (9m 21s)  52% completed  (76% total)
     Speed:     ev/sec=58585.3   simsec/sec=0.10542   ev/simsec=555733
     Messages:  created: 20143443   present: 8368   in FES: 247
** Event #16975616   t=262.451426109367   Elapsed: 563.554s (9m 23s)  52% completed  (76% total)
     Speed:     ev/sec=59424.3   simsec/sec=0.0840323   ev/simsec=707159
     Messages:  created: 20311831   present: 8446   in FES: 257
** Event #17075200   t=262.586465991769   Elapsed: 565.555s (9m 25s)  52% completed  (76% total)
     Speed:     ev/sec=49753.7   simsec/sec=0.0674681   ev/simsec=737441
     Messages:  created: 20449470   present: 8515   in FES: 277
** Event #17187584   t=262.820729082231   Elapsed: 567.557s (9m 27s)  52% completed  (76% total)
     Speed:     ev/sec=56131.2   simsec/sec=0.117005   ev/simsec=479734
     Messages:  created: 20606622   present: 8359   in FES: 256
** Event #17303296   t=263.243293114356   Elapsed: 569.558s (9m 29s)  52% completed  (76% total)
     Speed:     ev/sec=57840.4   simsec/sec=0.211225   ev/simsec=273833
     Messages:  created: 20762837   present: 8335   in FES: 255
** Event #17401856   t=263.536571084304   Elapsed: 571.561s (9m 31s)  52% completed  (76% total)
     Speed:     ev/sec=49212.1   simsec/sec=0.146437   ev/simsec=336063
     Messages:  created: 20898779   present: 8439   in FES: 246
** Event #17499392   t=263.715376959591   Elapsed: 573.562s (9m 33s)  52% completed  (76% total)
     Speed:     ev/sec=48741   simsec/sec=0.0893534   ev/simsec=545485
     Messages:  created: 21033319   present: 8491   in FES: 266
** Event #17611776   t=263.901742502882   Elapsed: 575.563s (9m 35s)  52% completed  (76% total)
     Speed:     ev/sec=56153.3   simsec/sec=0.0931187   ev/simsec=603030
     Messages:  created: 21191067   present: 8374   in FES: 215
** Event #17725696   t=264.104136027063   Elapsed: 577.566s (9m 37s)  52% completed  (76% total)
     Speed:     ev/sec=56877.1   simsec/sec=0.10105   ev/simsec=562864
     Messages:  created: 21345390   present: 8432   in FES: 234
** Event #17844992   t=264.484756554605   Elapsed: 579.568s (9m 39s)  52% completed  (76% total)
     Speed:     ev/sec=59604.6   simsec/sec=0.190172   ev/simsec=313425
     Messages:  created: 21512685   present: 8513   in FES: 258
** Event #17926656   t=264.718005776422   Elapsed: 581.568s (9m 41s)  52% completed  (76% total)
     Speed:     ev/sec=40821.6   simsec/sec=0.116595   ev/simsec=350115
     Messages:  created: 21622279   present: 8509   in FES: 257
** Event #18042624   t=265.052381310309   Elapsed: 583.572s (9m 43s)  53% completed  (76% total)
     Speed:     ev/sec=57884.1   simsec/sec=0.1669   ev/simsec=346820
     Messages:  created: 21781429   present: 8495   in FES: 235
** Event #18157056   t=265.357908192595   Elapsed: 585.574s (9m 45s)  53% completed  (76% total)
     Speed:     ev/sec=57159.2   simsec/sec=0.152612   ev/simsec=374540
     Messages:  created: 21939240   present: 8419   in FES: 207
** Event #18240768   t=265.588374561909   Elapsed: 587.592s (9m 47s)  53% completed  (76% total)
     Speed:     ev/sec=41482.5   simsec/sec=0.114205   ev/simsec=363229
     Messages:  created: 22052123   present: 8460   in FES: 208
** Event #18352640   t=265.973146064393   Elapsed: 589.592s (9m 49s)  53% completed  (76% total)
     Speed:     ev/sec=55922.3   simsec/sec=0.192339   ev/simsec=290749
     Messages:  created: 22208313   present: 8585   in FES: 273
** Event #18470656   t=266.282014844732   Elapsed: 591.596s (9m 51s)  53% completed  (76% total)
     Speed:     ev/sec=58883.8   simsec/sec=0.154109   ev/simsec=382091
     Messages:  created: 22367453   present: 8533   in FES: 226
** Event #18566656   t=266.554646337979   Elapsed: 593.613s (9m 53s)  53% completed  (76% total)
     Speed:     ev/sec=47594.5   simsec/sec=0.135164   ev/simsec=352124
     Messages:  created: 22499762   present: 8579   in FES: 231
** Event #18663936   t=266.711428810834   Elapsed: 595.618s (9m 55s)  53% completed  (76% total)
     Speed:     ev/sec=48529.8   simsec/sec=0.0782137   ev/simsec=620478
     Messages:  created: 22633657   present: 8615   in FES: 257
** Event #18780928   t=266.918953631398   Elapsed: 597.621s (9m 57s)  53% completed  (76% total)
     Speed:     ev/sec=58394.5   simsec/sec=0.103582   ev/simsec=563749
     Messages:  created: 22797640   present: 8673   in FES: 256
** Event #18897152   t=267.3023439535   Elapsed: 599.624s (9m 59s)  53% completed  (76% total)
     Speed:     ev/sec=58044.3   simsec/sec=0.191472   ev/simsec=303148
     Messages:  created: 22954394   present: 8565   in FES: 213
** Event #18962432   t=267.978153970069   Elapsed: 601.628s (10m 01s)  53% completed  (76% total)
     Speed:     ev/sec=32573.1   simsec/sec=0.337213   ev/simsec=96595.2
     Messages:  created: 23038858   present: 8617   in FES: 225
** Event #19036928   t=268.614536093258   Elapsed: 603.632s (10m 03s)  53% completed  (76% total)
     Speed:     ev/sec=37168.6   simsec/sec=0.317513   ev/simsec=117062
     Messages:  created: 23130492   present: 8679   in FES: 255
** Event #19128576   t=269.577614208428   Elapsed: 605.65s (10m 05s)  53% completed  (76% total)
     Speed:     ev/sec=45420.1   simsec/sec=0.477295   ev/simsec=95161.5
     Messages:  created: 23246675   present: 8825   in FES: 255
** Event #19218944   t=270.54415004117   Elapsed: 607.654s (10m 07s)  54% completed  (77% total)
     Speed:     ev/sec=45084.6   simsec/sec=0.482205   ev/simsec=93496.8
     Messages:  created: 23362596   present: 8520   in FES: 230
** Event #19306240   t=271.364517320443   Elapsed: 609.654s (10m 09s)  54% completed  (77% total)
     Speed:     ev/sec=43647.7   simsec/sec=0.410181   ev/simsec=106411
     Messages:  created: 23472902   present: 8615   in FES: 254
** Event #19384320   t=272.081228086023   Elapsed: 611.655s (10m 11s)  54% completed  (77% total)
     Speed:     ev/sec=39018.8   simsec/sec=0.358161   ev/simsec=108942
     Messages:  created: 23570629   present: 8683   in FES: 255
** Event #19460096   t=272.841696862408   Elapsed: 613.657s (10m 13s)  54% completed  (77% total)
     Speed:     ev/sec=37855.3   simsec/sec=0.379906   ev/simsec=99643.8
     Messages:  created: 23669327   present: 8691   in FES: 255
** Event #19543808   t=273.671397008641   Elapsed: 615.659s (10m 15s)  54% completed  (77% total)
     Speed:     ev/sec=41822.7   simsec/sec=0.41452   ev/simsec=100894
     Messages:  created: 23774286   present: 8696   in FES: 248
** Event #19633920   t=274.574673081342   Elapsed: 617.661s (10m 17s)  54% completed  (77% total)
     Speed:     ev/sec=44992.7   simsec/sec=0.451003   ev/simsec=99761.3
     Messages:  created: 23888443   present: 8736   in FES: 210
** Event #19725056   t=275.52622939878   Elapsed: 619.664s (10m 19s)  55% completed  (77% total)
     Speed:     ev/sec=45510.2   simsec/sec=0.475175   ev/simsec=95775.7
     Messages:  created: 24005126   present: 8878   in FES: 246
** Event #19819776   t=276.508678003673   Elapsed: 621.667s (10m 21s)  55% completed  (77% total)
     Speed:     ev/sec=47290.5   simsec/sec=0.490504   ev/simsec=96412.2
     Messages:  created: 24126088   present: 8925   in FES: 238
** Event #19905280   t=277.330960898117   Elapsed: 623.668s (10m 23s)  55% completed  (77% total)
     Speed:     ev/sec=42719.2   simsec/sec=0.410826   ev/simsec=103984
     Messages:  created: 24233372   present: 8982   in FES: 254
** Event #19984128   t=278.080598965489   Elapsed: 625.673s (10m 25s)  55% completed  (77% total)
     Speed:     ev/sec=39342.7   simsec/sec=0.374046   ev/simsec=105181
     Messages:  created: 24331523   present: 9037   in FES: 245
** Event #20066048   t=278.976902788999   Elapsed: 627.676s (10m 27s)  55% completed  (77% total)
     Speed:     ev/sec=40893.4   simsec/sec=0.447424   ev/simsec=91397.6
     Messages:  created: 24438815   present: 9143   in FES: 258
** Event #20144128   t=279.673350694499   Elapsed: 629.679s (10m 29s)  55% completed  (77% total)
     Speed:     ev/sec=38972.1   simsec/sec=0.347619   ev/simsec=112112
     Messages:  created: 24535229   present: 9135   in FES: 254
** Event #20231680   t=280.561186346221   Elapsed: 631.683s (10m 31s)  56% completed  (78% total)
     Speed:     ev/sec=43686.6   simsec/sec=0.443012   ev/simsec=98612.8
     Messages:  created: 24647280   present: 9178   in FES: 240
** Event #20325632   t=281.511919371365   Elapsed: 633.707s (10m 33s)  56% completed  (78% total)
     Speed:     ev/sec=46433.4   simsec/sec=0.469876   ev/simsec=98820.6
     Messages:  created: 24767564   present: 9263   in FES: 254
** Event #20413696   t=282.349127140803   Elapsed: 635.711s (10m 35s)  56% completed  (78% total)
     Speed:     ev/sec=43950.5   simsec/sec=0.417829   ev/simsec=105188
     Messages:  created: 24879217   present: 9336   in FES: 255
** Event #20492288   t=283.083550247713   Elapsed: 637.713s (10m 37s)  56% completed  (78% total)
     Speed:     ev/sec=39240.5   simsec/sec=0.366693   ev/simsec=107012
     Messages:  created: 24977457   present: 9283   in FES: 213
** Event #20569600   t=283.952719059074   Elapsed: 639.715s (10m 39s)  56% completed  (78% total)
     Speed:     ev/sec=38619.1   simsec/sec=0.43417   ev/simsec=88949.3
     Messages:  created: 25078022   present: 9376   in FES: 254
** Event #20648192   t=284.59917132815   Elapsed: 641.717s (10m 41s)  56% completed  (78% total)
     Speed:     ev/sec=39259.8   simsec/sec=0.322928   ev/simsec=121574
     Messages:  created: 25174739   present: 9617   in FES: 299
** Event #20738304   t=285.567822866832   Elapsed: 643.72s (10m 43s)  57% completed  (78% total)
     Speed:     ev/sec=44992.2   simsec/sec=0.483639   ev/simsec=93028.3
     Messages:  created: 25289636   present: 9500   in FES: 254
** Event #20831488   t=286.512439080018   Elapsed: 645.721s (10m 45s)  57% completed  (78% total)
     Speed:     ev/sec=46573.8   simsec/sec=0.472124   ev/simsec=98647.5
     Messages:  created: 25408322   present: 9590   in FES: 245
** Event #20928512   t=287.501319651921   Elapsed: 647.723s (10m 47s)  57% completed  (78% total)
     Speed:     ev/sec=48451.7   simsec/sec=0.493826   ev/simsec=98115
     Messages:  created: 25532389   present: 9654   in FES: 255
** Event #21013248   t=288.286344639028   Elapsed: 649.724s (10m 49s)  57% completed  (78% total)
     Speed:     ev/sec=42354.2   simsec/sec=0.392385   ev/simsec=107941
     Messages:  created: 25638449   present: 9708   in FES: 272
** Event #21103616   t=289.114654165115   Elapsed: 651.726s (10m 51s)  57% completed  (78% total)
     Speed:     ev/sec=45142.6   simsec/sec=0.413775   ev/simsec=109099
     Messages:  created: 25752370   present: 9761   in FES: 255
** Event #21186048   t=290.035700284234   Elapsed: 653.726s (10m 53s)  58% completed  (79% total)
     Speed:     ev/sec=41214.5   simsec/sec=0.460507   ev/simsec=89498.2
     Messages:  created: 25859636   present: 9946   in FES: 306
** Event #21266432   t=290.792901887823   Elapsed: 655.728s (10m 55s)  58% completed  (79% total)
     Speed:     ev/sec=40140.3   simsec/sec=0.378114   ev/simsec=106159
     Messages:  created: 25961157   present: 9864   in FES: 252
** Event #21349376   t=291.577401013892   Elapsed: 657.738s (10m 57s)  58% completed  (79% total)
     Speed:     ev/sec=41277.1   simsec/sec=0.390406   ev/simsec=105729
     Messages:  created: 26064671   present: 9836   in FES: 210
** Event #21440000   t=292.512864664685   Elapsed: 659.756s (10m 59s)  58% completed  (79% total)
     Speed:     ev/sec=44894.3   simsec/sec=0.46342   ev/simsec=96876
     Messages:  created: 26181501   present: 9986   in FES: 249
** Event #21535232   t=293.477793633687   Elapsed: 661.759s (11m 01s)  58% completed  (79% total)
     Speed:     ev/sec=47563.1   simsec/sec=0.481929   ev/simsec=98693.3
     Messages:  created: 26303332   present: 9983   in FES: 223
** Event #21615104   t=294.221597752831   Elapsed: 663.762s (11m 03s)  58% completed  (79% total)
     Speed:     ev/sec=39872.5   simsec/sec=0.371311   ev/simsec=107383
     Messages:  created: 26402192   present: 10023   in FES: 256
** Event #21689344   t=295.014232401874   Elapsed: 665.766s (11m 05s)  59% completed  (79% total)
     Speed:     ev/sec=37049.4   simsec/sec=0.395563   ev/simsec=93662.3
     Messages:  created: 26499473   present: 10109   in FES: 254
** Event #21764864   t=295.721743544367   Elapsed: 667.768s (11m 07s)  59% completed  (79% total)
     Speed:     ev/sec=37720.7   simsec/sec=0.353387   ev/simsec=106740
     Messages:  created: 26593030   present: 10175   in FES: 256
** Event #21854208   t=296.577118133178   Elapsed: 669.771s (11m 09s)  59% completed  (79% total)
     Speed:     ev/sec=44608.4   simsec/sec=0.427078   ev/simsec=104450
     Messages:  created: 26705960   present: 10407   in FES: 294
** Event #21947392   t=297.537092507261   Elapsed: 671.773s (11m 11s)  59% completed  (79% total)
     Speed:     ev/sec=46544.7   simsec/sec=0.4795   ev/simsec=97069.3
     Messages:  created: 26825130   present: 10250   in FES: 253
** Event #22043904   t=298.511256634982   Elapsed: 673.781s (11m 13s)  59% completed  (79% total)
     Speed:     ev/sec=48049.2   simsec/sec=0.484995   ev/simsec=99071.6
     Messages:  created: 26948618   present: 10346   in FES: 254
** Event #22125824   t=299.28517216995   Elapsed: 675.786s (11m 15s)  59% completed  (79% total)
     Speed:     ev/sec=40870.6   simsec/sec=0.386113   ev/simsec=105851
     Messages:  created: 27051144   present: 10388   in FES: 265
** Event #22212096   t=300.085057288191   Elapsed: 677.786s (11m 17s)  60% completed  (80% total)
     Speed:     ev/sec=43127.3   simsec/sec=0.399862   ev/simsec=107855
     Messages:  created: 27160209   present: 10474   in FES: 254
** Event #22293760   t=300.990548786577   Elapsed: 679.79s (11m 19s)  60% completed  (80% total)
     Speed:     ev/sec=40755.9   simsec/sec=0.451902   ev/simsec=90187.5
     Messages:  created: 27267234   present: 10524   in FES: 277
** Event #22374400   t=301.726860368572   Elapsed: 681.791s (11m 21s)  60% completed  (80% total)
     Speed:     ev/sec=40293.5   simsec/sec=0.367914   ev/simsec=109519
     Messages:  created: 27366954   present: 10459   in FES: 240
** Event #22458624   t=302.569716425173   Elapsed: 683.792s (11m 23s)  60% completed  (80% total)
     Speed:     ev/sec=42082.3   simsec/sec=0.42113   ev/simsec=99926.9
     Messages:  created: 27473855   present: 10549   in FES: 255
** Event #22553856   t=303.518434310835   Elapsed: 685.793s (11m 25s)  60% completed  (80% total)
     Speed:     ev/sec=47609.5   simsec/sec=0.474294   ev/simsec=100380
     Messages:  created: 27595514   present: 10676   in FES: 272
** Event #22651136   t=304.514025532357   Elapsed: 687.806s (11m 27s)  60% completed  (80% total)
     Speed:     ev/sec=48329.7   simsec/sec=0.49462   ev/simsec=97710.8
     Messages:  created: 27719019   present: 10770   in FES: 256
** Event #22748928   t=305.514590453149   Elapsed: 689.817s (11m 29s)  61% completed  (80% total)
     Speed:     ev/sec=48623.9   simsec/sec=0.497498   ev/simsec=97736.8
     Messages:  created: 27843579   present: 10744   in FES: 221
** Event #22845952   t=306.512374410168   Elapsed: 691.835s (11m 31s)  61% completed  (80% total)
     Speed:     ev/sec=48084.2   simsec/sec=0.494493   ev/simsec=97239.5
     Messages:  created: 27967021   present: 10879   in FES: 254
** Event #22944256   t=307.511645888567   Elapsed: 693.849s (11m 33s)  61% completed  (80% total)
     Speed:     ev/sec=48796.4   simsec/sec=0.496021   ev/simsec=98375.7
     Messages:  created: 28091933   present: 10935   in FES: 254
** Event #23043584   t=308.512819228032   Elapsed: 695.864s (11m 35s)  61% completed  (80% total)
     Speed:     ev/sec=49302.1   simsec/sec=0.496939   ev/simsec=99211.6
     Messages:  created: 28217374   present: 10984   in FES: 241
** Event #23142144   t=309.511207460784   Elapsed: 697.882s (11m 37s)  61% completed  (80% total)
     Speed:     ev/sec=48827.9   simsec/sec=0.494614   ev/simsec=98719.1
     Messages:  created: 28342332   present: 11035   in FES: 238
** Event #23239680   t=310.501319583678   Elapsed: 699.901s (11m 39s)  62% completed  (81% total)
     Speed:     ev/sec=48317.7   simsec/sec=0.490485   ev/simsec=98510.1
     Messages:  created: 28465641   present: 11132   in FES: 255
** Event #23336192   t=311.47299429805   Elapsed: 701.906s (11m 41s)  62% completed  (81% total)
     Speed:     ev/sec=48128.4   simsec/sec=0.484553   ev/simsec=99325.4
     Messages:  created: 28587344   present: 11063   in FES: 239
** Event #23431168   t=312.349923352549   Elapsed: 703.907s (11m 43s)  62% completed  (81% total)
     Speed:     ev/sec=47473.7   simsec/sec=0.438333   ev/simsec=108305
     Messages:  created: 28706919   present: 11237   in FES: 263
** Event #23514112   t=313.098494124073   Elapsed: 705.911s (11m 45s)  62% completed  (81% total)
     Speed:     ev/sec=41390.3   simsec/sec=0.373548   ev/simsec=110803
     Messages:  created: 28808596   present: 11306   in FES: 254
** Event #23590144   t=313.923615202656   Elapsed: 707.911s (11m 47s)  62% completed  (81% total)
     Speed:     ev/sec=38014.4   simsec/sec=0.412544   ev/simsec=92146.5
     Messages:  created: 28907371   present: 11350   in FES: 254
** Event #23676672   t=314.568610924428   Elapsed: 709.926s (11m 49s)  62% completed  (81% total)
     Speed:     ev/sec=42945.3   simsec/sec=0.320122   ev/simsec=134153
     Messages:  created: 29015276   present: 11318   in FES: 228
** Event #23793152   t=315.492519074898   Elapsed: 711.927s (11m 51s)  63% completed  (81% total)
     Speed:     ev/sec=58205.3   simsec/sec=0.461679   ev/simsec=126073
     Messages:  created: 29166760   present: 11402   in FES: 255
** Event #23849728   t=315.86398344338   Elapsed: 713.927s (11m 53s)  63% completed  (81% total)
     Speed:     ev/sec=28284.4   simsec/sec=0.185708   ev/simsec=152305
     Messages:  created: 29237845   present: 11382   in FES: 256
** Event #23939328   t=316.535128738399   Elapsed: 715.932s (11m 55s)  63% completed  (81% total)
     Speed:     ev/sec=44699.3   simsec/sec=0.334818   ev/simsec=133503
     Messages:  created: 29349256   present: 11464   in FES: 256
** Event #24011264   t=317.036272881188   Elapsed: 717.934s (11m 57s)  63% completed  (81% total)
     Speed:     ev/sec=35928   simsec/sec=0.250293   ev/simsec=143544
     Messages:  created: 29441033   present: 11509   in FES: 242
** Event #24085760   t=317.537187456317   Elapsed: 719.968s (11m 59s)  63% completed  (81% total)
     Speed:     ev/sec=36621.5   simsec/sec=0.246245   ev/simsec=148720
     Messages:  created: 29532470   present: 11567   in FES: 254
** Event #24144640   t=317.880822135934   Elapsed: 721.971s (12m 01s)  63% completed  (81% total)
     Speed:     ev/sec=29400.4   simsec/sec=0.171586   ev/simsec=171345
     Messages:  created: 29607913   present: 11438   in FES: 256
** Event #24249856   t=318.508455694503   Elapsed: 724.003s (12m 04s)  63% completed  (81% total)
     Speed:     ev/sec=51785.8   simsec/sec=0.308912   ev/simsec=167639
     Messages:  created: 29740712   present: 11551   in FES: 234
** Event #24269824   t=318.559387039984   Elapsed: 726.006s (12m 06s)  63% completed  (81% total)
     Speed:     ev/sec=9967.87   simsec/sec=0.0254245   ev/simsec=392057
     Messages:  created: 29761480   present: 11569   in FES: 302
** Event #24360448   t=319.051951226293   Elapsed: 728.007s (12m 08s)  63% completed  (81% total)
     Speed:     ev/sec=45288   simsec/sec=0.246152   ev/simsec=183984
     Messages:  created: 29876639   present: 11631   in FES: 289
** Event #24449024   t=319.514983685828   Elapsed: 730.025s (12m 10s)  63% completed  (81% total)
     Speed:     ev/sec=43890.2   simsec/sec=0.229437   ev/simsec=191295
     Messages:  created: 29990387   present: 11482   in FES: 256
** Event #24471552   t=319.585550653062   Elapsed: 732.035s (12m 12s)  63% completed  (81% total)
     Speed:     ev/sec=11205.3   simsec/sec=0.0350995   ev/simsec=319243
     Messages:  created: 30015544   present: 11503   in FES: 213
** Event #24570880   t=320.074242260698   Elapsed: 734.049s (12m 14s)  64% completed  (82% total)
     Speed:     ev/sec=49321.2   simsec/sec=0.242659   ev/simsec=203253
     Messages:  created: 30140414   present: 11501   in FES: 209
** Event #24657664   t=320.520179637985   Elapsed: 736.101s (12m 16s)  64% completed  (82% total)
     Speed:     ev/sec=42297.2   simsec/sec=0.217343   ev/simsec=194610
     Messages:  created: 30253062   present: 11556   in FES: 229
** Event #24678400   t=320.583171495652   Elapsed: 738.128s (12m 18s)  64% completed  (82% total)
     Speed:     ev/sec=10231.5   simsec/sec=0.0310811   ev/simsec=329185
     Messages:  created: 30275920   present: 11579   in FES: 234
** Event #24758272   t=321.007188586743   Elapsed: 740.129s (12m 20s)  64% completed  (82% total)
     Speed:     ev/sec=39922.1   simsec/sec=0.211935   ev/simsec=188370
     Messages:  created: 30381068   present: 11481   in FES: 204
** Event #24866816   t=321.524522633399   Elapsed: 742.163s (12m 22s)  64% completed  (82% total)
     Speed:     ev/sec=53356.4   simsec/sec=0.254303   ev/simsec=209814
     Messages:  created: 30516474   present: 11519   in FES: 219
** Event #24884992   t=321.577884536352   Elapsed: 744.21s (12m 24s)  64% completed  (82% total)
     Speed:     ev/sec=8880.21   simsec/sec=0.0260709   ev/simsec=340618
     Messages:  created: 30535846   present: 11588   in FES: 254
** Event #24942848   t=321.848586232109   Elapsed: 746.21s (12m 26s)  64% completed  (82% total)
     Speed:     ev/sec=28923.9   simsec/sec=0.135332   ev/simsec=213726
     Messages:  created: 30611228   present: 11589   in FES: 304
** Event #25056256   t=322.529442637135   Elapsed: 748.266s (12m 28s)  64% completed  (82% total)
     Speed:     ev/sec=55149.2   simsec/sec=0.331094   ev/simsec=166567
     Messages:  created: 30753033   present: 11681   in FES: 255
** Event #25071360   t=322.580777284166   Elapsed: 750.267s (12m 30s)  64% completed  (82% total)
     Speed:     ev/sec=7550.92   simsec/sec=0.0256637   ev/simsec=294226
     Messages:  created: 30768170   present: 11715   in FES: 251
** Event #25132800   t=322.886992451305   Elapsed: 752.271s (12m 32s)  64% completed  (82% total)
     Speed:     ev/sec=30656.3   simsec/sec=0.15279   ev/simsec=200643
     Messages:  created: 30848786   present: 11672   in FES: 257
** Event #25259520   t=323.131960520004   Elapsed: 754.273s (12m 34s)  64% completed  (82% total)
     Speed:     ev/sec=63301.1   simsec/sec=0.12237   ev/simsec=517292
     Messages:  created: 31011643   present: 11587   in FES: 245
** Event #25336064   t=323.510570088276   Elapsed: 756.311s (12m 36s)  64% completed  (82% total)
     Speed:     ev/sec=37544.6   simsec/sec=0.185707   ev/simsec=202171
     Messages:  created: 31114753   present: 11636   in FES: 229
** Event #25360896   t=323.583150369206   Elapsed: 758.316s (12m 38s)  64% completed  (82% total)
     Speed:     ev/sec=12388.6   simsec/sec=0.03621   ev/simsec=342131
     Messages:  created: 31144132   present: 11668   in FES: 226
** Event #25457408   t=324.22690535844   Elapsed: 760.316s (12m 40s)  64% completed  (82% total)
     Speed:     ev/sec=48246.8   simsec/sec=0.321816   ev/simsec=149920
     Messages:  created: 31264184   present: 11607   in FES: 222
** Event #25489664   t=324.584608858604   Elapsed: 762.344s (12m 42s)  64% completed  (82% total)
     Speed:     ev/sec=15907.8   simsec/sec=0.17641   ev/simsec=90175.2
     Messages:  created: 31304019   present: 11742   in FES: 256
** Event #25566976   t=325.507539680842   Elapsed: 764.351s (12m 44s)  65% completed  (82% total)
     Speed:     ev/sec=38525.8   simsec/sec=0.459912   ev/simsec=83767.9
     Messages:  created: 31396379   present: 12227   in FES: 407
** Event #25587968   t=325.611289647289   Elapsed: 766.364s (12m 46s)  65% completed  (82% total)
     Speed:     ev/sec=10425.8   simsec/sec=0.0515281   ev/simsec=202333
     Messages:  created: 31420077   present: 11799   in FES: 226
** Event #25661440   t=326.515149523446   Elapsed: 768.366s (12m 48s)  65% completed  (82% total)
     Speed:     ev/sec=36698.7   simsec/sec=0.451471   ev/simsec=81286.9
     Messages:  created: 31506772   present: 11994   in FES: 244
** Event #25680896   t=326.611107579812   Elapsed: 770.387s (12m 50s)  65% completed  (82% total)
     Speed:     ev/sec=9628.04   simsec/sec=0.047486   ev/simsec=202755
     Messages:  created: 31527966   present: 11990   in FES: 254
** Event #25756672   t=327.550529430157   Elapsed: 772.432s (12m 52s)  65% completed  (82% total)
     Speed:     ev/sec=37045.6   simsec/sec=0.459268   ev/simsec=80662.4
     Messages:  created: 31617249   present: 12104   in FES: 255
** Event #25806592   t=328.074187715402   Elapsed: 774.432s (12m 54s)  65% completed  (82% total)
     Speed:     ev/sec=24958.6   simsec/sec=0.261814   ev/simsec=95329.3
     Messages:  created: 31674184   present: 12219   in FES: 255
** Event #25848832   t=328.583429175302   Elapsed: 776.453s (12m 56s)  65% completed  (82% total)
     Speed:     ev/sec=20904.6   simsec/sec=0.252024   ev/simsec=82946.9
     Messages:  created: 31723750   present: 12241   in FES: 236
** Event #25924352   t=329.514305999982   Elapsed: 778.482s (12m 58s)  65% completed  (82% total)
     Speed:     ev/sec=37223.9   simsec/sec=0.45883   ev/simsec=81127.8
     Messages:  created: 31811858   present: 12400   in FES: 248
** Event #25944832   t=329.614029077062   Elapsed: 780.484s (13m 00s)  65% completed  (82% total)
     Speed:     ev/sec=10231.5   simsec/sec=0.0498199   ev/simsec=205369
     Messages:  created: 31832968   present: 12284   in FES: 210
** Event #26019328   t=330.554174018685   Elapsed: 782.49s (13m 02s)  66% completed  (83% total)
     Speed:     ev/sec=37124.7   simsec/sec=0.468517   ev/simsec=79238.8
     Messages:  created: 31919707   present: 12468   in FES: 228
** Event #26078720   t=331.331334370032   Elapsed: 784.493s (13m 04s)  66% completed  (83% total)
     Speed:     ev/sec=29648.7   simsec/sec=0.387962   ev/simsec=76421.8
     Messages:  created: 31984710   present: 12602   in FES: 259
** Event #26110464   t=331.582663911196   Elapsed: 786.538s (13m 06s)  66% completed  (83% total)
     Speed:     ev/sec=15526.7   simsec/sec=0.122931   ev/simsec=126304
     Messages:  created: 32022332   present: 12569   in FES: 210
** Event #26172672   t=332.51520929316   Elapsed: 788.56s (13m 08s)  66% completed  (83% total)
     Speed:     ev/sec=30771   simsec/sec=0.46128   ev/simsec=66707.7
     Messages:  created: 32091698   present: 12764   in FES: 230
** Event #26190080   t=332.601107405387   Elapsed: 790.563s (13m 10s)  66% completed  (83% total)
     Speed:     ev/sec=8690.9   simsec/sec=0.0428844   ev/simsec=202659
     Messages:  created: 32109064   present: 12827   in FES: 257
** Event #26264064   t=333.54806417724   Elapsed: 792.602s (13m 12s)  66% completed  (83% total)
     Speed:     ev/sec=36267.5   simsec/sec=0.464205   ev/simsec=78128.2
     Messages:  created: 32195297   present: 12820   in FES: 207
** Event #26284288   t=333.78490596544   Elapsed: 794.603s (13m 14s)  66% completed  (83% total)
     Speed:     ev/sec=10107.8   simsec/sec=0.118372   ev/simsec=85390.3
     Messages:  created: 32216470   present: 12839   in FES: 205
** Event #26344704   t=334.55851907161   Elapsed: 796.637s (13m 16s)  66% completed  (83% total)
     Speed:     ev/sec=29708.4   simsec/sec=0.380409   ev/simsec=78095.9
     Messages:  created: 32283369   present: 13051   in FES: 233
** Event #26394880   t=335.097217391341   Elapsed: 798.639s (13m 18s)  67% completed  (83% total)
     Speed:     ev/sec=25061.5   simsec/sec=0.269065   ev/simsec=93143
     Messages:  created: 32336626   present: 13189   in FES: 293
** Event #26425344   t=335.58024230701   Elapsed: 800.68s (13m 20s)  67% completed  (83% total)
     Speed:     ev/sec=14928.8   simsec/sec=0.236705   ev/simsec=63069.2
     Messages:  created: 32371725   present: 13219   in FES: 256
** Event #26489344   t=336.502721497141   Elapsed: 802.68s (13m 22s)  67% completed  (83% total)
     Speed:     ev/sec=31997.2   simsec/sec=0.4612   ev/simsec=69378.3
     Messages:  created: 32444022   present: 13306   in FES: 235
** Event #26504704   t=336.582658885042   Elapsed: 804.705s (13m 24s)  67% completed  (83% total)
     Speed:     ev/sec=7586.43   simsec/sec=0.0394817   ev/simsec=192150
     Messages:  created: 32458681   present: 13332   in FES: 231
** Event #26568704   t=337.513459380754   Elapsed: 806.713s (13m 26s)  67% completed  (83% total)
     Speed:     ev/sec=31860.3   simsec/sec=0.463368   ev/simsec=68758
     Messages:  created: 32530762   present: 13445   in FES: 256
** Event #26585344   t=337.585535368407   Elapsed: 808.743s (13m 28s)  67% completed  (83% total)
     Speed:     ev/sec=8199.41   simsec/sec=0.0355156   ev/simsec=230867
     Messages:  created: 32547244   present: 13494   in FES: 256
** Event #26648832   t=338.522624215587   Elapsed: 810.787s (13m 30s)  67% completed  (83% total)
     Speed:     ev/sec=31057.4   simsec/sec=0.458411   ev/simsec=67750.2
     Messages:  created: 32618390   present: 13575   in FES: 244
** Event #26665984   t=338.601289242366   Elapsed: 812.789s (13m 32s)  67% completed  (83% total)
     Speed:     ev/sec=8565.38   simsec/sec=0.0392838   ev/simsec=218038
     Messages:  created: 32635665   present: 13566   in FES: 238
** Event #26729728   t=339.551338359709   Elapsed: 814.79s (13m 34s)  67% completed  (83% total)
     Speed:     ev/sec=31866.8   simsec/sec=0.474947   ev/simsec=67095.5
     Messages:  created: 32707462   present: 13669   in FES: 227
** Event #26750976   t=339.801044183793   Elapsed: 816.79s (13m 36s)  67% completed  (83% total)
     Speed:     ev/sec=10620.5   simsec/sec=0.124812   ev/simsec=85092.1
     Messages:  created: 32730406   present: 13694   in FES: 255
** Event #26809088   t=340.556652212097   Elapsed: 818.815s (13m 38s)  68% completed  (84% total)
     Speed:     ev/sec=28702.3   simsec/sec=0.373205   ev/simsec=76907.6
     Messages:  created: 32794142   present: 13851   in FES: 242
** Event #26856192   t=341.083561253203   Elapsed: 820.817s (13m 40s)  68% completed  (84% total)
     Speed:     ev/sec=23527.4   simsec/sec=0.263179   ev/simsec=89396.8
     Messages:  created: 32844731   present: 13876   in FES: 236
** Event #26889472   t=341.578425406856   Elapsed: 822.853s (13m 42s)  68% completed  (84% total)
     Speed:     ev/sec=16345.9   simsec/sec=0.243059   ev/simsec=67250.8
     Messages:  created: 32882560   present: 13938   in FES: 222
** Event #26953216   t=342.504727083307   Elapsed: 824.905s (13m 44s)  68% completed  (84% total)
     Speed:     ev/sec=31065.3   simsec/sec=0.451428   ev/simsec=68815.6
     Messages:  created: 32954924   present: 14019   in FES: 212
** Event #26970880   t=342.591240302485   Elapsed: 826.917s (13m 46s)  68% completed  (84% total)
     Speed:     ev/sec=8781.39   simsec/sec=0.0430087   ev/simsec=204177
     Messages:  created: 32973031   present: 14046   in FES: 203
** Event #27034368   t=343.548247112318   Elapsed: 828.952s (13m 48s)  68% completed  (84% total)
     Speed:     ev/sec=31185.3   simsec/sec=0.470082   ev/simsec=66340.2
     Messages:  created: 33046188   present: 14209   in FES: 222
** Event #27087872   t=344.236904620348   Elapsed: 830.955s (13m 50s)  68% completed  (84% total)
     Speed:     ev/sec=26710.9   simsec/sec=0.3438   ev/simsec=77693.2
     Messages:  created: 33105934   present: 14235   in FES: 203
** Event #27115264   t=344.583633414973   Elapsed: 832.968s (13m 52s)  68% completed  (84% total)
     Speed:     ev/sec=13608.5   simsec/sec=0.172257   ev/simsec=79001.2
     Messages:  created: 33137586   present: 14448   in FES: 256
** Event #27177216   t=345.520964107013   Elapsed: 834.971s (13m 54s)  69% completed  (84% total)
     Speed:     ev/sec=30934.6   simsec/sec=0.46804   ev/simsec=66094.1
     Messages:  created: 33209445   present: 14568   in FES: 254
** Event #27215360   t=346.042529254748   Elapsed: 836.972s (13m 56s)  69% completed  (84% total)
     Speed:     ev/sec=19061.9   simsec/sec=0.260645   ev/simsec=73133.7
     Messages:  created: 33253229   present: 14626   in FES: 303
** Event #27258880   t=346.568917574317   Elapsed: 838.975s (13m 58s)  69% completed  (84% total)
     Speed:     ev/sec=21725.1   simsec/sec=0.262772   ev/simsec=82676.6
     Messages:  created: 33301243   present: 14602   in FES: 215
** Event #27323904   t=347.524580145807   Elapsed: 841.004s (14m 01s)  69% completed  (84% total)
     Speed:     ev/sec=32047.2   simsec/sec=0.470999   ev/simsec=68040.8
     Messages:  created: 33376703   present: 14847   in FES: 252
** Event #27378688   t=348.203195325934   Elapsed: 843.005s (14m 03s)  69% completed  (84% total)
     Speed:     ev/sec=27378.2   simsec/sec=0.339137   ev/simsec=80729.1
     Messages:  created: 33437566   present: 14903   in FES: 254
** Event #27409664   t=348.595474280895   Elapsed: 845.007s (14m 05s)  69% completed  (84% total)
     Speed:     ev/sec=15471.6   simsec/sec=0.195931   ev/simsec=78964.2
     Messages:  created: 33472833   present: 14985   in FES: 247
** Event #27472128   t=349.543332627987   Elapsed: 847.009s (14m 07s)  69% completed  (84% total)
     Speed:     ev/sec=31207.3   simsec/sec=0.473555   ev/simsec=65900.1
     Messages:  created: 33544929   present: 15031   in FES: 255
** Event #27536384   t=350.503539821342   Elapsed: 849.032s (14m 09s)  70% completed  (85% total)
     Speed:     ev/sec=31757   simsec/sec=0.47456   ev/simsec=66918.9
     Messages:  created: 33619968   present: 15221   in FES: 254
** Event #27570688   t=351.000486968894   Elapsed: 851.034s (14m 11s)  70% completed  (85% total)
     Speed:     ev/sec=17140.6   simsec/sec=0.248309   ev/simsec=69029.5
     Messages:  created: 33660134   present: 15335   in FES: 254
** Event #27620352   t=351.582415089014   Elapsed: 853.045s (14m 13s)  70% completed  (85% total)
     Speed:     ev/sec=24692.3   simsec/sec=0.289327   ev/simsec=85343.9
     Messages:  created: 33714668   present: 15389   in FES: 241
** Event #27683072   t=352.552549819659   Elapsed: 855.066s (14m 15s)  70% completed  (85% total)
     Speed:     ev/sec=31034.2   simsec/sec=0.480029   ev/simsec=64650.8
     Messages:  created: 33788030   present: 15495   in FES: 228
** Event #27746048   t=353.524581491791   Elapsed: 857.099s (14m 17s)  70% completed  (85% total)
     Speed:     ev/sec=30980.8   simsec/sec=0.478186   ev/simsec=64788
     Messages:  created: 33861724   present: 15609   in FES: 224
** Event #27818240   t=354.45294263475   Elapsed: 859.102s (14m 19s)  70% completed  (85% total)
     Speed:     ev/sec=36035.6   simsec/sec=0.463404   ev/simsec=77762.8
     Messages:  created: 33948468   present: 15726   in FES: 267
** Event #27876352   t=355.096207200601   Elapsed: 861.103s (14m 21s)  71% completed  (85% total)
     Speed:     ev/sec=29042.1   simsec/sec=0.321478   ev/simsec=90339.2
     Messages:  created: 34015532   present: 15903   in FES: 263
** Event #27942400   t=356.064006967185   Elapsed: 863.107s (14m 23s)  71% completed  (85% total)
     Speed:     ev/sec=32967.2   simsec/sec=0.483068   ev/simsec=68245.5
     Messages:  created: 34095151   present: 16029   in FES: 271
** Event #28020736   t=357.096896485436   Elapsed: 865.109s (14m 25s)  71% completed  (85% total)
     Speed:     ev/sec=39127.5   simsec/sec=0.51591   ev/simsec=75841.6
     Messages:  created: 34187963   present: 16212   in FES: 271
** Event #28103424   t=358.285128046099   Elapsed: 867.109s (14m 27s)  71% completed  (85% total)
     Speed:     ev/sec=41330.9   simsec/sec=0.593927   ev/simsec=69589.1
     Messages:  created: 34288028   present: 16368   in FES: 273
** Event #28182784   t=359.514102571323   Elapsed: 869.119s (14m 29s)  71% completed  (85% total)
     Speed:     ev/sec=39484.2   simsec/sec=0.611455   ev/simsec=64574.2
     Messages:  created: 34383334   present: 16556   in FES: 273
** Event #28252160   t=360.551453485224   Elapsed: 871.123s (14m 31s)  72% completed  (86% total)
     Speed:     ev/sec=34627.2   simsec/sec=0.517766   ev/simsec=66878
     Messages:  created: 34463823   present: 16688   in FES: 264
** Event #28320000   t=361.570510541   Elapsed: 873.132s (14m 33s)  72% completed  (86% total)
     Speed:     ev/sec=33766.5   simsec/sec=0.507222   ev/simsec=66571.3
     Messages:  created: 34542271   present: 16548   in FES: 258
** Event #28391424   t=362.740517040838   Elapsed: 875.133s (14m 35s)  72% completed  (86% total)
     Speed:     ev/sec=35685.9   simsec/sec=0.584575   ev/simsec=61045.8
     Messages:  created: 34626295   present: 12771   in FES: 288
** Event #28478464   t=364.097054007779   Elapsed: 877.135s (14m 37s)  72% completed  (86% total)
     Speed:     ev/sec=43483.1   simsec/sec=0.677693   ev/simsec=64163.4
     Messages:  created: 34728016   present: 12699   in FES: 255
** Event #28554752   t=365.541047275495   Elapsed: 879.142s (14m 39s)  73% completed  (86% total)
     Speed:     ev/sec=38002.5   simsec/sec=0.719318   ev/simsec=52831.3
     Messages:  created: 34819034   present: 12775   in FES: 204
** Event #28629504   t=366.864556083805   Elapsed: 881.143s (14m 41s)  73% completed  (86% total)
     Speed:     ev/sec=37372.6   simsec/sec=0.661695   ev/simsec=56480.2
     Messages:  created: 34908041   present: 13046   in FES: 249
** Event #28719872   t=368.58551889541   Elapsed: 883.146s (14m 43s)  73% completed  (86% total)
     Speed:     ev/sec=45111.7   simsec/sec=0.859104   ev/simsec=52510.1
     Messages:  created: 35016317   present: 13350   in FES: 245
** Event #28822784   t=370.579360022272   Elapsed: 885.149s (14m 45s)  74% completed  (87% total)
     Speed:     ev/sec=51384.3   simsec/sec=0.995531   ev/simsec=51614.9
     Messages:  created: 35141881   present: 13628   in FES: 263
** Event #28958208   t=370.825769844034   Elapsed: 887.15s (14m 47s)  74% completed  (87% total)
     Speed:     ev/sec=67676.2   simsec/sec=0.12314   ev/simsec=549588
     Messages:  created: 35330838   present: 13000   in FES: 272
** Event #29100800   t=371.073535889199   Elapsed: 889.15s (14m 49s)  74% completed  (87% total)
     Speed:     ev/sec=71270.2   simsec/sec=0.123838   ev/simsec=575511
     Messages:  created: 35529474   present: 12963   in FES: 235
** Event #29244928   t=371.327608072932   Elapsed: 891.153s (14m 51s)  74% completed  (87% total)
     Speed:     ev/sec=71979.4   simsec/sec=0.126887   ev/simsec=567272
     Messages:  created: 35731835   present: 13084   in FES: 286
** Event #29380608   t=371.55980120505   Elapsed: 893.156s (14m 53s)  74% completed  (87% total)
     Speed:     ev/sec=67728.6   simsec/sec=0.115906   ev/simsec=584341
     Messages:  created: 35921245   present: 13050   in FES: 258
** Event #29513472   t=371.787808399111   Elapsed: 895.159s (14m 55s)  74% completed  (87% total)
     Speed:     ev/sec=66340.5   simsec/sec=0.113847   ev/simsec=582718
     Messages:  created: 36106840   present: 13008   in FES: 238
** Event #29656576   t=372.033705563855   Elapsed: 897.161s (14m 57s)  74% completed  (87% total)
     Speed:     ev/sec=71457.1   simsec/sec=0.122786   ev/simsec=581967
     Messages:  created: 36307878   present: 13113   in FES: 259
** Event #29799936   t=372.277147004848   Elapsed: 899.164s (14m 59s)  74% completed  (87% total)
     Speed:     ev/sec=71583.4   simsec/sec=0.121557   ev/simsec=588889
     Messages:  created: 36507531   present: 13223   in FES: 286
** Event #29941760   t=372.524591361111   Elapsed: 901.167s (15m 01s)  74% completed  (87% total)
     Speed:     ev/sec=70804   simsec/sec=0.123534   ev/simsec=573155
     Messages:  created: 36707162   present: 13210   in FES: 270
** Event #30071552   t=372.732489293619   Elapsed: 903.168s (15m 03s)  74% completed  (87% total)
     Speed:     ev/sec=64871.3   simsec/sec=0.103909   ev/simsec=624306
     Messages:  created: 36887063   present: 13288   in FES: 277
** Event #30213888   t=372.976454243774   Elapsed: 905.169s (15m 05s)  74% completed  (87% total)
     Speed:     ev/sec=71131.9   simsec/sec=0.121921   ev/simsec=583428
     Messages:  created: 37087872   present: 13269   in FES: 255
** Event #30356736   t=373.216148846894   Elapsed: 907.172s (15m 07s)  74% completed  (87% total)
     Speed:     ev/sec=71317.8   simsec/sec=0.119669   ev/simsec=595958
     Messages:  created: 37285596   present: 13218   in FES: 230
** Event #30501888   t=373.473327375763   Elapsed: 909.174s (15m 09s)  74% completed  (87% total)
     Speed:     ev/sec=72507.7   simsec/sec=0.128468   ev/simsec=564402
     Messages:  created: 37490733   present: 13341   in FES: 286
** Event #30632704   t=373.697379215684   Elapsed: 911.175s (15m 11s)  74% completed  (87% total)
     Speed:     ev/sec=65371.2   simsec/sec=0.111963   ev/simsec=583865
     Messages:  created: 37671687   present: 13268   in FES: 239
** Event #30777856   t=373.962428112938   Elapsed: 913.178s (15m 13s)  74% completed  (87% total)
     Speed:     ev/sec=72471.5   simsec/sec=0.132334   ev/simsec=547642
     Messages:  created: 37876838   present: 13446   in FES: 274
** Event #30922752   t=374.205138168549   Elapsed: 915.181s (15m 15s)  74% completed  (87% total)
     Speed:     ev/sec=72342.6   simsec/sec=0.121178   ev/simsec=596992
     Messages:  created: 38077460   present: 13447   in FES: 269
** Event #31068160   t=374.464852242896   Elapsed: 917.181s (15m 17s)  74% completed  (87% total)
     Speed:     ev/sec=72685.1   simsec/sec=0.129823   ev/simsec=559877
     Messages:  created: 38282803   present: 13425   in FES: 261
** Event #31198464   t=374.681566447587   Elapsed: 919.184s (15m 19s)  74% completed  (87% total)
     Speed:     ev/sec=65070.8   simsec/sec=0.108222   ev/simsec=601271
     Messages:  created: 38462971   present: 13473   in FES: 247
** Event #31343104   t=374.9343857595   Elapsed: 921.186s (15m 21s)  74% completed  (87% total)
     Speed:     ev/sec=72237.4   simsec/sec=0.126265   ev/simsec=572108
     Messages:  created: 38667271   present: 13536   in FES: 286
** Event #31487488   t=375.185043145663   Elapsed: 923.189s (15m 23s)  75% completed  (87% total)
     Speed:     ev/sec=72076.7   simsec/sec=0.125128   ev/simsec=576021
     Messages:  created: 38867141   present: 13460   in FES: 220
** Event #31633664   t=375.453166808663   Elapsed: 925.192s (15m 25s)  75% completed  (87% total)
     Speed:     ev/sec=72998   simsec/sec=0.133897   ev/simsec=545181
     Messages:  created: 39073806   present: 13624   in FES: 286
** Event #31765248   t=375.675973440792   Elapsed: 927.195s (15m 27s)  75% completed  (87% total)
     Speed:     ev/sec=65682.4   simsec/sec=0.111218   ev/simsec=590575
     Messages:  created: 39255988   present: 13630   in FES: 270
** Event #31910912   t=375.938344943853   Elapsed: 929.196s (15m 29s)  75% completed  (87% total)
     Speed:     ev/sec=72808.3   simsec/sec=0.131143   ev/simsec=555182
     Messages:  created: 39461785   present: 13683   in FES: 269
** Event #32055552   t=376.183106990856   Elapsed: 931.198s (15m 31s)  75% completed  (87% total)
     Speed:     ev/sec=72244.1   simsec/sec=0.122253   ev/simsec=590941
     Messages:  created: 39662001   present: 13707   in FES: 261
** Event #32200960   t=376.44013235075   Elapsed: 933.201s (15m 33s)  75% completed  (87% total)
     Speed:     ev/sec=72600.1   simsec/sec=0.128329   ev/simsec=565734
     Messages:  created: 39867461   present: 13776   in FES: 269
** Event #32331264   t=376.653945428749   Elapsed: 935.204s (15m 35s)  75% completed  (87% total)
     Speed:     ev/sec=65051   simsec/sec=0.106741   ev/simsec=609430
     Messages:  created: 40047421   present: 13807   in FES: 271
** Event #32476160   t=376.909618975386   Elapsed: 937.206s (15m 37s)  75% completed  (87% total)
     Speed:     ev/sec=72353.8   simsec/sec=0.12767   ev/simsec=566723
     Messages:  created: 40251931   present: 13839   in FES: 286
** Event #32620288   t=377.14883488946   Elapsed: 939.208s (15m 39s)  75% completed  (87% total)
     Speed:     ev/sec=71991.3   simsec/sec=0.119487   ev/simsec=602502
     Messages:  created: 40451399   present: 13849   in FES: 261
** Event #32765952   t=377.409938064701   Elapsed: 941.209s (15m 41s)  75% completed  (87% total)
     Speed:     ev/sec=72792.5   simsec/sec=0.130481   ev/simsec=557879
     Messages:  created: 40657193   present: 13894   in FES: 269
** Event #32896512   t=377.633518319511   Elapsed: 943.213s (15m 43s)  75% completed  (87% total)
     Speed:     ev/sec=65174.9   simsec/sec=0.11161   ev/simsec=583951
     Messages:  created: 40837842   present: 13915   in FES: 261
** Event #33041408   t=377.890653678354   Elapsed: 945.214s (15m 45s)  75% completed  (87% total)
     Speed:     ev/sec=72381.8   simsec/sec=0.12845   ev/simsec=563501
     Messages:  created: 41042551   present: 12949   in FES: 268
** Event #33183488   t=378.132492796857   Elapsed: 947.217s (15m 47s)  75% completed  (87% total)
     Speed:     ev/sec=70950.1   simsec/sec=0.120767   ev/simsec=587498
     Messages:  created: 41239219   present: 12991   in FES: 268
** Event #33326336   t=378.384132342652   Elapsed: 949.22s (15m 49s)  75% completed  (87% total)
     Speed:     ev/sec=71306.7   simsec/sec=0.125613   ev/simsec=567669
     Messages:  created: 41441001   present: 13028   in FES: 284
** Event #33455104   t=378.602519727521   Elapsed: 951.223s (15m 51s)  75% completed  (87% total)
     Speed:     ev/sec=64291   simsec/sec=0.109036   ev/simsec=589631
     Messages:  created: 41619214   present: 10879   in FES: 216
** Event #33593344   t=378.850511615439   Elapsed: 953.224s (15m 53s)  75% completed  (87% total)
     Speed:     ev/sec=69104.4   simsec/sec=0.123968   ev/simsec=557438
     Messages:  created: 41814296   present: 4097   in FES: 255
** Event #33738496   t=379.099729787535   Elapsed: 955.227s (15m 55s)  75% completed  (87% total)
     Speed:     ev/sec=72460.6   simsec/sec=0.124411   ev/simsec=582429
     Messages:  created: 42015703   present: 4117   in FES: 271
** Event #33885184   t=379.36544343252   Elapsed: 957.229s (15m 57s)  75% completed  (87% total)
     Speed:     ev/sec=73247.1   simsec/sec=0.132681   ev/simsec=552053
     Messages:  created: 42222867   present: 4169   in FES: 252
** Event #34019072   t=379.595827583399   Elapsed: 959.232s (15m 59s)  75% completed  (87% total)
     Speed:     ev/sec=66856.3   simsec/sec=0.115041   ev/simsec=581151
     Messages:  created: 42408677   present: 4214   in FES: 258
** Event #34159872   t=379.844828995654   Elapsed: 961.233s (16m 01s)  75% completed  (87% total)
     Speed:     ev/sec=70384   simsec/sec=0.124472   ev/simsec=565459
     Messages:  created: 42607216   present: 4223   in FES: 254
** Event #34305280   t=380.09579688698   Elapsed: 963.235s (16m 03s)  76% completed  (88% total)
     Speed:     ev/sec=72607.9   simsec/sec=0.125318   ev/simsec=579389
     Messages:  created: 42809022   present: 4280   in FES: 255
** Event #34452480   t=380.360053071933   Elapsed: 965.237s (16m 05s)  76% completed  (88% total)
     Speed:     ev/sec=73544.6   simsec/sec=0.132029   ev/simsec=557035
     Messages:  created: 43016616   present: 4288   in FES: 254
** Event #34586112   t=380.590336165784   Elapsed: 967.237s (16m 07s)  76% completed  (88% total)
     Speed:     ev/sec=66809.3   simsec/sec=0.11513   ev/simsec=580294
     Messages:  created: 43201939   present: 4360   in FES: 272
** Event #34731776   t=380.853287030573   Elapsed: 969.237s (16m 09s)  76% completed  (88% total)
     Speed:     ev/sec=72816.7   simsec/sec=0.131448   ev/simsec=553959
     Messages:  created: 43407171   present: 4328   in FES: 271
** Event #34878464   t=381.100307721487   Elapsed: 971.24s (16m 11s)  76% completed  (88% total)
     Speed:     ev/sec=73257.7   simsec/sec=0.123365   ev/simsec=593829
     Messages:  created: 43610473   present: 4412   in FES: 254
** Event #35025664   t=381.367797989579   Elapsed: 973.24s (16m 13s)  76% completed  (88% total)
     Speed:     ev/sec=73581.6   simsec/sec=0.133712   ev/simsec=550300
     Messages:  created: 43818436   present: 4458   in FES: 268
** Event #35159808   t=381.600553171556   Elapsed: 975.242s (16m 15s)  76% completed  (88% total)
     Speed:     ev/sec=66997.1   simsec/sec=0.116248   ev/simsec=576331
     Messages:  created: 44004325   present: 4482   in FES: 254
** Event #35306752   t=381.873563366186   Elapsed: 977.244s (16m 17s)  76% completed  (88% total)
     Speed:     ev/sec=73417.5   simsec/sec=0.136404   ev/simsec=538236
     Messages:  created: 44211651   present: 4366   in FES: 221
** Event #35454720   t=382.130884163905   Elapsed: 979.246s (16m 19s)  76% completed  (88% total)
     Speed:     ev/sec=73909.9   simsec/sec=0.128532   ev/simsec=575033
     Messages:  created: 44416843   present: 4507   in FES: 255
** Event #35603712   t=382.404021214525   Elapsed: 981.248s (16m 21s)  76% completed  (88% total)
     Speed:     ev/sec=74410   simsec/sec=0.136411   ev/simsec=545484
     Messages:  created: 44627369   present: 4577   in FES: 254
** Event #35737088   t=382.641753633635   Elapsed: 983.248s (16m 23s)  76% completed  (88% total)
     Speed:     ev/sec=66685.6   simsec/sec=0.118862   ev/simsec=561034
     Messages:  created: 44812112   present: 4586   in FES: 255
** Event #35885568   t=382.912517621983   Elapsed: 985.25s (16m 25s)  76% completed  (88% total)
     Speed:     ev/sec=74190.6   simsec/sec=0.135292   ev/simsec=548374
     Messages:  created: 45021921   present: 4641   in FES: 254
** Event #36032768   t=383.166988379346   Elapsed: 987.252s (16m 27s)  76% completed  (88% total)
     Speed:     ev/sec=73497.6   simsec/sec=0.127058   ev/simsec=578455
     Messages:  created: 45226051   present: 4680   in FES: 254
** Event #36180480   t=383.437390048888   Elapsed: 989.253s (16m 29s)  76% completed  (88% total)
     Speed:     ev/sec=73821.9   simsec/sec=0.135138   ev/simsec=546269
     Messages:  created: 45434840   present: 4709   in FES: 271
** Event #36315648   t=383.675076958007   Elapsed: 991.255s (16m 31s)  76% completed  (88% total)
     Speed:     ev/sec=67535.3   simsec/sec=0.118758   ev/simsec=568681
     Messages:  created: 45622128   present: 4739   in FES: 255
** Event #36462848   t=383.947015572923   Elapsed: 993.257s (16m 33s)  76% completed  (88% total)
     Speed:     ev/sec=73509.9   simsec/sec=0.135803   ev/simsec=541299
     Messages:  created: 45830086   present: 4662   in FES: 224
** Event #36610560   t=384.211549530994   Elapsed: 995.26s (16m 35s)  76% completed  (88% total)
     Speed:     ev/sec=73756.6   simsec/sec=0.132089   ev/simsec=558386
     Messages:  created: 46034828   present: 4708   in FES: 215
** Event #36759808   t=384.486970294419   Elapsed: 997.262s (16m 37s)  76% completed  (88% total)
     Speed:     ev/sec=74548.7   simsec/sec=0.137572   ev/simsec=541891
     Messages:  created: 46245775   present: 4817   in FES: 253
** Event #36897024   t=384.73196112101   Elapsed: 999.265s (16m 39s)  76% completed  (88% total)
     Speed:     ev/sec=68499.6   simsec/sec=0.122302   ev/simsec=560086
     Messages:  created: 46436045   present: 4891   in FES: 254
** Event #37046528   t=385.009770787491   Elapsed: 1001.27s (16m 41s)  77% completed  (88% total)
     Speed:     ev/sec=74688.6   simsec/sec=0.138787   ev/simsec=538153
     Messages:  created: 46647143   present: 4931   in FES: 254
** Event #37195264   t=385.280933683762   Elapsed: 1003.27s (16m 43s)  77% completed  (88% total)
     Speed:     ev/sec=74335.1   simsec/sec=0.135521   ev/simsec=548512
     Messages:  created: 46853789   present: 4987   in FES: 254
** Event #37341440   t=385.547627273949   Elapsed: 1005.27s (16m 45s)  77% completed  (88% total)
     Speed:     ev/sec=73067.3   simsec/sec=0.133309   ev/simsec=548105
     Messages:  created: 47059117   present: 5029   in FES: 270
** Event #37483264   t=385.807310096294   Elapsed: 1007.27s (16m 47s)  77% completed  (88% total)
     Speed:     ev/sec=70895.9   simsec/sec=0.129812   ev/simsec=546143
     Messages:  created: 47257035   present: 5038   in FES: 255
** Event #37632256   t=386.07354667369   Elapsed: 1009.27s (16m 49s)  77% completed  (88% total)
     Speed:     ev/sec=74366.5   simsec/sec=0.132887   ev/simsec=559623
     Messages:  created: 47465046   present: 5044   in FES: 233
** Event #37781760   t=386.35023702921   Elapsed: 1011.27s (16m 51s)  77% completed  (88% total)
     Speed:     ev/sec=74720.3   simsec/sec=0.138286   ev/simsec=540330
     Messages:  created: 47675142   present: 5056   in FES: 227
** Event #37920000   t=386.598354465261   Elapsed: 1013.28s (16m 53s)  77% completed  (88% total)
     Speed:     ev/sec=68923.2   simsec/sec=0.123705   ev/simsec=557156
     Messages:  created: 47866996   present: 5041   in FES: 220
** Event #38068736   t=386.867677656123   Elapsed: 1015.28s (16m 55s)  77% completed  (88% total)
     Speed:     ev/sec=74317.9   simsec/sec=0.134571   ev/simsec=552258
     Messages:  created: 48076848   present: 5073   in FES: 222
** Event #38217472   t=387.133082022536   Elapsed: 1017.28s (16m 57s)  77% completed  (88% total)
     Speed:     ev/sec=74245   simsec/sec=0.132483   ev/simsec=560413
     Messages:  created: 48283378   present: 5187   in FES: 252
** Event #38367488   t=387.418963703938   Elapsed: 1019.29s (16m 59s)  77% completed  (88% total)
     Speed:     ev/sec=74920.1   simsec/sec=0.142773   ev/simsec=524749
     Messages:  created: 48495492   present: 5258   in FES: 254
** Event #38504448   t=387.659298414504   Elapsed: 1021.29s (17m 01s)  77% completed  (88% total)
     Speed:     ev/sec=68439.7   simsec/sec=0.120097   ev/simsec=569872
     Messages:  created: 48685055   present: 5275   in FES: 257
** Event #38654208   t=387.939886836609   Elapsed: 1023.29s (17m 03s)  77% completed  (88% total)
     Speed:     ev/sec=74876.2   simsec/sec=0.140287   ev/simsec=533735
     Messages:  created: 48896721   present: 5211   in FES: 222
** Event #38802944   t=388.205277754445   Elapsed: 1025.29s (17m 05s)  77% completed  (88% total)
     Speed:     ev/sec=74294.5   simsec/sec=0.132564   ev/simsec=560441
     Messages:  created: 49103064   present: 5260   in FES: 206
** Event #38952960   t=388.493286127382   Elapsed: 1027.29s (17m 07s)  77% completed  (88% total)
     Speed:     ev/sec=74935.3   simsec/sec=0.143865   ev/simsec=520874
     Messages:  created: 49315103   present: 5317   in FES: 233
** Event #39090944   t=388.738700354531   Elapsed: 1029.29s (17m 09s)  77% completed  (88% total)
     Speed:     ev/sec=68980.8   simsec/sec=0.122687   ev/simsec=562249
     Messages:  created: 49506419   present: 5343   in FES: 213
** Event #39241472   t=389.019807065331   Elapsed: 1031.29s (17m 11s)  77% completed  (88% total)
     Speed:     ev/sec=75176.5   simsec/sec=0.14039   ev/simsec=535483
     Messages:  created: 49718595   present: 5468   in FES: 237
** Event #39389696   t=389.283951731278   Elapsed: 1033.29s (17m 13s)  77% completed  (88% total)
     Speed:     ev/sec=74079.6   simsec/sec=0.132015   ev/simsec=561147
     Messages:  created: 49924946   present: 5550   in FES: 256
** Event #39535104   t=389.549746838073   Elapsed: 1035.29s (17m 15s)  77% completed  (88% total)
     Speed:     ev/sec=72701.1   simsec/sec=0.132892   ev/simsec=547068
     Messages:  created: 50129252   present: 5563   in FES: 247
** Event #39678208   t=389.81303828971   Elapsed: 1037.3s (17m 17s)  77% completed  (88% total)
     Speed:     ev/sec=71435.2   simsec/sec=0.131431   ev/simsec=543519
     Messages:  created: 50329269   present: 5611   in FES: 248
** Event #39827968   t=390.0856743726   Elapsed: 1039.3s (17m 19s)  78% completed  (89% total)
     Speed:     ev/sec=74875.5   simsec/sec=0.13631   ev/simsec=549304
     Messages:  created: 50537850   present: 5612   in FES: 235
** Event #39978240   t=390.360609945177   Elapsed: 1041.3s (17m 21s)  78% completed  (89% total)
     Speed:     ev/sec=75131.1   simsec/sec=0.137459   ev/simsec=546572
     Messages:  created: 50749523   present: 5638   in FES: 233
** Event #40115968   t=390.607273957399   Elapsed: 1043.3s (17m 23s)  78% completed  (89% total)
     Speed:     ev/sec=68787.5   simsec/sec=0.123195   ev/simsec=558363
     Messages:  created: 50940637   present: 5676   in FES: 257
** Event #40265472   t=390.885320295677   Elapsed: 1045.3s (17m 25s)  78% completed  (89% total)
     Speed:     ev/sec=74744.3   simsec/sec=0.139009   ev/simsec=537695
     Messages:  created: 51151792   present: 5628   in FES: 206
** Event #40414976   t=391.151944606444   Elapsed: 1047.3s (17m 27s)  78% completed  (89% total)
     Speed:     ev/sec=74629.8   simsec/sec=0.133094   ev/simsec=560729
     Messages:  created: 51359373   present: 5798   in FES: 256
** Event #40564992   t=391.434082170286   Elapsed: 1049.3s (17m 29s)  78% completed  (89% total)
     Speed:     ev/sec=74974.2   simsec/sec=0.141005   ev/simsec=531712
     Messages:  created: 51571450   present: 5798   in FES: 240
** Event #40702208   t=391.675996330621   Elapsed: 1051.31s (17m 31s)  78% completed  (89% total)
     Speed:     ev/sec=68586.1   simsec/sec=0.120918   ev/simsec=567209
     Messages:  created: 51761644   present: 5860   in FES: 255
** Event #40850944   t=391.956085102994   Elapsed: 1053.31s (17m 33s)  78% completed  (89% total)
     Speed:     ev/sec=74356.8   simsec/sec=0.140023   ev/simsec=531032
     Messages:  created: 51971912   present: 5900   in FES: 256
** Event #40999424   t=392.216406397086   Elapsed: 1055.31s (17m 35s)  78% completed  (89% total)
     Speed:     ev/sec=74180.5   simsec/sec=0.130056   ev/simsec=570372
     Messages:  created: 52177952   present: 5933   in FES: 256
** Event #41149952   t=392.496789805613   Elapsed: 1057.31s (17m 37s)  78% completed  (89% total)
     Speed:     ev/sec=75136.8   simsec/sec=0.139955   ev/simsec=536865
     Messages:  created: 52390707   present: 5966   in FES: 247
** Event #41287424   t=392.738216344794   Elapsed: 1059.31s (17m 39s)  78% completed  (89% total)
     Speed:     ev/sec=68664   simsec/sec=0.120587   ev/simsec=569415
     Messages:  created: 52581300   present: 5997   in FES: 272
** Event #41437184   t=393.022011156965   Elapsed: 1061.32s (17m 41s)  78% completed  (89% total)
     Speed:     ev/sec=74770.5   simsec/sec=0.14169   ev/simsec=527705
     Messages:  created: 52792317   present: 5955   in FES: 216
** Event #41585408   t=393.2807277175   Elapsed: 1063.32s (17m 43s)  78% completed  (89% total)
     Speed:     ev/sec=74103.8   simsec/sec=0.129344   ev/simsec=572920
     Messages:  created: 52998630   present: 6106   in FES: 271
** Event #41731072   t=393.547680184664   Elapsed: 1065.32s (17m 45s)  78% completed  (89% total)
     Speed:     ev/sec=72801.4   simsec/sec=0.13342   ev/simsec=545655
     Messages:  created: 53203285   present: 6120   in FES: 256
** Event #41872384   t=393.801109928134   Elapsed: 1067.32s (17m 47s)  78% completed  (89% total)
     Speed:     ev/sec=70640.2   simsec/sec=0.126686   ev/simsec=557598
     Messages:  created: 53400422   present: 6101   in FES: 243
** Event #42021376   t=394.066493104213   Elapsed: 1069.32s (17m 49s)  78% completed  (89% total)
     Speed:     ev/sec=74444.5   simsec/sec=0.1326   ev/simsec=561422
     Messages:  created: 53608762   present: 6213   in FES: 250
** Event #42171392   t=394.341765773136   Elapsed: 1071.32s (17m 51s)  78% completed  (89% total)
     Speed:     ev/sec=74944.1   simsec/sec=0.137519   ev/simsec=544972
     Messages:  created: 53819361   present: 6125   in FES: 222
** Event #42310400   t=394.592952134933   Elapsed: 1073.32s (17m 53s)  78% completed  (89% total)
     Speed:     ev/sec=69419   simsec/sec=0.12544   ev/simsec=553406
     Messages:  created: 54012477   present: 6275   in FES: 255
** Event #42458368   t=394.865508000513   Elapsed: 1075.33s (17m 55s)  78% completed  (89% total)
     Speed:     ev/sec=73870.4   simsec/sec=0.136069   ev/simsec=542891
     Messages:  created: 54221150   present: 6289   in FES: 271
** Event #42607104   t=395.126741854434   Elapsed: 1077.33s (17m 57s)  79% completed  (89% total)
     Speed:     ev/sec=74275.4   simsec/sec=0.130454   ev/simsec=569360
     Messages:  created: 54427509   present: 6352   in FES: 250
** Event #42756864   t=395.406611470173   Elapsed: 1079.33s (17m 59s)  79% completed  (89% total)
     Speed:     ev/sec=74845.1   simsec/sec=0.13987   ev/simsec=535106
     Messages:  created: 54639264   present: 6412   in FES: 271
** Event #42894848   t=395.651938734564   Elapsed: 1081.33s (18m 01s)  79% completed  (89% total)
     Speed:     ev/sec=68922.6   simsec/sec=0.12254   ev/simsec=562449
     Messages:  created: 54830437   present: 6413   in FES: 244
** Event #43044096   t=395.933232476461   Elapsed: 1083.33s (18m 03s)  79% completed  (89% total)
     Speed:     ev/sec=74621.5   simsec/sec=0.140642   ev/simsec=530577
     Messages:  created: 55041496   present: 6476   in FES: 271
** Event #43192576   t=396.199767830881   Elapsed: 1085.33s (18m 05s)  79% completed  (89% total)
     Speed:     ev/sec=74145.6   simsec/sec=0.133098   ev/simsec=557074
     Messages:  created: 55247585   present: 6471   in FES: 241
** Event #43342848   t=396.48279850292   Elapsed: 1087.34s (18m 07s)  79% completed  (89% total)
     Speed:     ev/sec=75005.9   simsec/sec=0.14127   ev/simsec=530939
     Messages:  created: 55459989   present: 6497   in FES: 253
** Event #43480576   t=396.727678306403   Elapsed: 1089.34s (18m 09s)  79% completed  (89% total)
     Speed:     ev/sec=68821.7   simsec/sec=0.122365   ev/simsec=562431
     Messages:  created: 55650854   present: 6588   in FES: 255
** Event #43630080   t=397.009508266048   Elapsed: 1091.34s (18m 11s)  79% completed  (89% total)
     Speed:     ev/sec=74750.2   simsec/sec=0.140912   ev/simsec=530476
     Messages:  created: 55862041   present: 6113   in FES: 244
** Event #43778304   t=397.27079271235   Elapsed: 1093.34s (18m 13s)  79% completed  (89% total)
     Speed:     ev/sec=73995.4   simsec/sec=0.130437   ev/simsec=567290
     Messages:  created: 56067990   present: 6164   in FES: 262
** Event #43924992   t=397.541759832907   Elapsed: 1095.34s (18m 15s)  79% completed  (89% total)
     Speed:     ev/sec=73328.8   simsec/sec=0.135455   ev/simsec=541350
     Messages:  created: 56274543   present: 6369   in FES: 305
** Event #44066304   t=397.793293943977   Elapsed: 1097.35s (18m 17s)  79% completed  (89% total)
     Speed:     ev/sec=70539.6   simsec/sec=0.12556   ev/simsec=561801
     Messages:  created: 56471470   present: 6186   in FES: 249
** Event #44216064   t=398.065932016645   Elapsed: 1099.35s (18m 19s)  79% completed  (89% total)
     Speed:     ev/sec=74768.4   simsec/sec=0.136116   ev/simsec=549300
     Messages:  created: 56680933   present: 6293   in FES: 252
** Event #44365824   t=398.344979246818   Elapsed: 1101.35s (18m 21s)  79% completed  (89% total)
     Speed:     ev/sec=74813   simsec/sec=0.139399   ev/simsec=536683
     Messages:  created: 56891226   present: 6331   in FES: 254
** Event #44505344   t=398.589686281955   Elapsed: 1103.35s (18m 23s)  79% completed  (89% total)
     Speed:     ev/sec=69683.9   simsec/sec=0.12222   ev/simsec=570151
     Messages:  created: 57085182   present: 6334   in FES: 255
** Event #44653056   t=398.86131688794   Elapsed: 1105.36s (18m 25s)  79% completed  (89% total)
     Speed:     ev/sec=73746.1   simsec/sec=0.135613   ev/simsec=543797
     Messages:  created: 57293348   present: 6408   in FES: 262
** Event #44802048   t=399.126199559741   Elapsed: 1107.36s (18m 27s)  79% completed  (89% total)
     Speed:     ev/sec=74491.6   simsec/sec=0.132434   ev/simsec=562483
     Messages:  created: 57500191   present: 6440   in FES: 257
** Event #44951808   t=399.410542620743   Elapsed: 1109.36s (18m 29s)  79% completed  (89% total)
     Speed:     ev/sec=74815.8   simsec/sec=0.14205   ev/simsec=526688
     Messages:  created: 57711867   present: 6433   in FES: 255
** Event #45089536   t=399.657733849637   Elapsed: 1111.36s (18m 31s)  79% completed  (89% total)
     Speed:     ev/sec=68813   simsec/sec=0.123504   ev/simsec=557172
     Messages:  created: 57902821   present: 6387   in FES: 228
** Event #45239552   t=399.933908336935   Elapsed: 1113.36s (18m 33s)  79% completed  (89% total)
     Speed:     ev/sec=74908.4   simsec/sec=0.137904   ev/simsec=543193
     Messages:  created: 58114982   present: 6437   in FES: 218
** Event #45388288   t=400.205529498194   Elapsed: 1115.36s (18m 35s)  80% completed  (90% total)
     Speed:     ev/sec=74337.3   simsec/sec=0.135755   ev/simsec=547586
     Messages:  created: 58321445   present: 6579   in FES: 254
** Event #45537280   t=400.481495832724   Elapsed: 1117.36s (18m 37s)  80% completed  (90% total)
     Speed:     ev/sec=74473.1   simsec/sec=0.137941   ev/simsec=539892
     Messages:  created: 58532053   present: 6591   in FES: 254
** Event #45675008   t=400.722588416933   Elapsed: 1119.37s (18m 39s)  80% completed  (90% total)
     Speed:     ev/sec=68780.6   simsec/sec=0.1204   ev/simsec=571266
     Messages:  created: 58722822   present: 6596   in FES: 233
** Event #45824768   t=401.003810810666   Elapsed: 1121.37s (18m 41s)  80% completed  (90% total)
     Speed:     ev/sec=74878.5   simsec/sec=0.140608   ev/simsec=532532
     Messages:  created: 58934530   present: 6852   in FES: 305
** Event #45973248   t=401.267489750367   Elapsed: 1123.37s (18m 43s)  80% completed  (90% total)
     Speed:     ev/sec=74124.4   simsec/sec=0.131634   ev/simsec=563109
     Messages:  created: 59140555   present: 6665   in FES: 245
** Event #46119936   t=401.539137182581   Elapsed: 1125.37s (18m 45s)  80% completed  (90% total)
     Speed:     ev/sec=73312.7   simsec/sec=0.135766   ev/simsec=539994
     Messages:  created: 59347291   present: 6938   in FES: 321
** Event #46260224   t=401.791992308944   Elapsed: 1127.37s (18m 47s)  80% completed  (90% total)
     Speed:     ev/sec=70056.4   simsec/sec=0.12627   ev/simsec=554816
     Messages:  created: 59542470   present: 6678   in FES: 208
** Event #46408192   t=402.055395930108   Elapsed: 1129.37s (18m 49s)  80% completed  (90% total)
     Speed:     ev/sec=73936.9   simsec/sec=0.131618   ev/simsec=561754
     Messages:  created: 59749597   present: 6795   in FES: 233
** Event #46557696   t=402.324714347473   Elapsed: 1131.38s (18m 51s)  80% completed  (90% total)
     Speed:     ev/sec=74646.5   simsec/sec=0.134469   ev/simsec=555120
     Messages:  created: 59959147   present: 6726   in FES: 206
** Event #46699264   t=402.572991661873   Elapsed: 1133.38s (18m 53s)  80% completed  (90% total)
     Speed:     ev/sec=70678   simsec/sec=0.123953   ev/simsec=570201
     Messages:  created: 60156817   present: 6901   in FES: 245
** Event #46843648   t=402.837053266616   Elapsed: 1135.38s (18m 55s)  80% completed  (90% total)
     Speed:     ev/sec=72143.6   simsec/sec=0.131942   ev/simsec=546781
     Messages:  created: 60359578   present: 6943   in FES: 249
** Event #46992384   t=403.103252337167   Elapsed: 1137.38s (18m 57s)  80% completed  (90% total)
     Speed:     ev/sec=74269.7   simsec/sec=0.132924   ev/simsec=558740
     Messages:  created: 60566121   present: 6976   in FES: 270
** Event #47141888   t=403.382957560246   Elapsed: 1139.39s (18m 59s)  80% completed  (90% total)
     Speed:     ev/sec=74637.7   simsec/sec=0.139639   ev/simsec=534506
     Messages:  created: 60777352   present: 6921   in FES: 232
** Event #47279872   t=403.622026964673   Elapsed: 1141.39s (19m 01s)  80% completed  (90% total)
     Speed:     ev/sec=68921.7   simsec/sec=0.119413   ev/simsec=577171
     Messages:  created: 60968596   present: 7014   in FES: 253
** Event #47428352   t=403.904204057499   Elapsed: 1143.39s (19m 03s)  80% completed  (90% total)
     Speed:     ev/sec=74201   simsec/sec=0.141014   ev/simsec=526194
     Messages:  created: 61178537   present: 7116   in FES: 254
** Event #47575296   t=404.165298422588   Elapsed: 1145.39s (19m 05s)  80% completed  (90% total)
     Speed:     ev/sec=73439.4   simsec/sec=0.130489   ev/simsec=562800
     Messages:  created: 61382521   present: 7120   in FES: 254
** Event #47723776   t=404.446201343767   Elapsed: 1147.39s (19m 07s)  80% completed  (90% total)
     Speed:     ev/sec=74166.6   simsec/sec=0.140313   ev/simsec=528581
     Messages:  created: 61592404   present: 7174   in FES: 255
** Event #47858688   t=404.683454473483   Elapsed: 1149.4s (19m 09s)  80% completed  (90% total)
     Speed:     ev/sec=67336.9   simsec/sec=0.118417   ev/simsec=568642
     Messages:  created: 61779242   present: 7212   in FES: 271
** Event #48006656   t=404.956345418814   Elapsed: 1151.4s (19m 11s)  80% completed  (90% total)
     Speed:     ev/sec=73969.7   simsec/sec=0.136419   ev/simsec=542224
     Messages:  created: 61988310   present: 7221   in FES: 255
** Event #48153600   t=405.21665366627   Elapsed: 1153.4s (19m 13s)  81% completed  (90% total)
     Speed:     ev/sec=73443.2   simsec/sec=0.130103   ev/simsec=564500
     Messages:  created: 62192431   present: 7249   in FES: 255
** Event #48301568   t=405.491165164446   Elapsed: 1155.4s (19m 15s)  81% completed  (90% total)
     Speed:     ev/sec=73961.4   simsec/sec=0.137214   ev/simsec=539023
     Messages:  created: 62401519   present: 7292   in FES: 256
** Event #48436224   t=405.722086706198   Elapsed: 1157.4s (19m 17s)  81% completed  (90% total)
     Speed:     ev/sec=67227.5   simsec/sec=0.115288   ev/simsec=583124
     Messages:  created: 62587780   present: 7269   in FES: 240
** Event #48584192   t=405.995622678079   Elapsed: 1159.4s (19m 19s)  81% completed  (90% total)
     Speed:     ev/sec=73946.3   simsec/sec=0.136698   ev/simsec=540945
     Messages:  created: 62796810   present: 7410   in FES: 260
** Event #48728576   t=406.239174944323   Elapsed: 1161.4s (19m 21s)  81% completed  (90% total)
     Speed:     ev/sec=72170.6   simsec/sec=0.12174   ev/simsec=592826
     Messages:  created: 62996595   present: 7347   in FES: 224
** Event #48872448   t=406.489396467047   Elapsed: 1163.4s (19m 23s)  81% completed  (90% total)
     Speed:     ev/sec=71872   simsec/sec=0.124999   ev/simsec=574979
     Messages:  created: 63199369   present: 7423   in FES: 239
** Event #49002752   t=406.711507821017   Elapsed: 1165.41s (19m 25s)  81% completed  (90% total)
     Speed:     ev/sec=65064   simsec/sec=0.110906   ev/simsec=586661
     Messages:  created: 63379128   present: 7461   in FES: 257
** Event #49147136   t=406.966887130254   Elapsed: 1167.41s (19m 27s)  81% completed  (90% total)
     Speed:     ev/sec=72180.6   simsec/sec=0.12767   ev/simsec=565371
     Messages:  created: 63582631   present: 7511   in FES: 255
** Event #49288704   t=407.205777912456   Elapsed: 1169.41s (19m 29s)  81% completed  (90% total)
     Speed:     ev/sec=70679.9   simsec/sec=0.11927   ev/simsec=592606
     Messages:  created: 63778025   present: 7556   in FES: 281
** Event #49431296   t=407.45861582792   Elapsed: 1171.41s (19m 31s)  81% completed  (90% total)
     Speed:     ev/sec=71243.6   simsec/sec=0.126326   ev/simsec=563966
     Messages:  created: 63978775   present: 7594   in FES: 254
** Event #49556480   t=407.676835640539   Elapsed: 1173.41s (19m 33s)  81% completed  (90% total)
     Speed:     ev/sec=62576.8   simsec/sec=0.109083   ev/simsec=573660
     Messages:  created: 64151069   present: 7582   in FES: 236
** Event #49697792   t=407.925191383313   Elapsed: 1175.41s (19m 35s)  81% completed  (90% total)
     Speed:     ev/sec=70641.1   simsec/sec=0.124152   ev/simsec=568990
     Messages:  created: 64350029   present: 7671   in FES: 254
** Event #49837824   t=408.161505016124   Elapsed: 1177.41s (19m 37s)  81% completed  (90% total)
     Speed:     ev/sec=69949   simsec/sec=0.118044   ev/simsec=592568
     Messages:  created: 64542861   present: 7560   in FES: 236
** Event #49978880   t=408.405688609239   Elapsed: 1179.41s (19m 39s)  81% completed  (90% total)
     Speed:     ev/sec=70503.7   simsec/sec=0.12205   ev/simsec=577664
     Messages:  created: 64741347   present: 7696   in FES: 257
** Event #50100736   t=408.611512347532   Elapsed: 1181.42s (19m 41s)  81% completed  (90% total)
     Speed:     ev/sec=60861.5   simsec/sec=0.1028   ev/simsec=592041
     Messages:  created: 64908230   present: 7732   in FES: 254
** Event #50240512   t=408.85358761466   Elapsed: 1183.42s (19m 43s)  81% completed  (90% total)
     Speed:     ev/sec=69849.9   simsec/sec=0.120972   ev/simsec=577407
     Messages:  created: 65104725   present: 7802   in FES: 268
** Event #50378496   t=409.085995334488   Elapsed: 1185.42s (19m 45s)  81% completed  (90% total)
     Speed:     ev/sec=68878.1   simsec/sec=0.116012   ev/simsec=593715
     Messages:  created: 65294977   present: 7820   in FES: 255
** Event #50518016   t=409.323893304715   Elapsed: 1187.42s (19m 47s)  81% completed  (90% total)
     Speed:     ev/sec=69696.9   simsec/sec=0.118841   ev/simsec=586470
     Messages:  created: 65490425   present: 7861   in FES: 255
** Event #50646784   t=409.543085761721   Elapsed: 1189.43s (19m 49s)  81% completed  (90% total)
     Speed:     ev/sec=64174.9   simsec/sec=0.10924   ev/simsec=587465
     Messages:  created: 65669370   present: 7993   in FES: 290
** Event #50777856   t=409.761603172052   Elapsed: 1191.43s (19m 51s)  81% completed  (90% total)
     Speed:     ev/sec=65412.9   simsec/sec=0.109054   ev/simsec=599824
     Messages:  created: 65851665   present: 7880   in FES: 246
** Event #50916608   t=409.999212063539   Elapsed: 1193.44s (19m 53s)  81% completed  (90% total)
     Speed:     ev/sec=69306.7   simsec/sec=0.118686   ev/simsec=583951
     Messages:  created: 66046670   present: 7954   in FES: 255
** Event #51052032   t=410.214069159438   Elapsed: 1195.44s (19m 55s)  82% completed  (91% total)
     Speed:     ev/sec=67705.6   simsec/sec=0.107418   ev/simsec=630298
     Messages:  created: 66232307   present: 7916   in FES: 246
** Event #51190784   t=410.453306755783   Elapsed: 1197.44s (19m 57s)  82% completed  (91% total)
     Speed:     ev/sec=69255.8   simsec/sec=0.119411   ev/simsec=579976
     Messages:  created: 66427241   present: 7868   in FES: 206
** Event #51301888   t=410.638030359491   Elapsed: 1199.44s (19m 59s)  82% completed  (91% total)
     Speed:     ev/sec=55485.7   simsec/sec=0.0922516   ev/simsec=601461
     Messages:  created: 66578463   present: 8057   in FES: 285
** Event #51441408   t=410.874724551035   Elapsed: 1201.44s (20m 01s)  82% completed  (91% total)
     Speed:     ev/sec=69671.2   simsec/sec=0.118196   ev/simsec=589453
     Messages:  created: 66774495   present: 8043   in FES: 246
** Event #51577088   t=411.100383939567   Elapsed: 1203.45s (20m 03s)  82% completed  (91% total)
     Speed:     ev/sec=67735.2   simsec/sec=0.112655   ev/simsec=601260
     Messages:  created: 66960127   present: 8086   in FES: 271
** Event #51715840   t=411.335050787571   Elapsed: 1205.45s (20m 05s)  82% completed  (91% total)
     Speed:     ev/sec=69319.2   simsec/sec=0.117237   ev/simsec=591272
     Messages:  created: 67155124   present: 8149   in FES: 254
** Event #51838976   t=411.542317402325   Elapsed: 1207.45s (20m 07s)  82% completed  (91% total)
     Speed:     ev/sec=61534.3   simsec/sec=0.103577   ev/simsec=594095
     Messages:  created: 67325620   present: 8129   in FES: 240
** Event #51960320   t=411.737689200415   Elapsed: 1209.45s (20m 09s)  82% completed  (91% total)
     Speed:     ev/sec=60660.3   simsec/sec=0.097667   ev/simsec=621093
     Messages:  created: 67493195   present: 8178   in FES: 254
** Event #52097536   t=411.963423715998   Elapsed: 1211.45s (20m 11s)  82% completed  (91% total)
     Speed:     ev/sec=68511.3   simsec/sec=0.112708   ev/simsec=607865
     Messages:  created: 67685705   present: 8220   in FES: 255
** Event #52229120   t=412.171162927994   Elapsed: 1213.45s (20m 13s)  82% completed  (91% total)
     Speed:     ev/sec=65722.5   simsec/sec=0.10376   ev/simsec=633410
     Messages:  created: 67865046   present: 8228   in FES: 287
** Event #52365568   t=412.39599292675   Elapsed: 1215.46s (20m 15s)  82% completed  (91% total)
     Speed:     ev/sec=68099.1   simsec/sec=0.112209   ev/simsec=606894
     Messages:  created: 68056412   present: 8284   in FES: 287
** Event #52471808   t=412.565160071282   Elapsed: 1217.47s (20m 17s)  82% completed  (91% total)
     Speed:     ev/sec=52781.6   simsec/sec=0.0840447   ev/simsec=628018
     Messages:  created: 68200904   present: 8260   in FES: 235
** Event #52597504   t=412.763703614525   Elapsed: 1219.47s (20m 19s)  82% completed  (91% total)
     Speed:     ev/sec=62781.8   simsec/sec=0.0991672   ev/simsec=633090
     Messages:  created: 68375718   present: 8285   in FES: 244
** Event #52732416   t=412.982579443504   Elapsed: 1221.48s (20m 21s)  82% completed  (91% total)
     Speed:     ev/sec=67343.8   simsec/sec=0.109256   ev/simsec=616386
     Messages:  created: 68564897   present: 8315   in FES: 282
** Event #52864000   t=413.180593072771   Elapsed: 1223.48s (20m 23s)  82% completed  (91% total)
     Speed:     ev/sec=65758.4   simsec/sec=0.0989563   ev/simsec=664520
     Messages:  created: 68743511   present: 8376   in FES: 254
** Event #52998912   t=413.401378728047   Elapsed: 1225.48s (20m 25s)  82% completed  (91% total)
     Speed:     ev/sec=67412.5   simsec/sec=0.110322   ev/simsec=611054
     Messages:  created: 68932517   present: 8381   in FES: 256
** Event #53103360   t=413.573023682404   Elapsed: 1227.48s (20m 27s)  82% completed  (91% total)
     Speed:     ev/sec=52159.5   simsec/sec=0.0857165   ev/simsec=608512
     Messages:  created: 69074845   present: 8429   in FES: 256
** Event #53224960   t=413.763475406649   Elapsed: 1229.48s (20m 29s)  82% completed  (91% total)
     Speed:     ev/sec=60791.8   simsec/sec=0.0952131   ev/simsec=638482
     Messages:  created: 69243495   present: 8475   in FES: 287
** Event #53360640   t=413.978920074438   Elapsed: 1231.48s (20m 31s)  82% completed  (91% total)
     Speed:     ev/sec=67755.1   simsec/sec=0.107588   ev/simsec=629767
     Messages:  created: 69433519   present: 8397   in FES: 256
** Event #53493248   t=414.176032864631   Elapsed: 1233.49s (20m 33s)  82% completed  (91% total)
     Speed:     ev/sec=66266.3   simsec/sec=0.0985003   ev/simsec=672752
     Messages:  created: 69613178   present: 8471   in FES: 228
** Event #53627392   t=414.392117083555   Elapsed: 1235.49s (20m 35s)  82% completed  (91% total)
     Speed:     ev/sec=67019.8   simsec/sec=0.107958   ev/simsec=620795
     Messages:  created: 69801097   present: 8563   in FES: 287
** Event #53738496   t=414.569937699367   Elapsed: 1237.49s (20m 37s)  82% completed  (91% total)
     Speed:     ev/sec=55514.2   simsec/sec=0.0888498   ev/simsec=624809
     Messages:  created: 69953516   present: 8603   in FES: 252
** Event #53848832   t=414.737216677548   Elapsed: 1239.49s (20m 39s)  82% completed  (91% total)
     Speed:     ev/sec=55112.7   simsec/sec=0.0835557   ev/simsec=659593
     Messages:  created: 70105316   present: 8609   in FES: 285
** Event #53982976   t=414.946296061391   Elapsed: 1241.49s (20m 41s)  82% completed  (91% total)
     Speed:     ev/sec=66994.6   simsec/sec=0.104419   ev/simsec=641594
     Messages:  created: 70293171   present: 8617   in FES: 287
** Event #54115840   t=415.146228616293   Elapsed: 1243.5s (20m 43s)  83% completed  (91% total)
     Speed:     ev/sec=66304.8   simsec/sec=0.0997748   ev/simsec=664544
     Messages:  created: 70473072   present: 8685   in FES: 272
** Event #54250240   t=415.364073125806   Elapsed: 1245.5s (20m 45s)  83% completed  (91% total)
     Speed:     ev/sec=67132.9   simsec/sec=0.108813   ev/simsec=616954
     Messages:  created: 70661103   present: 8620   in FES: 224
** Event #54368512   t=415.551824684176   Elapsed: 1247.5s (20m 47s)  83% completed  (91% total)
     Speed:     ev/sec=59013.5   simsec/sec=0.0936814   ev/simsec=629939
     Messages:  created: 70824614   present: 8694   in FES: 242
** Event #54466048   t=415.695612925227   Elapsed: 1249.51s (20m 49s)  83% completed  (91% total)
     Speed:     ev/sec=48704.7   simsec/sec=0.0718008   ev/simsec=678331
     Messages:  created: 70957016   present: 8748   in FES: 254
** Event #54600448   t=415.909255436296   Elapsed: 1251.51s (20m 51s)  83% completed  (91% total)
     Speed:     ev/sec=67136.5   simsec/sec=0.10672   ev/simsec=629088
     Messages:  created: 71145185   present: 8764   in FES: 287
** Event #54733824   t=416.108667172525   Elapsed: 1253.51s (20m 53s)  83% completed  (91% total)
     Speed:     ev/sec=66643   simsec/sec=0.0996386   ev/simsec=668847
     Messages:  created: 71325663   present: 8815   in FES: 270
** Event #54867712   t=416.32193228634   Elapsed: 1255.51s (20m 55s)  83% completed  (91% total)
     Speed:     ev/sec=66847.4   simsec/sec=0.106479   ev/simsec=627801
     Messages:  created: 71513152   present: 8821   in FES: 287
** Event #54996480   t=416.527536183321   Elapsed: 1257.51s (20m 57s)  83% completed  (91% total)
     Speed:     ev/sec=64334.8   simsec/sec=0.102723   ev/simsec=626292
     Messages:  created: 71692688   present: 8831   in FES: 243
** Event #55081984   t=416.650937218726   Elapsed: 1259.52s (20m 59s)  83% completed  (91% total)
     Speed:     ev/sec=42687.2   simsec/sec=0.061607   ev/simsec=692895
     Messages:  created: 71806579   present: 8832   in FES: 234
** Event #55216128   t=416.868029693873   Elapsed: 1261.52s (21m 01s)  83% completed  (91% total)
     Speed:     ev/sec=66986.5   simsec/sec=0.108408   ev/simsec=617912
     Messages:  created: 71994395   present: 8880   in FES: 257
** Event #55348992   t=417.073588796473   Elapsed: 1263.52s (21m 03s)  83% completed  (91% total)
     Speed:     ev/sec=66418.4   simsec/sec=0.102759   ev/simsec=646354
     Messages:  created: 72176287   present: 8957   in FES: 273
** Event #55481856   t=417.275883805684   Elapsed: 1265.52s (21m 05s)  83% completed  (91% total)
     Speed:     ev/sec=66411.4   simsec/sec=0.101116   ev/simsec=656783
     Messages:  created: 72360277   present: 8886   in FES: 225
** Event #55616256   t=417.490119975289   Elapsed: 1267.52s (21m 07s)  83% completed  (91% total)
     Speed:     ev/sec=67138.7   simsec/sec=0.10702   ev/simsec=627345
     Messages:  created: 72548535   present: 8987   in FES: 287
** Event #55697920   t=417.612094658359   Elapsed: 1269.52s (21m 09s)  83% completed  (91% total)
     Speed:     ev/sec=40825.4   simsec/sec=0.0609774   ev/simsec=669516
     Messages:  created: 72656502   present: 8957   in FES: 256
** Event #55831808   t=417.822935857562   Elapsed: 1271.52s (21m 11s)  83% completed  (91% total)
     Speed:     ev/sec=66841.6   simsec/sec=0.105259   ev/simsec=635018
     Messages:  created: 72843980   present: 9037   in FES: 255
** Event #55965696   t=418.031641863715   Elapsed: 1273.53s (21m 13s)  83% completed  (91% total)
     Speed:     ev/sec=66883.2   simsec/sec=0.104258   ev/simsec=641515
     Messages:  created: 73029858   present: 8984   in FES: 225
** Event #56099840   t=418.231442071621   Elapsed: 1275.53s (21m 15s)  83% completed  (91% total)
     Speed:     ev/sec=67011.5   simsec/sec=0.0998099   ev/simsec=671391
     Messages:  created: 73212999   present: 9039   in FES: 237
** Event #56233984   t=418.447374902757   Elapsed: 1277.53s (21m 17s)  83% completed  (91% total)
     Speed:     ev/sec=67069.5   simsec/sec=0.107962   ev/simsec=621230
     Messages:  created: 73400830   present: 9072   in FES: 231
** Event #56324608   t=418.586634816683   Elapsed: 1279.53s (21m 19s)  83% completed  (91% total)
     Speed:     ev/sec=45301.5   simsec/sec=0.0696139   ev/simsec=650754
     Messages:  created: 73522423   present: 9166   in FES: 254
** Event #56448256   t=418.776820560942   Elapsed: 1281.53s (21m 21s)  83% completed  (91% total)
     Speed:     ev/sec=61818.2   simsec/sec=0.0950839   ev/simsec=650143
     Messages:  created: 73694349   present: 9117   in FES: 233
** Event #56580352   t=418.983586421692   Elapsed: 1283.53s (21m 23s)  83% completed  (91% total)
     Speed:     ev/sec=65955.4   simsec/sec=0.103238   ev/simsec=638868
     Messages:  created: 73879255   present: 9058   in FES: 204
** Event #56713728   t=419.184753952872   Elapsed: 1285.53s (21m 25s)  83% completed  (91% total)
     Speed:     ev/sec=66627.5   simsec/sec=0.100493   ev/simsec=663010
     Messages:  created: 74059808   present: 9200   in FES: 256
** Event #56847104   t=419.395355695358   Elapsed: 1287.54s (21m 27s)  83% completed  (91% total)
     Speed:     ev/sec=66594.6   simsec/sec=0.105153   ev/simsec=633309
     Messages:  created: 74246485   present: 9127   in FES: 240
** Event #56951552   t=419.563529584239   Elapsed: 1289.55s (21m 29s)  83% completed  (91% total)
     Speed:     ev/sec=51923.6   simsec/sec=0.0836033   ev/simsec=621071
     Messages:  created: 74389125   present: 9255   in FES: 254
** Event #57065728   t=419.740430523861   Elapsed: 1291.55s (21m 31s)  83% completed  (91% total)
     Speed:     ev/sec=56992.6   simsec/sec=0.0883027   ev/simsec=645423
     Messages:  created: 74546704   present: 9282   in FES: 255
** Event #57199104   t=419.94818311206   Elapsed: 1293.55s (21m 33s)  83% completed  (91% total)
     Speed:     ev/sec=66600.3   simsec/sec=0.10374   ev/simsec=641994
     Messages:  created: 74733465   present: 9358   in FES: 274
** Event #57332480   t=420.147382980169   Elapsed: 1295.56s (21m 35s)  84% completed  (92% total)
     Speed:     ev/sec=66633   simsec/sec=0.0995178   ev/simsec=669559
     Messages:  created: 74913662   present: 9356   in FES: 254
** Event #57465344   t=420.36028083712   Elapsed: 1297.56s (21m 37s)  84% completed  (92% total)
     Speed:     ev/sec=66418.7   simsec/sec=0.106428   ev/simsec=624074
     Messages:  created: 75099646   present: 9380   in FES: 287
** Event #57585408   t=420.553438555995   Elapsed: 1299.56s (21m 39s)  84% completed  (92% total)
     Speed:     ev/sec=60012.2   simsec/sec=0.096547   ev/simsec=621585
     Messages:  created: 75265891   present: 9421   in FES: 254
** Event #57680896   t=420.694988287797   Elapsed: 1301.56s (21m 41s)  84% completed  (92% total)
     Speed:     ev/sec=47709.9   simsec/sec=0.0707244   ev/simsec=674590
     Messages:  created: 75395229   present: 9467   in FES: 278
** Event #57814784   t=420.9079356588   Elapsed: 1303.56s (21m 43s)  84% completed  (92% total)
     Speed:     ev/sec=66808.7   simsec/sec=0.106258   ev/simsec=628738
     Messages:  created: 75582723   present: 9437   in FES: 255
** Event #57947648   t=421.10493530327   Elapsed: 1305.56s (21m 45s)  84% completed  (92% total)
     Speed:     ev/sec=66386.1   simsec/sec=0.0984318   ev/simsec=674438
     Messages:  created: 75762154   present: 9479   in FES: 255
** Event #58081280   t=421.316360137089   Elapsed: 1307.56s (21m 47s)  84% completed  (92% total)
     Speed:     ev/sec=66799.2   simsec/sec=0.105686   ev/simsec=632054
     Messages:  created: 75949234   present: 9501   in FES: 240
** Event #58211072   t=421.522362102569   Elapsed: 1309.57s (21m 49s)  84% completed  (92% total)
     Speed:     ev/sec=64793.8   simsec/sec=0.102839   ev/simsec=630052
     Messages:  created: 76130497   present: 9490   in FES: 230
** Event #58298880   t=421.653509990928   Elapsed: 1311.57s (21m 51s)  84% completed  (92% total)
     Speed:     ev/sec=43854.2   simsec/sec=0.0654995   ev/simsec=669534
     Messages:  created: 76247907   present: 9513   in FES: 230
** Event #58431744   t=421.863811856535   Elapsed: 1313.57s (21m 53s)  84% completed  (92% total)
     Speed:     ev/sec=66337.5   simsec/sec=0.105001   ev/simsec=631778
     Messages:  created: 76433980   present: 9618   in FES: 287
** Event #58564608   t=422.068320662151   Elapsed: 1315.58s (21m 55s)  84% completed  (92% total)
     Speed:     ev/sec=66322.9   simsec/sec=0.102087   ev/simsec=649674
     Messages:  created: 76615821   present: 9635   in FES: 254
** Event #58699008   t=422.27216599626   Elapsed: 1317.58s (21m 57s)  84% completed  (92% total)
     Speed:     ev/sec=67187.2   simsec/sec=0.101903   ev/simsec=659323
     Messages:  created: 76802046   present: 9661   in FES: 254
** Event #58833408   t=422.485707700258   Elapsed: 1319.58s (21m 59s)  84% completed  (92% total)
     Speed:     ev/sec=67163.2   simsec/sec=0.106712   ev/simsec=629385
     Messages:  created: 76990184   present: 9681   in FES: 267
** Event #58917376   t=422.612268580946   Elapsed: 1321.58s (22m 01s)  84% completed  (92% total)
     Speed:     ev/sec=41961.7   simsec/sec=0.0632468   ev/simsec=663459
     Messages:  created: 77101702   present: 9672   in FES: 256
** Event #59050240   t=422.823289698176   Elapsed: 1323.58s (22m 03s)  84% completed  (92% total)
     Speed:     ev/sec=66392.4   simsec/sec=0.105448   ev/simsec=629624
     Messages:  created: 77287699   present: 9669   in FES: 232
** Event #59184128   t=423.034724692159   Elapsed: 1325.58s (22m 05s)  84% completed  (92% total)
     Speed:     ev/sec=66925.2   simsec/sec=0.105688   ev/simsec=633235
     Messages:  created: 77473808   present: 9721   in FES: 249
** Event #59318016   t=423.232926253701   Elapsed: 1327.58s (22m 07s)  84% completed  (92% total)
     Speed:     ev/sec=66915.9   simsec/sec=0.0990591   ev/simsec=675514
     Messages:  created: 77656545   present: 9779   in FES: 287
** Event #59451904   t=423.446857014939   Elapsed: 1329.58s (22m 09s)  84% completed  (92% total)
     Speed:     ev/sec=66868.3   simsec/sec=0.106844   ev/simsec=625847
     Messages:  created: 77843925   present: 9710   in FES: 242
** Event #59543296   t=423.591675309938   Elapsed: 1331.59s (22m 11s)  84% completed  (92% total)
     Speed:     ev/sec=45642.3   simsec/sec=0.0723241   ev/simsec=631080
     Messages:  created: 77966531   present: 9733   in FES: 211
** Event #59672064   t=423.790672313225   Elapsed: 1333.59s (22m 13s)  84% completed  (92% total)
     Speed:     ev/sec=64314.5   simsec/sec=0.0993912   ev/simsec=647085
     Messages:  created: 78146283   present: 9842   in FES: 254
** Event #59805696   t=424.00027549097   Elapsed: 1335.59s (22m 15s)  84% completed  (92% total)
     Speed:     ev/sec=66803.3   simsec/sec=0.104782   ev/simsec=637548
     Messages:  created: 78333360   present: 9875   in FES: 255
** Event #59939584   t=424.200693613521   Elapsed: 1337.59s (22m 17s)  84% completed  (92% total)
     Speed:     ev/sec=66819.4   simsec/sec=0.100023   ev/simsec=668043
     Messages:  created: 78515008   present: 9925   in FES: 287
** Event #60073728   t=424.410884696168   Elapsed: 1339.59s (22m 19s)  84% completed  (92% total)
     Speed:     ev/sec=67047.5   simsec/sec=0.105057   ev/simsec=638200
     Messages:  created: 78702764   present: 9969   in FES: 254
** Event #60175360   t=424.572548710595   Elapsed: 1341.6s (22m 21s)  84% completed  (92% total)
     Speed:     ev/sec=50572   simsec/sec=0.0804438   ev/simsec=628662
     Messages:  created: 78840969   present: 9987   in FES: 254
** Event #60289024   t=424.742975624639   Elapsed: 1343.6s (22m 23s)  84% completed  (92% total)
     Speed:     ev/sec=56808.8   simsec/sec=0.0851786   ev/simsec=666937
     Messages:  created: 78997876   present: 9990   in FES: 287
** Event #60422912   t=424.95753059038   Elapsed: 1345.6s (22m 25s)  84% completed  (92% total)
     Speed:     ev/sec=66900.2   simsec/sec=0.107207   ev/simsec=624027
     Messages:  created: 79185237   present: 9996   in FES: 255
** Event #60556544   t=425.159016302521   Elapsed: 1347.61s (22m 27s)  85% completed  (92% total)
     Speed:     ev/sec=66765.2   simsec/sec=0.100666   ev/simsec=663233
     Messages:  created: 79365960   present: 10035   in FES: 287
** Event #60690944   t=425.372792796738   Elapsed: 1349.61s (22m 29s)  85% completed  (92% total)
     Speed:     ev/sec=67178.1   simsec/sec=0.106853   ev/simsec=628694
     Messages:  created: 79553997   present: 10086   in FES: 246
** Event #60805376   t=425.55533883102   Elapsed: 1351.61s (22m 31s)  85% completed  (92% total)
     Speed:     ev/sec=57162.5   simsec/sec=0.0911876   ev/simsec=626867
     Messages:  created: 79711563   present: 9994   in FES: 206
** Event #60906752   t=425.702817067799   Elapsed: 1353.61s (22m 33s)  85% completed  (92% total)
     Speed:     ev/sec=50675.2   simsec/sec=0.0737204   ev/simsec=687396
     Messages:  created: 79849785   present: 10104   in FES: 238
** Event #61040128   t=425.917058863677   Elapsed: 1355.61s (22m 35s)  85% completed  (92% total)
     Speed:     ev/sec=66576.7   simsec/sec=0.106942   ev/simsec=622549
     Messages:  created: 80036542   present: 10084   in FES: 251
** Event #61174528   t=426.11930369233   Elapsed: 1357.61s (22m 37s)  85% completed  (92% total)
     Speed:     ev/sec=67116.3   simsec/sec=0.100997   ev/simsec=664541
     Messages:  created: 80218440   present: 10152   in FES: 236
** Event #61308928   t=426.334691280627   Elapsed: 1359.62s (22m 39s)  85% completed  (92% total)
     Speed:     ev/sec=67116.6   simsec/sec=0.10756   ev/simsec=623991
     Messages:  created: 80406605   present: 10206   in FES: 255
** Event #61435648   t=426.536407409822   Elapsed: 1361.62s (22m 41s)  85% completed  (92% total)
     Speed:     ev/sec=63123.9   simsec/sec=0.100482   ev/simsec=628210
     Messages:  created: 80582989   present: 10231   in FES: 254
** Event #61526784   t=426.670421938563   Elapsed: 1363.63s (22m 43s)  85% completed  (92% total)
     Speed:     ev/sec=45533.9   simsec/sec=0.0669572   ev/simsec=680046
     Messages:  created: 80705442   present: 10255   in FES: 252
** Event #61661440   t=426.882980808829   Elapsed: 1365.63s (22m 45s)  85% completed  (92% total)
     Speed:     ev/sec=67221.9   simsec/sec=0.106112   ev/simsec=633500
     Messages:  created: 80893948   present: 10300   in FES: 254
** Event #61796608   t=427.089855436082   Elapsed: 1367.63s (22m 47s)  85% completed  (92% total)
     Speed:     ev/sec=67514.6   simsec/sec=0.103331   ev/simsec=653381
     Messages:  created: 81077741   present: 10314   in FES: 239
** Event #61930496   t=427.299297666204   Elapsed: 1369.63s (22m 49s)  85% completed  (92% total)
     Speed:     ev/sec=66942.5   simsec/sec=0.104719   ev/simsec=639260
     Messages:  created: 81264352   present: 10280   in FES: 223
** Event #62065664   t=427.513220365032   Elapsed: 1371.63s (22m 51s)  85% completed  (92% total)
     Speed:     ev/sec=67511.1   simsec/sec=0.106846   ev/simsec=631854
     Messages:  created: 81453591   present: 10366   in FES: 244
** Event #62149632   t=427.637799068515   Elapsed: 1373.63s (22m 53s)  85% completed  (92% total)
     Speed:     ev/sec=41973   simsec/sec=0.0622731   ev/simsec=674016
     Messages:  created: 81565177   present: 10404   in FES: 287
** Event #62283520   t=427.851563990294   Elapsed: 1375.64s (22m 55s)  85% completed  (92% total)
     Speed:     ev/sec=66888.8   simsec/sec=0.106794   ev/simsec=626333
     Messages:  created: 81752559   present: 10392   in FES: 256
** Event #62417920   t=428.058852485213   Elapsed: 1377.64s (22m 57s)  85% completed  (92% total)
     Speed:     ev/sec=67137.1   simsec/sec=0.103547   ev/simsec=648372
     Messages:  created: 81937345   present: 10484   in FES: 255
** Event #62552064   t=428.265186857495   Elapsed: 1379.64s (22m 59s)  85% completed  (92% total)
     Speed:     ev/sec=66944.4   simsec/sec=0.102971   ev/simsec=650129
     Messages:  created: 82122415   present: 10466   in FES: 254
** Event #62687232   t=428.473714814759   Elapsed: 1381.64s (23m 01s)  85% completed  (92% total)
     Speed:     ev/sec=67514.7   simsec/sec=0.104157   ev/simsec=648201
     Messages:  created: 82311575   present: 10448   in FES: 225
** Event #62771200   t=428.602710960529   Elapsed: 1383.65s (23m 03s)  85% completed  (92% total)
     Speed:     ev/sec=41755.7   simsec/sec=0.0641473   ev/simsec=650934
     Messages:  created: 82423038   present: 10560   in FES: 255
** Event #62905344   t=428.815803028461   Elapsed: 1385.66s (23m 05s)  85% completed  (92% total)
     Speed:     ev/sec=66942.8   simsec/sec=0.106341   ev/simsec=629512
     Messages:  created: 82610740   present: 10440   in FES: 204
** Event #63040000   t=429.027426983004   Elapsed: 1387.66s (23m 07s)  85% completed  (92% total)
     Speed:     ev/sec=67206.9   simsec/sec=0.105622   ev/simsec=636298
     Messages:  created: 82798090   present: 10541   in FES: 229
** Event #63174656   t=429.227634066756   Elapsed: 1389.66s (23m 09s)  85% completed  (92% total)
     Speed:     ev/sec=67250.7   simsec/sec=0.0999886   ev/simsec=672584
     Messages:  created: 82981717   present: 10634   in FES: 254
** Event #63309568   t=429.443698906138   Elapsed: 1391.66s (23m 11s)  85% completed  (92% total)
     Speed:     ev/sec=67434.2   simsec/sec=0.107997   ev/simsec=624405
     Messages:  created: 83170589   present: 10630   in FES: 255
** Event #63404288   t=429.591161730085   Elapsed: 1393.67s (23m 13s)  85% completed  (92% total)
     Speed:     ev/sec=47270.7   simsec/sec=0.0735924   ev/simsec=642331
     Messages:  created: 83298213   present: 10593   in FES: 251
** Event #63531776   t=429.789574452888   Elapsed: 1395.67s (23m 15s)  85% completed  (92% total)
     Speed:     ev/sec=63653.4   simsec/sec=0.0990653   ev/simsec=642539
     Messages:  created: 83475998   present: 10694   in FES: 287
** Event #63667200   t=430.002650659998   Elapsed: 1397.67s (23m 17s)  86% completed  (93% total)
     Speed:     ev/sec=67659.3   simsec/sec=0.106455   ev/simsec=635566
     Messages:  created: 83665497   present: 10699   in FES: 237
** Event #63801856   t=430.20252779395   Elapsed: 1399.68s (23m 19s)  86% completed  (93% total)
     Speed:     ev/sec=67251.5   simsec/sec=0.099825   ev/simsec=673694
     Messages:  created: 83847858   present: 10688   in FES: 222
** Event #63937024   t=430.418013499465   Elapsed: 1401.68s (23m 21s)  86% completed  (93% total)
     Speed:     ev/sec=67513.1   simsec/sec=0.10763   ev/simsec=627271
     Messages:  created: 84037094   present: 10787   in FES: 246
** Event #64037376   t=430.576355792382   Elapsed: 1403.7s (23m 23s)  86% completed  (93% total)
     Speed:     ev/sec=49592.3   simsec/sec=0.0782501   ev/simsec=633766
     Messages:  created: 84173150   present: 10686   in FES: 205
** Event #64154880   t=430.757227613824   Elapsed: 1405.7s (23m 25s)  86% completed  (93% total)
     Speed:     ev/sec=58744.9   simsec/sec=0.090425   ev/simsec=649653
     Messages:  created: 84335755   present: 10799   in FES: 255
** Event #64289280   t=430.970244417545   Elapsed: 1407.7s (23m 27s)  86% completed  (93% total)
     Speed:     ev/sec=67121.6   simsec/sec=0.106384   ev/simsec=630936
     Messages:  created: 84523921   present: 10849   in FES: 241
** Event #64423424   t=431.170835669385   Elapsed: 1409.71s (23m 29s)  86% completed  (93% total)
     Speed:     ev/sec=66982.7   simsec/sec=0.100162   ev/simsec=668743
     Messages:  created: 84705788   present: 10906   in FES: 255
** Event #64557824   t=431.384900564569   Elapsed: 1411.71s (23m 31s)  86% completed  (93% total)
     Speed:     ev/sec=67167.1   simsec/sec=0.10698   ev/simsec=627847
     Messages:  created: 84893838   present: 10870   in FES: 255
** Event #64667392   t=431.557237430184   Elapsed: 1413.71s (23m 33s)  86% completed  (93% total)
     Speed:     ev/sec=54760.6   simsec/sec=0.0861317   ev/simsec=635778
     Messages:  created: 85044263   present: 11122   in FES: 305
** Event #64776704   t=431.718972306542   Elapsed: 1415.71s (23m 35s)  86% completed  (93% total)
     Speed:     ev/sec=54576.5   simsec/sec=0.0807497   ev/simsec=675872
     Messages:  created: 85194366   present: 10954   in FES: 287
** Event #64911360   t=431.930789776731   Elapsed: 1417.71s (23m 37s)  86% completed  (93% total)
     Speed:     ev/sec=67274.6   simsec/sec=0.105825   ev/simsec=635717
     Messages:  created: 85382811   present: 11024   in FES: 251
** Event #65045248   t=432.132995314122   Elapsed: 1419.71s (23m 39s)  86% completed  (93% total)
     Speed:     ev/sec=66896   simsec/sec=0.10103   ev/simsec=662138
     Messages:  created: 85563749   present: 11062   in FES: 287
** Event #65180416   t=432.349912191016   Elapsed: 1421.72s (23m 41s)  86% completed  (93% total)
     Speed:     ev/sec=67491.8   simsec/sec=0.10831   ev/simsec=623133
     Messages:  created: 85752993   present: 11063   in FES: 287
** Event #65304064   t=432.548953854193   Elapsed: 1423.72s (23m 43s)  86% completed  (93% total)
     Speed:     ev/sec=61771.5   simsec/sec=0.0994363   ev/simsec=621217
     Messages:  created: 85924551   present: 10962   in FES: 207
** Event #65398784   t=432.68845612653   Elapsed: 1425.72s (23m 45s)  86% completed  (93% total)
     Speed:     ev/sec=47295.9   simsec/sec=0.0696567   ev/simsec=678985
     Messages:  created: 86052622   present: 11137   in FES: 273
** Event #65532928   t=432.900395674196   Elapsed: 1427.72s (23m 47s)  86% completed  (93% total)
     Speed:     ev/sec=67037.1   simsec/sec=0.105915   ev/simsec=632935
     Messages:  created: 86240367   present: 11069   in FES: 255
** Event #65666560   t=433.102212799266   Elapsed: 1429.72s (23m 49s)  86% completed  (93% total)
     Speed:     ev/sec=66784   simsec/sec=0.10086   ev/simsec=662144
     Messages:  created: 86421639   present: 11139   in FES: 255
** Event #65801472   t=433.316995297785   Elapsed: 1431.73s (23m 51s)  86% completed  (93% total)
     Speed:     ev/sec=67384.4   simsec/sec=0.107277   ev/simsec=628133
     Messages:  created: 86610584   present: 11234   in FES: 282
** Event #65932288   t=433.523796594604   Elapsed: 1433.73s (23m 53s)  86% completed  (93% total)
     Speed:     ev/sec=65352.8   simsec/sec=0.103313   ev/simsec=632569
     Messages:  created: 86793212   present: 11254   in FES: 270
** Event #66018304   t=433.649811036208   Elapsed: 1435.73s (23m 55s)  86% completed  (93% total)
     Speed:     ev/sec=42982.9   simsec/sec=0.0629705   ev/simsec=682588
     Messages:  created: 86907961   present: 11273   in FES: 287
** Event #66153216   t=433.863683120918   Elapsed: 1437.73s (23m 57s)  86% completed  (93% total)
     Speed:     ev/sec=67401.9   simsec/sec=0.10685   ev/simsec=630807
     Messages:  created: 87096806   present: 11310   in FES: 274
** Event #66288128   t=434.07241710638   Elapsed: 1439.73s (23m 59s)  86% completed  (93% total)
     Speed:     ev/sec=67449.3   simsec/sec=0.104357   ev/simsec=646335
     Messages:  created: 87281425   present: 11198   in FES: 240
** Event #66423552   t=434.281607942529   Elapsed: 1441.73s (24m 01s)  86% completed  (93% total)
     Speed:     ev/sec=67621.7   simsec/sec=0.104456   ev/simsec=647371
     Messages:  created: 87469244   present: 11351   in FES: 282
** Event #66557696   t=434.495664163223   Elapsed: 1443.73s (24m 03s)  86% completed  (93% total)
     Speed:     ev/sec=67026.5   simsec/sec=0.106956   ev/simsec=626676
     Messages:  created: 87656984   present: 11280   in FES: 254
** Event #66643456   t=434.621942498342   Elapsed: 1445.74s (24m 05s)  86% completed  (93% total)
     Speed:     ev/sec=42808.7   simsec/sec=0.0630342   ev/simsec=679135
     Messages:  created: 87771179   present: 11331   in FES: 228
** Event #66778368   t=434.836546607236   Elapsed: 1447.74s (24m 07s)  86% completed  (93% total)
     Speed:     ev/sec=67395   simsec/sec=0.107205   ev/simsec=628655
     Messages:  created: 87960123   present: 11429   in FES: 255
** Event #66913024   t=435.047555902662   Elapsed: 1449.74s (24m 09s)  87% completed  (93% total)
     Speed:     ev/sec=67324.7   simsec/sec=0.105499   ev/simsec=638152
     Messages:  created: 88146176   present: 11366   in FES: 224
** Event #67048192   t=435.249128848922   Elapsed: 1451.74s (24m 11s)  87% completed  (93% total)
     Speed:     ev/sec=67445.8   simsec/sec=0.10058   ev/simsec=670566
     Messages:  created: 88331516   present: 11379   in FES: 219
** Event #67182592   t=435.458528534239   Elapsed: 1453.74s (24m 13s)  87% completed  (93% total)
     Speed:     ev/sec=67151.6   simsec/sec=0.104624   ev/simsec=641835
     Messages:  created: 88519693   present: 11381   in FES: 242
** Event #67271680   t=435.597034177933   Elapsed: 1455.75s (24m 15s)  87% completed  (93% total)
     Speed:     ev/sec=44346.9   simsec/sec=0.0689463   ev/simsec=643208
     Messages:  created: 88638836   present: 11474   in FES: 230
** Event #67400960   t=435.802251342191   Elapsed: 1457.76s (24m 17s)  87% completed  (93% total)
     Speed:     ev/sec=64567.2   simsec/sec=0.102493   ev/simsec=629967
     Messages:  created: 88819250   present: 11517   in FES: 287
** Event #67535360   t=436.014460778011   Elapsed: 1459.76s (24m 19s)  87% completed  (93% total)
     Speed:     ev/sec=67170   simsec/sec=0.106057   ev/simsec=633337
     Messages:  created: 89006704   present: 11584   in FES: 253
** Event #67670272   t=436.210638319275   Elapsed: 1461.76s (24m 21s)  87% completed  (93% total)
     Speed:     ev/sec=67354.2   simsec/sec=0.0979408   ev/simsec=687704
     Messages:  created: 89189987   present: 11593   in FES: 287
** Event #67804672   t=436.426512797924   Elapsed: 1463.76s (24m 23s)  87% completed  (93% total)
     Speed:     ev/sec=67147.9   simsec/sec=0.107853   ev/simsec=622584
     Messages:  created: 89378106   present: 11617   in FES: 255
** Event #67901184   t=436.580261761981   Elapsed: 1465.76s (24m 25s)  87% completed  (93% total)
     Speed:     ev/sec=48233.2   simsec/sec=0.0768381   ev/simsec=627725
     Messages:  created: 89508673   present: 11821   in FES: 330
** Event #68024576   t=436.770901494179   Elapsed: 1467.76s (24m 27s)  87% completed  (93% total)
     Speed:     ev/sec=61664.3   simsec/sec=0.0952709   ev/simsec=647252
     Messages:  created: 89680012   present: 11640   in FES: 235
** Event #68159488   t=436.981990382881   Elapsed: 1469.76s (24m 29s)  87% completed  (93% total)
     Speed:     ev/sec=67432.3   simsec/sec=0.105507   ev/simsec=639124
     Messages:  created: 89868847   present: 11658   in FES: 236
** Event #68294144   t=437.181376180847   Elapsed: 1471.77s (24m 31s)  87% completed  (93% total)
     Speed:     ev/sec=67281   simsec/sec=0.0996233   ev/simsec=675354
     Messages:  created: 90051139   present: 11773   in FES: 287
** Event #68428544   t=437.397439204504   Elapsed: 1473.77s (24m 33s)  87% completed  (93% total)
     Speed:     ev/sec=67104.8   simsec/sec=0.107878   ev/simsec=622041
     Messages:  created: 90239256   present: 11800   in FES: 254
** Event #68533760   t=437.562147902031   Elapsed: 1475.78s (24m 35s)  87% completed  (93% total)
     Speed:     ev/sec=52403.5   simsec/sec=0.0820343   ev/simsec=638801
     Messages:  created: 90382831   present: 11692   in FES: 210
** Event #68643840   t=437.72523220704   Elapsed: 1477.78s (24m 37s)  87% completed  (93% total)
     Speed:     ev/sec=55034.8   simsec/sec=0.0815345   ev/simsec=674988
     Messages:  created: 90534101   present: 11785   in FES: 255
** Event #68778240   t=437.940035668052   Elapsed: 1479.78s (24m 39s)  87% completed  (93% total)
     Speed:     ev/sec=67099.8   simsec/sec=0.107242   ev/simsec=625688
     Messages:  created: 90722248   present: 11765   in FES: 220
** Event #68912640   t=438.145490551001   Elapsed: 1481.78s (24m 41s)  87% completed  (93% total)
     Speed:     ev/sec=67172.2   simsec/sec=0.102685   ev/simsec=654158
     Messages:  created: 90904128   present: 11851   in FES: 255
** Event #69047296   t=438.359015251403   Elapsed: 1483.78s (24m 43s)  87% completed  (93% total)
     Speed:     ev/sec=67314.2   simsec/sec=0.10674   ev/simsec=630634
     Messages:  created: 91092681   present: 11903   in FES: 287
** Event #69167104   t=438.551855997538   Elapsed: 1485.78s (24m 45s)  87% completed  (93% total)
     Speed:     ev/sec=59871.6   simsec/sec=0.0963682   ev/simsec=621279
     Messages:  created: 91258463   present: 11962   in FES: 282
** Event #69263104   t=438.693742749546   Elapsed: 1487.79s (24m 47s)  87% completed  (93% total)
     Speed:     ev/sec=47910.1   simsec/sec=0.0708105   ev/simsec=676596
     Messages:  created: 91388461   present: 11955   in FES: 287
** Event #69397248   t=438.904041571098   Elapsed: 1489.79s (24m 49s)  87% completed  (93% total)
     Speed:     ev/sec=67014   simsec/sec=0.105058   ev/simsec=637873
     Messages:  created: 91576197   present: 11967   in FES: 255
** Event #69531648   t=439.110889572206   Elapsed: 1491.79s (24m 51s)  87% completed  (93% total)
     Speed:     ev/sec=67106.7   simsec/sec=0.10328   ev/simsec=649752
     Messages:  created: 91758192   present: 11997   in FES: 255
** Event #69665792   t=439.319008752731   Elapsed: 1493.79s (24m 53s)  87% completed  (93% total)
     Speed:     ev/sec=66949.5   simsec/sec=0.10387   ev/simsec=644554
     Messages:  created: 91946046   present: 12057   in FES: 254
** Event #69796608   t=439.527527301674   Elapsed: 1495.79s (24m 55s)  87% completed  (93% total)
     Speed:     ev/sec=65372.5   simsec/sec=0.104203   ev/simsec=627359
     Messages:  created: 92128775   present: 12238   in FES: 305
** Event #69880576   t=439.648619416056   Elapsed: 1497.8s (24m 57s)  87% completed  (93% total)
     Speed:     ev/sec=41911.5   simsec/sec=0.0604414   ev/simsec=693423
     Messages:  created: 92240267   present: 12087   in FES: 254
** Event #70014464   t=439.860122736961   Elapsed: 1499.8s (24m 59s)  87% completed  (93% total)
     Speed:     ev/sec=66877.8   simsec/sec=0.105647   ev/simsec=633030
     Messages:  created: 92427643   present: 12087   in FES: 239
** Event #70148352   t=440.068194972733   Elapsed: 1501.8s (25m 01s)  88% completed  (94% total)
     Speed:     ev/sec=66868.9   simsec/sec=0.103919   ev/simsec=643469
     Messages:  created: 92611088   present: 12132   in FES: 255
** Event #70281728   t=440.273615616472   Elapsed: 1503.81s (25m 03s)  88% completed  (94% total)
     Speed:     ev/sec=66576.6   simsec/sec=0.102539   ev/simsec=649282
     Messages:  created: 92795499   present: 12184   in FES: 255
** Event #70415360   t=440.485421236669   Elapsed: 1505.81s (25m 05s)  88% completed  (94% total)
     Speed:     ev/sec=66740.6   simsec/sec=0.105783   ev/simsec=630918
     Messages:  created: 92982565   present: 12199   in FES: 254
** Event #70498048   t=440.608851639343   Elapsed: 1507.81s (25m 07s)  88% completed  (94% total)
     Speed:     ev/sec=41308.6   simsec/sec=0.0616624   ev/simsec=669916
     Messages:  created: 93092103   present: 12225   in FES: 255
** Event #70631936   t=440.823461805528   Elapsed: 1509.81s (25m 09s)  88% completed  (94% total)
     Speed:     ev/sec=66824   simsec/sec=0.107113   ev/simsec=623866
     Messages:  created: 93279573   present: 12238   in FES: 254
** Event #70766080   t=441.035196973176   Elapsed: 1511.82s (25m 11s)  88% completed  (94% total)
     Speed:     ev/sec=66979.2   simsec/sec=0.105721   ev/simsec=633546
     Messages:  created: 93465650   present: 12160   in FES: 212
** Event #70899712   t=441.231710465178   Elapsed: 1513.82s (25m 13s)  88% completed  (94% total)
     Speed:     ev/sec=66680.5   simsec/sec=0.0980575   ev/simsec=680014
     Messages:  created: 93648564   present: 12284   in FES: 287
** Event #71033600   t=441.44702850178   Elapsed: 1515.82s (25m 15s)  88% completed  (94% total)
     Speed:     ev/sec=66858.1   simsec/sec=0.107521   ev/simsec=621815
     Messages:  created: 93835950   present: 12306   in FES: 256
** Event #71126528   t=441.591450316319   Elapsed: 1517.82s (25m 17s)  88% completed  (94% total)
     Speed:     ev/sec=46437.6   simsec/sec=0.0721699   ev/simsec=643449
     Messages:  created: 93960997   present: 12368   in FES: 254
** Event #71252480   t=441.789871442617   Elapsed: 1519.83s (25m 19s)  88% completed  (94% total)
     Speed:     ev/sec=62916.4   simsec/sec=0.0991167   ev/simsec=634771
     Messages:  created: 94136358   present: 12301   in FES: 222
** Event #71386624   t=441.998480626317   Elapsed: 1521.83s (25m 21s)  88% completed  (94% total)
     Speed:     ev/sec=67011.1   simsec/sec=0.10421   ev/simsec=643040
     Messages:  created: 94324224   present: 12399   in FES: 287
** Event #71520256   t=442.194896536776   Elapsed: 1523.83s (25m 23s)  88% completed  (94% total)
     Speed:     ev/sec=66727.1   simsec/sec=0.0980772   ev/simsec=680352
     Messages:  created: 94504974   present: 12457   in FES: 287
** Event #71654144   t=442.410574247847   Elapsed: 1525.83s (25m 25s)  88% completed  (94% total)
     Speed:     ev/sec=66837.4   simsec/sec=0.107667   ev/simsec=620778
     Messages:  created: 94692332   present: 12443   in FES: 256
** Event #71757056   t=442.571796234567   Elapsed: 1527.84s (25m 27s)  88% completed  (94% total)
     Speed:     ev/sec=51169.2   simsec/sec=0.0801618   ev/simsec=638325
     Messages:  created: 94832617   present: 12422   in FES: 224
** Event #71869952   t=442.740823836316   Elapsed: 1529.85s (25m 29s)  88% completed  (94% total)
     Speed:     ev/sec=56351.6   simsec/sec=0.0843695   ev/simsec=667915
     Messages:  created: 94988266   present: 12513   in FES: 287
** Event #72003840   t=442.950918603649   Elapsed: 1531.85s (25m 31s)  88% completed  (94% total)
     Speed:     ev/sec=66908.4   simsec/sec=0.104992   ev/simsec=637274
     Messages:  created: 95175653   present: 12450   in FES: 245
** Event #72136960   t=443.154972509056   Elapsed: 1533.85s (25m 33s)  88% completed  (94% total)
     Speed:     ev/sec=66472.2   simsec/sec=0.101892   ev/simsec=652377
     Messages:  created: 95356056   present: 12590   in FES: 255
** Event #72270848   t=443.368320007681   Elapsed: 1535.86s (25m 35s)  88% completed  (94% total)
     Speed:     ev/sec=66825.6   simsec/sec=0.106485   ev/simsec=627558
     Messages:  created: 95543421   present: 12524   in FES: 218
** Event #72387584   t=443.552724663398   Elapsed: 1537.86s (25m 37s)  88% completed  (94% total)
     Speed:     ev/sec=58306.5   simsec/sec=0.0921052   ev/simsec=633043
     Messages:  created: 95704658   present: 12653   in FES: 254
** Event #72485120   t=443.696377779473   Elapsed: 1539.86s (25m 39s)  88% completed  (94% total)
     Speed:     ev/sec=48685.4   simsec/sec=0.0717048   ev/simsec=678969
     Messages:  created: 95837107   present: 12646   in FES: 287
** Event #72619264   t=443.907340901428   Elapsed: 1541.86s (25m 41s)  88% completed  (94% total)
     Speed:     ev/sec=67058.8   simsec/sec=0.105461   ev/simsec=635865
     Messages:  created: 96024841   present: 12679   in FES: 255
** Event #72752384   t=444.111717714983   Elapsed: 1543.86s (25m 43s)  88% completed  (94% total)
     Speed:     ev/sec=66480.2   simsec/sec=0.102066   ev/simsec=651346
     Messages:  created: 96205416   present: 12653   in FES: 227
** Event #72886272   t=444.326037433188   Elapsed: 1545.87s (25m 45s)  88% completed  (94% total)
     Speed:     ev/sec=66845.3   simsec/sec=0.107002   ev/simsec=624712
     Messages:  created: 96392903   present: 12726   in FES: 260
** Event #73014016   t=444.5284904206   Elapsed: 1547.88s (25m 47s)  88% completed  (94% total)
     Speed:     ev/sec=63591.1   simsec/sec=0.100781   ev/simsec=630981
     Messages:  created: 96570858   present: 12679   in FES: 219
** Event #73102080   t=444.655069414356   Elapsed: 1549.88s (25m 49s)  88% completed  (94% total)
     Speed:     ev/sec=44009.2   simsec/sec=0.0632567   ev/simsec=695724
     Messages:  created: 96688867   present: 12698   in FES: 214
** Event #73235712   t=444.867668328754   Elapsed: 1551.88s (25m 51s)  88% completed  (94% total)
     Speed:     ev/sec=66757.2   simsec/sec=0.106206   ev/simsec=628564
     Messages:  created: 96875945   present: 12770   in FES: 233
** Event #73369088   t=445.075495869334   Elapsed: 1553.88s (25m 53s)  89% completed  (94% total)
     Speed:     ev/sec=66630.2   simsec/sec=0.103824   ev/simsec=641763
     Messages:  created: 97058523   present: 12850   in FES: 254
** Event #73502208   t=445.280325397829   Elapsed: 1555.88s (25m 55s)  89% completed  (94% total)
     Speed:     ev/sec=66558.3   simsec/sec=0.102412   ev/simsec=649906
     Messages:  created: 97243242   present: 12851   in FES: 256
** Event #73635584   t=445.490875589712   Elapsed: 1557.88s (25m 57s)  89% completed  (94% total)
     Speed:     ev/sec=66600.6   simsec/sec=0.105137   ev/simsec=633464
     Messages:  created: 97429993   present: 12898   in FES: 287
** Event #73718784   t=445.619110761283   Elapsed: 1559.89s (25m 59s)  89% completed  (94% total)
     Speed:     ev/sec=41520   simsec/sec=0.0639943   ev/simsec=648808
     Messages:  created: 97540640   present: 12916   in FES: 287
** Event #73851648   t=445.829675594496   Elapsed: 1561.89s (26m 01s)  89% completed  (94% total)
     Speed:     ev/sec=66416.9   simsec/sec=0.105258   ev/simsec=630989
     Messages:  created: 97726703   present: 12929   in FES: 287
** Event #73984768   t=446.038464695761   Elapsed: 1563.89s (26m 03s)  89% completed  (94% total)
     Speed:     ev/sec=66468   simsec/sec=0.10425   ev/simsec=637581
     Messages:  created: 97911401   present: 12963   in FES: 246
** Event #74118400   t=446.232458833882   Elapsed: 1565.89s (26m 05s)  89% completed  (94% total)
     Speed:     ev/sec=66746.7   simsec/sec=0.0968964   ev/simsec=688846
     Messages:  created: 98094023   present: 12949   in FES: 233
** Event #74252544   t=446.447415099832   Elapsed: 1567.9s (26m 07s)  89% completed  (94% total)
     Speed:     ev/sec=66942.8   simsec/sec=0.107271   ev/simsec=624053
     Messages:  created: 98281908   present: 13032   in FES: 287
** Event #74347776   t=446.598273901311   Elapsed: 1569.9s (26m 09s)  89% completed  (94% total)
     Speed:     ev/sec=47495.3   simsec/sec=0.0752381   ev/simsec=631266
     Messages:  created: 98410509   present: 13076   in FES: 270
** Event #74475520   t=446.798267429456   Elapsed: 1571.9s (26m 11s)  89% completed  (94% total)
     Speed:     ev/sec=63816.9   simsec/sec=0.0999105   ev/simsec=638741
     Messages:  created: 98588692   present: 13067   in FES: 254
** Event #74609664   t=447.009088758069   Elapsed: 1573.9s (26m 13s)  89% completed  (94% total)
     Speed:     ev/sec=67005.5   simsec/sec=0.105306   ev/simsec=636292
     Messages:  created: 98776355   present: 13058   in FES: 233
** Event #74743040   t=447.207725837803   Elapsed: 1575.91s (26m 15s)  89% completed  (94% total)
     Speed:     ev/sec=66613.9   simsec/sec=0.0992082   ev/simsec=671456
     Messages:  created: 98957290   present: 13158   in FES: 269
** Event #74877184   t=447.420073169262   Elapsed: 1577.91s (26m 17s)  89% completed  (94% total)
     Speed:     ev/sec=66968.7   simsec/sec=0.10601   ev/simsec=631720
     Messages:  created: 99145064   present: 13140   in FES: 256
** Event #74975488   t=447.577161029664   Elapsed: 1579.93s (26m 19s)  89% completed  (94% total)
     Speed:     ev/sec=48741.1   simsec/sec=0.0778873   ev/simsec=625790
     Messages:  created: 99278399   present: 13067   in FES: 205
** Event #75094272   t=447.760244669324   Elapsed: 1581.93s (26m 21s)  89% completed  (94% total)
     Speed:     ev/sec=59391   simsec/sec=0.0915404   ev/simsec=648796
     Messages:  created: 99443159   present: 13243   in FES: 275
** Event #75227648   t=447.965261167293   Elapsed: 1583.93s (26m 23s)  89% completed  (94% total)
     Speed:     ev/sec=66584.4   simsec/sec=0.102349   ev/simsec=650562
     Messages:  created: 99629938   present: 13275   in FES: 254
** Event #75361024   t=448.167641301553   Elapsed: 1585.93s (26m 25s)  89% completed  (94% total)
     Speed:     ev/sec=66575.6   simsec/sec=0.101019   ev/simsec=659037
     Messages:  created: 99810583   present: 13236   in FES: 237
** Event #75494912   t=448.380456415148   Elapsed: 1587.94s (26m 27s)  89% completed  (94% total)
     Speed:     ev/sec=66859.1   simsec/sec=0.106273   ev/simsec=629128
     Messages:  created: 99998050   present: 13330   in FES: 287
** Event #75605504   t=448.559426398806   Elapsed: 1589.94s (26m 29s)  89% completed  (94% total)
     Speed:     ev/sec=55160   simsec/sec=0.089265   ev/simsec=617936
     Messages:  created: 100150092   present: 13356   in FES: 254
** Event #75711232   t=448.718173639248   Elapsed: 1591.94s (26m 31s)  89% completed  (94% total)
     Speed:     ev/sec=52844   simsec/sec=0.0793436   ev/simsec=666015
     Messages:  created: 100294948   present: 13352   in FES: 265
** Event #75844608   t=448.929220619913   Elapsed: 1593.94s (26m 33s)  89% completed  (94% total)
     Speed:     ev/sec=66641.4   simsec/sec=0.10545   ev/simsec=631973
     Messages:  created: 100481693   present: 13370   in FES: 257
** Event #75978240   t=449.126909941213   Elapsed: 1595.95s (26m 35s)  89% completed  (94% total)
     Speed:     ev/sec=66703   simsec/sec=0.0986776   ev/simsec=675970
     Messages:  created: 100662777   present: 13424   in FES: 268
** Event #76112384   t=449.344196340977   Elapsed: 1597.95s (26m 37s)  89% completed  (94% total)
     Speed:     ev/sec=66996.1   simsec/sec=0.10852   ev/simsec=617360
     Messages:  created: 100850563   present: 13404   in FES: 256
** Event #76238592   t=449.544849613044   Elapsed: 1599.96s (26m 39s)  89% completed  (94% total)
     Speed:     ev/sec=62748.7   simsec/sec=0.0997617   ev/simsec=628986
     Messages:  created: 101026198   present: 13453   in FES: 287
** Event #76330496   t=449.678664686814   Elapsed: 1601.96s (26m 41s)  89% completed  (94% total)
     Speed:     ev/sec=45907   simsec/sec=0.066842   ev/simsec=686799
     Messages:  created: 101150009   present: 13421   in FES: 223
** Event #76464128   t=449.892049353097   Elapsed: 1603.96s (26m 43s)  89% completed  (94% total)
     Speed:     ev/sec=66804.9   simsec/sec=0.106675   ev/simsec=626249
     Messages:  created: 101337105   present: 13503   in FES: 259
** Event #76598272   t=450.097209157121   Elapsed: 1605.96s (26m 45s)  90% completed  (95% total)
     Speed:     ev/sec=67051.1   simsec/sec=0.102548   ev/simsec=653851
     Messages:  created: 101519034   present: 13504   in FES: 230
** Event #76732416   t=450.310682039353   Elapsed: 1607.96s (26m 47s)  90% completed  (95% total)
     Speed:     ev/sec=67013.4   simsec/sec=0.106643   ev/simsec=628389
     Messages:  created: 101706854   present: 13582   in FES: 286
** Event #76863232   t=450.518467641952   Elapsed: 1609.97s (26m 49s)  90% completed  (95% total)
     Speed:     ev/sec=65295.6   simsec/sec=0.103714   ev/simsec=629572
     Messages:  created: 101889658   present: 13574   in FES: 254
** Event #76950784   t=450.649945025913   Elapsed: 1611.97s (26m 51s)  90% completed  (95% total)
     Speed:     ev/sec=43690   simsec/sec=0.0656096   ev/simsec=665909
     Messages:  created: 102006793   present: 13565   in FES: 254
** Event #77084928   t=450.864356979587   Elapsed: 1613.97s (26m 53s)  90% completed  (95% total)
     Speed:     ev/sec=67013.3   simsec/sec=0.107112   ev/simsec=625637
     Messages:  created: 102194746   present: 13682   in FES: 287
** Event #77219072   t=451.073306851141   Elapsed: 1615.98s (26m 55s)  90% completed  (95% total)
     Speed:     ev/sec=66966.8   simsec/sec=0.104311   ev/simsec=641991
     Messages:  created: 102378525   present: 13684   in FES: 255
** Event #77352960   t=451.283587521626   Elapsed: 1617.98s (26m 57s)  90% completed  (95% total)
     Speed:     ev/sec=66877.2   simsec/sec=0.105035   ev/simsec=636711
     Messages:  created: 102564391   present: 13690   in FES: 287
** Event #77487872   t=451.503087935295   Elapsed: 1619.98s (26m 59s)  90% completed  (95% total)
     Speed:     ev/sec=67398.2   simsec/sec=0.109656   ev/simsec=614632
     Messages:  created: 102753292   present: 13607   in FES: 233
** Event #77577472   t=451.642288143699   Elapsed: 1621.98s (27m 01s)  90% completed  (95% total)
     Speed:     ev/sec=44753.8   simsec/sec=0.0695283   ev/simsec=643677
     Messages:  created: 102873636   present: 13775   in FES: 283
** Event #77711872   t=451.853984280565   Elapsed: 1623.98s (27m 03s)  90% completed  (95% total)
     Speed:     ev/sec=67145   simsec/sec=0.105761   ev/simsec=634872
     Messages:  created: 103061932   present: 13776   in FES: 243
** Event #77846528   t=452.068644100762   Elapsed: 1625.99s (27m 05s)  90% completed  (95% total)
     Speed:     ev/sec=67258.2   simsec/sec=0.107219   ev/simsec=627300
     Messages:  created: 103246891   present: 13706   in FES: 205
** Event #77982208   t=452.28508076436   Elapsed: 1627.99s (27m 07s)  90% completed  (95% total)
     Speed:     ev/sec=67785   simsec/sec=0.108131   ev/simsec=626881
     Messages:  created: 103435172   present: 13766   in FES: 225
** Event #78118144   t=452.50899163202   Elapsed: 1629.99s (27m 09s)  90% completed  (95% total)
     Speed:     ev/sec=67906.5   simsec/sec=0.111854   ev/simsec=607099
     Messages:  created: 103625895   present: 13858   in FES: 255
** Event #78212608   t=452.658241861629   Elapsed: 1631.99s (27m 11s)  90% completed  (95% total)
     Speed:     ev/sec=47212.5   simsec/sec=0.0745942   ev/simsec=632924
     Messages:  created: 103753395   present: 13931   in FES: 276
** Event #78349056   t=452.884489791214   Elapsed: 1633.99s (27m 13s)  90% completed  (95% total)
     Speed:     ev/sec=68192.9   simsec/sec=0.113072   ev/simsec=603091
     Messages:  created: 103944842   present: 13930   in FES: 255
** Event #78485504   t=453.103546091968   Elapsed: 1635.99s (27m 15s)  90% completed  (95% total)
     Speed:     ev/sec=68169.3   simsec/sec=0.10944   ev/simsec=622890
     Messages:  created: 104131236   present: 13985   in FES: 287
** Event #78623232   t=453.336554274764   Elapsed: 1637.99s (27m 17s)  90% completed  (95% total)
     Speed:     ev/sec=68797.4   simsec/sec=0.116391   ev/simsec=591087
     Messages:  created: 104324573   present: 13957   in FES: 230
** Event #78749440   t=453.549173040106   Elapsed: 1640s (27m 19s)  90% completed  (95% total)
     Speed:     ev/sec=63040   simsec/sec=0.106202   ev/simsec=593588
     Messages:  created: 104500399   present: 14044   in FES: 287
** Event #78857984   t=453.720365008814   Elapsed: 1642s (27m 21s)  90% completed  (95% total)
     Speed:     ev/sec=54261.2   simsec/sec=0.0855789   ev/simsec=634048
     Messages:  created: 104649127   present: 13951   in FES: 212
** Event #78996992   t=453.959977975725   Elapsed: 1644s (27m 23s)  90% completed  (95% total)
     Speed:     ev/sec=69468.7   simsec/sec=0.119746   ev/simsec=580136
     Messages:  created: 104844597   present: 14106   in FES: 254
** Event #79134720   t=454.181114549355   Elapsed: 1646s (27m 26s)  90% completed  (95% total)
     Speed:     ev/sec=68766.2   simsec/sec=0.110411   ev/simsec=622819
     Messages:  created: 105033133   present: 14043   in FES: 250
** Event #79274240   t=454.423570460876   Elapsed: 1648s (27m 28s)  90% completed  (95% total)
     Speed:     ev/sec=69655.6   simsec/sec=0.121046   ev/simsec=575445
     Messages:  created: 105229268   present: 14165   in FES: 254
** Event #79377408   t=454.600082251861   Elapsed: 1650.01s (27m 30s)  90% completed  (95% total)
     Speed:     ev/sec=51478.4   simsec/sec=0.0880752   ev/simsec=584482
     Messages:  created: 105369635   present: 14175   in FES: 256
** Event #79513344   t=454.828800217934   Elapsed: 1652.01s (27m 32s)  90% completed  (95% total)
     Speed:     ev/sec=67893.4   simsec/sec=0.114233   ev/simsec=594339
     Messages:  created: 105560360   present: 14199   in FES: 255
** Event #79649536   t=455.053842327121   Elapsed: 1654.01s (27m 34s)  91% completed  (95% total)
     Speed:     ev/sec=68021.6   simsec/sec=0.112398   ev/simsec=605185
     Messages:  created: 105748684   present: 14275   in FES: 282
** Event #79784960   t=455.273263311725   Elapsed: 1656.01s (27m 36s)  91% completed  (95% total)
     Speed:     ev/sec=67670   simsec/sec=0.109642   ev/simsec=617188
     Messages:  created: 105936180   present: 14282   in FES: 275
** Event #79922432   t=455.507433600308   Elapsed: 1658.01s (27m 38s)  91% completed  (95% total)
     Speed:     ev/sec=68724.7   simsec/sec=0.117066   ev/simsec=587060
     Messages:  created: 106129121   present: 14322   in FES: 269
** Event #80017408   t=455.656632570547   Elapsed: 1660.02s (27m 40s)  91% completed  (95% total)
     Speed:     ev/sec=47419.5   simsec/sec=0.0744919   ev/simsec=636573
     Messages:  created: 106257308   present: 14217   in FES: 211
** Event #80152832   t=455.869964682323   Elapsed: 1662.02s (27m 42s)  91% completed  (95% total)
     Speed:     ev/sec=67681.4   simsec/sec=0.106618   ev/simsec=634804
     Messages:  created: 106447311   present: 13932   in FES: 268
** Event #80284672   t=456.069056080203   Elapsed: 1664.02s (27m 44s)  91% completed  (95% total)
     Speed:     ev/sec=65837.9   simsec/sec=0.0994217   ev/simsec=662208
     Messages:  created: 106628604   present: 13981   in FES: 255
** Event #80417536   t=456.272429524072   Elapsed: 1666.02s (27m 46s)  91% completed  (95% total)
     Speed:     ev/sec=66378.6   simsec/sec=0.101605   ev/simsec=653301
     Messages:  created: 106813136   present: 13952   in FES: 257
** Event #80552448   t=456.481754498437   Elapsed: 1668.03s (27m 48s)  91% completed  (95% total)
     Speed:     ev/sec=67337.5   simsec/sec=0.104479   ev/simsec=644510
     Messages:  created: 107002316   present: 14055   in FES: 282
** Event #80642048   t=456.608735963053   Elapsed: 1670.03s (27m 50s)  91% completed  (95% total)
     Speed:     ev/sec=44724.9   simsec/sec=0.0633843   ev/simsec=705615
     Messages:  created: 107122693   present: 14253   in FES: 306
** Event #80772864   t=456.805788481528   Elapsed: 1672.03s (27m 52s)  91% completed  (95% total)
     Speed:     ev/sec=65353.9   simsec/sec=0.0984447   ev/simsec=663864
     Messages:  created: 107305637   present: 14080   in FES: 255
** Event #80906240   t=457.007515827973   Elapsed: 1674.03s (27m 54s)  91% completed  (95% total)
     Speed:     ev/sec=66637.8   simsec/sec=0.100788   ev/simsec=661170
     Messages:  created: 107492526   present: 14047   in FES: 229
** Event #81032192   t=457.187285402061   Elapsed: 1676.03s (27m 56s)  91% completed  (95% total)
     Speed:     ev/sec=62885.3   simsec/sec=0.0897554   ev/simsec=700630
     Messages:  created: 107663258   present: 14146   in FES: 269
** Event #81166080   t=457.39082388981   Elapsed: 1678.04s (27m 58s)  91% completed  (95% total)
     Speed:     ev/sec=66848   simsec/sec=0.101623   ev/simsec=657802
     Messages:  created: 107850757   present: 14082   in FES: 221
** Event #81271808   t=457.546058993892   Elapsed: 1680.06s (28m 00s)  91% completed  (95% total)
     Speed:     ev/sec=52399.7   simsec/sec=0.0769358   ev/simsec=681083
     Messages:  created: 107995719   present: 14213   in FES: 255
** Event #81380096   t=457.704661901114   Elapsed: 1682.06s (28m 02s)  91% completed  (95% total)
     Speed:     ev/sec=54121   simsec/sec=0.0792678   ev/simsec=682762
     Messages:  created: 108145019   present: 14186   in FES: 255
** Event #81513216   t=457.904617542165   Elapsed: 1684.06s (28m 04s)  91% completed  (95% total)
     Speed:     ev/sec=66467.5   simsec/sec=0.0998388   ev/simsec=665748
     Messages:  created: 108331430   present: 14168   in FES: 257
** Event #81642496   t=458.085323917179   Elapsed: 1686.06s (28m 06s)  91% completed  (95% total)
     Speed:     ev/sec=64554.9   simsec/sec=0.0902343   ev/simsec=715415
     Messages:  created: 108507329   present: 14239   in FES: 256
** Event #81771776   t=458.277052368933   Elapsed: 1688.06s (28m 08s)  91% completed  (95% total)
     Speed:     ev/sec=64636.3   simsec/sec=0.0958587   ev/simsec=674287
     Messages:  created: 108686912   present: 14281   in FES: 268
** Event #81904640   t=458.481687642314   Elapsed: 1690.07s (28m 10s)  91% completed  (95% total)
     Speed:     ev/sec=66314.2   simsec/sec=0.102136   ev/simsec=649272
     Messages:  created: 108872951   present: 14276   in FES: 257
** Event #81979648   t=458.584577843405   Elapsed: 1692.07s (28m 12s)  91% completed  (95% total)
     Speed:     ev/sec=37475.2   simsec/sec=0.0514056   ev/simsec=729010
     Messages:  created: 108972686   present: 14294   in FES: 252
** Event #82101760   t=458.768847733652   Elapsed: 1694.07s (28m 14s)  91% completed  (95% total)
     Speed:     ev/sec=61012.9   simsec/sec=0.0920699   ev/simsec=662680
     Messages:  created: 109142771   present: 14286   in FES: 234
** Event #82234624   t=458.968864757402   Elapsed: 1696.07s (28m 16s)  91% completed  (95% total)
     Speed:     ev/sec=66418.7   simsec/sec=0.0999885   ev/simsec=664263
     Messages:  created: 109328905   present: 14363   in FES: 265
** Event #82361088   t=459.143336595714   Elapsed: 1698.07s (28m 18s)  91% completed  (95% total)
     Speed:     ev/sec=63198.2   simsec/sec=0.0871893   ev/simsec=724839
     Messages:  created: 109498889   present: 14550   in FES: 306
** Event #82494976   t=459.346288204347   Elapsed: 1700.07s (28m 20s)  91% completed  (95% total)
     Speed:     ev/sec=66857.3   simsec/sec=0.101344   ev/simsec=659704
     Messages:  created: 109686379   present: 14444   in FES: 288
** Event #82617856   t=459.527778592264   Elapsed: 1702.08s (28m 22s)  91% completed  (95% total)
     Speed:     ev/sec=61339.9   simsec/sec=0.0905973   ev/simsec=677061
     Messages:  created: 109857502   present: 14394   in FES: 229
** Event #82683392   t=459.61649471013   Elapsed: 1704.08s (28m 24s)  91% completed  (95% total)
     Speed:     ev/sec=32716.5   simsec/sec=0.0442884   ev/simsec=738716
     Messages:  created: 109943664   present: 14415   in FES: 234
** Event #82814976   t=459.815758192507   Elapsed: 1706.08s (28m 26s)  91% completed  (95% total)
     Speed:     ev/sec=65695.4   simsec/sec=0.0994854   ev/simsec=660352
     Messages:  created: 110127821   present: 14495   in FES: 288
** Event #82947840   t=460.012949619854   Elapsed: 1708.08s (28m 28s)  92% completed  (96% total)
     Speed:     ev/sec=66423.1   simsec/sec=0.0985826   ev/simsec=673782
     Messages:  created: 110313474   present: 14393   in FES: 210
** Event #83077120   t=460.189908358286   Elapsed: 1710.08s (28m 30s)  92% completed  (96% total)
     Speed:     ev/sec=64564.2   simsec/sec=0.0883756   ev/simsec=730566
     Messages:  created: 110487746   present: 14464   in FES: 225
** Event #83210496   t=460.388974297927   Elapsed: 1712.09s (28m 32s)  92% completed  (96% total)
     Speed:     ev/sec=66662.8   simsec/sec=0.0994954   ev/simsec=670009
     Messages:  created: 110674516   present: 14529   in FES: 257
** Event #83324416   t=460.554282402577   Elapsed: 1714.09s (28m 34s)  92% completed  (96% total)
     Speed:     ev/sec=56834   simsec/sec=0.0824712   ev/simsec=689137
     Messages:  created: 110832724   present: 14589   in FES: 288
** Event #83396352   t=460.658720599109   Elapsed: 1716.09s (28m 36s)  92% completed  (96% total)
     Speed:     ev/sec=35902.2   simsec/sec=0.0521235   ev/simsec=688790
     Messages:  created: 110928497   present: 14473   in FES: 240
** Event #83530240   t=460.857230971664   Elapsed: 1718.1s (28m 38s)  92% completed  (96% total)
     Speed:     ev/sec=66862.6   simsec/sec=0.0991344   ev/simsec=674463
     Messages:  created: 111116036   present: 14663   in FES: 275
** Event #83662080   t=461.047100569874   Elapsed: 1720.1s (28m 40s)  92% completed  (96% total)
     Speed:     ev/sec=65912.8   simsec/sec=0.0949244   ev/simsec=694371
     Messages:  created: 111297913   present: 14668   in FES: 288
** Event #83793152   t=461.234207852615   Elapsed: 1722.1s (28m 42s)  92% completed  (96% total)
     Speed:     ev/sec=65450.9   simsec/sec=0.0934322   ev/simsec=700518
     Messages:  created: 111476882   present: 14655   in FES: 258
** Event #83926784   t=461.432498028968   Elapsed: 1724.1s (28m 44s)  92% completed  (96% total)
     Speed:     ev/sec=66797.4   simsec/sec=0.0991175   ev/simsec=673921
     Messages:  created: 111664020   present: 14649   in FES: 257
** Event #84012544   t=461.55394694667   Elapsed: 1726.1s (28m 46s)  92% completed  (96% total)
     Speed:     ev/sec=42821.8   simsec/sec=0.060642   ev/simsec=706141
     Messages:  created: 111780596   present: 14743   in FES: 256
** Event #84101632   t=461.678563173748   Elapsed: 1728.1s (28m 48s)  92% completed  (96% total)
     Speed:     ev/sec=44506   simsec/sec=0.062255   ev/simsec=714899
     Messages:  created: 111901941   present: 14722   in FES: 288
** Event #84235520   t=461.876531904791   Elapsed: 1730.11s (28m 50s)  92% completed  (96% total)
     Speed:     ev/sec=66834.5   simsec/sec=0.0988224   ev/simsec=676309
     Messages:  created: 112089318   present: 14741   in FES: 257
** Event #84366848   t=462.063926570709   Elapsed: 1732.11s (28m 52s)  92% completed  (96% total)
     Speed:     ev/sec=65576.1   simsec/sec=0.0935719   ev/simsec=700810
     Messages:  created: 112269348   present: 14794   in FES: 256
** Event #84497664   t=462.252452626956   Elapsed: 1734.11s (28m 54s)  92% completed  (96% total)
     Speed:     ev/sec=65381.1   simsec/sec=0.0942243   ev/simsec=693888
     Messages:  created: 112448449   present: 14810   in FES: 288
** Event #84630784   t=462.451944587288   Elapsed: 1736.11s (28m 56s)  92% completed  (96% total)
     Speed:     ev/sec=66552.7   simsec/sec=0.0997351   ev/simsec=667295
     Messages:  created: 112634819   present: 14843   in FES: 255
** Event #84719616   t=462.577727946659   Elapsed: 1738.11s (28m 58s)  92% completed  (96% total)
     Speed:     ev/sec=44379.1   simsec/sec=0.0628395   ev/simsec=706230
     Messages:  created: 112755845   present: 14869   in FES: 256
** Event #84808192   t=462.707770404638   Elapsed: 1740.11s (29m 00s)  92% completed  (96% total)
     Speed:     ev/sec=44243.9   simsec/sec=0.0649564   ev/simsec=681131
     Messages:  created: 112876475   present: 14830   in FES: 257
** Event #84941824   t=462.908558142579   Elapsed: 1742.11s (29m 02s)  92% completed  (96% total)
     Speed:     ev/sec=66813.9   simsec/sec=0.100391   ev/simsec=665539
     Messages:  created: 113063625   present: 14890   in FES: 288
** Event #85071360   t=463.088433777943   Elapsed: 1744.12s (29m 04s)  92% completed  (96% total)
     Speed:     ev/sec=64621.3   simsec/sec=0.0897341   ev/simsec=720142
     Messages:  created: 113239447   present: 14927   in FES: 261
** Event #85204224   t=463.283724752129   Elapsed: 1746.12s (29m 06s)  92% completed  (96% total)
     Speed:     ev/sec=66417.1   simsec/sec=0.0976236   ev/simsec=680339
     Messages:  created: 113423879   present: 14899   in FES: 257
** Event #85337856   t=463.480901627865   Elapsed: 1748.12s (29m 08s)  92% completed  (96% total)
     Speed:     ev/sec=66762.5   simsec/sec=0.0985094   ev/simsec=677727
     Messages:  created: 113611045   present: 14996   in FES: 288
** Event #85408256   t=463.578040925628   Elapsed: 1750.12s (29m 10s)  92% completed  (96% total)
     Speed:     ev/sec=35177.2   simsec/sec=0.0485381   ev/simsec=724732
     Messages:  created: 113704891   present: 14894   in FES: 238
** Event #85512192   t=463.731168031455   Elapsed: 1752.12s (29m 12s)  92% completed  (96% total)
     Speed:     ev/sec=51922.9   simsec/sec=0.0764972   ev/simsec=678756
     Messages:  created: 113848322   present: 14448   in FES: 256
** Event #85643520   t=463.928263572746   Elapsed: 1754.13s (29m 14s)  92% completed  (96% total)
     Speed:     ev/sec=65581.2   simsec/sec=0.0984236   ev/simsec=666316
     Messages:  created: 114032217   present: 14546   in FES: 255
** Event #85773312   t=464.103601832434   Elapsed: 1756.13s (29m 16s)  92% completed  (96% total)
     Speed:     ev/sec=64822.6   simsec/sec=0.08757   ev/simsec=740238
     Messages:  created: 114206539   present: 14594   in FES: 271
** Event #85905408   t=464.300460940317   Elapsed: 1758.13s (29m 18s)  92% completed  (96% total)
     Speed:     ev/sec=65987.6   simsec/sec=0.0983395   ev/simsec=671018
     Messages:  created: 114391530   present: 14577   in FES: 254
** Event #86038016   t=464.49611482081   Elapsed: 1760.13s (29m 20s)  92% completed  (96% total)
     Speed:     ev/sec=66244.5   simsec/sec=0.0977392   ev/simsec=677768
     Messages:  created: 114577170   present: 14544   in FES: 222
** Event #86108928   t=464.59273937201   Elapsed: 1762.13s (29m 22s)  92% completed  (96% total)
     Speed:     ev/sec=35416.9   simsec/sec=0.048259   ev/simsec=733892
     Messages:  created: 114671972   present: 14564   in FES: 225
** Event #86207744   t=464.734770177606   Elapsed: 1764.14s (29m 24s)  92% completed  (96% total)
     Speed:     ev/sec=49330.4   simsec/sec=0.0709039   ev/simsec=695736
     Messages:  created: 114807800   present: 14675   in FES: 256
** Event #86339840   t=464.931510588986   Elapsed: 1766.14s (29m 26s)  92% completed  (96% total)
     Speed:     ev/sec=66011.6   simsec/sec=0.0983159   ev/simsec=671423
     Messages:  created: 114992775   present: 14692   in FES: 279
** Event #86469376   t=465.10652266525   Elapsed: 1768.14s (29m 28s)  93% completed  (96% total)
     Speed:     ev/sec=64764.9   simsec/sec=0.0875018   ev/simsec=740155
     Messages:  created: 115166404   present: 14685   in FES: 287
** Event #86601728   t=465.305888984524   Elapsed: 1770.14s (29m 30s)  93% completed  (96% total)
     Speed:     ev/sec=66101.3   simsec/sec=0.0995707   ev/simsec=663863
     Messages:  created: 115351897   present: 14692   in FES: 256
** Event #86734336   t=465.501354393329   Elapsed: 1772.14s (29m 32s)  93% completed  (96% total)
     Speed:     ev/sec=66215.2   simsec/sec=0.0976018   ev/simsec=678422
     Messages:  created: 115537586   present: 14739   in FES: 254
** Event #86800640   t=465.5892251331   Elapsed: 1774.15s (29m 34s)  93% completed  (96% total)
     Speed:     ev/sec=33068.9   simsec/sec=0.0438252   ev/simsec=754563
     Messages:  created: 115625456   present: 14749   in FES: 255
** Event #86905088   t=465.742682544699   Elapsed: 1776.15s (29m 36s)  93% completed  (96% total)
     Speed:     ev/sec=52209.5   simsec/sec=0.0767075   ev/simsec=680632
     Messages:  created: 115769479   present: 14719   in FES: 230
** Event #87035648   t=465.939693110682   Elapsed: 1778.15s (29m 38s)  93% completed  (96% total)
     Speed:     ev/sec=65232.8   simsec/sec=0.098434   ev/simsec=662706
     Messages:  created: 115952315   present: 14816   in FES: 254
** Event #87165440   t=466.120327784543   Elapsed: 1780.15s (29m 40s)  93% completed  (96% total)
     Speed:     ev/sec=64833.4   simsec/sec=0.0902302   ev/simsec=718533
     Messages:  created: 116127565   present: 14733   in FES: 215
** Event #87296768   t=466.315906602771   Elapsed: 1782.15s (29m 42s)  93% completed  (96% total)
     Speed:     ev/sec=65591.6   simsec/sec=0.0976815   ev/simsec=671484
     Messages:  created: 116311514   present: 14866   in FES: 265
** Event #87428608   t=466.513237324037   Elapsed: 1784.16s (29m 44s)  93% completed  (96% total)
     Speed:     ev/sec=65873.1   simsec/sec=0.0985952   ev/simsec=668117
     Messages:  created: 116496117   present: 14867   in FES: 256
** Event #87490816   t=466.596546970005   Elapsed: 1786.16s (29m 46s)  93% completed  (96% total)
     Speed:     ev/sec=31002.4   simsec/sec=0.0415188   ev/simsec=746708
     Messages:  created: 116577890   present: 14867   in FES: 239
** Event #87603200   t=466.76190983057   Elapsed: 1788.16s (29m 48s)  93% completed  (96% total)
     Speed:     ev/sec=56160.6   simsec/sec=0.0826352   ev/simsec=679621
     Messages:  created: 116733783   present: 14889   in FES: 256
** Event #87734272   t=466.95924716082   Elapsed: 1790.17s (29m 50s)  93% completed  (96% total)
     Speed:     ev/sec=65403.5   simsec/sec=0.0984692   ev/simsec=664203
     Messages:  created: 116917307   present: 14878   in FES: 256
** Event #87860480   t=467.13268208821   Elapsed: 1792.17s (29m 52s)  93% completed  (96% total)
     Speed:     ev/sec=63066   simsec/sec=0.0866652   ev/simsec=727697
     Messages:  created: 117086634   present: 14986   in FES: 254
** Event #87987968   t=467.328698591639   Elapsed: 1794.17s (29m 54s)  93% completed  (96% total)
     Speed:     ev/sec=63633.3   simsec/sec=0.0978381   ev/simsec=650394
     Messages:  created: 117265346   present: 14995   in FES: 287
** Event #88114688   t=467.519861735988   Elapsed: 1796.18s (29m 56s)  93% completed  (96% total)
     Speed:     ev/sec=63270.4   simsec/sec=0.0954464   ev/simsec=662889
     Messages:  created: 117442314   present: 14951   in FES: 225
** Event #88172800   t=467.595659256062   Elapsed: 1798.18s (29m 58s)  93% completed  (96% total)
     Speed:     ev/sec=29007.9   simsec/sec=0.0378361   ev/simsec=766674
     Messages:  created: 117518132   present: 15057   in FES: 254
** Event #88291584   t=467.769554467323   Elapsed: 1800.18s (30m 00s)  93% completed  (96% total)
     Speed:     ev/sec=59283.8   simsec/sec=0.0867892   ev/simsec=683078
     Messages:  created: 117683316   present: 14997   in FES: 226
** Event #88424704   t=467.968280021695   Elapsed: 1802.18s (30m 02s)  93% completed  (96% total)
     Speed:     ev/sec=66532   simsec/sec=0.099321   ev/simsec=669869
     Messages:  created: 117869800   present: 15078   in FES: 287
** Event #88552960   t=468.146051280233   Elapsed: 1804.19s (30m 04s)  93% completed  (96% total)
     Speed:     ev/sec=64026.4   simsec/sec=0.0887448   ev/simsec=721466
     Messages:  created: 118042550   present: 15036   in FES: 227
** Event #88686080   t=468.345388855247   Elapsed: 1806.19s (30m 06s)  93% completed  (96% total)
     Speed:     ev/sec=66434.5   simsec/sec=0.0994808   ev/simsec=667812
     Messages:  created: 118228952   present: 15097   in FES: 256
** Event #88807168   t=468.522179283875   Elapsed: 1808.21s (30m 08s)  93% completed  (96% total)
     Speed:     ev/sec=59822.8   simsec/sec=0.0873423   ev/simsec=684924
     Messages:  created: 118397421   present: 15175   in FES: 254
** Event #88869376   t=468.60538474095   Elapsed: 1810.22s (30m 10s)  93% completed  (96% total)
     Speed:     ev/sec=31043.1   simsec/sec=0.0415213   ev/simsec=747643
     Messages:  created: 118479188   present: 15176   in FES: 257
** Event #88996352   t=468.794239049857   Elapsed: 1812.22s (30m 12s)  93% completed  (96% total)
     Speed:     ev/sec=63433.9   simsec/sec=0.0943467   ev/simsec=672349
     Messages:  created: 118656558   present: 15203   in FES: 287
** Event #89129728   t=468.993232613893   Elapsed: 1814.22s (30m 14s)  93% completed  (96% total)
     Speed:     ev/sec=66578.6   simsec/sec=0.0993336   ev/simsec=670253
     Messages:  created: 118843247   present: 15199   in FES: 256
** Event #89260032   t=469.175250263954   Elapsed: 1816.22s (30m 16s)  93% completed  (96% total)
     Speed:     ev/sec=65118.7   simsec/sec=0.0909623   ev/simsec=715887
     Messages:  created: 119019053   present: 15130   in FES: 240
** Event #89393408   t=469.374745760341   Elapsed: 1818.23s (30m 18s)  93% completed  (96% total)
     Speed:     ev/sec=66602.4   simsec/sec=0.0996197   ev/simsec=668566
     Messages:  created: 119205845   present: 15300   in FES: 287
** Event #89510144   t=469.547857754099   Elapsed: 1820.23s (30m 20s)  93% completed  (96% total)
     Speed:     ev/sec=58221.5   simsec/sec=0.0863388   ev/simsec=674338
     Messages:  created: 119367984   present: 15270   in FES: 237
** Event #89588224   t=469.655369305655   Elapsed: 1822.23s (30m 22s)  93% completed  (96% total)
     Speed:     ev/sec=39019.4   simsec/sec=0.0537275   ev/simsec=726248
     Messages:  created: 119473325   present: 15299   in FES: 260
** Event #89719040   t=469.852690403628   Elapsed: 1824.24s (30m 24s)  93% completed  (96% total)
     Speed:     ev/sec=65317   simsec/sec=0.0985234   ev/simsec=662960
     Messages:  created: 119656268   present: 15251   in FES: 216
** Event #89851392   t=470.045950393589   Elapsed: 1826.24s (30m 26s)  94% completed  (97% total)
     Speed:     ev/sec=66084.2   simsec/sec=0.096496   ev/simsec=684839
     Messages:  created: 119839589   present: 15368   in FES: 255
** Event #89983744   t=470.232001834944   Elapsed: 1828.24s (30m 28s)  94% completed  (97% total)
     Speed:     ev/sec=66151.5   simsec/sec=0.0929913   ev/simsec=711373
     Messages:  created: 120021113   present: 15409   in FES: 255
** Event #90117632   t=470.429210394243   Elapsed: 1830.24s (30m 30s)  94% completed  (97% total)
     Speed:     ev/sec=66842.2   simsec/sec=0.0984543   ev/simsec=678916
     Messages:  created: 120208569   present: 15439   in FES: 254
** Event #90219520   t=470.57749792837   Elapsed: 1832.24s (30m 32s)  94% completed  (97% total)
     Speed:     ev/sec=50888.1   simsec/sec=0.0740624   ev/simsec=687098
     Messages:  created: 120348844   present: 15427   in FES: 287
** Event #90308608   t=470.703733841331   Elapsed: 1834.24s (30m 34s)  94% completed  (97% total)
     Speed:     ev/sec=44538.9   simsec/sec=0.0631107   ev/simsec=705726
     Messages:  created: 120469899   present: 15433   in FES: 241
** Event #90441984   t=470.903347566615   Elapsed: 1836.25s (30m 36s)  94% completed  (97% total)
     Speed:     ev/sec=66594.5   simsec/sec=0.099667   ev/simsec=668170
     Messages:  created: 120656655   present: 15431   in FES: 256
** Event #90574080   t=471.089049611436   Elapsed: 1838.25s (30m 38s)  94% completed  (97% total)
     Speed:     ev/sec=65942.1   simsec/sec=0.0927022   ev/simsec=711333
     Messages:  created: 120836495   present: 15470   in FES: 231
** Event #90707712   t=471.287963061758   Elapsed: 1840.25s (30m 40s)  94% completed  (97% total)
     Speed:     ev/sec=66753.8   simsec/sec=0.0993641   ev/simsec=671810
     Messages:  created: 121022549   present: 15530   in FES: 287
** Event #90840832   t=471.488573147932   Elapsed: 1842.26s (30m 42s)  94% completed  (97% total)
     Speed:     ev/sec=66469.2   simsec/sec=0.100168   ev/simsec=663576
     Messages:  created: 121208912   present: 15509   in FES: 256
** Event #90919936   t=471.596450846053   Elapsed: 1844.26s (30m 44s)  94% completed  (97% total)
     Speed:     ev/sec=39430.6   simsec/sec=0.0537733   ev/simsec=733275
     Messages:  created: 121314798   present: 15724   in FES: 295
** Event #91041024   t=471.776264608319   Elapsed: 1846.26s (30m 46s)  94% completed  (97% total)
     Speed:     ev/sec=60539   simsec/sec=0.0898994   ev/simsec=673408
     Messages:  created: 121483232   present: 15580   in FES: 287
** Event #91174912   t=471.980947975598   Elapsed: 1848.27s (30m 48s)  94% completed  (97% total)
     Speed:     ev/sec=66809.1   simsec/sec=0.102135   ev/simsec=654123
     Messages:  created: 121670698   present: 15620   in FES: 287
** Event #91307264   t=472.163684550209   Elapsed: 1850.27s (30m 50s)  94% completed  (97% total)
     Speed:     ev/sec=66097.5   simsec/sec=0.0912599   ev/simsec=724278
     Messages:  created: 121850078   present: 15565   in FES: 217
** Event #91441152   t=472.363340418199   Elapsed: 1852.27s (30m 52s)  94% completed  (97% total)
     Speed:     ev/sec=66921.5   simsec/sec=0.0997944   ev/simsec=670594
     Messages:  created: 122037548   present: 15687   in FES: 252
** Event #91563776   t=472.543948173131   Elapsed: 1854.27s (30m 54s)  94% completed  (97% total)
     Speed:     ev/sec=61206.8   simsec/sec=0.0901489   ev/simsec=678952
     Messages:  created: 122208176   present: 15729   in FES: 260
** Event #91650304   t=472.663427510216   Elapsed: 1856.27s (30m 56s)  94% completed  (97% total)
     Speed:     ev/sec=43225.5   simsec/sec=0.0596865   ev/simsec=724209
     Messages:  created: 122324441   present: 15677   in FES: 240
** Event #91783168   t=472.867542833649   Elapsed: 1858.28s (30m 58s)  94% completed  (97% total)
     Speed:     ev/sec=66342.3   simsec/sec=0.10192   ev/simsec=650926
     Messages:  created: 122510519   present: 15774   in FES: 287
** Event #91916032   t=473.057155862325   Elapsed: 1860.28s (31m 00s)  94% completed  (97% total)
     Speed:     ev/sec=66414.5   simsec/sec=0.0947815   ev/simsec=700711
     Messages:  created: 122693401   present: 15807   in FES: 255
** Event #92048384   t=473.246159566731   Elapsed: 1862.28s (31m 02s)  94% completed  (97% total)
     Speed:     ev/sec=66096.3   simsec/sec=0.094388   ev/simsec=700261
     Messages:  created: 122875709   present: 15810   in FES: 287
** Event #92180992   t=473.443721087888   Elapsed: 1864.28s (31m 04s)  94% completed  (97% total)
     Speed:     ev/sec=66214   simsec/sec=0.0986467   ev/simsec=671224
     Messages:  created: 123061393   present: 15823   in FES: 287
** Event #92284672   t=473.589579331236   Elapsed: 1866.29s (31m 06s)  94% completed  (97% total)
     Speed:     ev/sec=51612.6   simsec/sec=0.0726092   ev/simsec=710827
     Messages:  created: 123202881   present: 15859   in FES: 256
** Event #92398848   t=473.757555609098   Elapsed: 1868.29s (31m 08s)  94% completed  (97% total)
     Speed:     ev/sec=56998.5   simsec/sec=0.0838565   ev/simsec=679715
     Messages:  created: 123360731   present: 15872   in FES: 287
** Event #92532480   t=473.956612908482   Elapsed: 1870.3s (31m 10s)  94% completed  (97% total)
     Speed:     ev/sec=66712.7   simsec/sec=0.0993747   ev/simsec=671324
     Messages:  created: 123547800   present: 15872   in FES: 253
** Event #92665600   t=474.140542622587   Elapsed: 1872.3s (31m 12s)  94% completed  (97% total)
     Speed:     ev/sec=66523.2   simsec/sec=0.091914   ev/simsec=723755
     Messages:  created: 123727901   present: 15881   in FES: 234
** Event #92798976   t=474.339340371023   Elapsed: 1874.3s (31m 14s)  94% completed  (97% total)
     Speed:     ev/sec=66624.1   simsec/sec=0.0993036   ev/simsec=670913
     Messages:  created: 123914718   present: 15886   in FES: 256
** Event #92928768   t=474.532547724702   Elapsed: 1876.32s (31m 16s)  94% completed  (97% total)
     Speed:     ev/sec=64250.5   simsec/sec=0.0956428   ev/simsec=671776
     Messages:  created: 124095790   present: 15918   in FES: 227
** Event #93021440   t=474.663269196414   Elapsed: 1878.32s (31m 18s)  94% completed  (97% total)
     Speed:     ev/sec=46261.3   simsec/sec=0.0652554   ev/simsec=708927
     Messages:  created: 124220918   present: 15995   in FES: 287
** Event #93155328   t=474.862341724476   Elapsed: 1880.33s (31m 20s)  94% completed  (97% total)
     Speed:     ev/sec=66865.5   simsec/sec=0.0994195   ev/simsec=672559
     Messages:  created: 124408294   present: 15991   in FES: 256
** Event #93285376   t=475.052066552085   Elapsed: 1882.33s (31m 22s)  95% completed  (97% total)
     Speed:     ev/sec=64941.2   simsec/sec=0.0947416   ev/simsec=685456
     Messages:  created: 124587376   present: 16027   in FES: 239
** Event #93417472   t=475.241419334197   Elapsed: 1884.33s (31m 24s)  95% completed  (97% total)
     Speed:     ev/sec=65968.2   simsec/sec=0.0945621   ev/simsec=697618
     Messages:  created: 124769401   present: 16099   in FES: 288
** Event #93550336   t=475.440191109488   Elapsed: 1886.33s (31m 26s)  95% completed  (97% total)
     Speed:     ev/sec=66358   simsec/sec=0.0992752   ev/simsec=668425
     Messages:  created: 124955395   present: 16061   in FES: 235
** Event #93654528   t=475.587642856455   Elapsed: 1888.34s (31m 28s)  95% completed  (97% total)
     Speed:     ev/sec=52016.6   simsec/sec=0.0736136   ev/simsec=706618
     Messages:  created: 125097775   present: 16140   in FES: 254
** Event #93763584   t=475.746501455444   Elapsed: 1890.34s (31m 30s)  95% completed  (97% total)
     Speed:     ev/sec=54451.8   simsec/sec=0.0793183   ev/simsec=686497
     Messages:  created: 125247864   present: 16158   in FES: 255
** Event #93896960   t=475.944313425436   Elapsed: 1892.34s (31m 32s)  95% completed  (97% total)
     Speed:     ev/sec=66560.5   simsec/sec=0.0987169   ev/simsec=674256
     Messages:  created: 125434560   present: 16085   in FES: 221
** Event #94029312   t=476.130971736895   Elapsed: 1894.35s (31m 34s)  95% completed  (97% total)
     Speed:     ev/sec=66065.1   simsec/sec=0.0931728   ev/simsec=709060
     Messages:  created: 125613782   present: 16200   in FES: 255
** Event #94162432   t=476.330989229241   Elapsed: 1896.35s (31m 36s)  95% completed  (97% total)
     Speed:     ev/sec=66520.7   simsec/sec=0.0999497   ev/simsec=665542
     Messages:  created: 125799990   present: 16222   in FES: 249
** Event #94294272   t=476.520538763749   Elapsed: 1898.35s (31m 38s)  95% completed  (97% total)
     Speed:     ev/sec=65712.8   simsec/sec=0.0944768   ev/simsec=695544
     Messages:  created: 125984251   present: 16357   in FES: 279
** Event #94380800   t=476.637430606338   Elapsed: 1900.36s (31m 40s)  95% completed  (97% total)
     Speed:     ev/sec=43213.3   simsec/sec=0.0583775   ev/simsec=740240
     Messages:  created: 126099805   present: 16269   in FES: 247
** Event #94512384   t=476.833088209249   Elapsed: 1902.36s (31m 42s)  95% completed  (97% total)
     Speed:     ev/sec=65687.2   simsec/sec=0.097673   ev/simsec=672522
     Messages:  created: 126283942   present: 16315   in FES: 254
** Event #94645504   t=477.027921068695   Elapsed: 1904.36s (31m 44s)  95% completed  (97% total)
     Speed:     ev/sec=66550.3   simsec/sec=0.0974022   ev/simsec=683252
     Messages:  created: 126469120   present: 16327   in FES: 255
** Event #94778880   t=477.219484604735   Elapsed: 1906.36s (31m 46s)  95% completed  (97% total)
     Speed:     ev/sec=66609.2   simsec/sec=0.0956686   ev/simsec=696249
     Messages:  created: 126650973   present: 16364   in FES: 274
** Event #94912256   t=477.417569210973   Elapsed: 1908.36s (31m 48s)  95% completed  (97% total)
     Speed:     ev/sec=66686.9   simsec/sec=0.0990406   ev/simsec=673328
     Messages:  created: 126837707   present: 16289   in FES: 256
** Event #95025152   t=477.581394284283   Elapsed: 1910.36s (31m 50s)  95% completed  (97% total)
     Speed:     ev/sec=56370.2   simsec/sec=0.0817996   ev/simsec=689125
     Messages:  created: 126993287   present: 16416   in FES: 285
** Event #95131904   t=477.73691437722   Elapsed: 1912.37s (31m 52s)  95% completed  (97% total)
     Speed:     ev/sec=53315.7   simsec/sec=0.0776722   ev/simsec=686419
     Messages:  created: 127139820   present: 16325   in FES: 218
** Event #95264256   t=477.931362864396   Elapsed: 1914.37s (31m 54s)  95% completed  (97% total)
     Speed:     ev/sec=66151.9   simsec/sec=0.0971888   ev/simsec=680653
     Messages:  created: 127325195   present: 16414   in FES: 255
** Event #95396864   t=478.113838661975   Elapsed: 1916.37s (31m 56s)  95% completed  (97% total)
     Speed:     ev/sec=66286.3   simsec/sec=0.0912135   ev/simsec=726716
     Messages:  created: 127504700   present: 16475   in FES: 252
** Event #95529984   t=478.308268869948   Elapsed: 1918.37s (31m 58s)  95% completed  (97% total)
     Speed:     ev/sec=66455.4   simsec/sec=0.0970624   ev/simsec=684667
     Messages:  created: 127691203   present: 16467   in FES: 255
** Event #95662592   t=478.5015802357   Elapsed: 1920.37s (32m 00s)  95% completed  (97% total)
     Speed:     ev/sec=66258.1   simsec/sec=0.0965888   ev/simsec=685981
     Messages:  created: 127876819   present: 16509   in FES: 251
** Event #95744512   t=478.614487996931   Elapsed: 1922.37s (32m 02s)  95% completed  (97% total)
     Speed:     ev/sec=40938   simsec/sec=0.0564235   ev/simsec=725548
     Messages:  created: 127985403   present: 16536   in FES: 255
** Event #95875328   t=478.81226889615   Elapsed: 1924.38s (32m 04s)  95% completed  (97% total)
     Speed:     ev/sec=65358.7   simsec/sec=0.0988158   ev/simsec=661419
     Messages:  created: 128168470   present: 16548   in FES: 287
** Event #96008448   t=479.011136350515   Elapsed: 1926.38s (32m 06s)  95% completed  (97% total)
     Speed:     ev/sec=66494.9   simsec/sec=0.0993364   ev/simsec=669391
     Messages:  created: 128354581   present: 16580   in FES: 255
** Event #96142080   t=479.197710553782   Elapsed: 1928.38s (32m 08s)  95% completed  (97% total)
     Speed:     ev/sec=66731.9   simsec/sec=0.0931697   ev/simsec=716240
     Messages:  created: 128535515   present: 16507   in FES: 249
** Event #96275968   t=479.392638904514   Elapsed: 1930.38s (32m 10s)  95% completed  (97% total)
     Speed:     ev/sec=66869.6   simsec/sec=0.0973559   ev/simsec=686858
     Messages:  created: 128722974   present: 16554   in FES: 222
** Event #96394240   t=479.566208349643   Elapsed: 1932.39s (32m 12s)  95% completed  (97% total)
     Speed:     ev/sec=59047.4   simsec/sec=0.0866547   ev/simsec=681410
     Messages:  created: 128886473   present: 16632   in FES: 256
** Event #96495104   t=479.710297662886   Elapsed: 1934.39s (32m 14s)  95% completed  (97% total)
     Speed:     ev/sec=50379.1   simsec/sec=0.0719691   ev/simsec=700010
     Messages:  created: 129024120   present: 16575   in FES: 246
** Event #96628736   t=479.911074005704   Elapsed: 1936.39s (32m 16s)  95% completed  (97% total)
     Speed:     ev/sec=66775   simsec/sec=0.100327   ev/simsec=665576
     Messages:  created: 129211227   present: 16604   in FES: 218
** Event #96762112   t=480.098834297528   Elapsed: 1938.39s (32m 18s)  96% completed  (98% total)
     Speed:     ev/sec=66554.3   simsec/sec=0.093692   ev/simsec=710353
     Messages:  created: 129391824   present: 16650   in FES: 252
** Event #96896256   t=480.294360580115   Elapsed: 1940.39s (32m 20s)  96% completed  (98% total)
     Speed:     ev/sec=67030   simsec/sec=0.0977019   ev/simsec=686066
     Messages:  created: 129579335   present: 16657   in FES: 246
** Event #97028864   t=480.492747698719   Elapsed: 1942.39s (32m 22s)  96% completed  (98% total)
     Speed:     ev/sec=66277   simsec/sec=0.0991532   ev/simsec=668430
     Messages:  created: 129765037   present: 16796   in FES: 256
** Event #97113856   t=480.609201908504   Elapsed: 1944.4s (32m 24s)  96% completed  (98% total)
     Speed:     ev/sec=42481   simsec/sec=0.0582066   ev/simsec=729832
     Messages:  created: 129878160   present: 16817   in FES: 260
** Event #97241088   t=480.797650743897   Elapsed: 1946.4s (32m 26s)  96% completed  (98% total)
     Speed:     ev/sec=63503.1   simsec/sec=0.0940572   ev/simsec=675154
     Messages:  created: 130055985   present: 16819   in FES: 297
** Event #97374464   t=480.996204525085   Elapsed: 1948.4s (32m 28s)  96% completed  (98% total)
     Speed:     ev/sec=66559   simsec/sec=0.0990848   ev/simsec=671737
     Messages:  created: 130242659   present: 16799   in FES: 236
** Event #97507584   t=481.183911115621   Elapsed: 1950.4s (32m 30s)  96% completed  (98% total)
     Speed:     ev/sec=66541.5   simsec/sec=0.0938273   ev/simsec=709192
     Messages:  created: 130423466   present: 16884   in FES: 266
** Event #97641216   t=481.384996451491   Elapsed: 1952.41s (32m 32s)  96% completed  (98% total)
     Speed:     ev/sec=66720.2   simsec/sec=0.100398   ev/simsec=664554
     Messages:  created: 130610576   present: 16899   in FES: 262
** Event #97762816   t=481.562156946164   Elapsed: 1954.41s (32m 34s)  96% completed  (98% total)
     Speed:     ev/sec=60708   simsec/sec=0.0884462   ev/simsec=686383
     Messages:  created: 130779264   present: 17073   in FES: 301
** Event #97859840   t=481.700121926438   Elapsed: 1956.41s (32m 36s)  96% completed  (98% total)
     Speed:     ev/sec=48409.9   simsec/sec=0.0688373   ev/simsec=703251
     Messages:  created: 130910888   present: 16916   in FES: 270
** Event #97994240   t=481.897474932539   Elapsed: 1958.41s (32m 38s)  96% completed  (98% total)
     Speed:     ev/sec=67154.3   simsec/sec=0.0986094   ev/simsec=681013
     Messages:  created: 131099119   present: 17005   in FES: 272
** Event #98128896   t=482.086686490951   Elapsed: 1960.41s (32m 40s)  96% completed  (98% total)
     Speed:     ev/sec=67325.5   simsec/sec=0.0946022   ev/simsec=711669
     Messages:  created: 131283123   present: 17029   in FES: 272
** Event #98262528   t=482.283837301229   Elapsed: 1962.42s (32m 42s)  96% completed  (98% total)
     Speed:     ev/sec=66770.9   simsec/sec=0.0985089   ev/simsec=677816
     Messages:  created: 131468923   present: 17066   in FES: 271
** Event #98396928   t=482.483781633627   Elapsed: 1964.42s (32m 44s)  96% completed  (98% total)
     Speed:     ev/sec=67175.5   simsec/sec=0.0999357   ev/simsec=672187
     Messages:  created: 131657102   present: 17084   in FES: 304
** Event #98486784   t=482.607656092471   Elapsed: 1966.42s (32m 46s)  96% completed  (98% total)
     Speed:     ev/sec=44862.7   simsec/sec=0.0618472   ev/simsec=725380
     Messages:  created: 131777317   present: 17028   in FES: 242
** Event #98616320   t=482.800443004674   Elapsed: 1968.42s (32m 48s)  96% completed  (98% total)
     Speed:     ev/sec=64722.4   simsec/sec=0.0963255   ev/simsec=671913
     Messages:  created: 131958319   present: 17126   in FES: 304
** Event #98751232   t=483.004256183496   Elapsed: 1970.42s (32m 50s)  96% completed  (98% total)
     Speed:     ev/sec=67443.6   simsec/sec=0.101888   ev/simsec=661940
     Messages:  created: 132147062   present: 17103   in FES: 252
** Event #98885888   t=483.193736536426   Elapsed: 1972.42s (32m 52s)  96% completed  (98% total)
     Speed:     ev/sec=67218   simsec/sec=0.0945853   ev/simsec=710659
     Messages:  created: 132329825   present: 17117   in FES: 251
** Event #99019520   t=483.389309464787   Elapsed: 1974.43s (32m 54s)  96% completed  (98% total)
     Speed:     ev/sec=66715.5   simsec/sec=0.0976393   ev/simsec=683285
     Messages:  created: 132516978   present: 17170   in FES: 272
** Event #99138816   t=483.566805692054   Elapsed: 1976.43s (32m 56s)  96% completed  (98% total)
     Speed:     ev/sec=59542.6   simsec/sec=0.0885914   ev/simsec=672104
     Messages:  created: 132681966   present: 17223   in FES: 272
** Event #99238912   t=483.712633830712   Elapsed: 1978.43s (32m 58s)  96% completed  (98% total)
     Speed:     ev/sec=50016   simsec/sec=0.0728675   ev/simsec=686397
     Messages:  created: 132818353   present: 17205   in FES: 262
** Event #99373056   t=483.910471886945   Elapsed: 1980.43s (33m 00s)  96% completed  (98% total)
     Speed:     ev/sec=67049.8   simsec/sec=0.0988863   ev/simsec=678050
     Messages:  created: 133006137   present: 17193   in FES: 273
** Event #99506944   t=484.099564740715   Elapsed: 1982.44s (33m 02s)  96% completed  (98% total)
     Speed:     ev/sec=66846.4   simsec/sec=0.0944085   ev/simsec=708054
     Messages:  created: 133188256   present: 17307   in FES: 267
** Event #99640064   t=484.296680951962   Elapsed: 1984.44s (33m 04s)  96% completed  (98% total)
     Speed:     ev/sec=66476.3   simsec/sec=0.0984342   ev/simsec=675338
     Messages:  created: 133374376   present: 17251   in FES: 273
** Event #99774208   t=484.49299263852   Elapsed: 1986.44s (33m 06s)  96% completed  (98% total)
     Speed:     ev/sec=67061.2   simsec/sec=0.0981401   ev/simsec=683322
     Messages:  created: 133562216   present: 17306   in FES: 274
** Event #99858944   t=484.607984919192   Elapsed: 1988.44s (33m 08s)  96% completed  (98% total)
     Speed:     ev/sec=42362.5   simsec/sec=0.0574886   ev/simsec=736884
     Messages:  created: 133674805   present: 17291   in FES: 238
** Event #99990784   t=484.802558400404   Elapsed: 1990.44s (33m 10s)  96% completed  (98% total)
     Speed:     ev/sec=65830.4   simsec/sec=0.0971546   ev/simsec=677585
     Messages:  created: 133859262   present: 17408   in FES: 304
** Event #100124928   t=485.001999520421   Elapsed: 1992.45s (33m 12s)  97% completed  (98% total)
     Speed:     ev/sec=66960.5   simsec/sec=0.0995548   ev/simsec=672600
     Messages:  created: 134047003   present: 17359   in FES: 246
** Event #100259072   t=485.191921984809   Elapsed: 1994.45s (33m 14s)  97% completed  (98% total)
     Speed:     ev/sec=66981.5   simsec/sec=0.0948332   ev/simsec=706309
     Messages:  created: 134229068   present: 17391   in FES: 250
** Event #100393472   t=485.39293498114   Elapsed: 1996.45s (33m 16s)  97% completed  (98% total)
     Speed:     ev/sec=67192.5   simsec/sec=0.100495   ev/simsec=668613
     Messages:  created: 134417240   present: 17436   in FES: 274
** Event #100513024   t=485.564949802746   Elapsed: 1998.45s (33m 18s)  97% completed  (98% total)
     Speed:     ev/sec=59673.4   simsec/sec=0.0858598   ev/simsec=695010
     Messages:  created: 134582490   present: 17517   in FES: 289
** Event #100612096   t=485.706604694147   Elapsed: 2000.45s (33m 20s)  97% completed  (98% total)
     Speed:     ev/sec=49517.5   simsec/sec=0.070801   ev/simsec=699390
     Messages:  created: 134717117   present: 17486   in FES: 274
** Event #100746240   t=485.907605154327   Elapsed: 2002.45s (33m 22s)  97% completed  (98% total)
     Speed:     ev/sec=67046.9   simsec/sec=0.100463   ev/simsec=667382
     Messages:  created: 134904875   present: 17501   in FES: 253
** Event #100880128   t=486.095190248488   Elapsed: 2004.45s (33m 24s)  97% completed  (98% total)
     Speed:     ev/sec=66930.7   simsec/sec=0.0937739   ev/simsec=713745
     Messages:  created: 135086836   present: 17542   in FES: 262
** Event #101014784   t=486.293971808185   Elapsed: 2006.46s (33m 26s)  97% completed  (98% total)
     Speed:     ev/sec=67205.9   simsec/sec=0.0992105   ev/simsec=677407
     Messages:  created: 135274727   present: 17605   in FES: 286
** Event #101149184   t=486.496638798197   Elapsed: 2008.46s (33m 28s)  97% completed  (98% total)
     Speed:     ev/sec=67122.9   simsec/sec=0.101217   ev/simsec=663157
     Messages:  created: 135462893   present: 17548   in FES: 273
** Event #101235456   t=486.614457358939   Elapsed: 2010.46s (33m 30s)  97% completed  (98% total)
     Speed:     ev/sec=43087.9   simsec/sec=0.0588436   ev/simsec=732245
     Messages:  created: 135577850   present: 17644   in FES: 304
** Event #101367808   t=486.810165881184   Elapsed: 2012.46s (33m 32s)  97% completed  (98% total)
     Speed:     ev/sec=66170.3   simsec/sec=0.0978459   ev/simsec=676271
     Messages:  created: 135762964   present: 17571   in FES: 234
** Event #101501696   t=487.009169841316   Elapsed: 2014.46s (33m 34s)  97% completed  (98% total)
     Speed:     ev/sec=66853.5   simsec/sec=0.0993675   ev/simsec=672791
     Messages:  created: 135950166   present: 17556   in FES: 223
** Event #101635584   t=487.198499226679   Elapsed: 2016.47s (33m 36s)  97% completed  (98% total)
     Speed:     ev/sec=66898.1   simsec/sec=0.0945998   ev/simsec=707170
     Messages:  created: 136131643   present: 17664   in FES: 273
** Event #101770240   t=487.39924885178   Elapsed: 2018.47s (33m 38s)  97% completed  (98% total)
     Speed:     ev/sec=67220.3   simsec/sec=0.100214   ev/simsec=670766
     Messages:  created: 136320195   present: 17734   in FES: 304
** Event #101888000   t=487.574930021186   Elapsed: 2020.47s (33m 40s)  97% completed  (98% total)
     Speed:     ev/sec=58861.4   simsec/sec=0.0878128   ev/simsec=670305
     Messages:  created: 136482800   present: 17653   in FES: 228
** Event #101988608   t=487.717543204389   Elapsed: 2022.47s (33m 42s)  97% completed  (98% total)
     Speed:     ev/sec=50227.6   simsec/sec=0.0711982   ev/simsec=705461
     Messages:  created: 136619986   present: 17752   in FES: 275
** Event #102119936   t=487.915831835426   Elapsed: 2024.48s (33m 44s)  97% completed  (98% total)
     Speed:     ev/sec=65583.3   simsec/sec=0.0990225   ev/simsec=662307
     Messages:  created: 136803805   present: 17246   in FES: 272
** Event #102251264   t=488.102143102411   Elapsed: 2026.48s (33m 46s)  97% completed  (98% total)
     Speed:     ev/sec=65628.9   simsec/sec=0.0931058   ev/simsec=704885
     Messages:  created: 136981631   present: 17334   in FES: 270
** Event #102382592   t=488.30187247302   Elapsed: 2028.48s (33m 48s)  97% completed  (98% total)
     Speed:     ev/sec=65613.6   simsec/sec=0.099788   ev/simsec=657530
     Messages:  created: 137165468   present: 17323   in FES: 257
** Event #102514944   t=488.495798520133   Elapsed: 2030.48s (33m 50s)  97% completed  (98% total)
     Speed:     ev/sec=66096.5   simsec/sec=0.0968466   ev/simsec=682487
     Messages:  created: 137350866   present: 17363   in FES: 271
** Event #102600960   t=488.610921450648   Elapsed: 2032.48s (33m 52s)  97% completed  (98% total)
     Speed:     ev/sec=42979.2   simsec/sec=0.057523   ev/simsec=747167
     Messages:  created: 137465621   present: 16822   in FES: 241
** Event #102725120   t=488.7982192021   Elapsed: 2034.48s (33m 54s)  97% completed  (98% total)
     Speed:     ev/sec=62026.3   simsec/sec=0.0935678   ev/simsec=662902
     Messages:  created: 137639387   present: 12860   in FES: 262
** Event #102852864   t=488.989181209525   Elapsed: 2036.49s (33m 56s)  97% completed  (98% total)
     Speed:     ev/sec=63815.1   simsec/sec=0.0953959   ev/simsec=668950
     Messages:  created: 137818271   present: 12377   in FES: 291
** Event #102980352   t=489.169664336173   Elapsed: 2038.49s (33m 58s)  97% completed  (98% total)
     Speed:     ev/sec=63647.4   simsec/sec=0.0901049   ev/simsec=706371
     Messages:  created: 137990877   present: 12361   in FES: 261
** Event #103108608   t=489.362037478095   Elapsed: 2040.49s (34m 00s)  97% completed  (98% total)
     Speed:     ev/sec=64065.5   simsec/sec=0.0960928   ev/simsec=666704
     Messages:  created: 138170429   present: 12393   in FES: 261
** Event #103229696   t=489.537447731213   Elapsed: 2042.51s (34m 02s)  97% completed  (98% total)
     Speed:     ev/sec=59891   simsec/sec=0.0867591   ev/simsec=690313
     Messages:  created: 138338929   present: 12375   in FES: 235
** Event #103316992   t=489.65939297745   Elapsed: 2044.52s (34m 04s)  97% completed  (98% total)
     Speed:     ev/sec=43573.7   simsec/sec=0.0608688   ev/simsec=715862
     Messages:  created: 138456380   present: 11439   in FES: 291
** Event #103443456   t=489.846977138431   Elapsed: 2046.52s (34m 06s)  97% completed  (98% total)
     Speed:     ev/sec=63137   simsec/sec=0.0936511   ev/simsec=674172
     Messages:  created: 138633382   present: 9448   in FES: 273
** Event #103570944   t=490.03512824985   Elapsed: 2048.52s (34m 08s)  98% completed  (99% total)
     Speed:     ev/sec=63741.9   simsec/sec=0.0940725   ev/simsec=677583
     Messages:  created: 138810566   present: 9473   in FES: 254
** Event #103698944   t=490.215994561891   Elapsed: 2050.52s (34m 10s)  98% completed  (99% total)
     Speed:     ev/sec=63888.8   simsec/sec=0.090276   ev/simsec=707705
     Messages:  created: 138985372   present: 9444   in FES: 244
** Event #103826688   t=490.411178919912   Elapsed: 2052.53s (34m 12s)  98% completed  (99% total)
     Speed:     ev/sec=63753.7   simsec/sec=0.0974115   ev/simsec=654479
     Messages:  created: 139164256   present: 9444   in FES: 256
** Event #103939584   t=490.574464038952   Elapsed: 2054.53s (34m 14s)  98% completed  (99% total)
     Speed:     ev/sec=56420.4   simsec/sec=0.0816026   ev/simsec=691404
     Messages:  created: 139320292   present: 9501   in FES: 254
** Event #104038144   t=490.716334767443   Elapsed: 2056.53s (34m 16s)  98% completed  (99% total)
     Speed:     ev/sec=49255.1   simsec/sec=0.0708995   ev/simsec=694717
     Messages:  created: 139454917   present: 9532   in FES: 254
** Event #104166656   t=490.903282780605   Elapsed: 2058.53s (34m 18s)  98% completed  (99% total)
     Speed:     ev/sec=64153.1   simsec/sec=0.0933244   ev/simsec=687421
     Messages:  created: 139634807   present: 9498   in FES: 226
** Event #104294656   t=491.085009268833   Elapsed: 2060.53s (34m 20s)  98% completed  (99% total)
     Speed:     ev/sec=63994.6   simsec/sec=0.0908556   ev/simsec=704355
     Messages:  created: 139809290   present: 9612   in FES: 255
** Event #104422912   t=491.271104932891   Elapsed: 2062.53s (34m 22s)  98% completed  (99% total)
     Speed:     ev/sec=64029.6   simsec/sec=0.0929051   ev/simsec=689194
     Messages:  created: 139987703   present: 9513   in FES: 213
** Event #104550912   t=491.462732135062   Elapsed: 2064.54s (34m 24s)  98% completed  (99% total)
     Speed:     ev/sec=63933.4   simsec/sec=0.0957139   ev/simsec=667964
     Messages:  created: 140166961   present: 9506   in FES: 240
** Event #104648960   t=491.59755188198   Elapsed: 2066.55s (34m 26s)  98% completed  (99% total)
     Speed:     ev/sec=48651.1   simsec/sec=0.0668971   ev/simsec=727253
     Messages:  created: 140300331   present: 9605   in FES: 231
** Event #104763648   t=491.767769267833   Elapsed: 2068.55s (34m 28s)  98% completed  (99% total)
     Speed:     ev/sec=57285.5   simsec/sec=0.0850218   ev/simsec=673774
     Messages:  created: 140459483   present: 9695   in FES: 287
** Event #104892672   t=491.961384688357   Elapsed: 2070.56s (34m 30s)  98% completed  (99% total)
     Speed:     ev/sec=64431.2   simsec/sec=0.0966865   ev/simsec=666393
     Messages:  created: 140640046   present: 9619   in FES: 221
** Event #105021184   t=492.14106423219   Elapsed: 2072.56s (34m 32s)  98% completed  (99% total)
     Speed:     ev/sec=64168.2   simsec/sec=0.0897169   ev/simsec=715229
     Messages:  created: 140813467   present: 9605   in FES: 210
** Event #105149696   t=492.333373410105   Elapsed: 2074.56s (34m 34s)  98% completed  (99% total)
     Speed:     ev/sec=64136.5   simsec/sec=0.0959758   ev/simsec=668257
     Messages:  created: 140993437   present: 9704   in FES: 232
** Event #105275648   t=492.523432314654   Elapsed: 2076.57s (34m 36s)  98% completed  (99% total)
     Speed:     ev/sec=62898.4   simsec/sec=0.0949123   ev/simsec=662700
     Messages:  created: 141169480   present: 9803   in FES: 255
** Event #105356800   t=492.632776128912   Elapsed: 2078.58s (34m 38s)  98% completed  (99% total)
     Speed:     ev/sec=40315.7   simsec/sec=0.0543212   ev/simsec=742173
     Messages:  created: 141277169   present: 9697   in FES: 214
** Event #105486080   t=492.824251540654   Elapsed: 2080.58s (34m 40s)  98% completed  (99% total)
     Speed:     ev/sec=64538.5   simsec/sec=0.0955874   ev/simsec=675178
     Messages:  created: 141458246   present: 9848   in FES: 254
** Event #105615104   t=493.016645333684   Elapsed: 2082.58s (34m 42s)  98% completed  (99% total)
     Speed:     ev/sec=64455.5   simsec/sec=0.0961127   ev/simsec=670625
     Messages:  created: 141638199   present: 9850   in FES: 245
** Event #105743104   t=493.193583914934   Elapsed: 2084.58s (34m 44s)  98% completed  (99% total)
     Speed:     ev/sec=63974.8   simsec/sec=0.0884345   ev/simsec=723415
     Messages:  created: 141812349   present: 9851   in FES: 255
** Event #105871872   t=493.381884650214   Elapsed: 2086.59s (34m 46s)  98% completed  (99% total)
     Speed:     ev/sec=64257.8   simsec/sec=0.0939659   ev/simsec=683842
     Messages:  created: 141992632   present: 9872   in FES: 287
** Event #105991168   t=493.555125737046   Elapsed: 2088.59s (34m 48s)  98% completed  (99% total)
     Speed:     ev/sec=59546.7   simsec/sec=0.0864735   ev/simsec=688613
     Messages:  created: 142158160   present: 9887   in FES: 256
** Event #106082048   t=493.683719902609   Elapsed: 2090.59s (34m 50s)  98% completed  (99% total)
     Speed:     ev/sec=45410.7   simsec/sec=0.0642557   ev/simsec=706719
     Messages:  created: 142280755   present: 9812   in FES: 207
** Event #106210560   t=493.874396973875   Elapsed: 2092.59s (34m 52s)  98% completed  (99% total)
     Speed:     ev/sec=64243.9   simsec/sec=0.0953206   ev/simsec=673977
     Messages:  created: 142460743   present: 9977   in FES: 287
** Event #106339328   t=494.058812826297   Elapsed: 2094.59s (34m 54s)  98% completed  (99% total)
     Speed:     ev/sec=64371.3   simsec/sec=0.0921898   ev/simsec=698248
     Messages:  created: 142637864   present: 9985   in FES: 254
** Event #106467584   t=494.245192892401   Elapsed: 2096.59s (34m 56s)  98% completed  (99% total)
     Speed:     ev/sec=64089.5   simsec/sec=0.093134   ev/simsec=688142
     Messages:  created: 142814547   present: 9990   in FES: 241
** Event #106596864   t=494.443336222518   Elapsed: 2098.6s (34m 58s)  98% completed  (99% total)
     Speed:     ev/sec=64519.3   simsec/sec=0.0988866   ev/simsec=652457
     Messages:  created: 142995512   present: 9948   in FES: 221
** Event #106700544   t=494.589309396368   Elapsed: 2100.61s (35m 00s)  98% completed  (99% total)
     Speed:     ev/sec=51617   simsec/sec=0.0726726   ev/simsec=710267
     Messages:  created: 143137248   present: 10081   in FES: 255
** Event #106813440   t=494.756212794866   Elapsed: 2102.61s (35m 02s)  98% completed  (99% total)
     Speed:     ev/sec=56362.9   simsec/sec=0.0833259   ev/simsec=676415
     Messages:  created: 143293497   present: 10055   in FES: 252
** Event #106942464   t=494.947889613795   Elapsed: 2104.61s (35m 04s)  98% completed  (99% total)
     Speed:     ev/sec=64488.9   simsec/sec=0.0958041   ev/simsec=673133
     Messages:  created: 143474163   present: 10046   in FES: 256
** Event #107071488   t=495.124111471148   Elapsed: 2106.61s (35m 06s)  99% completed  (99% total)
     Speed:     ev/sec=64462.7   simsec/sec=0.0880435   ev/simsec=732168
     Messages:  created: 143648867   present: 10048   in FES: 223
** Event #107201280   t=495.316965847673   Elapsed: 2108.62s (35m 08s)  99% completed  (99% total)
     Speed:     ev/sec=64782.7   simsec/sec=0.0962588   ev/simsec=673005
     Messages:  created: 143830605   present: 10031   in FES: 207
** Event #107331584   t=495.510511103508   Elapsed: 2110.62s (35m 10s)  99% completed  (99% total)
     Speed:     ev/sec=65141.1   simsec/sec=0.0967564   ev/simsec=673248
     Messages:  created: 144013080   present: 10162   in FES: 287
** Event #107419136   t=495.629771084633   Elapsed: 2112.62s (35m 12s)  99% completed  (99% total)
     Speed:     ev/sec=43722.2   simsec/sec=0.0595567   ev/simsec=734127
     Messages:  created: 144130508   present: 10198   in FES: 254
** Event #107547392   t=495.826211189768   Elapsed: 2114.62s (35m 14s)  99% completed  (99% total)
     Speed:     ev/sec=64012.9   simsec/sec=0.0980437   ev/simsec=652901
     Messages:  created: 144309961   present: 10229   in FES: 268
** Event #107677184   t=496.01782296549   Elapsed: 2116.62s (35m 16s)  99% completed  (99% total)
     Speed:     ev/sec=64893.7   simsec/sec=0.0958025   ev/simsec=677370
     Messages:  created: 144490973   present: 10224   in FES: 236
** Event #107807744   t=496.202122052422   Elapsed: 2118.63s (35m 18s)  99% completed  (99% total)
     Speed:     ev/sec=65176.4   simsec/sec=0.0920033   ev/simsec=708414
     Messages:  created: 144668539   present: 10194   in FES: 221
** Event #107938304   t=496.39316325852   Elapsed: 2120.63s (35m 20s)  99% completed  (99% total)
     Speed:     ev/sec=65155   simsec/sec=0.0953377   ev/simsec=683413
     Messages:  created: 144851375   present: 10249   in FES: 256
** Event #108055296   t=496.564085710622   Elapsed: 2122.65s (35m 22s)  99% completed  (99% total)
     Speed:     ev/sec=57907.2   simsec/sec=0.084601   ev/simsec=684474
     Messages:  created: 145013195   present: 10202   in FES: 206
** Event #108148224   t=496.696762978522   Elapsed: 2124.65s (35m 24s)  99% completed  (99% total)
     Speed:     ev/sec=46440.7   simsec/sec=0.0663054   ev/simsec=700406
     Messages:  created: 145139190   present: 10289   in FES: 233
** Event #108278528   t=496.886945283284   Elapsed: 2126.65s (35m 26s)  99% completed  (99% total)
     Speed:     ev/sec=65054.7   simsec/sec=0.0949491   ev/simsec=685153
     Messages:  created: 145321628   present: 10375   in FES: 257
** Event #108408320   t=497.073380665854   Elapsed: 2128.66s (35m 28s)  99% completed  (99% total)
     Speed:     ev/sec=64840.5   simsec/sec=0.0931379   ev/simsec=696177
     Messages:  created: 145499901   present: 10279   in FES: 208
** Event #108538624   t=497.265265624261   Elapsed: 2130.66s (35m 30s)  99% completed  (99% total)
     Speed:     ev/sec=65030.8   simsec/sec=0.0957639   ev/simsec=679074
     Messages:  created: 145680360   present: 10416   in FES: 256
** Event #108668672   t=497.457613289906   Elapsed: 2132.66s (35m 32s)  99% completed  (99% total)
     Speed:     ev/sec=64988.3   simsec/sec=0.0961211   ev/simsec=676109
     Messages:  created: 145862424   present: 10462   in FES: 271
** Event #108765184   t=497.593817539685   Elapsed: 2134.66s (35m 34s)  99% completed  (99% total)
     Speed:     ev/sec=48254.3   simsec/sec=0.0680997   ev/simsec=708583
     Messages:  created: 145993425   present: 10422   in FES: 236
** Event #108876544   t=497.757803585593   Elapsed: 2136.66s (35m 36s)  99% completed  (99% total)
     Speed:     ev/sec=55607.8   simsec/sec=0.0818867   ev/simsec=679082
     Messages:  created: 146147361   present: 10462   in FES: 249
** Event #109007104   t=497.952151590644   Elapsed: 2138.66s (35m 38s)  99% completed  (99% total)
     Speed:     ev/sec=65258   simsec/sec=0.0971413   ev/simsec=671785
     Messages:  created: 146330204   present: 10476   in FES: 270
** Event #109137408   t=498.131163771393   Elapsed: 2140.67s (35m 40s)  99% completed  (99% total)
     Speed:     ev/sec=65053.2   simsec/sec=0.0893703   ev/simsec=727906
     Messages:  created: 146507046   present: 10424   in FES: 253
** Event #109267456   t=498.327134559777   Elapsed: 2142.67s (35m 42s)  99% completed  (99% total)
     Speed:     ev/sec=64988.1   simsec/sec=0.0979313   ev/simsec=663609
     Messages:  created: 146689192   present: 10561   in FES: 270
** Event #109395200   t=498.522090750779   Elapsed: 2144.67s (35m 44s)  99% completed  (99% total)
     Speed:     ev/sec=63780.4   simsec/sec=0.0973384   ev/simsec=655245
     Messages:  created: 146867749   present: 10594   in FES: 271
** Event #109477376   t=498.634201542743   Elapsed: 2146.67s (35m 46s)  99% completed  (99% total)
     Speed:     ev/sec=41041.7   simsec/sec=0.0559922   ev/simsec=732989
     Messages:  created: 146977091   present: 10537   in FES: 267
** Event #109605632   t=498.821444783663   Elapsed: 2148.67s (35m 48s)  99% completed  (99% total)
     Speed:     ev/sec=64105.1   simsec/sec=0.0935882   ev/simsec=684970
     Messages:  created: 147156572   present: 10673   in FES: 289
** Event #109735936   t=499.014127642406   Elapsed: 2150.67s (35m 50s)  99% completed  (99% total)
     Speed:     ev/sec=65146.5   simsec/sec=0.0963333   ev/simsec=676262
     Messages:  created: 147338625   present: 10686   in FES: 265
** Event #109865728   t=499.197027543265   Elapsed: 2152.67s (35m 52s)  99% completed  (99% total)
     Speed:     ev/sec=64872.4   simsec/sec=0.0914166   ev/simsec=709634
     Messages:  created: 147515843   present: 10637   in FES: 271
** Event #109995520   t=499.390886889818   Elapsed: 2154.68s (35m 54s)  99% completed  (99% total)
     Speed:     ev/sec=64825.2   simsec/sec=0.0968239   ev/simsec=669516
     Messages:  created: 147697563   present: 10716   in FES: 269
** Event #110114048   t=499.562477471768   Elapsed: 2156.68s (35m 56s)  99% completed  (99% total)
     Speed:     ev/sec=59210.6   simsec/sec=0.0857179   ev/simsec=690761
     Messages:  created: 147862037   present: 10761   in FES: 269
** Event #110209536   t=499.701068417935   Elapsed: 2158.68s (35m 58s)  99% completed  (99% total)
     Speed:     ev/sec=47730.9   simsec/sec=0.0692765   ev/simsec=688992
     Messages:  created: 147991818   present: 10769   in FES: 269
** Event #110340608   t=499.893677785387   Elapsed: 2160.68s (36m 00s)  99% completed  (99% total)
     Speed:     ev/sec=65436.9   simsec/sec=0.096159   ev/simsec=680507
     Messages:  created: 148175329   present: 10805   in FES: 269
** Event #110411562   t=500   Elapsed: 2161.76s (36m 01s)  100% completed  (100% total)
     Speed:     ev/sec=65850   simsec/sec=0.098647   ev/simsec=667531
     Messages:  created: 148274586   present: 10671   in FES: 220

<!> Simulation time limit reached -- at t=500s, event #110411562
undisposed object: (omnetpp::cMessage) FanetSarNetwork.groundStation.app.debugTimer -- check module destructor
undisposed object: (omnetpp::cMessage) FanetSarNetwork.uav[0].app.debugTimer -- check module destructor
undisposed object: (omnetpp::cMessage) FanetSarNetwork.uav[1].app.debugTimer -- check module destructor
undisposed object: (omnetpp::cMessage) FanetSarNetwork.uav[2].app.debugTimer -- check module destructor
undisposed object: (omnetpp::cMessage) FanetSarNetwork.uav[3].app.debugTimer -- check module destructor
undisposed object: (omnetpp::cMessage) FanetSarNetwork.uav[4].app.debugTimer -- check module destructor
undisposed object: (omnetpp::cMessage) FanetSarNetwork.uav[5].app.debugTimer -- check module destructor
undisposed object: (omnetpp::cMessage) FanetSarNetwork.uav[6].app.debugTimer -- check module destructor
undisposed object: (omnetpp::cMessage) FanetSarNetwork.uav[7].app.debugTimer -- check module destructor
undisposed object: (omnetpp::cMessage) FanetSarNetwork.uav[8].app.debugTimer -- check module destructor
undisposed object: (omnetpp::cMessage) FanetSarNetwork.uav[9].app.debugTimer -- check module destructor
undisposed object: (omnetpp::cMessage) FanetSarNetwork.uav[10].app.debugTimer -- check module destructor
undisposed object: (omnetpp::cMessage) FanetSarNetwork.uav[11].app.debugTimer -- check module destructor
undisposed object: (omnetpp::cMessage) FanetSarNetwork.uav[12].app.debugTimer -- check module destructor
undisposed object: (omnetpp::cMessage) FanetSarNetwork.uav[13].app.debugTimer -- check module destructor
undisposed object: (omnetpp::cMessage) FanetSarNetwork.uav[14].app.debugTimer -- check module destructor
undisposed object: (omnetpp::cMessage) FanetSarNetwork.uav[15].app.debugTimer -- check module destructor
undisposed object: (omnetpp::cMessage) FanetSarNetwork.uav[16].app.debugTimer -- check module destructor
undisposed object: (omnetpp::cMessage) FanetSarNetwork.uav[17].app.debugTimer -- check module destructor
undisposed object: (omnetpp::cMessage) FanetSarNetwork.uav[18].app.debugTimer -- check module destructor
undisposed object: (omnetpp::cMessage) FanetSarNetwork.uav[19].app.debugTimer -- check module destructor
undisposed object: (omnetpp::cMessage) FanetSarNetwork.uav[20].app.debugTimer -- check module destructor
undisposed object: (omnetpp::cMessage) FanetSarNetwork.uav[21].app.debugTimer -- check module destructor
undisposed object: (omnetpp::cMessage) FanetSarNetwork.uav[22].app.debugTimer -- check module destructor
undisposed object: (omnetpp::cMessage) FanetSarNetwork.uav[23].app.debugTimer -- check module destructor
undisposed object: (omnetpp::cMessage) FanetSarNetwork.uav[24].app.debugTimer -- check module destructor
undisposed object: (omnetpp::cMessage) FanetSarNetwork.uav[25].app.debugTimer -- check module destructor
undisposed object: (omnetpp::cMessage) FanetSarNetwork.uav[26].app.debugTimer -- check module destructor
undisposed object: (omnetpp::cMessage) FanetSarNetwork.uav[27].app.debugTimer -- check module destructor
undisposed object: (omnetpp::cMessage) FanetSarNetwork.uav[28].app.debugTimer -- check module destructor
undisposed object: (omnetpp::cMessage) FanetSarNetwork.uav[29].app.debugTimer -- check module destructor
undisposed object: (omnetpp::cMessage) FanetSarNetwork.uav[30].app.debugTimer -- check module destructor
undisposed object: (omnetpp::cMessage) FanetSarNetwork.uav[31].app.debugTimer -- check module destructor
undisposed object: (omnetpp::cMessage) FanetSarNetwork.uav[32].app.debugTimer -- check module destructor
undisposed object: (omnetpp::cMessage) FanetSarNetwork.uav[33].app.debugTimer -- check module destructor
undisposed object: (omnetpp::cMessage) FanetSarNetwork.uav[34].app.debugTimer -- check module destructor
undisposed object: (omnetpp::cMessage) FanetSarNetwork.uav[35].app.debugTimer -- check module destructor
undisposed object: (omnetpp::cMessage) FanetSarNetwork.uav[36].app.debugTimer -- check module destructor
undisposed object: (omnetpp::cMessage) FanetSarNetwork.uav[37].app.debugTimer -- check module destructor
undisposed object: (omnetpp::cMessage) FanetSarNetwork.uav[38].app.debugTimer -- check module destructor
undisposed object: (omnetpp::cMessage) FanetSarNetwork.uav[39].app.debugTimer -- check module destructor
undisposed object: (omnetpp::cMessage) FanetSarNetwork.uav[40].app.debugTimer -- check module destructor
undisposed object: (omnetpp::cMessage) FanetSarNetwork.uav[41].app.debugTimer -- check module destructor
undisposed object: (omnetpp::cMessage) FanetSarNetwork.uav[42].app.debugTimer -- check module destructor
undisposed object: (omnetpp::cMessage) FanetSarNetwork.uav[43].app.debugTimer -- check module destructor
undisposed object: (omnetpp::cMessage) FanetSarNetwork.uav[44].app.debugTimer -- check module destructor
undisposed object: (omnetpp::cMessage) FanetSarNetwork.uav[45].app.debugTimer -- check module destructor
undisposed object: (omnetpp::cMessage) FanetSarNetwork.uav[46].app.debugTimer -- check module destructor
undisposed object: (omnetpp::cMessage) FanetSarNetwork.uav[47].app.debugTimer -- check module destructor
undisposed object: (omnetpp::cMessage) FanetSarNetwork.uav[48].app.debugTimer -- check module destructor
undisposed object: (omnetpp::cMessage) FanetSarNetwork.uav[49].app.debugTimer -- check module destructor
