** Event #0   t=0   Elapsed: 3.4e-05s (0m 00s)  0% completed  (0% total)
     Speed:     ev/sec=0   simsec/sec=0   ev/simsec=0
     Messages:  created: 1178   present: 1178   in FES: 186
** Event #89600   t=4.535086102624   Elapsed: 2.00396s (0m 02s)  0% completed  (0% total)
     Speed:     ev/sec=44712.6   simsec/sec=2.26309   ev/simsec=19757.3
     Messages:  created: 86305   present: 1334   in FES: 143
** Event #182528   t=12.514522387463   Elapsed: 4.00474s (0m 04s)  2% completed  (1% total)
     Speed:     ev/sec=46445.6   simsec/sec=3.98813   ev/simsec=11645.9
     Messages:  created: 170854   present: 1406   in FES: 163
** Event #255744   t=16.534179842785   Elapsed: 6.00828s (0m 06s)  3% completed  (1% total)
     Speed:     ev/sec=36543.5   simsec/sec=2.00629   ev/simsec=18214.5
     Messages:  created: 241783   present: 1423   in FES: 154
** Event #318720   t=20.534397832583   Elapsed: 8.01476s (0m 08s)  4% completed  (2% total)
     Speed:     ev/sec=31386.2   simsec/sec=1.99364   ev/simsec=15743.1
     Messages:  created: 300627   present: 1377   in FES: 154
** Event #387840   t=25.080105726752   Elapsed: 10.021s (0m 10s)  5% completed  (2% total)
     Speed:     ev/sec=34452.9   simsec/sec=2.26581   ev/simsec=15205.6
     Messages:  created: 365657   present: 1188   in FES: 154
** Event #451840   t=31.063877981102   Elapsed: 12.0262s (0m 12s)  6% completed  (3% total)
     Speed:     ev/sec=31916.9   simsec/sec=2.98412   ev/simsec=10695.6
     Messages:  created: 423942   present: 1205   in FES: 152
** Event #514304   t=35.098476893181   Elapsed: 14.028s (0m 14s)  7% completed  (3% total)
     Speed:     ev/sec=31204.1   simsec/sec=2.0155   ev/simsec=15482.1
     Messages:  created: 482763   present: 1216   in FES: 154
** Event #575232   t=37.063877981789   Elapsed: 16.0356s (0m 16s)  7% completed  (3% total)
     Speed:     ev/sec=30348.1   simsec/sec=0.97896   ev/simsec=31000.3
     Messages:  created: 541790   present: 1205   in FES: 152
** Event #636416   t=38.543930375803   Elapsed: 18.0417s (0m 18s)  7% completed  (3% total)
     Speed:     ev/sec=30498.6   simsec/sec=0.737768   ev/simsec=41339.1
     Messages:  created: 598247   present: 1292   in FES: 145
** Event #695296   t=39.614783700818   Elapsed: 20.0463s (0m 20s)  7% completed  (3% total)
     Speed:     ev/sec=29372.3   simsec/sec=0.534196   ev/simsec=54984.2
     Messages:  created: 653087   present: 1228   in FES: 156
** Event #747776   t=40.607482655647   Elapsed: 22.0469s (0m 22s)  8% completed  (4% total)
     Speed:     ev/sec=26232.3   simsec/sec=0.496204   ev/simsec=52866
     Messages:  created: 702127   present: 1351   in FES: 177
** Event #805376   t=42.541912685272   Elapsed: 24.0491s (0m 24s)  8% completed  (4% total)
     Speed:     ev/sec=28769.4   simsec/sec=0.966189   ev/simsec=29776.2
     Messages:  created: 753779   present: 1247   in FES: 140
** Event #872448   t=44.524331965161   Elapsed: 26.0531s (0m 26s)  8% completed  (4% total)
     Speed:     ev/sec=33467.8   simsec/sec=0.989193   ev/simsec=33833.4
     Messages:  created: 812845   present: 1364   in FES: 154
** Event #931584   t=46.594777282552   Elapsed: 28.0661s (0m 28s)  9% completed  (4% total)
     Speed:     ev/sec=29377.7   simsec/sec=1.02856   ev/simsec=28562
     Messages:  created: 863544   present: 1186   in FES: 153
** Event #990464   t=48.533557189732   Elapsed: 30.0683s (0m 30s)  9% completed  (4% total)
     Speed:     ev/sec=29408.2   simsec/sec=0.968344   ev/simsec=30369.6
     Messages:  created: 915513   present: 1318   in FES: 154
** Event #1052928   t=51.528492041772   Elapsed: 32.0718s (0m 32s)  10% completed  (5% total)
     Speed:     ev/sec=31175.9   simsec/sec=1.49478   ev/simsec=20856.5
     Messages:  created: 968759   present: 1303   in FES: 155
** Event #1113088   t=53.519972389861   Elapsed: 34.076s (0m 34s)  10% completed  (5% total)
     Speed:     ev/sec=30017.3   simsec/sec=0.993665   ev/simsec=30208.7
     Messages:  created: 1020849   present: 1166   in FES: 153
** Event #1175552   t=56.508065209185   Elapsed: 36.0788s (0m 36s)  11% completed  (5% total)
     Speed:     ev/sec=31189.3   simsec/sec=1.492   ev/simsec=20904.3
     Messages:  created: 1074570   present: 1165   in FES: 130
** Event #1232640   t=58.079559384329   Elapsed: 38.08s (0m 38s)  11% completed  (5% total)
     Speed:     ev/sec=28525.8   simsec/sec=0.785247   ev/simsec=36327.2
     Messages:  created: 1125416   present: 1209   in FES: 154
** Event #1291008   t=60.505232871587   Elapsed: 40.0945s (0m 40s)  12% completed  (6% total)
     Speed:     ev/sec=28973.9   simsec/sec=1.20411   ev/simsec=24062.6
     Messages:  created: 1174342   present: 1172   in FES: 144
** Event #1345280   t=61.529796404145   Elapsed: 42.1173s (0m 42s)  12% completed  (6% total)
     Speed:     ev/sec=26830.3   simsec/sec=0.506511   ev/simsec=52970.8
     Messages:  created: 1222087   present: 1428   in FES: 183
** Event #1399552   t=62.549708300603   Elapsed: 44.1185s (0m 44s)  12% completed  (6% total)
     Speed:     ev/sec=27119.5   simsec/sec=0.509645   ev/simsec=53212.4
     Messages:  created: 1270091   present: 1228   in FES: 153
** Event #1452032   t=63.544331350624   Elapsed: 46.1259s (0m 46s)  12% completed  (6% total)
     Speed:     ev/sec=26144.3   simsec/sec=0.495498   ev/simsec=52763.7
     Messages:  created: 1316338   present: 1354   in FES: 154
** Event #1504000   t=64.538205805723   Elapsed: 48.1381s (0m 48s)  12% completed  (6% total)
     Speed:     ev/sec=25826.1   simsec/sec=0.493917   ev/simsec=52288.3
     Messages:  created: 1361836   present: 1284   in FES: 155
** Event #1559552   t=65.524412342367   Elapsed: 50.1496s (0m 50s)  13% completed  (6% total)
     Speed:     ev/sec=27617.7   simsec/sec=0.490293   ev/simsec=56329
     Messages:  created: 1409603   present: 1272   in FES: 163
** Event #1612800   t=66.519847936079   Elapsed: 52.1556s (0m 52s)  13% completed  (6% total)
     Speed:     ev/sec=26543.2   simsec/sec=0.496207   ev/simsec=53492.2
     Messages:  created: 1457592   present: 1253   in FES: 167
** Event #1662976   t=66.605820059623   Elapsed: 54.1625s (0m 54s)  13% completed  (6% total)
     Speed:     ev/sec=25002.5   simsec/sec=0.0428395   ev/simsec=583631
     Messages:  created: 1503257   present: 1169   in FES: 136
** Event #1717248   t=67.565297295162   Elapsed: 56.1647s (0m 56s)  13% completed  (6% total)
     Speed:     ev/sec=27105.7   simsec/sec=0.479203   ev/simsec=56564.1
     Messages:  created: 1550943   present: 1294   in FES: 145
** Event #1776384   t=68.573336353805   Elapsed: 58.1658s (0m 58s)  13% completed  (6% total)
     Speed:     ev/sec=29551.4   simsec/sec=0.503736   ev/simsec=58664.4
     Messages:  created: 1601740   present: 1378   in FES: 185
** Event #1832448   t=70.52720889422   Elapsed: 60.1704s (1m 00s)  14% completed  (7% total)
     Speed:     ev/sec=27969   simsec/sec=0.974739   ev/simsec=28693.8
     Messages:  created: 1648542   present: 1336   in FES: 151
** Event #1893120   t=72.098342401753   Elapsed: 62.1719s (1m 02s)  14% completed  (7% total)
     Speed:     ev/sec=30313.2   simsec/sec=0.784977   ev/simsec=38616.7
     Messages:  created: 1698844   present: 1131   in FES: 126
** Event #1949440   t=73.54126666386   Elapsed: 64.179s (1m 04s)  14% completed  (7% total)
     Speed:     ev/sec=28060.4   simsec/sec=0.718911   ev/simsec=39031.8
     Messages:  created: 1747897   present: 1291   in FES: 155
** Event #2008576   t=75.529120542304   Elapsed: 66.1847s (1m 06s)  15% completed  (7% total)
     Speed:     ev/sec=29483.4   simsec/sec=0.991084   ev/simsec=29748.7
     Messages:  created: 1798138   present: 1291   in FES: 150
** Event #2061824   t=77.52303333869   Elapsed: 68.1934s (1m 08s)  15% completed  (7% total)
     Speed:     ev/sec=26508.1   simsec/sec=0.992618   ev/simsec=26705.3
     Messages:  created: 1843283   present: 1305   in FES: 169
** Event #2115840   t=79.006635899742   Elapsed: 70.1978s (1m 10s)  15% completed  (7% total)
     Speed:     ev/sec=26949.4   simsec/sec=0.740193   ev/simsec=36408.7
     Messages:  created: 1891618   present: 1129   in FES: 126
** Event #2171648   t=80.538828210517   Elapsed: 72.2013s (1m 12s)  16% completed  (8% total)
     Speed:     ev/sec=27855.7   simsec/sec=0.764769   ev/simsec=36423.6
     Messages:  created: 1939717   present: 1395   in FES: 177
** Event #2225408   t=82.04559886378   Elapsed: 74.203s (1m 14s)  16% completed  (8% total)
     Speed:     ev/sec=26856.2   simsec/sec=0.752717   ev/simsec=35679
     Messages:  created: 1985760   present: 1208   in FES: 151
** Event #2279936   t=83.530034511746   Elapsed: 76.2096s (1m 16s)  16% completed  (8% total)
     Speed:     ev/sec=27174.4   simsec/sec=0.739778   ev/simsec=36733.2
     Messages:  created: 2033192   present: 1222   in FES: 131
** Event #2333184   t=84.550464347543   Elapsed: 78.2158s (1m 18s)  16% completed  (8% total)
     Speed:     ev/sec=26541.9   simsec/sec=0.508641   ev/simsec=52181.9
     Messages:  created: 2080494   present: 1263   in FES: 138
** Event #2387200   t=86.012840779056   Elapsed: 80.223s (1m 20s)  17% completed  (8% total)
     Speed:     ev/sec=26911.8   simsec/sec=0.728584   ev/simsec=36937.1
     Messages:  created: 2127792   present: 1132   in FES: 125
** Event #2440448   t=87.021935195473   Elapsed: 82.2232s (1m 22s)  17% completed  (8% total)
     Speed:     ev/sec=26620.3   simsec/sec=0.504477   ev/simsec=52768.1
     Messages:  created: 2175020   present: 1142   in FES: 131
** Event #2497536   t=88.50556436062   Elapsed: 84.2234s (1m 24s)  17% completed  (8% total)
     Speed:     ev/sec=28541   simsec/sec=0.741737   ev/simsec=38478.6
     Messages:  created: 2224303   present: 1191   in FES: 146
** Event #2552576   t=89.53312164411   Elapsed: 86.225s (1m 26s)  17% completed  (8% total)
     Speed:     ev/sec=27499   simsec/sec=0.513386   ev/simsec=53563.9
     Messages:  created: 2272232   present: 1176   in FES: 153
** Event #2605824   t=90.549878844472   Elapsed: 88.2293s (1m 28s)  18% completed  (9% total)
     Speed:     ev/sec=26566   simsec/sec=0.507271   ev/simsec=52370.4
     Messages:  created: 2320649   present: 1341   in FES: 153
** Event #2659840   t=91.578284849118   Elapsed: 90.2335s (1m 30s)  18% completed  (9% total)
     Speed:     ev/sec=26951.5   simsec/sec=0.513128   ev/simsec=52524
     Messages:  created: 2367468   present: 1224   in FES: 164
** Event #2718976   t=93.034601373258   Elapsed: 92.2344s (1m 32s)  18% completed  (9% total)
     Speed:     ev/sec=29554.9   simsec/sec=0.727837   ev/simsec=40606.6
     Messages:  created: 2417904   present: 1180   in FES: 141
** Event #2775296   t=94.550752529519   Elapsed: 94.2371s (1m 34s)  18% completed  (9% total)
     Speed:     ev/sec=28122.6   simsec/sec=0.757069   ev/simsec=37146.7
     Messages:  created: 2467955   present: 1296   in FES: 145
** Event #2832640   t=96.547987715249   Elapsed: 96.2375s (1m 36s)  19% completed  (9% total)
     Speed:     ev/sec=28665.5   simsec/sec=0.99839   ev/simsec=28711.7
     Messages:  created: 2516511   present: 1475   in FES: 199
** Event #2889984   t=98.537438905729   Elapsed: 98.2423s (1m 38s)  19% completed  (9% total)
     Speed:     ev/sec=28603.3   simsec/sec=0.992343   ev/simsec=28824
     Messages:  created: 2566154   present: 1248   in FES: 154
** Event #2946048   t=100.542841906206   Elapsed: 100.252s (1m 40s)  20% completed  (10% total)
     Speed:     ev/sec=27898.5   simsec/sec=0.997926   ev/simsec=27956.5
     Messages:  created: 2615379   present: 1353   in FES: 169
** Event #3000576   t=102.543383559352   Elapsed: 102.254s (1m 42s)  20% completed  (10% total)
     Speed:     ev/sec=27235.9   simsec/sec=0.99924   ev/simsec=27256.6
     Messages:  created: 2663397   present: 1635   in FES: 184
** Event #3052800   t=104.613175727212   Elapsed: 104.259s (1m 44s)  20% completed  (10% total)
     Speed:     ev/sec=26047.5   simsec/sec=1.03234   ev/simsec=25231.5
     Messages:  created: 2710002   present: 1747   in FES: 180
** Event #3111168   t=107.511098210104   Elapsed: 106.263s (1m 46s)  21% completed  (10% total)
     Speed:     ev/sec=29125.5   simsec/sec=1.44606   ev/simsec=20141.3
     Messages:  created: 2762123   present: 2104   in FES: 182
** Event #3169792   t=109.063877932122   Elapsed: 108.27s (1m 48s)  21% completed  (10% total)
     Speed:     ev/sec=29208.7   simsec/sec=0.773653   ev/simsec=37754.2
     Messages:  created: 2816815   present: 1284   in FES: 152
** Event #3229696   t=110.546853003184   Elapsed: 110.277s (1m 50s)  22% completed  (11% total)
     Speed:     ev/sec=29848.4   simsec/sec=0.738923   ev/simsec=40394.5
     Messages:  created: 2872195   present: 1521   in FES: 148
** Event #3287808   t=112.519085195499   Elapsed: 112.279s (1m 52s)  22% completed  (11% total)
     Speed:     ev/sec=29027.5   simsec/sec=0.98515   ev/simsec=29465.1
     Messages:  created: 2926637   present: 1780   in FES: 167
** Event #3348480   t=114.035222586281   Elapsed: 114.289s (1m 54s)  22% completed  (11% total)
     Speed:     ev/sec=30187.8   simsec/sec=0.754366   ev/simsec=40017.5
     Messages:  created: 2983625   present: 1889   in FES: 151
** Event #3410944   t=117.554991420187   Elapsed: 116.294s (1m 56s)  23% completed  (11% total)
     Speed:     ev/sec=31156.6   simsec/sec=1.75564   ev/simsec=17746.6
     Messages:  created: 3041158   present: 2451   in FES: 176
** Event #3475456   t=121.536882315616   Elapsed: 118.294s (1m 58s)  24% completed  (12% total)
     Speed:     ev/sec=32252   simsec/sec=1.9907   ev/simsec=16201.3
     Messages:  created: 3102814   present: 2904   in FES: 189
** Event #3536640   t=124.514867622302   Elapsed: 120.3s (2m 00s)  24% completed  (12% total)
     Speed:     ev/sec=30495.5   simsec/sec=1.4843   ev/simsec=20545.4
     Messages:  created: 3164090   present: 3179   in FES: 153
** Event #3601408   t=127.515044939357   Elapsed: 122.3s (2m 02s)  25% completed  (12% total)
     Speed:     ev/sec=32382.9   simsec/sec=1.50004   ev/simsec=21588.1
     Messages:  created: 3229295   present: 3543   in FES: 163
** Event #3664896   t=130.595351169817   Elapsed: 124.303s (2m 04s)  26% completed  (13% total)
     Speed:     ev/sec=31703.9   simsec/sec=1.53821   ev/simsec=20610.9
     Messages:  created: 3293149   present: 3809   in FES: 127
** Event #3734016   t=136.611556904776   Elapsed: 126.304s (2m 06s)  27% completed  (13% total)
     Speed:     ev/sec=34539.4   simsec/sec=3.00631   ev/simsec=11489
     Messages:  created: 3359746   present: 4670   in FES: 185
** Event #3810560   t=142.542497209345   Elapsed: 128.309s (2m 08s)  28% completed  (14% total)
     Speed:     ev/sec=38182.9   simsec/sec=2.95856   ev/simsec=12905.9
     Messages:  created: 3434285   present: 5279   in FES: 141
** Event #3878656   t=148.533479648033   Elapsed: 130.313s (2m 10s)  29% completed  (14% total)
     Speed:     ev/sec=33975.8   simsec/sec=2.98914   ev/simsec=11366.4
     Messages:  created: 3500369   present: 6018   in FES: 154
** Event #3951616   t=154.043247593287   Elapsed: 132.318s (2m 12s)  30% completed  (15% total)
     Speed:     ev/sec=36378   simsec/sec=2.74718   ev/simsec=13241.9
     Messages:  created: 3572059   present: 6609   in FES: 125
** Event #4021760   t=160.045601667057   Elapsed: 134.325s (2m 14s)  32% completed  (16% total)
     Speed:     ev/sec=34953.1   simsec/sec=2.991   ev/simsec=11686.1
     Messages:  created: 3640134   present: 7381   in FES: 142
** Event #4092672   t=165.590018876897   Elapsed: 136.329s (2m 16s)  33% completed  (16% total)
     Speed:     ev/sec=35394   simsec/sec=2.76736   ev/simsec=12789.8
     Messages:  created: 3708573   present: 8079   in FES: 154
** Event #4163584   t=171.555813884843   Elapsed: 138.337s (2m 18s)  34% completed  (17% total)
     Speed:     ev/sec=35304.6   simsec/sec=2.97016   ev/simsec=11886.4
     Messages:  created: 3777818   present: 8795   in FES: 151
** Event #4236544   t=177.546586282306   Elapsed: 140.343s (2m 20s)  35% completed  (17% total)
     Speed:     ev/sec=36376.2   simsec/sec=2.98686   ev/simsec=12178.7
     Messages:  created: 3848687   present: 9542   in FES: 152
** Event #4305152   t=183.02891231305   Elapsed: 142.348s (2m 22s)  36% completed  (18% total)
     Speed:     ev/sec=34214.1   simsec/sec=2.73398   ev/simsec=12514.4
     Messages:  created: 3915450   present: 10167   in FES: 154
** Event #4374528   t=189.039420287378   Elapsed: 144.349s (2m 24s)  37% completed  (18% total)
     Speed:     ev/sec=34674.4   simsec/sec=3.00407   ev/simsec=11542.5
     Messages:  created: 3982903   present: 10858   in FES: 140
** Event #4443904   t=194.060423250037   Elapsed: 146.352s (2m 26s)  38% completed  (19% total)
     Speed:     ev/sec=34645   simsec/sec=2.50739   ev/simsec=13817.2
     Messages:  created: 4050841   present: 11427   in FES: 133
** Event #4516096   t=200.098528944127   Elapsed: 148.354s (2m 28s)  40% completed  (20% total)
     Speed:     ev/sec=36043.4   simsec/sec=3.01465   ev/simsec=11956.1
     Messages:  created: 4120843   present: 12218   in FES: 154
** Event #4590592   t=206.006581056185   Elapsed: 150.357s (2m 30s)  41% completed  (20% total)
     Speed:     ev/sec=37192.1   simsec/sec=2.9496   ev/simsec=12609.2
     Messages:  created: 4193309   present: 12900   in FES: 154
** Event #4660736   t=211.601607166409   Elapsed: 152.361s (2m 32s)  42% completed  (21% total)
     Speed:     ev/sec=35010.2   simsec/sec=2.79258   ev/simsec=12536.8
     Messages:  created: 4261492   present: 13599   in FES: 154
** Event #4735488   t=217.602656903042   Elapsed: 154.362s (2m 34s)  43% completed  (21% total)
     Speed:     ev/sec=37352.4   simsec/sec=2.99863   ev/simsec=12456.5
     Messages:  created: 4334343   present: 14294   in FES: 146
** Event #4809472   t=224.076421106588   Elapsed: 156.366s (2m 36s)  44% completed  (22% total)
     Speed:     ev/sec=36930   simsec/sec=3.23146   ev/simsec=11428.3
     Messages:  created: 4405868   present: 15085   in FES: 154
** Event #4881408   t=229.601192399641   Elapsed: 158.367s (2m 38s)  45% completed  (22% total)
     Speed:     ev/sec=35936.3   simsec/sec=2.75995   ev/simsec=13020.6
     Messages:  created: 4476114   present: 15872   in FES: 198
** Event #4954624   t=235.995304833807   Elapsed: 160.368s (2m 40s)  47% completed  (23% total)
     Speed:     ev/sec=36596.6   simsec/sec=3.19606   ev/simsec=11450.5
     Messages:  created: 4546957   present: 11874   in FES: 143
** Event #5021952   t=241.536663857012   Elapsed: 162.377s (2m 42s)  48% completed  (24% total)
     Speed:     ev/sec=33521.7   simsec/sec=2.75897   ev/simsec=12150.1
     Messages:  created: 4612119   present: 1779   in FES: 153
** Event #5089024   t=246.549003662388   Elapsed: 164.38s (2m 44s)  49% completed  (24% total)
     Speed:     ev/sec=33481.6   simsec/sec=2.5021   ev/simsec=13381.4
     Messages:  created: 4677941   present: 2395   in FES: 153
** Event #5160192   t=252.59112529779   Elapsed: 166.382s (2m 46s)  50% completed  (25% total)
     Speed:     ev/sec=35539.7   simsec/sec=3.0173   ev/simsec=11778.6
     Messages:  created: 4747460   present: 3100   in FES: 153
** Event #5233408   t=255.537981527317   Elapsed: 168.388s (2m 48s)  51% completed  (25% total)
     Speed:     ev/sec=36497.4   simsec/sec=1.46897   ev/simsec=24845.5
     Messages:  created: 4833244   present: 3334   in FES: 146
** Event #5302528   t=258.112771719063   Elapsed: 170.393s (2m 50s)  51% completed  (25% total)
     Speed:     ev/sec=34480.4   simsec/sec=1.28443   ev/simsec=26844.9
     Messages:  created: 4913398   present: 3529   in FES: 155
** Event #5375488   t=261.430735075115   Elapsed: 172.394s (2m 52s)  52% completed  (26% total)
     Speed:     ev/sec=36467   simsec/sec=1.65839   ev/simsec=21989.4
     Messages:  created: 4999590   present: 3790   in FES: 147
** Event #5449216   t=264.176704503724   Elapsed: 174.396s (2m 54s)  52% completed  (26% total)
     Speed:     ev/sec=36825.1   simsec/sec=1.37153   ev/simsec=26849.5
     Messages:  created: 5083808   present: 4024   in FES: 159
** Event #5521920   t=267.538363630443   Elapsed: 176.402s (2m 56s)  53% completed  (26% total)
     Speed:     ev/sec=36247   simsec/sec=1.67598   ev/simsec=21627.4
     Messages:  created: 5166890   present: 4323   in FES: 153
** Event #5592064   t=270.877516976092   Elapsed: 178.406s (2m 58s)  54% completed  (27% total)
     Speed:     ev/sec=34986.1   simsec/sec=1.66549   ev/simsec=21006.5
     Messages:  created: 5245213   present: 4469   in FES: 123
** Event #5662720   t=273.451795756231   Elapsed: 180.407s (3m 00s)  54% completed  (27% total)
     Speed:     ev/sec=35323.6   simsec/sec=1.28698   ev/simsec=27446.9
     Messages:  created: 5328534   present: 4699   in FES: 146
** Event #5729536   t=274.951763267594   Elapsed: 182.414s (3m 02s)  54% completed  (27% total)
     Speed:     ev/sec=33293.9   simsec/sec=0.747423   ev/simsec=44545
     Messages:  created: 5410709   present: 4770   in FES: 168
** Event #5801472   t=276.593263561965   Elapsed: 184.419s (3m 04s)  55% completed  (27% total)
     Speed:     ev/sec=35868.9   simsec/sec=0.81849   ev/simsec=43823.3
     Messages:  created: 5497884   present: 4872   in FES: 153
** Event #5868032   t=278.119683902824   Elapsed: 186.42s (3m 06s)  55% completed  (27% total)
     Speed:     ev/sec=33265.2   simsec/sec=0.762871   ev/simsec=43605.3
     Messages:  created: 5577159   present: 4900   in FES: 154
** Event #5930752   t=279.518995178127   Elapsed: 188.42s (3m 08s)  55% completed  (27% total)
     Speed:     ev/sec=31357.2   simsec/sec=0.699593   ev/simsec=44822.1
     Messages:  created: 5652077   present: 5123   in FES: 183
** Event #5994240   t=280.594533064196   Elapsed: 190.425s (3m 10s)  56% completed  (28% total)
     Speed:     ev/sec=31669.3   simsec/sec=0.536504   ev/simsec=59029.1
     Messages:  created: 5724081   present: 5019   in FES: 154
** Event #6060800   t=282.318488094374   Elapsed: 192.429s (3m 12s)  56% completed  (28% total)
     Speed:     ev/sec=33211.6   simsec/sec=0.860206   ev/simsec=38608.9
     Messages:  created: 5803163   present: 5056   in FES: 155
** Event #6128384   t=283.512355269805   Elapsed: 194.43s (3m 14s)  56% completed  (28% total)
     Speed:     ev/sec=33781.1   simsec/sec=0.596741   ev/simsec=56609.3
     Messages:  created: 5877418   present: 5197   in FES: 154
** Event #6188800   t=284.531571001364   Elapsed: 196.441s (3m 16s)  56% completed  (28% total)
     Speed:     ev/sec=30033.5   simsec/sec=0.506664   ev/simsec=59277
     Messages:  created: 5943812   present: 5229   in FES: 154
** Event #6248704   t=285.568538662007   Elapsed: 198.442s (3m 18s)  57% completed  (28% total)
     Speed:     ev/sec=29944.9   simsec/sec=0.518361   ev/simsec=57768.4
     Messages:  created: 6009205   present: 5142   in FES: 131
** Event #6311168   t=287.033382639733   Elapsed: 200.444s (3m 20s)  57% completed  (28% total)
     Speed:     ev/sec=31198.9   simsec/sec=0.731645   ev/simsec=42642.1
     Messages:  created: 6080769   present: 5276   in FES: 154
** Event #6375168   t=288.40215994707   Elapsed: 202.449s (3m 22s)  57% completed  (28% total)
     Speed:     ev/sec=31925.7   simsec/sec=0.6828   ev/simsec=46757.1
     Messages:  created: 6152336   present: 5311   in FES: 173
** Event #6439424   t=289.518027018585   Elapsed: 204.454s (3m 24s)  57% completed  (28% total)
     Speed:     ev/sec=32037.5   simsec/sec=0.556361   ev/simsec=57583.9
     Messages:  created: 6223246   present: 5410   in FES: 153
** Event #6503680   t=290.559361424642   Elapsed: 206.461s (3m 26s)  58% completed  (29% total)
     Speed:     ev/sec=32022.1   simsec/sec=0.518951   ev/simsec=61705.4
     Messages:  created: 6292402   present: 5478   in FES: 139
** Event #6561280   t=291.761716389155   Elapsed: 208.468s (3m 28s)  58% completed  (29% total)
     Speed:     ev/sec=28699.1   simsec/sec=0.599071   ev/simsec=47906
     Messages:  created: 6356424   present: 5428   in FES: 156
** Event #6619648   t=293.03936843381   Elapsed: 210.47s (3m 30s)  58% completed  (29% total)
     Speed:     ev/sec=29156.1   simsec/sec=0.638216   ev/simsec=45683.8
     Messages:  created: 6422544   present: 5515   in FES: 154
** Event #6683648   t=294.555167502376   Elapsed: 212.47s (3m 32s)  58% completed  (29% total)
     Speed:     ev/sec=31992.1   simsec/sec=0.757712   ev/simsec=42222
     Messages:  created: 6495532   present: 5619   in FES: 150
** Event #6750208   t=296.055625282486   Elapsed: 214.479s (3m 34s)  59% completed  (29% total)
     Speed:     ev/sec=33130.7   simsec/sec=0.746864   ev/simsec=44359.8
     Messages:  created: 6571241   present: 5586   in FES: 140
** Event #6816512   t=297.541694048133   Elapsed: 216.486s (3m 36s)  59% completed  (29% total)
     Speed:     ev/sec=33034.8   simsec/sec=0.740407   ev/simsec=44617
     Messages:  created: 6646313   present: 5754   in FES: 150
** Event #6878208   t=299.056177250815   Elapsed: 218.489s (3m 38s)  59% completed  (29% total)
     Speed:     ev/sec=30810.4   simsec/sec=0.756318   ev/simsec=40737.3
     Messages:  created: 6717442   present: 5697   in FES: 156
** Event #6947840   t=300.589581801323   Elapsed: 220.49s (3m 40s)  60% completed  (30% total)
     Speed:     ev/sec=34802.6   simsec/sec=0.766408   ev/simsec=45410.1
     Messages:  created: 6796225   present: 5794   in FES: 123
** Event #7011072   t=302.180468817474   Elapsed: 222.5s (3m 42s)  60% completed  (30% total)
     Speed:     ev/sec=31453.1   simsec/sec=0.791345   ev/simsec=39746.4
     Messages:  created: 6868776   present: 5785   in FES: 124
** Event #7076608   t=303.587233086004   Elapsed: 224.501s (3m 44s)  60% completed  (30% total)
     Speed:     ev/sec=32752   simsec/sec=0.703038   ev/simsec=46586.3
     Messages:  created: 6942357   present: 6029   in FES: 154
** Event #7139840   t=305.044235326172   Elapsed: 226.51s (3m 46s)  61% completed  (30% total)
     Speed:     ev/sec=31467.6   simsec/sec=0.725082   ev/simsec=43398.7
     Messages:  created: 7014650   present: 5930   in FES: 150
** Event #7204096   t=306.557052396669   Elapsed: 228.512s (3m 48s)  61% completed  (30% total)
     Speed:     ev/sec=32092.9   simsec/sec=0.755583   ev/simsec=42474.4
     Messages:  created: 7087458   present: 6052   in FES: 130
** Event #7262464   t=307.862255428453   Elapsed: 230.518s (3m 50s)  61% completed  (30% total)
     Speed:     ev/sec=29098.1   simsec/sec=0.650681   ev/simsec=44719.5
     Messages:  created: 7152167   present: 6079   in FES: 155
** Event #7331584   t=309.533131970462   Elapsed: 232.531s (3m 52s)  61% completed  (30% total)
     Speed:     ev/sec=34343.5   simsec/sec=0.830205   ev/simsec=41367.5
     Messages:  created: 7231920   present: 6131   in FES: 153
** Event #7396096   t=311.043302910952   Elapsed: 234.534s (3m 54s)  62% completed  (31% total)
     Speed:     ev/sec=32211.4   simsec/sec=0.75404   ev/simsec=42718.3
     Messages:  created: 7306572   present: 6189   in FES: 137
** Event #7460864   t=312.538670387491   Elapsed: 236.541s (3m 56s)  62% completed  (31% total)
     Speed:     ev/sec=32267.1   simsec/sec=0.744985   ev/simsec=43312.4
     Messages:  created: 7380528   present: 6437   in FES: 183
** Event #7521536   t=313.772678773232   Elapsed: 238.543s (3m 58s)  62% completed  (31% total)
     Speed:     ev/sec=30300.6   simsec/sec=0.616285   ev/simsec=49166.6
     Messages:  created: 7448706   present: 6342   in FES: 154
** Event #7586560   t=315.536140422905   Elapsed: 240.55s (4m 00s)  63% completed  (31% total)
     Speed:     ev/sec=32411.4   simsec/sec=0.879003   ev/simsec=36872.9
     Messages:  created: 7524639   present: 6411   in FES: 145
** Event #7648512   t=316.613777958613   Elapsed: 242.556s (4m 02s)  63% completed  (31% total)
     Speed:     ev/sec=30869.1   simsec/sec=0.536959   ev/simsec=57488.7
     Messages:  created: 7592424   present: 6455   in FES: 148
** Event #7710976   t=318.305953646499   Elapsed: 244.563s (4m 04s)  63% completed  (31% total)
     Speed:     ev/sec=31133.9   simsec/sec=0.843429   ev/simsec=36913.4
     Messages:  created: 7665372   present: 6495   in FES: 154
** Event #7772416   t=319.584669327258   Elapsed: 246.563s (4m 06s)  63% completed  (31% total)
     Speed:     ev/sec=30716.4   simsec/sec=0.639283   ev/simsec=48048.2
     Messages:  created: 7733561   present: 6709   in FES: 178
** Event #7837952   t=321.044717348094   Elapsed: 248.569s (4m 08s)  64% completed  (32% total)
     Speed:     ev/sec=32665.8   simsec/sec=0.727747   ev/simsec=44886.2
     Messages:  created: 7808361   present: 6630   in FES: 150
** Event #7899648   t=322.554758919185   Elapsed: 250.577s (4m 10s)  64% completed  (32% total)
     Speed:     ev/sec=30733.9   simsec/sec=0.752229   ev/simsec=40857.2
     Messages:  created: 7879202   present: 6837   in FES: 185
** Event #7960832   t=323.926438394235   Elapsed: 252.577s (4m 12s)  64% completed  (32% total)
     Speed:     ev/sec=30586.8   simsec/sec=0.685722   ev/simsec=44605.2
     Messages:  created: 7947887   present: 6651   in FES: 123
** Event #8023296   t=325.40358632192   Elapsed: 254.58s (4m 14s)  65% completed  (32% total)
     Speed:     ev/sec=31188   simsec/sec=0.737534   ev/simsec=42286.9
     Messages:  created: 8019325   present: 6822   in FES: 154
** Event #8088832   t=326.951906159671   Elapsed: 256.585s (4m 16s)  65% completed  (32% total)
     Speed:     ev/sec=32687.9   simsec/sec=0.772267   ev/simsec=42327.2
     Messages:  created: 8093818   present: 6858   in FES: 154
** Event #8162816   t=328.549180642126   Elapsed: 258.589s (4m 18s)  65% completed  (32% total)
     Speed:     ev/sec=36917.5   simsec/sec=0.797029   ev/simsec=46318.9
     Messages:  created: 8176185   present: 6972   in FES: 142
** Event #8226816   t=330.035223349563   Elapsed: 260.596s (4m 20s)  66% completed  (33% total)
     Speed:     ev/sec=31883.9   simsec/sec=0.740325   ev/simsec=43067.4
     Messages:  created: 8249099   present: 6967   in FES: 143
** Event #8292864   t=331.58231265103   Elapsed: 262.604s (4m 22s)  66% completed  (33% total)
     Speed:     ev/sec=32892.2   simsec/sec=0.770458   ev/simsec=42691.8
     Messages:  created: 8324006   present: 7068   in FES: 150
** Event #8358400   t=333.038096911283   Elapsed: 264.609s (4m 24s)  66% completed  (33% total)
     Speed:     ev/sec=32689.9   simsec/sec=0.726158   ev/simsec=45017.7
     Messages:  created: 8398282   present: 7104   in FES: 154
** Event #8419072   t=334.550685562646   Elapsed: 266.613s (4m 26s)  66% completed  (33% total)
     Speed:     ev/sec=30267.6   simsec/sec=0.754589   ev/simsec=40111.4
     Messages:  created: 8468298   present: 7223   in FES: 154
** Event #8486656   t=336.038153445589   Elapsed: 268.616s (4m 28s)  67% completed  (33% total)
     Speed:     ev/sec=33753.9   simsec/sec=0.742896   ev/simsec=45435.6
     Messages:  created: 8543444   present: 7152   in FES: 124
** Event #8554240   t=337.545638514244   Elapsed: 270.619s (4m 30s)  67% completed  (33% total)
     Speed:     ev/sec=33741.2   simsec/sec=0.75261   ev/simsec=44832.3
     Messages:  created: 8619999   present: 7368   in FES: 155
** Event #8621824   t=339.305579364813   Elapsed: 272.619s (4m 32s)  67% completed  (33% total)
     Speed:     ev/sec=33781.4   simsec/sec=0.879695   ev/simsec=38401.3
     Messages:  created: 8698320   present: 7321   in FES: 156
** Event #8681984   t=340.546346833435   Elapsed: 274.633s (4m 34s)  68% completed  (34% total)
     Speed:     ev/sec=29882.3   simsec/sec=0.616307   ev/simsec=48486.1
     Messages:  created: 8765713   present: 7487   in FES: 154
** Event #8742656   t=341.86227106216   Elapsed: 276.633s (4m 36s)  68% completed  (34% total)
     Speed:     ev/sec=30323.7   simsec/sec=0.657695   ev/simsec=46106
     Messages:  created: 8832988   present: 7456   in FES: 175
** Event #8809984   t=343.553456264372   Elapsed: 278.637s (4m 38s)  68% completed  (34% total)
     Speed:     ev/sec=33609.7   simsec/sec=0.844228   ev/simsec=39811.1
     Messages:  created: 8911416   present: 7533   in FES: 139
** Event #8875520   t=344.818266227511   Elapsed: 280.64s (4m 40s)  68% completed  (34% total)
     Speed:     ev/sec=32714.8   simsec/sec=0.631379   ev/simsec=51814.9
     Messages:  created: 8983848   present: 7559   in FES: 154
** Event #8941056   t=346.52729413222   Elapsed: 282.641s (4m 42s)  69% completed  (34% total)
     Speed:     ev/sec=32750.6   simsec/sec=0.85406   ev/simsec=38346.9
     Messages:  created: 9059480   present: 7611   in FES: 152
** Event #9008384   t=347.89759116629   Elapsed: 284.644s (4m 44s)  69% completed  (34% total)
     Speed:     ev/sec=33609.3   simsec/sec=0.684034   ev/simsec=49133.9
     Messages:  created: 9133860   present: 7656   in FES: 136
** Event #9073152   t=349.430691608723   Elapsed: 286.654s (4m 46s)  69% completed  (34% total)
     Speed:     ev/sec=32224.5   simsec/sec=0.762774   ev/simsec=42246.4
     Messages:  created: 9207790   present: 7734   in FES: 155
** Event #9139456   t=351.002873277118   Elapsed: 288.659s (4m 48s)  70% completed  (35% total)
     Speed:     ev/sec=33065.1   simsec/sec=0.784029   ev/simsec=42173.2
     Messages:  created: 9284040   present: 7800   in FES: 154
** Event #9204992   t=352.533213187305   Elapsed: 290.667s (4m 50s)  70% completed  (35% total)
     Speed:     ev/sec=32647.7   simsec/sec=0.76236   ev/simsec=42824.5
     Messages:  created: 9357672   present: 7875   in FES: 154
** Event #9266944   t=353.772107937124   Elapsed: 292.678s (4m 52s)  70% completed  (35% total)
     Speed:     ev/sec=30804.5   simsec/sec=0.616018   ev/simsec=50005.9
     Messages:  created: 9426944   present: 7913   in FES: 142
** Event #9332736   t=355.511584377426   Elapsed: 294.687s (4m 54s)  71% completed  (35% total)
     Speed:     ev/sec=32749.3   simsec/sec=0.865861   ev/simsec=37822.9
     Messages:  created: 9504776   present: 7927   in FES: 146
** Event #9395456   t=356.546379323552   Elapsed: 296.688s (4m 56s)  71% completed  (35% total)
     Speed:     ev/sec=31342.7   simsec/sec=0.517111   ev/simsec=60611
     Messages:  created: 9576649   present: 8097   in FES: 157
** Event #9456384   t=357.60666928036   Elapsed: 298.7s (4m 58s)  71% completed  (35% total)
     Speed:     ev/sec=30285.8   simsec/sec=0.527043   ev/simsec=57463.5
     Messages:  created: 9642846   present: 8121   in FES: 162
** Event #9517568   t=357.911344900356   Elapsed: 300.702s (5m 00s)  71% completed  (35% total)
     Speed:     ev/sec=30563.2   simsec/sec=0.152194   ev/simsec=200817
     Messages:  created: 9726334   present: 7207   in FES: 161
** Event #9576960   t=358.670159242358   Elapsed: 302.706s (5m 02s)  71% completed  (35% total)
     Speed:     ev/sec=29625.9   simsec/sec=0.378511   ev/simsec=78269.5
     Messages:  created: 9799116   present: 6765   in FES: 153
** Event #9637120   t=358.831345176136   Elapsed: 304.714s (5m 04s)  71% completed  (35% total)
     Speed:     ev/sec=29956.8   simsec/sec=0.0802629   ev/simsec=373234
     Messages:  created: 9881717   present: 5852   in FES: 161
** Event #9697024   t=358.967544835799   Elapsed: 306.719s (5m 06s)  71% completed  (35% total)
     Speed:     ev/sec=29881.1   simsec/sec=0.0679385   ev/simsec=439825
     Messages:  created: 9964311   present: 5826   in FES: 147
** Event #9753600   t=359.095888858882   Elapsed: 308.722s (5m 08s)  71% completed  (35% total)
     Speed:     ev/sec=28252   simsec/sec=0.0640904   ev/simsec=440815
     Messages:  created: 10040387   present: 5800   in FES: 131
** Event #9815808   t=359.239507412599   Elapsed: 310.724s (5m 10s)  71% completed  (35% total)
     Speed:     ev/sec=31070.1   simsec/sec=0.0717309   ev/simsec=433147
     Messages:  created: 10125979   present: 5910   in FES: 180
** Event #9874688   t=359.374820846902   Elapsed: 312.73s (5m 12s)  71% completed  (35% total)
     Speed:     ev/sec=29347.2   simsec/sec=0.0674435   ev/simsec=435138
     Messages:  created: 10207219   present: 5907   in FES: 160
** Event #9932032   t=359.506619282442   Elapsed: 314.732s (5m 14s)  71% completed  (35% total)
     Speed:     ev/sec=28644   simsec/sec=0.0658349   ev/simsec=435089
     Messages:  created: 10286331   present: 5964   in FES: 190
** Event #9985024   t=359.600342547967   Elapsed: 316.74s (5m 16s)  71% completed  (35% total)
     Speed:     ev/sec=26391.5   simsec/sec=0.0466769   ev/simsec=565409
     Messages:  created: 10354574   present: 5086   in FES: 187
** Event #10043648   t=359.73081651071   Elapsed: 318.743s (5m 18s)  71% completed  (35% total)
     Speed:     ev/sec=29271.8   simsec/sec=0.0651475   ev/simsec=449316
     Messages:  created: 10434311   present: 4952   in FES: 171
** Event #10102528   t=359.875738160654   Elapsed: 320.748s (5m 20s)  71% completed  (35% total)
     Speed:     ev/sec=29369.5   simsec/sec=0.0722873   ev/simsec=406289
     Messages:  created: 10514478   present: 4417   in FES: 179
** Event #10164992   t=360.033379980687   Elapsed: 322.748s (5m 22s)  72% completed  (36% total)
     Speed:     ev/sec=31227.5   simsec/sec=0.0788095   ev/simsec=396240
     Messages:  created: 10598464   present: 3784   in FES: 156
** Event #10224128   t=360.589186888337   Elapsed: 324.756s (5m 24s)  72% completed  (36% total)
     Speed:     ev/sec=29450.6   simsec/sec=0.2768   ev/simsec=106397
     Messages:  created: 10666755   present: 3826   in FES: 156
** Event #10283776   t=361.430885803499   Elapsed: 326.761s (5m 26s)  72% completed  (36% total)
     Speed:     ev/sec=29746.1   simsec/sec=0.41975   ev/simsec=70866.2
     Messages:  created: 10741740   present: 3750   in FES: 156
** Event #10339072   t=362.011774202675   Elapsed: 328.768s (5m 28s)  72% completed  (36% total)
     Speed:     ev/sec=27553.6   simsec/sec=0.289452   ev/simsec=95192.1
     Messages:  created: 10806353   present: 3723   in FES: 153
** Event #10400768   t=362.628993973781   Elapsed: 330.771s (5m 30s)  72% completed  (36% total)
     Speed:     ev/sec=30804.3   simsec/sec=0.308173   ev/simsec=99957.9
     Messages:  created: 10879112   present: 3790   in FES: 154
** Event #10461184   t=363.525228560292   Elapsed: 332.779s (5m 32s)  72% completed  (36% total)
     Speed:     ev/sec=30083.2   simsec/sec=0.446267   ev/simsec=67410.9
     Messages:  created: 10955543   present: 3832   in FES: 162
** Event #10518016   t=364.122372614027   Elapsed: 334.786s (5m 34s)  72% completed  (36% total)
     Speed:     ev/sec=28319.7   simsec/sec=0.29756   ev/simsec=95173
     Messages:  created: 11021430   present: 3759   in FES: 175
** Event #10571264   t=364.588957462021   Elapsed: 336.796s (5m 36s)  72% completed  (36% total)
     Speed:     ev/sec=26488   simsec/sec=0.232101   ev/simsec=114123
     Messages:  created: 11081840   present: 3891   in FES: 179
** Event #10631168   t=365.422901457324   Elapsed: 338.805s (5m 38s)  73% completed  (36% total)
     Speed:     ev/sec=29825   simsec/sec=0.415204   ev/simsec=71832.2
     Messages:  created: 11155666   present: 3721   in FES: 182
** Event #10684160   t=365.763589956491   Elapsed: 340.81s (5m 40s)  73% completed  (36% total)
     Speed:     ev/sec=26433.1   simsec/sec=0.16994   ev/simsec=155544
     Messages:  created: 11213991   present: 3742   in FES: 156
** Event #10740480   t=366.532699799762   Elapsed: 342.819s (5m 42s)  73% completed  (36% total)
     Speed:     ev/sec=28020.4   simsec/sec=0.382649   ev/simsec=73227.5
     Messages:  created: 11283997   present: 3713   in FES: 145
** Event #10796032   t=367.147563476489   Elapsed: 344.826s (5m 44s)  73% completed  (36% total)
     Speed:     ev/sec=27688.4   simsec/sec=0.306462   ev/simsec=90348.5
     Messages:  created: 11348478   present: 3728   in FES: 155
** Event #10848512   t=367.62539596748   Elapsed: 346.827s (5m 46s)  73% completed  (36% total)
     Speed:     ev/sec=26223.1   simsec/sec=0.238762   ev/simsec=109829
     Messages:  created: 11407649   present: 3752   in FES: 182
** Event #10907136   t=368.51759227181   Elapsed: 348.845s (5m 48s)  73% completed  (36% total)
     Speed:     ev/sec=29046.6   simsec/sec=0.442059   ev/simsec=65707.5
     Messages:  created: 11481447   present: 3832   in FES: 160
** Event #10960128   t=368.968764847448   Elapsed: 350.851s (5m 50s)  73% completed  (36% total)
     Speed:     ev/sec=26420   simsec/sec=0.224939   ev/simsec=117454
     Messages:  created: 11541067   present: 3695   in FES: 149
** Event #11017728   t=369.317419286701   Elapsed: 352.856s (5m 52s)  73% completed  (36% total)
     Speed:     ev/sec=28725   simsec/sec=0.173873   ev/simsec=165207
     Messages:  created: 11616416   present: 3836   in FES: 158
** Event #11075072   t=369.448267869362   Elapsed: 354.859s (5m 54s)  73% completed  (36% total)
     Speed:     ev/sec=28638   simsec/sec=0.0653467   ev/simsec=438247
     Messages:  created: 11695455   present: 3780   in FES: 128
** Event #11128576   t=369.551098802196   Elapsed: 356.861s (5m 56s)  73% completed  (36% total)
     Speed:     ev/sec=26724.7   simsec/sec=0.051363   ev/simsec=520310
     Messages:  created: 11761540   present: 3874   in FES: 144
** Event #11188736   t=369.767177323952   Elapsed: 358.865s (5m 58s)  73% completed  (36% total)
     Speed:     ev/sec=30022.9   simsec/sec=0.107834   ev/simsec=278417
     Messages:  created: 11838838   present: 3756   in FES: 155
** Event #11249664   t=370.548253481537   Elapsed: 360.869s (6m 00s)  74% completed  (37% total)
     Speed:     ev/sec=30402.7   simsec/sec=0.389752   ev/simsec=78005.2
     Messages:  created: 11912651   present: 3760   in FES: 153
** Event #11305216   t=371.229543939741   Elapsed: 362.876s (6m 02s)  74% completed  (37% total)
     Speed:     ev/sec=27669.2   simsec/sec=0.339335   ev/simsec=81539.4
     Messages:  created: 11979258   present: 3741   in FES: 175
** Event #11361024   t=371.869194623162   Elapsed: 364.881s (6m 04s)  74% completed  (37% total)
     Speed:     ev/sec=27839.8   simsec/sec=0.31909   ev/simsec=87247.6
     Messages:  created: 12045191   present: 3722   in FES: 154
** Event #11420672   t=372.552962380834   Elapsed: 366.883s (6m 06s)  74% completed  (37% total)
     Speed:     ev/sec=29792.6   simsec/sec=0.341523   ev/simsec=87234.3
     Messages:  created: 12115922   present: 3821   in FES: 151
** Event #11480320   t=373.264838315738   Elapsed: 368.885s (6m 08s)  74% completed  (37% total)
     Speed:     ev/sec=29795.7   simsec/sec=0.355601   ev/simsec=83789.9
     Messages:  created: 12186116   present: 3734   in FES: 156
** Event #11537920   t=373.984637541151   Elapsed: 370.886s (6m 10s)  74% completed  (37% total)
     Speed:     ev/sec=28777.9   simsec/sec=0.359624   ev/simsec=80022.3
     Messages:  created: 12256402   present: 3841   in FES: 155
** Event #11599872   t=374.119580859874   Elapsed: 372.887s (6m 12s)  74% completed  (37% total)
     Speed:     ev/sec=30961.3   simsec/sec=0.0674396   ev/simsec=459096
     Messages:  created: 12339183   present: 3845   in FES: 147
** Event #11660800   t=374.256032268828   Elapsed: 374.889s (6m 14s)  74% completed  (37% total)
     Speed:     ev/sec=30432.8   simsec/sec=0.0681557   ev/simsec=446518
     Messages:  created: 12423186   present: 3846   in FES: 143
** Event #11722752   t=374.398799351426   Elapsed: 376.897s (6m 16s)  74% completed  (37% total)
     Speed:     ev/sec=30867.2   simsec/sec=0.0711329   ev/simsec=433938
     Messages:  created: 12508667   present: 3903   in FES: 157
** Event #11783680   t=374.53272227118   Elapsed: 378.907s (6m 18s)  74% completed  (37% total)
     Speed:     ev/sec=30312.1   simsec/sec=0.0666277   ev/simsec=454948
     Messages:  created: 12589855   present: 3909   in FES: 160
** Event #11837952   t=374.631402659022   Elapsed: 380.907s (6m 20s)  74% completed  (37% total)
     Speed:     ev/sec=27127.1   simsec/sec=0.049324   ev/simsec=549978
     Messages:  created: 12656708   present: 3946   in FES: 165
** Event #11899648   t=374.781317045388   Elapsed: 382.91s (6m 22s)  74% completed  (37% total)
     Speed:     ev/sec=30800.3   simsec/sec=0.0748413   ev/simsec=411542
     Messages:  created: 12739681   present: 3708   in FES: 135
** Event #11957504   t=375.054868259525   Elapsed: 384.913s (6m 24s)  75% completed  (37% total)
     Speed:     ev/sec=28884.1   simsec/sec=0.136568   ev/simsec=211500
     Messages:  created: 12817217   present: 3744   in FES: 157
** Event #12020224   t=375.202247162305   Elapsed: 386.917s (6m 26s)  75% completed  (37% total)
     Speed:     ev/sec=31296.9   simsec/sec=0.0735412   ev/simsec=425570
     Messages:  created: 12902256   present: 3691   in FES: 128
** Event #12078592   t=375.338734586326   Elapsed: 388.918s (6m 28s)  75% completed  (37% total)
     Speed:     ev/sec=29180.9   simsec/sec=0.0682364   ev/simsec=427644
     Messages:  created: 12982345   present: 3790   in FES: 150
** Event #12134400   t=375.475360870388   Elapsed: 390.919s (6m 30s)  75% completed  (37% total)
     Speed:     ev/sec=27884.3   simsec/sec=0.0682649   ev/simsec=408472
     Messages:  created: 13058885   present: 3782   in FES: 157
** Event #12189184   t=375.574919951487   Elapsed: 392.925s (6m 32s)  75% completed  (37% total)
     Speed:     ev/sec=27308.8   simsec/sec=0.0496284   ev/simsec=550266
     Messages:  created: 13122722   present: 3830   in FES: 155
** Event #12246272   t=375.703756420626   Elapsed: 394.932s (6m 34s)  75% completed  (37% total)
     Speed:     ev/sec=28449.2   simsec/sec=0.0642042   ev/simsec=443104
     Messages:  created: 13199169   present: 3760   in FES: 158
** Event #12302336   t=375.834174714547   Elapsed: 396.939s (6m 36s)  75% completed  (37% total)
     Speed:     ev/sec=27936.5   simsec/sec=0.0649869   ev/simsec=429878
     Messages:  created: 13276081   present: 3509   in FES: 173
** Event #12360448   t=375.9668689004   Elapsed: 398.941s (6m 38s)  75% completed  (37% total)
     Speed:     ev/sec=29017.8   simsec/sec=0.0662599   ev/simsec=437939
     Messages:  created: 13355863   present: 3324   in FES: 169
** Event #12417280   t=376.094054487038   Elapsed: 400.945s (6m 40s)  75% completed  (37% total)
     Speed:     ev/sec=28365.3   simsec/sec=0.0634792   ev/simsec=446843
     Messages:  created: 13431743   present: 3304   in FES: 170
** Event #12476928   t=376.22916501598   Elapsed: 402.949s (6m 42s)  75% completed  (37% total)
     Speed:     ev/sec=29763.3   simsec/sec=0.0674178   ev/simsec=441476
     Messages:  created: 13513390   present: 3356   in FES: 178
** Event #12536832   t=376.368430540063   Elapsed: 404.949s (6m 44s)  75% completed  (37% total)
     Speed:     ev/sec=29946.4   simsec/sec=0.0696197   ev/simsec=430142
     Messages:  created: 13595646   present: 3314   in FES: 170
** Event #12594688   t=376.50365260356   Elapsed: 406.952s (6m 46s)  75% completed  (37% total)
     Speed:     ev/sec=28883.4   simsec/sec=0.0675069   ev/simsec=427859
     Messages:  created: 13675127   present: 3323   in FES: 171
** Event #12647424   t=376.603018209172   Elapsed: 408.958s (6m 48s)  75% completed  (37% total)
     Speed:     ev/sec=26292.2   simsec/sec=0.0495399   ev/simsec=530727
     Messages:  created: 13738652   present: 3346   in FES: 162
** Event #12705536   t=376.737141778622   Elapsed: 410.97s (6m 50s)  75% completed  (37% total)
     Speed:     ev/sec=28882   simsec/sec=0.0666601   ev/simsec=433272
     Messages:  created: 13817846   present: 3356   in FES: 198
** Event #12763136   t=376.868828931281   Elapsed: 412.976s (6m 52s)  75% completed  (37% total)
     Speed:     ev/sec=28718.5   simsec/sec=0.0656572   ev/simsec=437400
     Messages:  created: 13896733   present: 3364   in FES: 179
** Event #12820992   t=377.002199163378   Elapsed: 414.978s (6m 54s)  75% completed  (37% total)
     Speed:     ev/sec=28899.4   simsec/sec=0.0666192   ev/simsec=433800
     Messages:  created: 13976064   present: 3354   in FES: 165
** Event #12879360   t=377.13617977945   Elapsed: 416.983s (6m 56s)  75% completed  (37% total)
     Speed:     ev/sec=29112.4   simsec/sec=0.0668258   ev/simsec=435645
     Messages:  created: 14053548   present: 3364   in FES: 170
** Event #12937728   t=377.271883150615   Elapsed: 418.985s (6m 58s)  75% completed  (37% total)
     Speed:     ev/sec=29145.2   simsec/sec=0.0677615   ev/simsec=430115
     Messages:  created: 14133693   present: 3370   in FES: 170
** Event #12994816   t=377.399631553585   Elapsed: 420.991s (7m 00s)  75% completed  (37% total)
     Speed:     ev/sec=28468.6   simsec/sec=0.0637055   ev/simsec=446878
     Messages:  created: 14211935   present: 3354   in FES: 170
** Event #13053952   t=377.529388893501   Elapsed: 423.011s (7m 03s)  75% completed  (37% total)
     Speed:     ev/sec=29278.4   simsec/sec=0.0642431   ev/simsec=455743
     Messages:  created: 14289966   present: 3406   in FES: 177
** Event #13110016   t=377.647324385117   Elapsed: 425.019s (7m 05s)  75% completed  (37% total)
     Speed:     ev/sec=27920.1   simsec/sec=0.0587323   ev/simsec=475379
     Messages:  created: 14362480   present: 3484   in FES: 200
** Event #13172224   t=377.79316397668   Elapsed: 427.02s (7m 07s)  75% completed  (37% total)
     Speed:     ev/sec=31088.7   simsec/sec=0.072884   ev/simsec=426551
     Messages:  created: 14447793   present: 3378   in FES: 159
** Event #13228800   t=377.927117606247   Elapsed: 429.023s (7m 09s)  75% completed  (37% total)
     Speed:     ev/sec=28241.8   simsec/sec=0.0668674   ev/simsec=422355
     Messages:  created: 14525434   present: 3366   in FES: 171
** Event #13284608   t=378.054802582666   Elapsed: 431.035s (7m 11s)  75% completed  (37% total)
     Speed:     ev/sec=27740.4   simsec/sec=0.0634682   ev/simsec=437076
     Messages:  created: 14600443   present: 3358   in FES: 171
** Event #13343232   t=378.190725436516   Elapsed: 433.039s (7m 13s)  75% completed  (37% total)
     Speed:     ev/sec=29246.2   simsec/sec=0.0678089   ev/simsec=431303
     Messages:  created: 14679893   present: 3360   in FES: 146
** Event #13403392   t=378.330809150999   Elapsed: 435.042s (7m 15s)  75% completed  (37% total)
     Speed:     ev/sec=30034.8   simsec/sec=0.0699367   ev/simsec=429457
     Messages:  created: 14762445   present: 3390   in FES: 170
** Event #13464064   t=378.470614926871   Elapsed: 437.047s (7m 17s)  75% completed  (37% total)
     Speed:     ev/sec=30255.2   simsec/sec=0.0697166   ev/simsec=433973
     Messages:  created: 14845712   present: 3415   in FES: 170
** Event #13521408   t=378.592798742147   Elapsed: 439.051s (7m 19s)  75% completed  (37% total)
     Speed:     ev/sec=28625.2   simsec/sec=0.0609922   ev/simsec=469326
     Messages:  created: 14918972   present: 3421   in FES: 169
** Event #13577984   t=378.723723159626   Elapsed: 441.052s (7m 21s)  75% completed  (37% total)
     Speed:     ev/sec=28263.6   simsec/sec=0.0654057   ev/simsec=432127
     Messages:  created: 14992864   present: 3389   in FES: 150
** Event #13636352   t=378.859561557405   Elapsed: 443.06s (7m 23s)  75% completed  (37% total)
     Speed:     ev/sec=29073.4   simsec/sec=0.0676619   ev/simsec=429687
     Messages:  created: 15072974   present: 3457   in FES: 198
** Event #13697024   t=379.004013332277   Elapsed: 445.064s (7m 25s)  75% completed  (37% total)
     Speed:     ev/sec=30275.4   simsec/sec=0.0720816   ev/simsec=420016
     Messages:  created: 15156104   present: 3451   in FES: 189
** Event #13756160   t=379.14132981482   Elapsed: 447.066s (7m 27s)  75% completed  (37% total)
     Speed:     ev/sec=29532.8   simsec/sec=0.0685766   ev/simsec=430655
     Messages:  created: 15234789   present: 3450   in FES: 170
** Event #13811968   t=379.285849644346   Elapsed: 449.07s (7m 29s)  75% completed  (37% total)
     Speed:     ev/sec=27856   simsec/sec=0.0721355   ev/simsec=386162
     Messages:  created: 15311309   present: 3437   in FES: 155
** Event #13865984   t=379.443260901736   Elapsed: 451.073s (7m 31s)  75% completed  (37% total)
     Speed:     ev/sec=26959.7   simsec/sec=0.0785648   ev/simsec=343152
     Messages:  created: 15385389   present: 3481   in FES: 180
** Event #13920768   t=379.563375071287   Elapsed: 453.08s (7m 33s)  75% completed  (37% total)
     Speed:     ev/sec=27301.5   simsec/sec=0.0598586   ev/simsec=456099
     Messages:  created: 15447963   present: 3507   in FES: 169
** Event #13982464   t=379.71509089504   Elapsed: 455.082s (7m 35s)  75% completed  (37% total)
     Speed:     ev/sec=30812.4   simsec/sec=0.0757704   ev/simsec=406655
     Messages:  created: 15532596   present: 3435   in FES: 171
** Event #14042880   t=379.8929500003   Elapsed: 457.085s (7m 37s)  75% completed  (37% total)
     Speed:     ev/sec=30168.7   simsec/sec=0.0888137   ev/simsec=339685
     Messages:  created: 15615439   present: 3470   in FES: 171
** Event #14103296   t=380.064171899714   Elapsed: 459.09s (7m 39s)  76% completed  (38% total)
     Speed:     ev/sec=30133.9   simsec/sec=0.0854011   ev/simsec=352852
     Messages:  created: 15696073   present: 3466   in FES: 147
** Event #14162176   t=380.231649529505   Elapsed: 461.09s (7m 41s)  76% completed  (38% total)
     Speed:     ev/sec=29435.1   simsec/sec=0.083725   ev/simsec=351569
     Messages:  created: 15776061   present: 3467   in FES: 189
** Event #14220544   t=380.412638190662   Elapsed: 463.094s (7m 43s)  76% completed  (38% total)
     Speed:     ev/sec=29126.6   simsec/sec=0.0903164   ev/simsec=322495
     Messages:  created: 15856050   present: 3522   in FES: 159
** Event #14276352   t=380.565378806755   Elapsed: 465.102s (7m 45s)  76% completed  (38% total)
     Speed:     ev/sec=27796.8   simsec/sec=0.076077   ev/simsec=365378
     Messages:  created: 15929393   present: 3570   in FES: 187
** Event #14335744   t=380.691854857549   Elapsed: 467.117s (7m 47s)  76% completed  (38% total)
     Speed:     ev/sec=29479.8   simsec/sec=0.0627776   ev/simsec=469591
     Messages:  created: 16004790   present: 3517   in FES: 149
** Event #14394624   t=380.880414594858   Elapsed: 469.126s (7m 49s)  76% completed  (38% total)
     Speed:     ev/sec=29305.2   simsec/sec=0.0938482   ev/simsec=312262
     Messages:  created: 16085480   present: 3560   in FES: 170
** Event #14452736   t=381.045052322704   Elapsed: 471.129s (7m 51s)  76% completed  (38% total)
     Speed:     ev/sec=29012.7   simsec/sec=0.0821963   ev/simsec=352969
     Messages:  created: 16163423   present: 3575   in FES: 160
** Event #14515968   t=381.215745581956   Elapsed: 473.138s (7m 53s)  76% completed  (38% total)
     Speed:     ev/sec=31475.7   simsec/sec=0.084968   ev/simsec=370442
     Messages:  created: 16249018   present: 3591   in FES: 198
** Event #14576896   t=381.412851650702   Elapsed: 475.139s (7m 55s)  76% completed  (38% total)
     Speed:     ev/sec=30444.3   simsec/sec=0.0984892   ev/simsec=309113
     Messages:  created: 16332466   present: 3618   in FES: 181
** Event #14632192   t=381.556807164988   Elapsed: 477.143s (7m 57s)  76% completed  (38% total)
     Speed:     ev/sec=27593.1   simsec/sec=0.0718348   ev/simsec=384119
     Messages:  created: 16399862   present: 3581   in FES: 170
** Event #14686208   t=381.685871011275   Elapsed: 479.145s (7m 59s)  76% completed  (38% total)
     Speed:     ev/sec=26978.4   simsec/sec=0.0644611   ev/simsec=418522
     Messages:  created: 16473982   present: 3638   in FES: 198
** Event #14744832   t=381.867698362898   Elapsed: 481.151s (8m 01s)  76% completed  (38% total)
     Speed:     ev/sec=29226.8   simsec/sec=0.0906494   ev/simsec=322416
     Messages:  created: 16554269   present: 3598   in FES: 189
** Event #14806272   t=382.044131281058   Elapsed: 483.158s (8m 03s)  76% completed  (38% total)
     Speed:     ev/sec=30611.5   simsec/sec=0.087905   ev/simsec=348234
     Messages:  created: 16636927   present: 3667   in FES: 179
** Event #14862336   t=382.1964288357   Elapsed: 485.166s (8m 05s)  76% completed  (38% total)
     Speed:     ev/sec=27920.6   simsec/sec=0.0758462   ev/simsec=368121
     Messages:  created: 16712772   present: 3645   in FES: 169
** Event #14918912   t=382.379366795646   Elapsed: 487.168s (8m 07s)  76% completed  (38% total)
     Speed:     ev/sec=28266.1   simsec/sec=0.0913982   ev/simsec=309263
     Messages:  created: 16790270   present: 3667   in FES: 169
** Event #14977536   t=382.539093649594   Elapsed: 489.185s (8m 09s)  76% completed  (38% total)
     Speed:     ev/sec=29065.9   simsec/sec=0.0791929   ev/simsec=367027
     Messages:  created: 16865883   present: 3667   in FES: 168
** Event #15034624   t=382.656975528376   Elapsed: 491.186s (8m 11s)  76% completed  (38% total)
     Speed:     ev/sec=28518.5   simsec/sec=0.0588883   ev/simsec=484281
     Messages:  created: 16936458   present: 3711   in FES: 169
** Event #15093248   t=382.810852064363   Elapsed: 493.189s (8m 13s)  76% completed  (38% total)
     Speed:     ev/sec=29273.2   simsec/sec=0.0768365   ev/simsec=380981
     Messages:  created: 17016841   present: 3685   in FES: 197
** Event #15151104   t=382.99054720307   Elapsed: 495.189s (8m 15s)  76% completed  (38% total)
     Speed:     ev/sec=28920.9   simsec/sec=0.0898255   ev/simsec=321968
     Messages:  created: 17096082   present: 3670   in FES: 184
** Event #15212032   t=383.159684606179   Elapsed: 497.192s (8m 17s)  76% completed  (38% total)
     Speed:     ev/sec=30429.7   simsec/sec=0.0844736   ev/simsec=360228
     Messages:  created: 17176588   present: 3631   in FES: 170
** Event #15272960   t=383.331675558538   Elapsed: 499.195s (8m 19s)  76% completed  (38% total)
     Speed:     ev/sec=30406.1   simsec/sec=0.085832   ev/simsec=354251
     Messages:  created: 17260095   present: 3715   in FES: 165
** Event #15332096   t=383.516912856493   Elapsed: 501.196s (8m 21s)  76% completed  (38% total)
     Speed:     ev/sec=29555.7   simsec/sec=0.0925802   ev/simsec=319245
     Messages:  created: 17339153   present: 3732   in FES: 170
** Event #15380736   t=383.605269498394   Elapsed: 503.203s (8m 23s)  76% completed  (38% total)
     Speed:     ev/sec=24236.9   simsec/sec=0.0440274   ev/simsec=550496
     Messages:  created: 17395654   present: 3840   in FES: 200
** Event #15435264   t=383.735371751046   Elapsed: 505.211s (8m 25s)  76% completed  (38% total)
     Speed:     ev/sec=27163.9   simsec/sec=0.0648123   ev/simsec=419116
     Messages:  created: 17469597   present: 2736   in FES: 146
** Event #15493888   t=383.908455967959   Elapsed: 507.216s (8m 27s)  76% completed  (38% total)
     Speed:     ev/sec=29232.5   simsec/sec=0.0863074   ev/simsec=338702
     Messages:  created: 17549880   present: 2106   in FES: 142
** Event #15550720   t=384.06562221731   Elapsed: 509.22s (8m 29s)  76% completed  (38% total)
     Speed:     ev/sec=28363.8   simsec/sec=0.0784389   ev/simsec=361604
     Messages:  created: 17625734   present: 2160   in FES: 147
** Event #15608064   t=384.231614117872   Elapsed: 511.223s (8m 31s)  76% completed  (38% total)
     Speed:     ev/sec=28626   simsec/sec=0.0828629   ev/simsec=345463
     Messages:  created: 17703566   present: 2117   in FES: 156
** Event #15668480   t=384.420066799128   Elapsed: 513.226s (8m 33s)  76% completed  (38% total)
     Speed:     ev/sec=30156.9   simsec/sec=0.0940669   ev/simsec=320590
     Messages:  created: 17786378   present: 2182   in FES: 155
** Event #15719680   t=384.545734652083   Elapsed: 515.247s (8m 35s)  76% completed  (38% total)
     Speed:     ev/sec=25336.6   simsec/sec=0.0621875   ev/simsec=407423
     Messages:  created: 17848072   present: 2205   in FES: 155
** Event #15772416   t=384.636903816547   Elapsed: 517.249s (8m 37s)  76% completed  (38% total)
     Speed:     ev/sec=26339.2   simsec/sec=0.0455348   ev/simsec=578441
     Messages:  created: 17905492   present: 2235   in FES: 171
** Event #15834624   t=384.779792813503   Elapsed: 519.258s (8m 39s)  76% completed  (38% total)
     Speed:     ev/sec=30976   simsec/sec=0.0711506   ev/simsec=435359
     Messages:  created: 17990729   present: 2172   in FES: 153
** Event #15888640   t=384.927699006193   Elapsed: 521.266s (8m 41s)  76% completed  (38% total)
     Speed:     ev/sec=26893.4   simsec/sec=0.0736394   ev/simsec=365204
     Messages:  created: 18064744   present: 2169   in FES: 157
** Event #15943424   t=385.080649507374   Elapsed: 523.271s (8m 43s)  77% completed  (38% total)
     Speed:     ev/sec=27323.5   simsec/sec=0.076284   ev/simsec=358181
     Messages:  created: 18137600   present: 2251   in FES: 155
** Event #16003072   t=385.266285136302   Elapsed: 525.277s (8m 45s)  77% completed  (38% total)
     Speed:     ev/sec=29736.4   simsec/sec=0.0925453   ev/simsec=321318
     Messages:  created: 18218561   present: 2193   in FES: 157
** Event #16065280   t=385.441534028306   Elapsed: 527.284s (8m 47s)  77% completed  (38% total)
     Speed:     ev/sec=31002.1   simsec/sec=0.0873375   ev/simsec=354969
     Messages:  created: 18303824   present: 2231   in FES: 140
** Event #16116224   t=385.568653410071   Elapsed: 529.289s (8m 49s)  77% completed  (38% total)
     Speed:     ev/sec=25399.5   simsec/sec=0.0633789   ev/simsec=400757
     Messages:  created: 18364802   present: 2264   in FES: 157
** Event #16177152   t=385.703627094152   Elapsed: 531.291s (8m 51s)  77% completed  (38% total)
     Speed:     ev/sec=30443.7   simsec/sec=0.0674419   ev/simsec=451407
     Messages:  created: 18445504   present: 2278   in FES: 156
** Event #16233216   t=385.873953079724   Elapsed: 533.291s (8m 53s)  77% completed  (38% total)
     Speed:     ev/sec=28024.9   simsec/sec=0.0851414   ev/simsec=329157
     Messages:  created: 18522319   present: 2267   in FES: 156
** Event #16290560   t=386.040768456002   Elapsed: 535.301s (8m 55s)  77% completed  (38% total)
     Speed:     ev/sec=28527.3   simsec/sec=0.0829867   ev/simsec=343757
     Messages:  created: 18599261   present: 2279   in FES: 156
** Event #16351488   t=386.201316545052   Elapsed: 537.302s (8m 57s)  77% completed  (38% total)
     Speed:     ev/sec=30453.6   simsec/sec=0.0802466   ev/simsec=379500
     Messages:  created: 18681300   present: 2282   in FES: 156
** Event #16407040   t=386.381757743791   Elapsed: 539.303s (8m 59s)  77% completed  (38% total)
     Speed:     ev/sec=27764.4   simsec/sec=0.0901828   ev/simsec=307868
     Messages:  created: 18757403   present: 2346   in FES: 168
** Event #16465408   t=386.538399786999   Elapsed: 541.306s (9m 01s)  77% completed  (38% total)
     Speed:     ev/sec=29134.1   simsec/sec=0.078187   ev/simsec=372620
     Messages:  created: 18831309   present: 2510   in FES: 186
** Event #16518400   t=386.646741212253   Elapsed: 543.308s (9m 03s)  77% completed  (38% total)
     Speed:     ev/sec=26469.5   simsec/sec=0.0541166   ev/simsec=489120
     Messages:  created: 18895298   present: 2377   in FES: 180
** Event #16578048   t=386.793635444061   Elapsed: 545.309s (9m 05s)  77% completed  (38% total)
     Speed:     ev/sec=29812.6   simsec/sec=0.0734189   ev/simsec=406061
     Messages:  created: 18977070   present: 2363   in FES: 156
** Event #16636928   t=386.963028900109   Elapsed: 547.31s (9m 07s)  77% completed  (38% total)
     Speed:     ev/sec=29424.6   simsec/sec=0.0846524   ev/simsec=347593
     Messages:  created: 19057720   present: 2331   in FES: 156
** Event #16692736   t=387.128306313218   Elapsed: 549.311s (9m 09s)  77% completed  (38% total)
     Speed:     ev/sec=27890.2   simsec/sec=0.0825979   ev/simsec=337663
     Messages:  created: 19131421   present: 2394   in FES: 156
** Event #16747520   t=387.291713036976   Elapsed: 551.316s (9m 11s)  77% completed  (38% total)
     Speed:     ev/sec=27318.1   simsec/sec=0.081483   ev/simsec=335262
     Messages:  created: 19206509   present: 2373   in FES: 156
** Event #16804096   t=387.452076652777   Elapsed: 553.324s (9m 13s)  77% completed  (38% total)
     Speed:     ev/sec=28183.9   simsec/sec=0.0798868   ev/simsec=352798
     Messages:  created: 19284014   present: 2418   in FES: 158
** Event #16859392   t=387.594873122471   Elapsed: 555.324s (9m 15s)  77% completed  (38% total)
     Speed:     ev/sec=27647.9   simsec/sec=0.0713981   ev/simsec=387236
     Messages:  created: 19353986   present: 2447   in FES: 155
** Event #16915712   t=387.743897835511   Elapsed: 557.329s (9m 17s)  77% completed  (38% total)
     Speed:     ev/sec=28092   simsec/sec=0.0743325   ev/simsec=377924
     Messages:  created: 19428711   present: 2363   in FES: 154
** Event #16975616   t=387.92648861211   Elapsed: 559.337s (9m 19s)  77% completed  (38% total)
     Speed:     ev/sec=29823   simsec/sec=0.0909023   ev/simsec=328078
     Messages:  created: 19510828   present: 2458   in FES: 175
** Event #17033984   t=388.085300892542   Elapsed: 561.345s (9m 21s)  77% completed  (38% total)
     Speed:     ev/sec=29066.9   simsec/sec=0.0790876   ev/simsec=367528
     Messages:  created: 19588079   present: 2409   in FES: 157
** Event #17092352   t=388.271452348847   Elapsed: 563.347s (9m 23s)  77% completed  (38% total)
     Speed:     ev/sec=29155.1   simsec/sec=0.0929835   ev/simsec=313551
     Messages:  created: 19667572   present: 2438   in FES: 156
** Event #17148416   t=388.434788154466   Elapsed: 565.357s (9m 25s)  77% completed  (38% total)
     Speed:     ev/sec=27901.1   simsec/sec=0.0812865   ev/simsec=343244
     Messages:  created: 19744464   present: 2468   in FES: 185
** Event #17201152   t=388.557808599709   Elapsed: 567.367s (9m 27s)  77% completed  (38% total)
     Speed:     ev/sec=26230.1   simsec/sec=0.0611886   ev/simsec=428677
     Messages:  created: 19806480   present: 2483   in FES: 156
** Event #17259520   t=388.676228661605   Elapsed: 569.368s (9m 29s)  77% completed  (38% total)
     Speed:     ev/sec=29174.6   simsec/sec=0.059191   ev/simsec=492889
     Messages:  created: 19877430   present: 2436   in FES: 157
** Event #17322752   t=388.825455764995   Elapsed: 571.37s (9m 31s)  77% completed  (38% total)
     Speed:     ev/sec=31576   simsec/sec=0.0745192   ev/simsec=423730
     Messages:  created: 19964136   present: 2525   in FES: 185
** Event #17381120   t=389.016320859618   Elapsed: 573.374s (9m 33s)  77% completed  (38% total)
     Speed:     ev/sec=29125.8   simsec/sec=0.0952423   ev/simsec=305808
     Messages:  created: 20043307   present: 2467   in FES: 146
** Event #17435392   t=389.159908995242   Elapsed: 575.391s (9m 35s)  77% completed  (38% total)
     Speed:     ev/sec=26912.3   simsec/sec=0.0712021   ev/simsec=377970
     Messages:  created: 20115386   present: 2504   in FES: 185
** Event #17492992   t=389.324775632678   Elapsed: 577.393s (9m 37s)  77% completed  (38% total)
     Speed:     ev/sec=28773.4   simsec/sec=0.0823572   ev/simsec=349373
     Messages:  created: 20194278   present: 2561   in FES: 161
** Event #17552384   t=389.512357957754   Elapsed: 579.404s (9m 39s)  77% completed  (38% total)
     Speed:     ev/sec=29528.7   simsec/sec=0.0932627   ev/simsec=316618
     Messages:  created: 20274353   present: 2535   in FES: 156
** Event #17611008   t=389.623696761563   Elapsed: 581.417s (9m 41s)  77% completed  (38% total)
     Speed:     ev/sec=29118.9   simsec/sec=0.0553026   ev/simsec=526537
     Messages:  created: 20339486   present: 2519   in FES: 150
** Event #17681664   t=389.791184541377   Elapsed: 583.42s (9m 43s)  77% completed  (38% total)
     Speed:     ev/sec=35276.6   simsec/sec=0.0836221   ev/simsec=421858
     Messages:  created: 20436347   present: 2585   in FES: 175
** Event #17740544   t=389.960103821015   Elapsed: 585.424s (9m 45s)  77% completed  (38% total)
     Speed:     ev/sec=29379.6   simsec/sec=0.0842864   ev/simsec=348569
     Messages:  created: 20516994   present: 2601   in FES: 162
** Event #17802496   t=390.14062752657   Elapsed: 587.432s (9m 47s)  78% completed  (39% total)
     Speed:     ev/sec=30864.8   simsec/sec=0.0899378   ev/simsec=343179
     Messages:  created: 20598782   present: 2582   in FES: 156
** Event #17867776   t=390.328121078473   Elapsed: 589.436s (9m 49s)  78% completed  (39% total)
     Speed:     ev/sec=32561.7   simsec/sec=0.0935219   ev/simsec=348172
     Messages:  created: 20688231   present: 2586   in FES: 157
** Event #17933312   t=390.530851216296   Elapsed: 591.447s (9m 51s)  78% completed  (39% total)
     Speed:     ev/sec=32594.5   simsec/sec=0.100829   ev/simsec=323267
     Messages:  created: 20776270   present: 2674   in FES: 158
** Event #17991168   t=390.641033794719   Elapsed: 593.45s (9m 53s)  78% completed  (39% total)
     Speed:     ev/sec=28884.5   simsec/sec=0.0550084   ev/simsec=525092
     Messages:  created: 20841727   present: 2586   in FES: 152
** Event #18052608   t=390.789424908838   Elapsed: 595.454s (9m 55s)  78% completed  (39% total)
     Speed:     ev/sec=30655.8   simsec/sec=0.0740405   ev/simsec=414041
     Messages:  created: 20925911   present: 2579   in FES: 126
** Event #18121728   t=390.990018328096   Elapsed: 597.457s (9m 57s)  78% completed  (39% total)
     Speed:     ev/sec=34510.5   simsec/sec=0.100153   ev/simsec=344578
     Messages:  created: 21020684   present: 2649   in FES: 155
** Event #18184704   t=391.168832430954   Elapsed: 599.47s (9m 59s)  78% completed  (39% total)
     Speed:     ev/sec=31284.2   simsec/sec=0.0888284   ev/simsec=352187
     Messages:  created: 21103821   present: 2600   in FES: 147
** Event #18252800   t=391.378152967706   Elapsed: 601.474s (10m 01s)  78% completed  (39% total)
     Speed:     ev/sec=33985.8   simsec/sec=0.104469   ev/simsec=325319
     Messages:  created: 21197180   present: 2687   in FES: 185
** Event #18314752   t=391.547976086276   Elapsed: 603.478s (10m 03s)  78% completed  (39% total)
     Speed:     ev/sec=30914.2   simsec/sec=0.0847421   ev/simsec=364803
     Messages:  created: 21278107   present: 2753   in FES: 158
** Event #18367488   t=391.644396576601   Elapsed: 605.484s (10m 05s)  78% completed  (39% total)
     Speed:     ev/sec=26282.1   simsec/sec=0.0480533   ev/simsec=546938
     Messages:  created: 21337260   present: 2725   in FES: 155
** Event #18432256   t=391.805341010824   Elapsed: 607.488s (10m 07s)  78% completed  (39% total)
     Speed:     ev/sec=32322.2   simsec/sec=0.0803187   ev/simsec=402425
     Messages:  created: 21426051   present: 2726   in FES: 185
** Event #18494976   t=391.994557128384   Elapsed: 609.489s (10m 09s)  78% completed  (39% total)
     Speed:     ev/sec=31347.8   simsec/sec=0.0945712   ev/simsec=331473
     Messages:  created: 21511921   present: 2648   in FES: 138
** Event #18557696   t=392.168760875121   Elapsed: 611.501s (10m 11s)  78% completed  (39% total)
     Speed:     ev/sec=31173.6   simsec/sec=0.086584   ev/simsec=360038
     Messages:  created: 21594716   present: 2729   in FES: 166
** Event #18619648   t=392.346009279285   Elapsed: 613.507s (10m 13s)  78% completed  (39% total)
     Speed:     ev/sec=30883.3   simsec/sec=0.0883589   ev/simsec=349521
     Messages:  created: 21679567   present: 2688   in FES: 155
** Event #18677760   t=392.520860208   Elapsed: 615.513s (10m 15s)  78% completed  (39% total)
     Speed:     ev/sec=28966.7   simsec/sec=0.0871567   ev/simsec=332352
     Messages:  created: 21755234   present: 3035   in FES: 247
** Event #18731520   t=392.616105007076   Elapsed: 617.516s (10m 17s)  78% completed  (39% total)
     Speed:     ev/sec=26847.3   simsec/sec=0.0475645   ev/simsec=564440
     Messages:  created: 21813968   present: 2752   in FES: 141
** Event #18788608   t=392.75237936078   Elapsed: 619.52s (10m 19s)  78% completed  (39% total)
     Speed:     ev/sec=28473.9   simsec/sec=0.0679698   ev/simsec=418920
     Messages:  created: 21892060   present: 2682   in FES: 156
** Event #18848512   t=392.927770582146   Elapsed: 621.523s (10m 21s)  78% completed  (39% total)
     Speed:     ev/sec=29913.4   simsec/sec=0.0875825   ev/simsec=341545
     Messages:  created: 21974121   present: 2694   in FES: 149
** Event #18908416   t=393.085365647904   Elapsed: 623.532s (10m 23s)  78% completed  (39% total)
     Speed:     ev/sec=29817.8   simsec/sec=0.0784444   ev/simsec=380113
     Messages:  created: 22053449   present: 2794   in FES: 155
** Event #18973184   t=393.289295842495   Elapsed: 625.538s (10m 25s)  78% completed  (39% total)
     Speed:     ev/sec=32289.5   simsec/sec=0.101668   ev/simsec=317599
     Messages:  created: 22141533   present: 2758   in FES: 135
** Event #19032320   t=393.457507668649   Elapsed: 627.538s (10m 27s)  78% completed  (39% total)
     Speed:     ev/sec=29561.7   simsec/sec=0.084088   ev/simsec=351557
     Messages:  created: 22222605   present: 2803   in FES: 175
** Event #19090176   t=393.574121621433   Elapsed: 629.544s (10m 29s)  78% completed  (39% total)
     Speed:     ev/sec=28847   simsec/sec=0.0581436   ev/simsec=496133
     Messages:  created: 22283381   present: 2772   in FES: 130
** Event #19149568   t=393.691935270889   Elapsed: 631.551s (10m 31s)  78% completed  (39% total)
     Speed:     ev/sec=29599.2   simsec/sec=0.0587149   ev/simsec=504118
     Messages:  created: 22354921   present: 2765   in FES: 128
** Event #19210752   t=393.832919920736   Elapsed: 633.555s (10m 33s)  78% completed  (39% total)
     Speed:     ev/sec=30519.9   simsec/sec=0.0703262   ev/simsec=433976
     Messages:  created: 22438800   present: 2770   in FES: 147
** Event #19270400   t=393.996984716237   Elapsed: 635.561s (10m 35s)  78% completed  (39% total)
     Speed:     ev/sec=29739.2   simsec/sec=0.0817993   ev/simsec=363564
     Messages:  created: 22520561   present: 2843   in FES: 154
** Event #19329280   t=394.161249466216   Elapsed: 637.567s (10m 37s)  78% completed  (39% total)
     Speed:     ev/sec=29344.8   simsec/sec=0.0818669   ev/simsec=358446
     Messages:  created: 22597758   present: 2803   in FES: 133
** Event #19389440   t=394.330648726116   Elapsed: 639.574s (10m 39s)  78% completed  (39% total)
     Speed:     ev/sec=29986.8   simsec/sec=0.0844372   ev/simsec=355137
     Messages:  created: 22680229   present: 2855   in FES: 155
** Event #19449088   t=394.514347748002   Elapsed: 641.575s (10m 41s)  78% completed  (39% total)
     Speed:     ev/sec=29802.8   simsec/sec=0.0917843   ev/simsec=324705
     Messages:  created: 22759568   present: 2957   in FES: 170
** Event #19503872   t=394.608367616673   Elapsed: 643.584s (10m 43s)  78% completed  (39% total)
     Speed:     ev/sec=27274.4   simsec/sec=0.046808   ev/simsec=582685
     Messages:  created: 22817380   present: 2924   in FES: 153
** Event #19561728   t=394.739966779987   Elapsed: 645.593s (10m 45s)  78% completed  (39% total)
     Speed:     ev/sec=28787.5   simsec/sec=0.0654799   ev/simsec=439638
     Messages:  created: 22895100   present: 2893   in FES: 177
** Event #19625216   t=394.910037792847   Elapsed: 647.6s (10m 47s)  78% completed  (39% total)
     Speed:     ev/sec=31638.9   simsec/sec=0.084754   ev/simsec=373303
     Messages:  created: 22982012   present: 2889   in FES: 155
** Event #19684096   t=395.065156266395   Elapsed: 649.601s (10m 49s)  79% completed  (39% total)
     Speed:     ev/sec=29420.3   simsec/sec=0.0775072   ev/simsec=379581
     Messages:  created: 23060270   present: 2912   in FES: 142
** Event #19741440   t=395.229886862188   Elapsed: 651.609s (10m 51s)  79% completed  (39% total)
     Speed:     ev/sec=28566.9   simsec/sec=0.0820634   ev/simsec=348108
     Messages:  created: 23137812   present: 2896   in FES: 173
** Event #19799552   t=395.409481821535   Elapsed: 653.61s (10m 53s)  79% completed  (39% total)
     Speed:     ev/sec=29036.4   simsec/sec=0.089737   ev/simsec=323573
     Messages:  created: 23217364   present: 2899   in FES: 156
** Event #19855872   t=395.548479964234   Elapsed: 655.629s (10m 55s)  79% completed  (39% total)
     Speed:     ev/sec=27892   simsec/sec=0.0688377   ev/simsec=405185
     Messages:  created: 23288363   present: 2991   in FES: 154
** Event #19908352   t=395.64850177914   Elapsed: 657.635s (10m 57s)  79% completed  (39% total)
     Speed:     ev/sec=26167.6   simsec/sec=0.0498729   ev/simsec=524686
     Messages:  created: 23350425   present: 2909   in FES: 156
** Event #19970816   t=395.805587369562   Elapsed: 659.649s (10m 59s)  79% completed  (39% total)
     Speed:     ev/sec=31015.3   simsec/sec=0.0779977   ev/simsec=397643
     Messages:  created: 23435993   present: 3000   in FES: 166
** Event #20029952   t=395.96960354583   Elapsed: 661.652s (11m 01s)  79% completed  (39% total)
     Speed:     ev/sec=29523.7   simsec/sec=0.0818852   ev/simsec=360550
     Messages:  created: 23516973   present: 2998   in FES: 155
** Event #20094720   t=396.15739915871   Elapsed: 663.659s (11m 03s)  79% completed  (39% total)
     Speed:     ev/sec=32262.3   simsec/sec=0.0935449   ev/simsec=344886
     Messages:  created: 23602147   present: 2948   in FES: 141
** Event #20161024   t=396.33908230109   Elapsed: 665.673s (11m 05s)  79% completed  (39% total)
     Speed:     ev/sec=32934.9   simsec/sec=0.0902468   ev/simsec=364943
     Messages:  created: 23692988   present: 3012   in FES: 184
** Event #20230400   t=396.544905897118   Elapsed: 667.683s (11m 07s)  79% completed  (39% total)
     Speed:     ev/sec=34508.1   simsec/sec=0.102378   ev/simsec=337065
     Messages:  created: 23784504   present: 3188   in FES: 186
** Event #20284416   t=396.640616344449   Elapsed: 669.692s (11m 09s)  79% completed  (39% total)
     Speed:     ev/sec=26891.3   simsec/sec=0.0476484   ev/simsec=564369
     Messages:  created: 23845429   present: 3009   in FES: 156
** Event #20348928   t=396.798711400871   Elapsed: 671.697s (11m 11s)  79% completed  (39% total)
     Speed:     ev/sec=32165.9   simsec/sec=0.0788267   ev/simsec=408058
     Messages:  created: 23933801   present: 3061   in FES: 154
** Event #20412672   t=396.982805426595   Elapsed: 673.702s (11m 13s)  79% completed  (39% total)
     Speed:     ev/sec=31799.6   simsec/sec=0.091838   ev/simsec=346258
     Messages:  created: 24021008   present: 2964   in FES: 156
** Event #20474368   t=397.153019469348   Elapsed: 675.704s (11m 15s)  79% completed  (39% total)
     Speed:     ev/sec=30808.6   simsec/sec=0.0849982   ev/simsec=362461
     Messages:  created: 24101920   present: 3047   in FES: 154
** Event #20534016   t=397.316352460967   Elapsed: 677.707s (11m 17s)  79% completed  (39% total)
     Speed:     ev/sec=29781   simsec/sec=0.0815487   ev/simsec=365193
     Messages:  created: 24183595   present: 3097   in FES: 155
** Event #20594688   t=397.498506758157   Elapsed: 679.708s (11m 19s)  79% completed  (39% total)
     Speed:     ev/sec=30327.2   simsec/sec=0.0910507   ev/simsec=333080
     Messages:  created: 24266629   present: 3050   in FES: 148
** Event #20651520   t=397.602781431254   Elapsed: 681.715s (11m 21s)  79% completed  (39% total)
     Speed:     ev/sec=28309.1   simsec/sec=0.0519412   ev/simsec=545022
     Messages:  created: 24328537   present: 3153   in FES: 159
** Event #20712192   t=397.728824894412   Elapsed: 683.727s (11m 23s)  79% completed  (39% total)
     Speed:     ev/sec=30161.9   simsec/sec=0.06266   ev/simsec=481358
     Messages:  created: 24406309   present: 3134   in FES: 157
** Event #20783360   t=397.917349464256   Elapsed: 685.739s (11m 25s)  79% completed  (39% total)
     Speed:     ev/sec=35379.9   simsec/sec=0.0937216   ev/simsec=377500
     Messages:  created: 24503728   present: 3113   in FES: 156
** Event #20850176   t=398.08819965243   Elapsed: 687.741s (11m 27s)  79% completed  (39% total)
     Speed:     ev/sec=33365.6   simsec/sec=0.0853168   ev/simsec=391079
     Messages:  created: 24592065   present: 3168   in FES: 162
** Event #20923904   t=398.304830048796   Elapsed: 689.746s (11m 29s)  79% completed  (39% total)
     Speed:     ev/sec=36765.3   simsec/sec=0.108025   ev/simsec=340340
     Messages:  created: 24692454   present: 3172   in FES: 184
** Event #20997888   t=398.527125629336   Elapsed: 691.752s (11m 31s)  79% completed  (39% total)
     Speed:     ev/sec=36896.3   simsec/sec=0.11086   ev/simsec=332818
     Messages:  created: 24793506   present: 3178   in FES: 155
** Event #21061120   t=398.641325214649   Elapsed: 693.758s (11m 33s)  79% completed  (39% total)
     Speed:     ev/sec=31521.7   simsec/sec=0.0569295   ev/simsec=553697
     Messages:  created: 24867301   present: 3120   in FES: 156
** Event #21133312   t=398.823218267174   Elapsed: 695.766s (11m 35s)  79% completed  (39% total)
     Speed:     ev/sec=35942.8   simsec/sec=0.0905606   ev/simsec=396893
     Messages:  created: 24966151   present: 3187   in FES: 154
** Event #21196032   t=399.015997407313   Elapsed: 697.767s (11m 37s)  79% completed  (39% total)
     Speed:     ev/sec=31352.7   simsec/sec=0.0963671   ev/simsec=325346
     Messages:  created: 25051133   present: 3178   in FES: 154
** Event #21262080   t=399.180449073406   Elapsed: 699.775s (11m 39s)  79% completed  (39% total)
     Speed:     ev/sec=32885.8   simsec/sec=0.0818816   ev/simsec=401626
     Messages:  created: 25138563   present: 3212   in FES: 184
** Event #21337856   t=399.402968003668   Elapsed: 701.782s (11m 41s)  79% completed  (39% total)
     Speed:     ev/sec=37753.3   simsec/sec=0.110864   ev/simsec=340537
     Messages:  created: 25242134   present: 3153   in FES: 145
** Event #21399040   t=399.551454442553   Elapsed: 703.796s (11m 43s)  79% completed  (39% total)
     Speed:     ev/sec=30375.2   simsec/sec=0.0737171   ev/simsec=412051
     Messages:  created: 25318570   present: 3268   in FES: 155
** Event #21465088   t=399.679598487312   Elapsed: 705.798s (11m 45s)  79% completed  (39% total)
     Speed:     ev/sec=32997.7   simsec/sec=0.0640211   ev/simsec=515420
     Messages:  created: 25401866   present: 3194   in FES: 156
** Event #21540352   t=399.887842459504   Elapsed: 707.799s (11m 47s)  79% completed  (39% total)
     Speed:     ev/sec=37621.8   simsec/sec=0.104094   ev/simsec=361422
     Messages:  created: 25504849   present: 3221   in FES: 156
** Event #21614080   t=400.077838044728   Elapsed: 709.803s (11m 49s)  80% completed  (40% total)
     Speed:     ev/sec=36778.1   simsec/sec=0.0947763   ev/simsec=388051
     Messages:  created: 25602730   present: 3265   in FES: 156
** Event #21694464   t=400.306916066707   Elapsed: 711.804s (11m 51s)  80% completed  (40% total)
     Speed:     ev/sec=40167.6   simsec/sec=0.114469   ev/simsec=350902
     Messages:  created: 25711792   present: 3298   in FES: 182
** Event #21770240   t=400.522347159143   Elapsed: 713.832s (11m 53s)  80% completed  (40% total)
     Speed:     ev/sec=37373.7   simsec/sec=0.106253   ev/simsec=351741
     Messages:  created: 25812682   present: 3276   in FES: 153
** Event #21838080   t=400.629959413066   Elapsed: 715.838s (11m 55s)  80% completed  (40% total)
     Speed:     ev/sec=33809.9   simsec/sec=0.0536314   ev/simsec=630411
     Messages:  created: 25883859   present: 3267   in FES: 128
** Event #21913088   t=400.800777427582   Elapsed: 717.843s (11m 57s)  80% completed  (40% total)
     Speed:     ev/sec=37414.5   simsec/sec=0.0852052   ev/simsec=439111
     Messages:  created: 25986569   present: 3359   in FES: 154
** Event #21980160   t=400.992618507151   Elapsed: 719.848s (11m 59s)  80% completed  (40% total)
     Speed:     ev/sec=33464.6   simsec/sec=0.0957162   ev/simsec=349623
     Messages:  created: 26078329   present: 3313   in FES: 155
** Event #22051584   t=401.178595784748   Elapsed: 721.852s (12m 01s)  80% completed  (40% total)
     Speed:     ev/sec=35638.4   simsec/sec=0.0927971   ev/simsec=384047
     Messages:  created: 26172382   present: 3359   in FES: 155
** Event #22129152   t=401.405765465199   Elapsed: 723.859s (12m 03s)  80% completed  (40% total)
     Speed:     ev/sec=38633.5   simsec/sec=0.113144   ev/simsec=341454
     Messages:  created: 26278471   present: 3364   in FES: 165
** Event #22193664   t=401.560186141539   Elapsed: 725.861s (12m 05s)  80% completed  (40% total)
     Speed:     ev/sec=32224.7   simsec/sec=0.0771353   ev/simsec=417768
     Messages:  created: 26359954   present: 3404   in FES: 153
** Event #22265600   t=401.72026249382   Elapsed: 727.864s (12m 07s)  80% completed  (40% total)
     Speed:     ev/sec=35912.9   simsec/sec=0.0799155   ev/simsec=449386
     Messages:  created: 26455085   present: 3340   in FES: 131
** Event #22341120   t=401.93855604422   Elapsed: 729.873s (12m 09s)  80% completed  (40% total)
     Speed:     ev/sec=37604.5   simsec/sec=0.108697   ev/simsec=345956
     Messages:  created: 26558575   present: 3423   in FES: 184
** Event #22414336   t=402.132197121217   Elapsed: 731.874s (12m 11s)  80% completed  (40% total)
     Speed:     ev/sec=36579.1   simsec/sec=0.0967441   ev/simsec=378102
     Messages:  created: 26655513   present: 3424   in FES: 155
** Event #22489088   t=402.332524602015   Elapsed: 733.877s (12m 13s)  80% completed  (40% total)
     Speed:     ev/sec=37324.5   simsec/sec=0.100026   ev/simsec=373149
     Messages:  created: 26757892   present: 3471   in FES: 154
** Event #22560512   t=402.544677855585   Elapsed: 735.88s (12m 15s)  80% completed  (40% total)
     Speed:     ev/sec=35651.6   simsec/sec=0.105897   ev/simsec=336662
     Messages:  created: 26855564   present: 3482   in FES: 153
** Event #22626560   t=402.696430595374   Elapsed: 737.88s (12m 17s)  80% completed  (40% total)
     Speed:     ev/sec=33023.1   simsec/sec=0.0758743   ev/simsec=435234
     Messages:  created: 26941780   present: 3464   in FES: 184
** Event #22700800   t=402.914054368106   Elapsed: 739.883s (12m 19s)  80% completed  (40% total)
     Speed:     ev/sec=37074.5   simsec/sec=0.108678   ev/simsec=341139
     Messages:  created: 27043439   present: 3498   in FES: 170
** Event #22772224   t=403.091738212421   Elapsed: 741.888s (12m 21s)  80% completed  (40% total)
     Speed:     ev/sec=35622.7   simsec/sec=0.0886198   ev/simsec=401972
     Messages:  created: 27137953   present: 3493   in FES: 154
** Event #22848512   t=403.313486711411   Elapsed: 743.89s (12m 23s)  80% completed  (40% total)
     Speed:     ev/sec=38099   simsec/sec=0.110743   ev/simsec=344029
     Messages:  created: 27241952   present: 3475   in FES: 144
** Event #22924288   t=403.52399181947   Elapsed: 745.913s (12m 25s)  80% completed  (40% total)
     Speed:     ev/sec=37463.9   simsec/sec=0.104074   ev/simsec=359972
     Messages:  created: 27342393   present: 3695   in FES: 180
** Event #22988544   t=403.648758478645   Elapsed: 747.913s (12m 27s)  80% completed  (40% total)
     Speed:     ev/sec=32125   simsec/sec=0.0623775   ev/simsec=515009
     Messages:  created: 27421210   present: 3513   in FES: 150
** Event #23056128   t=403.819471581024   Elapsed: 749.918s (12m 29s)  80% completed  (40% total)
     Speed:     ev/sec=33704.2   simsec/sec=0.0851347   ev/simsec=395892
     Messages:  created: 27513755   present: 3517   in FES: 156
** Event #23132928   t=404.037504268532   Elapsed: 751.922s (12m 31s)  80% completed  (40% total)
     Speed:     ev/sec=38321.3   simsec/sec=0.108793   ev/simsec=352241
     Messages:  created: 27617259   present: 3602   in FES: 169
** Event #23208448   t=404.231963075142   Elapsed: 753.924s (12m 33s)  80% completed  (40% total)
     Speed:     ev/sec=37732.2   simsec/sec=0.0971577   ev/simsec=388360
     Messages:  created: 27718808   present: 3559   in FES: 184
** Event #23279104   t=404.434587218706   Elapsed: 755.927s (12m 35s)  80% completed  (40% total)
     Speed:     ev/sec=35277   simsec/sec=0.101166   ev/simsec=348705
     Messages:  created: 27815527   present: 3622   in FES: 168
** Event #23345408   t=404.563836610663   Elapsed: 757.934s (12m 37s)  80% completed  (40% total)
     Speed:     ev/sec=33030.9   simsec/sec=0.0643887   ev/simsec=512993
     Messages:  created: 27888169   present: 3831   in FES: 226
** Event #23421952   t=404.723924416693   Elapsed: 759.936s (12m 39s)  80% completed  (40% total)
     Speed:     ev/sec=38238.2   simsec/sec=0.0799732   ev/simsec=478138
     Messages:  created: 27986987   present: 3605   in FES: 156
** Event #23497984   t=404.911554621799   Elapsed: 761.94s (12m 41s)  80% completed  (40% total)
     Speed:     ev/sec=37944.6   simsec/sec=0.093639   ev/simsec=405223
     Messages:  created: 28091097   present: 3563   in FES: 130
** Event #23572992   t=405.095856993253   Elapsed: 763.943s (12m 43s)  81% completed  (40% total)
     Speed:     ev/sec=37433.2   simsec/sec=0.0919771   ev/simsec=406983
     Messages:  created: 28190325   present: 3567   in FES: 153
** Event #23648512   t=405.309663364896   Elapsed: 765.945s (12m 45s)  81% completed  (40% total)
     Speed:     ev/sec=37740.8   simsec/sec=0.106849   ev/simsec=353217
     Messages:  created: 28293398   present: 3651   in FES: 152
** Event #23719168   t=405.510553840025   Elapsed: 767.948s (12m 47s)  81% completed  (40% total)
     Speed:     ev/sec=35275   simsec/sec=0.100294   ev/simsec=351714
     Messages:  created: 28388658   present: 3565   in FES: 133
** Event #23782656   t=405.622491722838   Elapsed: 769.95s (12m 49s)  81% completed  (40% total)
     Speed:     ev/sec=31710.6   simsec/sec=0.0559101   ev/simsec=567172
     Messages:  created: 28460888   present: 3643   in FES: 137
** Event #23855616   t=405.798731484802   Elapsed: 771.954s (12m 51s)  81% completed  (40% total)
     Speed:     ev/sec=36401.8   simsec/sec=0.087931   ev/simsec=413981
     Messages:  created: 28560915   present: 3689   in FES: 183
** Event #23921920   t=405.968541149939   Elapsed: 773.963s (12m 53s)  81% completed  (40% total)
     Speed:     ev/sec=33006.2   simsec/sec=0.0845314   ev/simsec=390461
     Messages:  created: 28651718   present: 3692   in FES: 152
** Event #23990528   t=406.158166793482   Elapsed: 775.967s (12m 55s)  81% completed  (40% total)
     Speed:     ev/sec=34236.7   simsec/sec=0.0946268   ev/simsec=361808
     Messages:  created: 28741696   present: 3716   in FES: 154
** Event #24072960   t=406.388556713307   Elapsed: 777.968s (12m 57s)  81% completed  (40% total)
     Speed:     ev/sec=41194   simsec/sec=0.115134   ev/simsec=357793
     Messages:  created: 28854563   present: 3727   in FES: 154
** Event #24160768   t=406.597330344605   Elapsed: 779.97s (12m 59s)  81% completed  (40% total)
     Speed:     ev/sec=43849   simsec/sec=0.104256   ev/simsec=420590
     Messages:  created: 28967792   present: 3768   in FES: 155
** Event #24248576   t=406.83101762671   Elapsed: 781.972s (13m 01s)  81% completed  (40% total)
     Speed:     ev/sec=43861.5   simsec/sec=0.116731   ev/simsec=375750
     Messages:  created: 29088044   present: 3784   in FES: 154
** Event #24340480   t=407.078451790868   Elapsed: 783.975s (13m 03s)  81% completed  (40% total)
     Speed:     ev/sec=45897.7   simsec/sec=0.123571   ev/simsec=371428
     Messages:  created: 29210811   present: 3796   in FES: 154
** Event #24434944   t=407.336313045745   Elapsed: 785.976s (13m 05s)  81% completed  (40% total)
     Speed:     ev/sec=47190.9   simsec/sec=0.128818   ev/simsec=366337
     Messages:  created: 29339164   present: 3769   in FES: 132
** Event #24523264   t=407.57507057844   Elapsed: 787.981s (13m 07s)  81% completed  (40% total)
     Speed:     ev/sec=44059.8   simsec/sec=0.119108   ev/simsec=369915
     Messages:  created: 29455079   present: 3847   in FES: 184
** Event #24615680   t=407.81672747876   Elapsed: 789.986s (13m 09s)  81% completed  (40% total)
     Speed:     ev/sec=46098.4   simsec/sec=0.120542   ev/simsec=382426
     Messages:  created: 29581173   present: 3833   in FES: 156
** Event #24702720   t=408.057198516303   Elapsed: 791.99s (13m 11s)  81% completed  (40% total)
     Speed:     ev/sec=43417.8   simsec/sec=0.119953   ev/simsec=361956
     Messages:  created: 29697581   present: 3843   in FES: 151
** Event #24790016   t=408.295202693309   Elapsed: 793.995s (13m 13s)  81% completed  (40% total)
     Speed:     ev/sec=43545.9   simsec/sec=0.118724   ev/simsec=366783
     Messages:  created: 29815692   present: 3832   in FES: 134
** Event #24882176   t=408.536220254655   Elapsed: 795.998s (13m 15s)  81% completed  (40% total)
     Speed:     ev/sec=46002.2   simsec/sec=0.120305   ev/simsec=382379
     Messages:  created: 29935098   present: 3869   in FES: 139
** Event #24962816   t=408.680321358597   Elapsed: 798s (13m 18s)  81% completed  (40% total)
     Speed:     ev/sec=40279.3   simsec/sec=0.0719778   ev/simsec=559607
     Messages:  created: 30026477   present: 3871   in FES: 146
** Event #25055232   t=408.896920860893   Elapsed: 800s (13m 20s)  81% completed  (40% total)
     Speed:     ev/sec=46207.4   simsec/sec=0.108298   ev/simsec=426668
     Messages:  created: 30153039   present: 3868   in FES: 135
** Event #25144064   t=409.128803272255   Elapsed: 802s (13m 22s)  81% completed  (40% total)
     Speed:     ev/sec=44415.8   simsec/sec=0.115941   ev/simsec=383091
     Messages:  created: 30270701   present: 3935   in FES: 183
** Event #25237248   t=409.389259377279   Elapsed: 804.003s (13m 24s)  81% completed  (40% total)
     Speed:     ev/sec=46543   simsec/sec=0.130091   ev/simsec=357772
     Messages:  created: 30398252   present: 3911   in FES: 156
** Event #25318400   t=409.566026345267   Elapsed: 806.004s (13m 26s)  81% completed  (40% total)
     Speed:     ev/sec=40536.9   simsec/sec=0.0882983   ev/simsec=459090
     Messages:  created: 30495620   present: 3971   in FES: 142
** Event #25406976   t=409.774192928644   Elapsed: 808.005s (13m 28s)  81% completed  (40% total)
     Speed:     ev/sec=44271.5   simsec/sec=0.104045   ev/simsec=425505
     Messages:  created: 30613650   present: 3910   in FES: 154
** Event #25495296   t=410.021111702852   Elapsed: 810.008s (13m 30s)  82% completed  (41% total)
     Speed:     ev/sec=44101.4   simsec/sec=0.123296   ev/simsec=357688
     Messages:  created: 30733711   present: 4013   in FES: 167
** Event #25586176   t=410.264107159679   Elapsed: 812.008s (13m 32s)  82% completed  (41% total)
     Speed:     ev/sec=45431.9   simsec/sec=0.121476   ev/simsec=373999
     Messages:  created: 30855449   present: 3927   in FES: 156
** Event #25673472   t=410.496749568228   Elapsed: 814.01s (13m 34s)  82% completed  (41% total)
     Speed:     ev/sec=43614.4   simsec/sec=0.116232   ev/simsec=375237
     Messages:  created: 30975052   present: 4014   in FES: 154
** Event #25761280   t=410.70020878228   Elapsed: 816.014s (13m 36s)  82% completed  (41% total)
     Speed:     ev/sec=43813.4   simsec/sec=0.10152   ev/simsec=431575
     Messages:  created: 31088634   present: 4053   in FES: 154
** Event #25852160   t=410.957402832146   Elapsed: 818.017s (13m 38s)  82% completed  (41% total)
     Speed:     ev/sec=45366.7   simsec/sec=0.12839   ev/simsec=353352
     Messages:  created: 31213076   present: 4060   in FES: 184
** Event #25949696   t=411.214376681419   Elapsed: 820.02s (13m 40s)  82% completed  (41% total)
     Speed:     ev/sec=48691.5   simsec/sec=0.128285   ev/simsec=379556
     Messages:  created: 31342913   present: 4081   in FES: 184
** Event #26043904   t=411.479574620526   Elapsed: 822.021s (13m 42s)  82% completed  (41% total)
     Speed:     ev/sec=47086.4   simsec/sec=0.13255   ev/simsec=355237
     Messages:  created: 31471816   present: 4059   in FES: 156
** Event #26134016   t=411.675352418406   Elapsed: 824.023s (13m 44s)  82% completed  (41% total)
     Speed:     ev/sec=45005.9   simsec/sec=0.09778   ev/simsec=460277
     Messages:  created: 31583434   present: 4129   in FES: 154
** Event #26231296   t=411.942128391031   Elapsed: 826.025s (13m 46s)  82% completed  (41% total)
     Speed:     ev/sec=48586.9   simsec/sec=0.133242   ev/simsec=364651
     Messages:  created: 31716547   present: 4156   in FES: 164
** Event #26324992   t=412.187439118261   Elapsed: 828.03s (13m 48s)  82% completed  (41% total)
     Speed:     ev/sec=46731.8   simsec/sec=0.122351   ev/simsec=381948
     Messages:  created: 31840794   present: 4146   in FES: 154
** Event #26427392   t=412.47013928553   Elapsed: 830.032s (13m 50s)  82% completed  (41% total)
     Speed:     ev/sec=51146.9   simsec/sec=0.141204   ev/simsec=362221
     Messages:  created: 31980951   present: 4118   in FES: 156
** Event #26520832   t=412.650129119726   Elapsed: 832.036s (13m 52s)  82% completed  (41% total)
     Speed:     ev/sec=46642.6   simsec/sec=0.0898458   ev/simsec=519140
     Messages:  created: 32085676   present: 4188   in FES: 184
** Event #26627072   t=412.913866729952   Elapsed: 834.036s (13m 54s)  82% completed  (41% total)
     Speed:     ev/sec=53113.8   simsec/sec=0.131853   ev/simsec=402825
     Messages:  created: 32231104   present: 4228   in FES: 156
** Event #26732544   t=413.191748382739   Elapsed: 836.039s (13m 56s)  82% completed  (41% total)
     Speed:     ev/sec=52648.4   simsec/sec=0.13871   ev/simsec=379557
     Messages:  created: 32371648   present: 4221   in FES: 161
** Event #26840320   t=413.491591655904   Elapsed: 838.041s (13m 58s)  82% completed  (41% total)
     Speed:     ev/sec=53847.7   simsec/sec=0.14981   ev/simsec=359441
     Messages:  created: 32519131   present: 4243   in FES: 155
** Event #26937856   t=413.692424320884   Elapsed: 840.044s (14m 00s)  82% completed  (41% total)
     Speed:     ev/sec=48691   simsec/sec=0.100258   ev/simsec=485658
     Messages:  created: 32638330   present: 4261   in FES: 159
** Event #27039744   t=413.969516305407   Elapsed: 842.046s (14m 02s)  82% completed  (41% total)
     Speed:     ev/sec=50884.6   simsec/sec=0.138384   ev/simsec=367705
     Messages:  created: 32777714   present: 4202   in FES: 124
** Event #27146752   t=414.269880860409   Elapsed: 844.048s (14m 04s)  82% completed  (41% total)
     Speed:     ev/sec=53448.6   simsec/sec=0.150027   ev/simsec=356260
     Messages:  created: 32920167   present: 4284   in FES: 183
** Event #27249920   t=414.548614924127   Elapsed: 846.051s (14m 06s)  82% completed  (41% total)
     Speed:     ev/sec=51510.3   simsec/sec=0.139168   ev/simsec=370131
     Messages:  created: 33059930   present: 4353   in FES: 148
** Event #27356416   t=414.809910594669   Elapsed: 848.053s (14m 08s)  82% completed  (41% total)
     Speed:     ev/sec=53193   simsec/sec=0.130513   ev/simsec=407569
     Messages:  created: 33200942   present: 4322   in FES: 152
** Event #27464192   t=415.098480615015   Elapsed: 850.054s (14m 10s)  83% completed  (41% total)
     Speed:     ev/sec=53882.9   simsec/sec=0.144271   ev/simsec=373483
     Messages:  created: 33345615   present: 4352   in FES: 155
** Event #27565056   t=415.384848193725   Elapsed: 852.055s (14m 12s)  83% completed  (41% total)
     Speed:     ev/sec=50393.2   simsec/sec=0.143074   ev/simsec=352219
     Messages:  created: 33483442   present: 4332   in FES: 156
** Event #27668736   t=415.629755637233   Elapsed: 854.055s (14m 14s)  83% completed  (41% total)
     Speed:     ev/sec=51832.5   simsec/sec=0.122436   ev/simsec=423344
     Messages:  created: 33616545   present: 4330   in FES: 126
** Event #27771904   t=415.91545444209   Elapsed: 856.058s (14m 16s)  83% completed  (41% total)
     Speed:     ev/sec=51517.3   simsec/sec=0.142665   ev/simsec=361108
     Messages:  created: 33757772   present: 4432   in FES: 154
** Event #27879680   t=416.192490921396   Elapsed: 858.062s (14m 18s)  83% completed  (41% total)
     Speed:     ev/sec=53772.9   simsec/sec=0.138222   ev/simsec=389032
     Messages:  created: 33901760   present: 4458   in FES: 183
** Event #27980800   t=416.480051632525   Elapsed: 860.064s (14m 20s)  83% completed  (41% total)
     Speed:     ev/sec=50510.5   simsec/sec=0.14364   ev/simsec=351647
     Messages:  created: 34040086   present: 4410   in FES: 164
** Event #28076288   t=416.658288920212   Elapsed: 862.068s (14m 22s)  83% completed  (41% total)
     Speed:     ev/sec=47645   simsec/sec=0.0889339   ev/simsec=535735
     Messages:  created: 34147628   present: 4439   in FES: 155
** Event #28178176   t=416.904716417333   Elapsed: 864.071s (14m 24s)  83% completed  (41% total)
     Speed:     ev/sec=50873.5   simsec/sec=0.123043   ev/simsec=413460
     Messages:  created: 34287079   present: 4452   in FES: 152
** Event #28286720   t=417.186413087934   Elapsed: 866.072s (14m 26s)  83% completed  (41% total)
     Speed:     ev/sec=54255.7   simsec/sec=0.140806   ev/simsec=385322
     Messages:  created: 34431989   present: 4512   in FES: 154
** Event #28394496   t=417.488136811596   Elapsed: 868.075s (14m 28s)  83% completed  (41% total)
     Speed:     ev/sec=53795.8   simsec/sec=0.150604   ev/simsec=357201
     Messages:  created: 34579501   present: 4531   in FES: 154
** Event #28493312   t=417.692385442247   Elapsed: 870.078s (14m 30s)  83% completed  (41% total)
     Speed:     ev/sec=49336   simsec/sec=0.101976   ev/simsec=483803
     Messages:  created: 34699865   present: 4548   in FES: 160
** Event #28595968   t=417.964466511628   Elapsed: 872.08s (14m 32s)  83% completed  (41% total)
     Speed:     ev/sec=51290.7   simsec/sec=0.135942   ev/simsec=377299
     Messages:  created: 34840393   present: 4568   in FES: 154
** Event #28699392   t=418.245576127703   Elapsed: 874.082s (14m 34s)  83% completed  (41% total)
     Speed:     ev/sec=51640   simsec/sec=0.140359   ev/simsec=367913
     Messages:  created: 34978226   present: 4509   in FES: 125
** Event #28805120   t=418.545343305372   Elapsed: 876.083s (14m 36s)  83% completed  (41% total)
     Speed:     ev/sec=52845.6   simsec/sec=0.149831   ev/simsec=352700
     Messages:  created: 35122417   present: 4628   in FES: 176
** Event #28908800   t=418.797864431185   Elapsed: 878.086s (14m 38s)  83% completed  (41% total)
     Speed:     ev/sec=51770.4   simsec/sec=0.126091   ev/simsec=410580
     Messages:  created: 35258688   present: 4609   in FES: 155
** Event #29020416   t=419.091414176928   Elapsed: 880.089s (14m 40s)  83% completed  (41% total)
     Speed:     ev/sec=55719.7   simsec/sec=0.146543   ev/simsec=380229
     Messages:  created: 35408247   present: 4674   in FES: 184
** Event #29133056   t=419.413569029347   Elapsed: 882.089s (14m 42s)  83% completed  (41% total)
     Speed:     ev/sec=56308.4   simsec/sec=0.161044   ev/simsec=349646
     Messages:  created: 35561886   present: 4671   in FES: 163
** Event #29241600   t=419.658827115459   Elapsed: 884.091s (14m 44s)  83% completed  (41% total)
     Speed:     ev/sec=54218.1   simsec/sec=0.122507   ev/simsec=442571
     Messages:  created: 35697855   present: 4692   in FES: 155
** Event #29354752   t=419.950977779565   Elapsed: 886.092s (14m 46s)  83% completed  (41% total)
     Speed:     ev/sec=56556.4   simsec/sec=0.146025   ev/simsec=387307
     Messages:  created: 35852686   present: 4708   in FES: 149
** Event #29466368   t=420.264779387031   Elapsed: 888.093s (14m 48s)  84% completed  (42% total)
     Speed:     ev/sec=55792.3   simsec/sec=0.156857   ev/simsec=355690
     Messages:  created: 36001612   present: 4678   in FES: 184
** Event #29575424   t=420.544002309047   Elapsed: 890.093s (14m 50s)  84% completed  (42% total)
     Speed:     ev/sec=54524.1   simsec/sec=0.139602   ev/simsec=390570
     Messages:  created: 36144333   present: 4755   in FES: 153
** Event #29686272   t=420.786756265799   Elapsed: 892.096s (14m 52s)  84% completed  (42% total)
     Speed:     ev/sec=55335.3   simsec/sec=0.121183   ev/simsec=456627
     Messages:  created: 36287635   present: 4787   in FES: 155
** Event #29797632   t=421.076986342897   Elapsed: 894.099s (14m 54s)  84% completed  (42% total)
     Speed:     ev/sec=55603.1   simsec/sec=0.144915   ev/simsec=383696
     Messages:  created: 36437247   present: 4775   in FES: 141
** Event #29910528   t=421.401016793408   Elapsed: 896.1s (14m 56s)  84% completed  (42% total)
     Speed:     ev/sec=56414.9   simsec/sec=0.16192   ev/simsec=348412
     Messages:  created: 36590753   present: 4789   in FES: 154
** Event #30013696   t=421.628309820058   Elapsed: 898.103s (14m 58s)  84% completed  (42% total)
     Speed:     ev/sec=51504   simsec/sec=0.11347   ev/simsec=453899
     Messages:  created: 36718535   present: 4836   in FES: 149
** Event #30124288   t=421.915753334138   Elapsed: 900.104s (15m 00s)  84% completed  (42% total)
     Speed:     ev/sec=55280   simsec/sec=0.14368   ev/simsec=384743
     Messages:  created: 36869926   present: 4846   in FES: 154
** Event #30237952   t=422.207744144636   Elapsed: 902.107s (15m 02s)  84% completed  (42% total)
     Speed:     ev/sec=56739.1   simsec/sec=0.145757   ev/simsec=389273
     Messages:  created: 37021872   present: 4836   in FES: 138
** Event #30351616   t=422.539892117468   Elapsed: 904.109s (15m 04s)  84% completed  (42% total)
     Speed:     ev/sec=56759.5   simsec/sec=0.165862   ev/simsec=342209
     Messages:  created: 37177407   present: 4863   in FES: 135
** Event #30458368   t=422.767240041528   Elapsed: 906.111s (15m 06s)  84% completed  (42% total)
     Speed:     ev/sec=53342   simsec/sec=0.113602   ev/simsec=469553
     Messages:  created: 37310810   present: 4847   in FES: 157
** Event #30572288   t=423.066594678642   Elapsed: 908.111s (15m 08s)  84% completed  (42% total)
     Speed:     ev/sec=56959.7   simsec/sec=0.149676   ev/simsec=380552
     Messages:  created: 37464280   present: 4896   in FES: 156
** Event #30686976   t=423.390118108781   Elapsed: 910.113s (15m 10s)  84% completed  (42% total)
     Speed:     ev/sec=57266   simsec/sec=0.161542   ev/simsec=354497
     Messages:  created: 37620196   present: 4895   in FES: 129
** Event #30793216   t=423.646048640817   Elapsed: 912.114s (15m 12s)  84% completed  (42% total)
     Speed:     ev/sec=53113.3   simsec/sec=0.127949   ev/simsec=415113
     Messages:  created: 37756042   present: 4933   in FES: 156
** Event #30906112   t=423.941045723456   Elapsed: 914.118s (15m 14s)  84% completed  (42% total)
     Speed:     ev/sec=56336.1   simsec/sec=0.147206   ev/simsec=382702
     Messages:  created: 37910552   present: 5006   in FES: 155
** Event #31021312   t=424.260895573068   Elapsed: 916.119s (15m 16s)  84% completed  (42% total)
     Speed:     ev/sec=57555.9   simsec/sec=0.159803   ev/simsec=360169
     Messages:  created: 38064809   present: 4870   in FES: 123
** Event #31132928   t=424.547706263645   Elapsed: 918.129s (15m 18s)  84% completed  (42% total)
     Speed:     ev/sec=55537.7   simsec/sec=0.142711   ev/simsec=389163
     Messages:  created: 38211558   present: 5084   in FES: 153
** Event #31245056   t=424.805662386708   Elapsed: 920.132s (15m 20s)  84% completed  (42% total)
     Speed:     ev/sec=55972.1   simsec/sec=0.128767   ev/simsec=434679
     Messages:  created: 38357744   present: 5066   in FES: 182
** Event #31359744   t=425.118257628417   Elapsed: 922.136s (15m 22s)  85% completed  (42% total)
     Speed:     ev/sec=57223.3   simsec/sec=0.155969   ev/simsec=366890
     Messages:  created: 38511307   present: 5055   in FES: 184
** Event #31472640   t=425.431412791329   Elapsed: 924.138s (15m 24s)  85% completed  (42% total)
     Speed:     ev/sec=56413.7   simsec/sec=0.156482   ev/simsec=360511
     Messages:  created: 38665851   present: 5187   in FES: 182
** Event #31579648   t=425.661852640007   Elapsed: 926.138s (15m 26s)  85% completed  (42% total)
     Speed:     ev/sec=53481.6   simsec/sec=0.115172   ev/simsec=464364
     Messages:  created: 38796215   present: 5105   in FES: 156
** Event #31693824   t=425.955115694875   Elapsed: 928.142s (15m 28s)  85% completed  (42% total)
     Speed:     ev/sec=56973.6   simsec/sec=0.146338   ev/simsec=389330
     Messages:  created: 38952538   present: 5154   in FES: 182
** Event #31813376   t=426.290251447433   Elapsed: 930.145s (15m 30s)  85% completed  (42% total)
     Speed:     ev/sec=59693.3   simsec/sec=0.167336   ev/simsec=356727
     Messages:  created: 39112910   present: 5168   in FES: 155
** Event #31928064   t=426.573855571339   Elapsed: 932.149s (15m 32s)  85% completed  (42% total)
     Speed:     ev/sec=57234.1   simsec/sec=0.14153   ev/simsec=404395
     Messages:  created: 39259624   present: 5194   in FES: 184
** Event #32046592   t=426.86331415925   Elapsed: 934.15s (15m 34s)  85% completed  (42% total)
     Speed:     ev/sec=59229.3   simsec/sec=0.144645   ev/simsec=409482
     Messages:  created: 39418071   present: 5133   in FES: 147
** Event #32167936   t=427.183569614767   Elapsed: 936.151s (15m 36s)  85% completed  (42% total)
     Speed:     ev/sec=60639.3   simsec/sec=0.160041   ev/simsec=378898
     Messages:  created: 39580869   present: 5200   in FES: 136
** Event #32288000   t=427.523300135013   Elapsed: 938.155s (15m 38s)  85% completed  (42% total)
     Speed:     ev/sec=59917.1   simsec/sec=0.16954   ev/simsec=353410
     Messages:  created: 39742939   present: 5311   in FES: 173
** Event #32402944   t=427.761631436302   Elapsed: 940.159s (15m 40s)  85% completed  (42% total)
     Speed:     ev/sec=57367.9   simsec/sec=0.11895   ev/simsec=482287
     Messages:  created: 39887465   present: 5255   in FES: 181
** Event #32520192   t=428.07077742824   Elapsed: 942.161s (15m 42s)  85% completed  (42% total)
     Speed:     ev/sec=58561.6   simsec/sec=0.154408   ev/simsec=379264
     Messages:  created: 40045402   present: 5324   in FES: 155
** Event #32642304   t=428.418369444086   Elapsed: 944.163s (15m 44s)  85% completed  (42% total)
     Speed:     ev/sec=60987.2   simsec/sec=0.1736   ev/simsec=351308
     Messages:  created: 40211652   present: 5331   in FES: 154
** Event #32750336   t=428.639366780674   Elapsed: 946.166s (15m 46s)  85% completed  (42% total)
     Speed:     ev/sec=53950.7   simsec/sec=0.110365   ev/simsec=488838
     Messages:  created: 40336311   present: 5357   in FES: 154
** Event #32871424   t=428.919567384346   Elapsed: 948.166s (15m 48s)  85% completed  (42% total)
     Speed:     ev/sec=60531.6   simsec/sec=0.140072   ev/simsec=432148
     Messages:  created: 40502180   present: 5379   in FES: 167
** Event #32993024   t=429.23769197889   Elapsed: 950.168s (15m 50s)  85% completed  (42% total)
     Speed:     ev/sec=60734.1   simsec/sec=0.15889   ev/simsec=382240
     Messages:  created: 40665242   present: 5383   in FES: 162
** Event #33108736   t=429.54078374392   Elapsed: 952.171s (15m 52s)  85% completed  (42% total)
     Speed:     ev/sec=57762.8   simsec/sec=0.151302   ev/simsec=381772
     Messages:  created: 40813361   present: 5550   in FES: 185
** Event #33223168   t=429.76871536751   Elapsed: 954.173s (15m 54s)  85% completed  (42% total)
     Speed:     ev/sec=57180.1   simsec/sec=0.113894   ev/simsec=502045
     Messages:  created: 40957175   present: 5409   in FES: 184
** Event #33344768   t=430.085203817415   Elapsed: 956.173s (15m 56s)  86% completed  (43% total)
     Speed:     ev/sec=60776.9   simsec/sec=0.158184   ev/simsec=384216
     Messages:  created: 41120813   present: 5415   in FES: 156
** Event #33466112   t=430.427237758236   Elapsed: 958.175s (15m 58s)  86% completed  (43% total)
     Speed:     ev/sec=60638.3   simsec/sec=0.170922   ev/simsec=354772
     Messages:  created: 41286387   present: 5390   in FES: 152
** Event #33573376   t=430.653530209375   Elapsed: 960.179s (16m 00s)  86% completed  (43% total)
     Speed:     ev/sec=53517.1   simsec/sec=0.112904   ev/simsec=474006
     Messages:  created: 41417137   present: 5483   in FES: 184
** Event #33691136   t=430.959677577798   Elapsed: 962.18s (16m 02s)  86% completed  (43% total)
     Speed:     ev/sec=58831.5   simsec/sec=0.152948   ev/simsec=384651
     Messages:  created: 41578365   present: 5504   in FES: 184
** Event #33813504   t=431.301302547389   Elapsed: 964.183s (16m 04s)  86% completed  (43% total)
     Speed:     ev/sec=61099.1   simsec/sec=0.170575   ev/simsec=358194
     Messages:  created: 41742472   present: 5559   in FES: 177
** Event #33930240   t=431.599668007746   Elapsed: 966.183s (16m 06s)  86% completed  (43% total)
     Speed:     ev/sec=58361.1   simsec/sec=0.149165   ev/simsec=391252
     Messages:  created: 41892762   present: 5549   in FES: 155
** Event #34050304   t=431.906656627403   Elapsed: 968.188s (16m 08s)  86% completed  (43% total)
     Speed:     ev/sec=59906.6   simsec/sec=0.153174   ev/simsec=391102
     Messages:  created: 42054639   present: 5512   in FES: 130
** Event #34172416   t=432.234883421109   Elapsed: 970.19s (16m 10s)  86% completed  (43% total)
     Speed:     ev/sec=60976.8   simsec/sec=0.163901   ev/simsec=372035
     Messages:  created: 42218824   present: 5563   in FES: 154
** Event #34289152   t=432.552379213929   Elapsed: 972.194s (16m 12s)  86% completed  (43% total)
     Speed:     ev/sec=58250.3   simsec/sec=0.158428   ev/simsec=367677
     Messages:  created: 42371353   present: 5596   in FES: 153
** Event #34404096   t=432.768089569009   Elapsed: 974.198s (16m 14s)  86% completed  (43% total)
     Speed:     ev/sec=57365.3   simsec/sec=0.107655   ev/simsec=532863
     Messages:  created: 42509645   present: 5648   in FES: 155
** Event #34527232   t=433.074883736738   Elapsed: 976.2s (16m 16s)  86% completed  (43% total)
     Speed:     ev/sec=61516.2   simsec/sec=0.153268   ev/simsec=401364
     Messages:  created: 42675669   present: 5666   in FES: 184
** Event #34651904   t=433.429614462253   Elapsed: 978.2s (16m 18s)  86% completed  (43% total)
     Speed:     ev/sec=62315.5   simsec/sec=0.177307   ev/simsec=351455
     Messages:  created: 42845361   present: 5688   in FES: 184
** Event #34763776   t=433.651201852719   Elapsed: 980.204s (16m 20s)  86% completed  (43% total)
     Speed:     ev/sec=55837   simsec/sec=0.110598   ev/simsec=504866
     Messages:  created: 42975729   present: 5724   in FES: 172
** Event #34888704   t=433.9583420464   Elapsed: 982.205s (16m 22s)  86% completed  (43% total)
     Speed:     ev/sec=62441.3   simsec/sec=0.153514   ev/simsec=406746
     Messages:  created: 43146778   present: 5724   in FES: 154
** Event #35014144   t=434.301364180382   Elapsed: 984.208s (16m 24s)  86% completed  (43% total)
     Speed:     ev/sec=62613.8   simsec/sec=0.171221   ev/simsec=365691
     Messages:  created: 43314922   present: 5771   in FES: 161
** Event #35134976   t=434.607935304834   Elapsed: 986.211s (16m 26s)  86% completed  (43% total)
     Speed:     ev/sec=60326.8   simsec/sec=0.153059   ev/simsec=394140
     Messages:  created: 43472225   present: 5720   in FES: 130
** Event #35259392   t=434.94821926743   Elapsed: 988.214s (16m 28s)  86% completed  (43% total)
     Speed:     ev/sec=62112   simsec/sec=0.169879   ev/simsec=365624
     Messages:  created: 43642520   present: 5771   in FES: 137
** Event #35385088   t=435.295565831031   Elapsed: 990.216s (16m 30s)  87% completed  (43% total)
     Speed:     ev/sec=62782.1   simsec/sec=0.173491   ev/simsec=361875
     Messages:  created: 43811316   present: 5798   in FES: 156
** Event #35506432   t=435.608541853045   Elapsed: 992.22s (16m 32s)  87% completed  (43% total)
     Speed:     ev/sec=60559.5   simsec/sec=0.156198   ev/simsec=387710
     Messages:  created: 43970751   present: 5816   in FES: 148
** Event #35631872   t=435.951641465414   Elapsed: 994.22s (16m 34s)  87% completed  (43% total)
     Speed:     ev/sec=62716.1   simsec/sec=0.171539   ev/simsec=365608
     Messages:  created: 44141686   present: 5862   in FES: 154
** Event #35757056   t=436.292901699556   Elapsed: 996.223s (16m 36s)  87% completed  (43% total)
     Speed:     ev/sec=62496.9   simsec/sec=0.170371   ev/simsec=366829
     Messages:  created: 44309746   present: 5860   in FES: 156
** Event #35877376   t=436.602758876159   Elapsed: 998.225s (16m 38s)  87% completed  (43% total)
     Speed:     ev/sec=60088.7   simsec/sec=0.154745   ev/simsec=388308
     Messages:  created: 44466704   present: 5954   in FES: 170
** Event #36002816   t=436.934468498691   Elapsed: 1000.23s (16m 40s)  87% completed  (43% total)
     Speed:     ev/sec=62670.7   simsec/sec=0.165725   ev/simsec=378162
     Messages:  created: 44637134   present: 5960   in FES: 161
** Event #36128000   t=437.283794498177   Elapsed: 1002.23s (16m 42s)  87% completed  (43% total)
     Speed:     ev/sec=62522.4   simsec/sec=0.174469   ev/simsec=358359
     Messages:  created: 44805052   present: 5902   in FES: 128
** Event #36243200   t=437.563236295106   Elapsed: 1004.23s (16m 44s)  87% completed  (43% total)
     Speed:     ev/sec=57452   simsec/sec=0.139362   ev/simsec=412250
     Messages:  created: 44949463   present: 6360   in FES: 237
** Event #36365568   t=437.816620333108   Elapsed: 1006.24s (16m 46s)  87% completed  (43% total)
     Speed:     ev/sec=61092.3   simsec/sec=0.126502   ev/simsec=482935
     Messages:  created: 45106259   present: 6031   in FES: 179
** Event #36489984   t=438.14672823175   Elapsed: 1008.24s (16m 48s)  87% completed  (43% total)
     Speed:     ev/sec=62206.3   simsec/sec=0.165049   ev/simsec=376895
     Messages:  created: 45273223   present: 6005   in FES: 154
** Event #36614912   t=438.50870802365   Elapsed: 1010.25s (16m 50s)  87% completed  (43% total)
     Speed:     ev/sec=62219.6   simsec/sec=0.180282   ev/simsec=345124
     Messages:  created: 45443960   present: 5949   in FES: 153
** Event #36736256   t=438.806692936327   Elapsed: 1012.25s (16m 52s)  87% completed  (43% total)
     Speed:     ev/sec=60598.9   simsec/sec=0.148813   ev/simsec=407215
     Messages:  created: 45603283   present: 6062   in FES: 150
** Event #36860672   t=439.142233929744   Elapsed: 1014.25s (16m 54s)  87% completed  (43% total)
     Speed:     ev/sec=62104.9   simsec/sec=0.167492   ev/simsec=370792
     Messages:  created: 45770278   present: 6037   in FES: 129
** Event #36985088   t=439.494467729818   Elapsed: 1016.25s (16m 56s)  87% completed  (43% total)
     Speed:     ev/sec=62123.4   simsec/sec=0.175877   ev/simsec=353220
     Messages:  created: 45940638   present: 6125   in FES: 184
** Event #37104384   t=439.794223217427   Elapsed: 1018.26s (16m 58s)  87% completed  (43% total)
     Speed:     ev/sec=59556.4   simsec/sec=0.149648   ev/simsec=397978
     Messages:  created: 46095808   present: 6164   in FES: 155
** Event #37229568   t=440.135798576258   Elapsed: 1020.26s (17m 00s)  88% completed  (44% total)
     Speed:     ev/sec=62487.6   simsec/sec=0.170503   ev/simsec=366490
     Messages:  created: 46263953   present: 6153   in FES: 184
** Event #37354496   t=440.484609010342   Elapsed: 1022.26s (17m 02s)  88% completed  (44% total)
     Speed:     ev/sec=62363.9   simsec/sec=0.174126   ev/simsec=358154
     Messages:  created: 46434891   present: 6126   in FES: 155
** Event #37476864   t=440.804481284983   Elapsed: 1024.26s (17m 04s)  88% completed  (44% total)
     Speed:     ev/sec=61183.4   simsec/sec=0.159935   ev/simsec=382553
     Messages:  created: 46597535   present: 6146   in FES: 151
** Event #37602560   t=441.147199965373   Elapsed: 1026.27s (17m 06s)  88% completed  (44% total)
     Speed:     ev/sec=62755.2   simsec/sec=0.171106   ev/simsec=366761
     Messages:  created: 46766452   present: 6239   in FES: 171
** Event #37727488   t=441.498591947364   Elapsed: 1028.27s (17m 08s)  88% completed  (44% total)
     Speed:     ev/sec=62442.9   simsec/sec=0.175637   ev/simsec=355523
     Messages:  created: 46937502   present: 6253   in FES: 154
** Event #37838592   t=441.708915022735   Elapsed: 1030.27s (17m 10s)  88% completed  (44% total)
     Speed:     ev/sec=55452.1   simsec/sec=0.104972   ev/simsec=528254
     Messages:  created: 47061708   present: 6272   in FES: 147
** Event #37963520   t=441.993368847739   Elapsed: 1032.27s (17m 12s)  88% completed  (44% total)
     Speed:     ev/sec=62455.9   simsec/sec=0.142208   ev/simsec=439186
     Messages:  created: 47232758   present: 6274   in FES: 144
** Event #38089216   t=442.332187675524   Elapsed: 1034.28s (17m 14s)  88% completed  (44% total)
     Speed:     ev/sec=62714.1   simsec/sec=0.169049   ev/simsec=370983
     Messages:  created: 47401706   present: 6314   in FES: 155
** Event #38209024   t=442.627416706813   Elapsed: 1036.28s (17m 16s)  88% completed  (44% total)
     Speed:     ev/sec=59839.9   simsec/sec=0.147457   ev/simsec=405814
     Messages:  created: 47555706   present: 6316   in FES: 136
** Event #38333184   t=442.962801864877   Elapsed: 1038.28s (17m 18s)  88% completed  (44% total)
     Speed:     ev/sec=62032.2   simsec/sec=0.167563   ev/simsec=370201
     Messages:  created: 47725657   present: 6300   in FES: 127
** Event #38457856   t=443.309503983813   Elapsed: 1040.28s (17m 20s)  88% completed  (44% total)
     Speed:     ev/sec=62316.2   simsec/sec=0.173296   ev/simsec=359594
     Messages:  created: 47893050   present: 6403   in FES: 155
** Event #38578944   t=443.62340116175   Elapsed: 1042.28s (17m 22s)  88% completed  (44% total)
     Speed:     ev/sec=60510.5   simsec/sec=0.156862   ev/simsec=385757
     Messages:  created: 48051377   present: 6442   in FES: 184
** Event #38704896   t=443.957257695667   Elapsed: 1044.28s (17m 24s)  88% completed  (44% total)
     Speed:     ev/sec=62949.8   simsec/sec=0.166859   ev/simsec=377264
     Messages:  created: 48223765   present: 6424   in FES: 145
** Event #38829568   t=444.302993632213   Elapsed: 1046.28s (17m 26s)  88% completed  (44% total)
     Speed:     ev/sec=62332.2   simsec/sec=0.172857   ev/simsec=360599
     Messages:  created: 48391229   present: 6408   in FES: 156
** Event #38950656   t=444.614671316743   Elapsed: 1048.28s (17m 28s)  88% completed  (44% total)
     Speed:     ev/sec=60529   simsec/sec=0.1558   ev/simsec=388504
     Messages:  created: 48549639   present: 6523   in FES: 166
** Event #39076352   t=444.963867824858   Elapsed: 1050.28s (17m 30s)  88% completed  (44% total)
     Speed:     ev/sec=62785.9   simsec/sec=0.174426   ev/simsec=359958
     Messages:  created: 48721652   present: 6469   in FES: 139
** Event #39202304   t=445.303890259945   Elapsed: 1052.29s (17m 32s)  89% completed  (44% total)
     Speed:     ev/sec=62930.8   simsec/sec=0.169889   ev/simsec=370423
     Messages:  created: 48890792   present: 6560   in FES: 154
** Event #39317248   t=445.575054348132   Elapsed: 1054.29s (17m 34s)  89% completed  (44% total)
     Speed:     ev/sec=57386   simsec/sec=0.135379   ev/simsec=423891
     Messages:  created: 49030175   present: 6617   in FES: 160
** Event #39440640   t=445.850811099256   Elapsed: 1056.29s (17m 36s)  89% completed  (44% total)
     Speed:     ev/sec=61582.1   simsec/sec=0.137624   ev/simsec=447467
     Messages:  created: 49192394   present: 6523   in FES: 130
** Event #39565312   t=446.179284610473   Elapsed: 1058.29s (17m 38s)  89% completed  (44% total)
     Speed:     ev/sec=62307.3   simsec/sec=0.164161   ev/simsec=379550
     Messages:  created: 49360021   present: 6615   in FES: 180
** Event #39688704   t=446.52242976143   Elapsed: 1060.29s (17m 40s)  89% completed  (44% total)
     Speed:     ev/sec=61678.4   simsec/sec=0.171524   ev/simsec=359591
     Messages:  created: 49524693   present: 6613   in FES: 155
** Event #39810560   t=446.814903844413   Elapsed: 1062.3s (17m 42s)  89% completed  (44% total)
     Speed:     ev/sec=60863.8   simsec/sec=0.146083   ev/simsec=416639
     Messages:  created: 49684863   present: 6625   in FES: 141
** Event #39936768   t=447.165442134516   Elapsed: 1064.3s (17m 44s)  89% completed  (44% total)
     Speed:     ev/sec=63069.3   simsec/sec=0.175173   ev/simsec=360041
     Messages:  created: 49854402   present: 6672   in FES: 184
** Event #40063488   t=447.53007766373   Elapsed: 1066.3s (17m 46s)  89% completed  (44% total)
     Speed:     ev/sec=63291.5   simsec/sec=0.182121   ev/simsec=347525
     Messages:  created: 50027803   present: 6644   in FES: 156
** Event #40185600   t=447.826746877946   Elapsed: 1068.3s (17m 48s)  89% completed  (44% total)
     Speed:     ev/sec=60968.5   simsec/sec=0.148122   ev/simsec=411610
     Messages:  created: 50189085   present: 6716   in FES: 155
** Event #40311552   t=448.179604240096   Elapsed: 1070.3s (17m 50s)  89% completed  (44% total)
     Speed:     ev/sec=62951.9   simsec/sec=0.176361   ev/simsec=356949
     Messages:  created: 50358174   present: 6767   in FES: 173
** Event #40436736   t=448.538311982964   Elapsed: 1072.3s (17m 52s)  89% completed  (44% total)
     Speed:     ev/sec=62567.2   simsec/sec=0.179283   ev/simsec=348986
     Messages:  created: 50528130   present: 6786   in FES: 160
** Event #40559360   t=448.837548199854   Elapsed: 1074.31s (17m 54s)  89% completed  (44% total)
     Speed:     ev/sec=61240.5   simsec/sec=0.149444   ev/simsec=409790
     Messages:  created: 50690303   present: 6792   in FES: 155
** Event #40686080   t=449.191391045765   Elapsed: 1076.31s (17m 56s)  89% completed  (44% total)
     Speed:     ev/sec=63345.5   simsec/sec=0.176881   ev/simsec=358125
     Messages:  created: 50860854   present: 6836   in FES: 155
** Event #40809216   t=449.543001332265   Elapsed: 1078.31s (17m 58s)  89% completed  (44% total)
     Speed:     ev/sec=61500.9   simsec/sec=0.175614   ev/simsec=350206
     Messages:  created: 51027067   present: 6865   in FES: 153
** Event #40926976   t=449.785993246366   Elapsed: 1080.31s (18m 00s)  89% completed  (44% total)
     Speed:     ev/sec=58865   simsec/sec=0.121465   ev/simsec=484625
     Messages:  created: 51175784   present: 6884   in FES: 163
** Event #41053184   t=450.132784163404   Elapsed: 1082.31s (18m 02s)  90% completed  (45% total)
     Speed:     ev/sec=63035.8   simsec/sec=0.173208   ev/simsec=363931
     Messages:  created: 51345426   present: 6876   in FES: 180
** Event #41180160   t=450.488218023006   Elapsed: 1084.31s (18m 04s)  90% completed  (45% total)
     Speed:     ev/sec=63424.2   simsec/sec=0.177538   ev/simsec=357242
     Messages:  created: 51519278   present: 6906   in FES: 161
** Event #41300480   t=450.78986234779   Elapsed: 1086.32s (18m 06s)  90% completed  (45% total)
     Speed:     ev/sec=60075   simsec/sec=0.150609   ev/simsec=398880
     Messages:  created: 51676707   present: 6868   in FES: 125
** Event #41426432   t=451.134169127254   Elapsed: 1088.32s (18m 08s)  90% completed  (45% total)
     Speed:     ev/sec=62960.5   simsec/sec=0.172111   ev/simsec=365813
     Messages:  created: 51846307   present: 6972   in FES: 166
** Event #41552896   t=451.490800744098   Elapsed: 1090.32s (18m 10s)  90% completed  (45% total)
     Speed:     ev/sec=63137.3   simsec/sec=0.178049   ev/simsec=354607
     Messages:  created: 52019429   present: 6928   in FES: 155
** Event #41674752   t=451.80005163067   Elapsed: 1092.32s (18m 12s)  90% completed  (45% total)
     Speed:     ev/sec=60908.4   simsec/sec=0.154576   ev/simsec=394036
     Messages:  created: 52179667   present: 7016   in FES: 156
** Event #41800448   t=452.14654910378   Elapsed: 1094.32s (18m 14s)  90% completed  (45% total)
     Speed:     ev/sec=62792.4   simsec/sec=0.173095   ev/simsec=362762
     Messages:  created: 52348486   present: 7039   in FES: 183
** Event #41926656   t=452.520106581267   Elapsed: 1096.32s (18m 16s)  90% completed  (45% total)
     Speed:     ev/sec=63039   simsec/sec=0.186586   ev/simsec=337854
     Messages:  created: 52521170   present: 7012   in FES: 139
** Event #42047488   t=452.814928735532   Elapsed: 1098.32s (18m 18s)  90% completed  (45% total)
     Speed:     ev/sec=60407.9   simsec/sec=0.147391   ev/simsec=409847
     Messages:  created: 52678508   present: 7085   in FES: 180
** Event #42173696   t=453.167195585894   Elapsed: 1100.33s (18m 20s)  90% completed  (45% total)
     Speed:     ev/sec=63034.9   simsec/sec=0.175941   ev/simsec=358274
     Messages:  created: 52848047   present: 7098   in FES: 155
** Event #42299392   t=453.53077694797   Elapsed: 1102.33s (18m 22s)  90% completed  (45% total)
     Speed:     ev/sec=62742.9   simsec/sec=0.181487   ev/simsec=345716
     Messages:  created: 53017938   present: 7133   in FES: 148
** Event #42413824   t=453.751487316495   Elapsed: 1104.33s (18m 24s)  90% completed  (45% total)
     Speed:     ev/sec=57113.5   simsec/sec=0.110158   ev/simsec=518471
     Messages:  created: 53156250   present: 7142   in FES: 154
** Event #42539520   t=454.080679969578   Elapsed: 1106.34s (18m 26s)  90% completed  (45% total)
     Speed:     ev/sec=62725.4   simsec/sec=0.164275   ev/simsec=381831
     Messages:  created: 53325505   present: 7107   in FES: 125
** Event #42665216   t=454.439803854239   Elapsed: 1108.34s (18m 28s)  90% completed  (45% total)
     Speed:     ev/sec=62773.4   simsec/sec=0.179349   ev/simsec=350007
     Messages:  created: 53497108   present: 7125   in FES: 125
** Event #42781952   t=454.689399079983   Elapsed: 1110.34s (18m 30s)  90% completed  (45% total)
     Speed:     ev/sec=58277.9   simsec/sec=0.124605   ev/simsec=467701
     Messages:  created: 53640093   present: 7215   in FES: 155
** Event #42907392   t=455.039916116223   Elapsed: 1112.34s (18m 32s)  91% completed  (45% total)
     Speed:     ev/sec=62666.1   simsec/sec=0.175108   ev/simsec=357871
     Messages:  created: 53810156   present: 7234   in FES: 143
** Event #43033344   t=455.392396299115   Elapsed: 1114.35s (18m 34s)  91% completed  (45% total)
     Speed:     ev/sec=62859.3   simsec/sec=0.175913   ev/simsec=357331
     Messages:  created: 53980957   present: 7225   in FES: 137
** Event #43151616   t=455.655832930954   Elapsed: 1116.35s (18m 36s)  91% completed  (45% total)
     Speed:     ev/sec=59040.9   simsec/sec=0.131506   ev/simsec=448958
     Messages:  created: 54127907   present: 7314   in FES: 167
** Event #43277312   t=456.017828164008   Elapsed: 1118.35s (18m 38s)  91% completed  (45% total)
     Speed:     ev/sec=62795.4   simsec/sec=0.180846   ev/simsec=347231
     Messages:  created: 54299206   present: 7268   in FES: 184
** Event #43403520   t=456.368188059406   Elapsed: 1120.36s (18m 40s)  91% completed  (45% total)
     Speed:     ev/sec=62975.5   simsec/sec=0.174823   ev/simsec=360224
     Messages:  created: 54469299   present: 7245   in FES: 156
** Event #43522816   t=456.661194512672   Elapsed: 1122.36s (18m 42s)  91% completed  (45% total)
     Speed:     ev/sec=59593.8   simsec/sec=0.14637   ev/simsec=407145
     Messages:  created: 54624151   present: 7347   in FES: 155
** Event #43649792   t=457.031751032458   Elapsed: 1124.36s (18m 44s)  91% completed  (45% total)
     Speed:     ev/sec=63436.4   simsec/sec=0.185128   ev/simsec=342663
     Messages:  created: 54796752   present: 7377   in FES: 145
** Event #43776768   t=457.385313546176   Elapsed: 1126.36s (18m 46s)  91% completed  (45% total)
     Speed:     ev/sec=63420.6   simsec/sec=0.176594   ev/simsec=359133
     Messages:  created: 54968320   present: 7406   in FES: 155
** Event #43891968   t=457.645353890235   Elapsed: 1128.36s (18m 48s)  91% completed  (45% total)
     Speed:     ev/sec=57568.8   simsec/sec=0.12995   ev/simsec=443008
     Messages:  created: 55109984   present: 7437   in FES: 158
** Event #44017664   t=457.981954800027   Elapsed: 1130.37s (18m 50s)  91% completed  (45% total)
     Speed:     ev/sec=62730.2   simsec/sec=0.167985   ev/simsec=373427
     Messages:  created: 55282060   present: 7397   in FES: 154
** Event #44144128   t=458.328865235476   Elapsed: 1132.37s (18m 52s)  91% completed  (45% total)
     Speed:     ev/sec=63111.3   simsec/sec=0.173124   ev/simsec=364544
     Messages:  created: 55451844   present: 7491   in FES: 155
** Event #44264192   t=458.628331455001   Elapsed: 1134.37s (18m 54s)  91% completed  (45% total)
     Speed:     ev/sec=60025.6   simsec/sec=0.149717   ev/simsec=400927
     Messages:  created: 55604479   present: 7490   in FES: 155
** Event #44390400   t=458.983395005236   Elapsed: 1136.37s (18m 56s)  91% completed  (45% total)
     Speed:     ev/sec=63079.7   simsec/sec=0.177463   ev/simsec=355452
     Messages:  created: 55777216   present: 7499   in FES: 169
** Event #44515584   t=459.327409938561   Elapsed: 1138.38s (18m 58s)  91% completed  (45% total)
     Speed:     ev/sec=62503.9   simsec/sec=0.171765   ev/simsec=363891
     Messages:  created: 55945239   present: 7556   in FES: 155
** Event #44635904   t=459.634362179884   Elapsed: 1140.38s (19m 00s)  91% completed  (45% total)
     Speed:     ev/sec=60072.3   simsec/sec=0.153252   ev/simsec=391983
     Messages:  created: 56098655   present: 7540   in FES: 155
** Event #44762624   t=459.985899359943   Elapsed: 1142.38s (19m 02s)  91% completed  (45% total)
     Speed:     ev/sec=63239.6   simsec/sec=0.175435   ev/simsec=360474
     Messages:  created: 56272111   present: 7535   in FES: 155
** Event #44889088   t=460.330024653784   Elapsed: 1144.39s (19m 04s)  92% completed  (46% total)
     Speed:     ev/sec=63131.4   simsec/sec=0.171789   ev/simsec=367494
     Messages:  created: 56442019   present: 7635   in FES: 150
** Event #45009408   t=460.640016863823   Elapsed: 1146.39s (19m 06s)  92% completed  (46% total)
     Speed:     ev/sec=60128.9   simsec/sec=0.154916   ev/simsec=388139
     Messages:  created: 56596543   present: 7631   in FES: 146
** Event #45135104   t=460.996748625266   Elapsed: 1148.39s (19m 08s)  92% completed  (46% total)
     Speed:     ev/sec=62798.4   simsec/sec=0.178225   ev/simsec=352354
     Messages:  created: 56768641   present: 7667   in FES: 154
** Event #45262080   t=461.343676694799   Elapsed: 1150.39s (19m 10s)  92% completed  (46% total)
     Speed:     ev/sec=63451.1   simsec/sec=0.173363   ev/simsec=366001
     Messages:  created: 56939413   present: 7656   in FES: 155
** Event #45381120   t=461.637939625169   Elapsed: 1152.39s (19m 12s)  92% completed  (46% total)
     Speed:     ev/sec=59435.9   simsec/sec=0.146924   ev/simsec=404536
     Messages:  created: 57089297   present: 7730   in FES: 151
** Event #45506048   t=461.983450439152   Elapsed: 1154.39s (19m 14s)  92% completed  (46% total)
     Speed:     ev/sec=62419.5   simsec/sec=0.172632   ev/simsec=361575
     Messages:  created: 57260292   present: 7667   in FES: 155
** Event #45633024   t=462.332636539738   Elapsed: 1156.4s (19m 16s)  92% completed  (46% total)
     Speed:     ev/sec=63367.2   simsec/sec=0.174261   ev/simsec=363634
     Messages:  created: 57431059   present: 7759   in FES: 184
** Event #45754624   t=462.655119142874   Elapsed: 1158.4s (19m 18s)  92% completed  (46% total)
     Speed:     ev/sec=60697.5   simsec/sec=0.16097   ev/simsec=377075
     Messages:  created: 57589959   present: 7770   in FES: 154
** Event #45880832   t=463.025105961616   Elapsed: 1160.4s (19m 20s)  92% completed  (46% total)
     Speed:     ev/sec=63067.7   simsec/sec=0.184887   ev/simsec=341115
     Messages:  created: 57761887   present: 7829   in FES: 163
** Event #46006784   t=463.377605247176   Elapsed: 1162.4s (19m 22s)  92% completed  (46% total)
     Speed:     ev/sec=62952.8   simsec/sec=0.176185   ev/simsec=357311
     Messages:  created: 57931818   present: 7838   in FES: 153
** Event #46128128   t=463.677314513728   Elapsed: 1164.41s (19m 24s)  92% completed  (46% total)
     Speed:     ev/sec=60562.5   simsec/sec=0.149584   ev/simsec=404872
     Messages:  created: 58090078   present: 7864   in FES: 155
** Event #46253824   t=464.041882022639   Elapsed: 1166.41s (19m 26s)  92% completed  (46% total)
     Speed:     ev/sec=62826.7   simsec/sec=0.182222   ev/simsec=344781
     Messages:  created: 58260264   present: 7839   in FES: 130
** Event #46380288   t=464.402193196431   Elapsed: 1168.41s (19m 28s)  92% completed  (46% total)
     Speed:     ev/sec=63090   simsec/sec=0.179751   ev/simsec=350986
     Messages:  created: 58431937   present: 7816   in FES: 125
** Event #46499840   t=464.679434200413   Elapsed: 1170.41s (19m 30s)  92% completed  (46% total)
     Speed:     ev/sec=59753.5   simsec/sec=0.138568   ev/simsec=431220
     Messages:  created: 58584198   present: 7938   in FES: 155
** Event #46626048   t=465.043884742332   Elapsed: 1172.41s (19m 32s)  93% completed  (46% total)
     Speed:     ev/sec=63074.4   simsec/sec=0.18214   ev/simsec=346297
     Messages:  created: 58755089   present: 7916   in FES: 137
** Event #46753024   t=465.405301697323   Elapsed: 1174.42s (19m 34s)  93% completed  (46% total)
     Speed:     ev/sec=63401   simsec/sec=0.180461   ev/simsec=351328
     Messages:  created: 58927540   present: 7985   in FES: 184
** Event #46873600   t=465.68237625978   Elapsed: 1176.42s (19m 36s)  93% completed  (46% total)
     Speed:     ev/sec=60253.7   simsec/sec=0.138458   ev/simsec=435175
     Messages:  created: 59080824   present: 8032   in FES: 172
** Event #46999552   t=466.043264196178   Elapsed: 1178.42s (19m 38s)  93% completed  (46% total)
     Speed:     ev/sec=62853.8   simsec/sec=0.180094   ev/simsec=349006
     Messages:  created: 59251336   present: 8038   in FES: 156
** Event #47126016   t=466.405947882853   Elapsed: 1180.42s (19m 40s)  93% completed  (46% total)
     Speed:     ev/sec=63196.5   simsec/sec=0.18124   ev/simsec=348690
     Messages:  created: 59422850   present: 7964   in FES: 156
** Event #47248896   t=466.712302537667   Elapsed: 1182.43s (19m 42s)  93% completed  (46% total)
     Speed:     ev/sec=61333   simsec/sec=0.15291   ev/simsec=401104
     Messages:  created: 59584706   present: 8071   in FES: 146
** Event #47376384   t=467.079017605834   Elapsed: 1184.43s (19m 44s)  93% completed  (46% total)
     Speed:     ev/sec=63643.1   simsec/sec=0.183067   ev/simsec=347649
     Messages:  created: 59756693   present: 8187   in FES: 194
** Event #47503872   t=467.443372943529   Elapsed: 1186.43s (19m 46s)  93% completed  (46% total)
     Speed:     ev/sec=63663.9   simsec/sec=0.181949   ev/simsec=349900
     Messages:  created: 59930416   present: 8152   in FES: 164
** Event #47624960   t=467.739898388066   Elapsed: 1188.43s (19m 48s)  93% completed  (46% total)
     Speed:     ev/sec=60531.8   simsec/sec=0.148233   ev/simsec=408356
     Messages:  created: 60086010   present: 8139   in FES: 155
** Event #47752192   t=468.092143402477   Elapsed: 1190.43s (19m 50s)  93% completed  (46% total)
     Speed:     ev/sec=63592.3   simsec/sec=0.176057   ev/simsec=361203
     Messages:  created: 60257198   present: 8172   in FES: 146
** Event #47879680   t=468.461656235347   Elapsed: 1192.43s (19m 52s)  93% completed  (46% total)
     Speed:     ev/sec=63743.9   simsec/sec=0.184756   ev/simsec=345016
     Messages:  created: 60431321   present: 8189   in FES: 155
** Event #48000256   t=468.771896530666   Elapsed: 1194.43s (19m 54s)  93% completed  (46% total)
     Speed:     ev/sec=60276.2   simsec/sec=0.15509   ev/simsec=388654
     Messages:  created: 60587447   present: 8163   in FES: 156
** Event #48127744   t=469.125403973187   Elapsed: 1196.43s (19m 56s)  93% completed  (46% total)
     Speed:     ev/sec=63656.7   simsec/sec=0.176512   ev/simsec=360637
     Messages:  created: 60758712   present: 8255   in FES: 178
** Event #48255232   t=469.492326287227   Elapsed: 1198.44s (19m 58s)  93% completed  (46% total)
     Speed:     ev/sec=63674.1   simsec/sec=0.18326   ev/simsec=347452
     Messages:  created: 60933248   present: 8237   in FES: 155
** Event #48374272   t=469.74619063181   Elapsed: 1200.44s (20m 00s)  93% completed  (46% total)
     Speed:     ev/sec=59416   simsec/sec=0.12671   ev/simsec=468912
     Messages:  created: 61081281   present: 8240   in FES: 156
** Event #48501504   t=470.112256702419   Elapsed: 1202.44s (20m 02s)  94% completed  (47% total)
     Speed:     ev/sec=63532.6   simsec/sec=0.182793   ev/simsec=347566
     Messages:  created: 61252138   present: 8208   in FES: 156
** Event #48629248   t=470.480203353989   Elapsed: 1204.45s (20m 04s)  94% completed  (47% total)
     Speed:     ev/sec=63801.7   simsec/sec=0.183771   ev/simsec=347181
     Messages:  created: 61427059   present: 8301   in FES: 154
** Event #48750848   t=470.776677281096   Elapsed: 1206.45s (20m 06s)  94% completed  (47% total)
     Speed:     ev/sec=60746.7   simsec/sec=0.148107   ev/simsec=410154
     Messages:  created: 61582808   present: 8385   in FES: 184
** Event #48877824   t=471.134878667617   Elapsed: 1208.45s (20m 08s)  94% completed  (47% total)
     Speed:     ev/sec=63431.7   simsec/sec=0.178942   ev/simsec=354482
     Messages:  created: 61753386   present: 8387   in FES: 178
** Event #49005824   t=471.515653342562   Elapsed: 1210.45s (20m 10s)  94% completed  (47% total)
     Speed:     ev/sec=63942.2   simsec/sec=0.190215   ev/simsec=336157
     Messages:  created: 61928600   present: 8374   in FES: 184
** Event #49127168   t=471.804301047461   Elapsed: 1212.45s (20m 12s)  94% completed  (47% total)
     Speed:     ev/sec=60658   simsec/sec=0.144291   ev/simsec=420388
     Messages:  created: 62085174   present: 8477   in FES: 170
** Event #49254144   t=472.165139993937   Elapsed: 1214.45s (20m 14s)  94% completed  (47% total)
     Speed:     ev/sec=63376.9   simsec/sec=0.180104   ev/simsec=351891
     Messages:  created: 62255960   present: 8462   in FES: 151
** Event #49380608   t=472.533643464023   Elapsed: 1216.46s (20m 16s)  94% completed  (47% total)
     Speed:     ev/sec=63160.6   simsec/sec=0.184044   ev/simsec=343183
     Messages:  created: 62427318   present: 8512   in FES: 156
** Event #49499648   t=472.802405077463   Elapsed: 1218.46s (20m 18s)  94% completed  (47% total)
     Speed:     ev/sec=59472   simsec/sec=0.134272   ev/simsec=442920
     Messages:  created: 62578671   present: 8538   in FES: 154
** Event #49625600   t=473.161568223172   Elapsed: 1220.46s (20m 20s)  94% completed  (47% total)
     Speed:     ev/sec=62864.9   simsec/sec=0.179265   ev/simsec=350682
     Messages:  created: 62747896   present: 8534   in FES: 178
** Event #49751552   t=473.526513213484   Elapsed: 1222.46s (20m 22s)  94% completed  (47% total)
     Speed:     ev/sec=62917.2   simsec/sec=0.182302   ev/simsec=345126
     Messages:  created: 62918170   present: 8591   in FES: 150
** Event #49871872   t=473.791574626807   Elapsed: 1224.47s (20m 24s)  94% completed  (47% total)
     Speed:     ev/sec=60060.3   simsec/sec=0.132311   ev/simsec=453933
     Messages:  created: 63071409   present: 8608   in FES: 178
** Event #49999104   t=474.14962065838   Elapsed: 1226.47s (20m 26s)  94% completed  (47% total)
     Speed:     ev/sec=63508.2   simsec/sec=0.17872   ev/simsec=355351
     Messages:  created: 63242415   present: 8612   in FES: 155
** Event #50125056   t=474.525546861252   Elapsed: 1228.47s (20m 28s)  94% completed  (47% total)
     Speed:     ev/sec=62935   simsec/sec=0.187841   ev/simsec=335044
     Messages:  created: 63414830   present: 8630   in FES: 144
** Event #50249472   t=474.844934634684   Elapsed: 1230.47s (20m 30s)  94% completed  (47% total)
     Speed:     ev/sec=62196.8   simsec/sec=0.159665   ev/simsec=389545
     Messages:  created: 63580584   present: 8616   in FES: 136
** Event #50376448   t=475.202028645496   Elapsed: 1232.47s (20m 32s)  95% completed  (47% total)
     Speed:     ev/sec=63415.8   simsec/sec=0.178344   ev/simsec=355581
     Messages:  created: 63751139   present: 8625   in FES: 155
** Event #50500352   t=475.559348058637   Elapsed: 1234.48s (20m 34s)  95% completed  (47% total)
     Speed:     ev/sec=61897.7   simsec/sec=0.178503   ev/simsec=346760
     Messages:  created: 63915021   present: 8650   in FES: 125
** Event #50624768   t=475.889743139174   Elapsed: 1236.48s (20m 36s)  95% completed  (47% total)
     Speed:     ev/sec=62132.4   simsec/sec=0.164997   ev/simsec=376567
     Messages:  created: 64081615   present: 8691   in FES: 156
** Event #50750976   t=476.240078747349   Elapsed: 1238.48s (20m 38s)  95% completed  (47% total)
     Speed:     ev/sec=63034.8   simsec/sec=0.174976   ev/simsec=360249
     Messages:  created: 64251174   present: 8728   in FES: 140
** Event #50870784   t=476.563785459721   Elapsed: 1240.48s (20m 40s)  95% completed  (47% total)
     Speed:     ev/sec=59873.4   simsec/sec=0.161771   ev/simsec=370113
     Messages:  created: 64404978   present: 8840   in FES: 161
** Event #50996992   t=476.894821619336   Elapsed: 1242.48s (20m 42s)  95% completed  (47% total)
     Speed:     ev/sec=63031.8   simsec/sec=0.165329   ev/simsec=381251
     Messages:  created: 64574408   present: 8740   in FES: 128
** Event #51123456   t=477.250640588868   Elapsed: 1244.49s (20m 44s)  95% completed  (47% total)
     Speed:     ev/sec=63149.2   simsec/sec=0.177676   ev/simsec=355417
     Messages:  created: 64744527   present: 8788   in FES: 140
** Event #51243264   t=477.56595804312   Elapsed: 1246.49s (20m 46s)  95% completed  (47% total)
     Speed:     ev/sec=59869.3   simsec/sec=0.157567   ev/simsec=379960
     Messages:  created: 64898175   present: 8953   in FES: 158
** Event #51368192   t=477.880259486217   Elapsed: 1248.49s (20m 48s)  95% completed  (47% total)
     Speed:     ev/sec=62394.1   simsec/sec=0.156975   ev/simsec=397478
     Messages:  created: 65064959   present: 8895   in FES: 155
** Event #51494912   t=478.231000560764   Elapsed: 1250.49s (20m 50s)  95% completed  (47% total)
     Speed:     ev/sec=63359.4   simsec/sec=0.175369   ev/simsec=361292
     Messages:  created: 65235307   present: 8858   in FES: 156
** Event #51619328   t=478.589386567836   Elapsed: 1252.49s (20m 52s)  95% completed  (47% total)
     Speed:     ev/sec=62112.2   simsec/sec=0.178917   ev/simsec=347156
     Messages:  created: 65403292   present: 8962   in FES: 177
** Event #51743488   t=478.933072503558   Elapsed: 1254.5s (20m 54s)  95% completed  (47% total)
     Speed:     ev/sec=62034.8   simsec/sec=0.171718   ev/simsec=361260
     Messages:  created: 65569784   present: 8966   in FES: 156
** Event #51870464   t=479.296416143064   Elapsed: 1256.5s (20m 56s)  95% completed  (47% total)
     Speed:     ev/sec=63484.5   simsec/sec=0.181662   ev/simsec=349465
     Messages:  created: 65740542   present: 8993   in FES: 155
** Event #51992832   t=479.622853170257   Elapsed: 1258.5s (20m 58s)  95% completed  (47% total)
     Speed:     ev/sec=61138.8   simsec/sec=0.163098   ev/simsec=374859
     Messages:  created: 65901071   present: 9011   in FES: 157
** Event #52120320   t=479.991995703064   Elapsed: 1260.5s (21m 00s)  95% completed  (47% total)
     Speed:     ev/sec=63675   simsec/sec=0.184371   ev/simsec=345363
     Messages:  created: 66075706   present: 9042   in FES: 155
** Event #52247296   t=480.363752449962   Elapsed: 1262.5s (21m 02s)  96% completed  (48% total)
     Speed:     ev/sec=63479.1   simsec/sec=0.185852   ev/simsec=341557
     Messages:  created: 66246402   present: 9013   in FES: 183
** Event #52368640   t=480.660661791116   Elapsed: 1264.5s (21m 04s)  96% completed  (48% total)
     Speed:     ev/sec=60599   simsec/sec=0.148276   ev/simsec=408690
     Messages:  created: 66402747   present: 9104   in FES: 185
** Event #52495872   t=481.033600306902   Elapsed: 1266.5s (21m 06s)  96% completed  (48% total)
     Speed:     ev/sec=63548.4   simsec/sec=0.186271   ev/simsec=341161
     Messages:  created: 66575884   present: 9129   in FES: 185
** Event #52622080   t=481.392913182503   Elapsed: 1268.51s (21m 08s)  96% completed  (48% total)
     Speed:     ev/sec=63008.1   simsec/sec=0.179383   ev/simsec=351248
     Messages:  created: 66746597   present: 9104   in FES: 140
** Event #52738816   t=481.654347947973   Elapsed: 1270.51s (21m 10s)  96% completed  (48% total)
     Speed:     ev/sec=58356   simsec/sec=0.130691   ev/simsec=446521
     Messages:  created: 66889143   present: 9089   in FES: 129
** Event #52865792   t=481.993355605444   Elapsed: 1272.51s (21m 12s)  96% completed  (48% total)
     Speed:     ev/sec=63376   simsec/sec=0.169205   ev/simsec=374552
     Messages:  created: 67063153   present: 9171   in FES: 156
** Event #52993024   t=482.344886394507   Elapsed: 1274.51s (21m 14s)  96% completed  (48% total)
     Speed:     ev/sec=63551.7   simsec/sec=0.175588   ev/simsec=361937
     Messages:  created: 67234503   present: 9197   in FES: 186
** Event #53114624   t=482.671478839637   Elapsed: 1276.51s (21m 16s)  96% completed  (48% total)
     Speed:     ev/sec=60767.9   simsec/sec=0.16321   ev/simsec=372329
     Messages:  created: 67394384   present: 9205   in FES: 157
** Event #53241600   t=483.042437665966   Elapsed: 1278.52s (21m 18s)  96% completed  (48% total)
     Speed:     ev/sec=63348.1   simsec/sec=0.185071   ev/simsec=342291
     Messages:  created: 67566603   present: 9221   in FES: 158
** Event #53368576   t=483.407260331809   Elapsed: 1280.52s (21m 20s)  96% completed  (48% total)
     Speed:     ev/sec=63437.4   simsec/sec=0.182266   ev/simsec=348049
     Messages:  created: 67739305   present: 9238   in FES: 158
** Event #53491968   t=483.717384279614   Elapsed: 1282.52s (21m 22s)  96% completed  (48% total)
     Speed:     ev/sec=61647.7   simsec/sec=0.154941   ev/simsec=397880
     Messages:  created: 67902638   present: 9300   in FES: 186
** Event #53618688   t=484.097439667698   Elapsed: 1284.52s (21m 24s)  96% completed  (48% total)
     Speed:     ev/sec=63284   simsec/sec=0.1898   ev/simsec=333425
     Messages:  created: 68073428   present: 9261   in FES: 151
** Event #53737472   t=485.568086094098   Elapsed: 1286.53s (21m 26s)  97% completed  (48% total)
     Speed:     ev/sec=59290.3   simsec/sec=0.734065   ev/simsec=80769.9
     Messages:  created: 68208169   present: 9422   in FES: 168
** Event #53861120   t=487.120320985015   Elapsed: 1288.53s (21m 28s)  97% completed  (48% total)
     Speed:     ev/sec=61722.7   simsec/sec=0.774846   ev/simsec=79658
     Messages:  created: 68351670   present: 9312   in FES: 154
** Event #53983232   t=488.594179848871   Elapsed: 1290.54s (21m 30s)  97% completed  (48% total)
     Speed:     ev/sec=60824.7   simsec/sec=0.734138   ev/simsec=82851.9
     Messages:  created: 68494372   present: 9283   in FES: 153
** Event #54100992   t=489.782359012563   Elapsed: 1292.54s (21m 32s)  97% completed  (48% total)
     Speed:     ev/sec=58821.2   simsec/sec=0.593496   ev/simsec=99109.6
     Messages:  created: 68627890   present: 9304   in FES: 148
** Event #54225664   t=491.627783925654   Elapsed: 1294.54s (21m 34s)  98% completed  (49% total)
     Speed:     ev/sec=62253.8   simsec/sec=0.921496   ev/simsec=67557.3
     Messages:  created: 68776120   present: 9340   in FES: 164
** Event #54351616   t=493.513707914274   Elapsed: 1296.54s (21m 36s)  98% completed  (49% total)
     Speed:     ev/sec=62916.5   simsec/sec=0.942072   ev/simsec=66785.3
     Messages:  created: 68926913   present: 9303   in FES: 154
** Event #54466304   t=494.590787194442   Elapsed: 1298.55s (21m 38s)  98% completed  (49% total)
     Speed:     ev/sec=57268.3   simsec/sec=0.537829   ev/simsec=106481
     Messages:  created: 69051837   present: 9307   in FES: 153
** Event #54591488   t=496.426662255305   Elapsed: 1300.55s (21m 40s)  99% completed  (49% total)
     Speed:     ev/sec=62497.8   simsec/sec=0.916555   ev/simsec=68187.6
     Messages:  created: 69200076   present: 9233   in FES: 148
** Event #54707968   t=497.57634342123   Elapsed: 1302.55s (21m 42s)  99% completed  (49% total)
     Speed:     ev/sec=58177.8   simsec/sec=0.574226   ev/simsec=101315
     Messages:  created: 69328164   present: 9426   in FES: 154
** Event #54833408   t=499.430691002825   Elapsed: 1304.55s (21m 44s)  99% completed  (49% total)
     Speed:     ev/sec=62706.1   simsec/sec=0.926968   ev/simsec=67646.4
     Messages:  created: 69475637   present: 9308   in FES: 155
** Event #54882882   t=500   Elapsed: 1305.41s (21m 45s)  100% completed  (50% total)
     Speed:     ev/sec=57722.1   simsec/sec=0.663896   ev/simsec=86944.5
     Messages:  created: 69530969   present: 9215   in FES: 123

<!> Simulation time limit reached -- at t=500s, event #54882882
undisposed object: (omnetpp::cMessage) FanetSarNetwork.groundStation.app.debugTimer -- check module destructor
undisposed object: (omnetpp::cMessage) FanetSarNetwork.uav[0].app.debugTimer -- check module destructor
undisposed object: (omnetpp::cMessage) FanetSarNetwork.uav[1].app.debugTimer -- check module destructor
undisposed object: (omnetpp::cMessage) FanetSarNetwork.uav[2].app.debugTimer -- check module destructor
undisposed object: (omnetpp::cMessage) FanetSarNetwork.uav[3].app.debugTimer -- check module destructor
undisposed object: (omnetpp::cMessage) FanetSarNetwork.uav[4].app.debugTimer -- check module destructor
undisposed object: (omnetpp::cMessage) FanetSarNetwork.uav[5].app.debugTimer -- check module destructor
undisposed object: (omnetpp::cMessage) FanetSarNetwork.uav[6].app.debugTimer -- check module destructor
undisposed object: (omnetpp::cMessage) FanetSarNetwork.uav[7].app.debugTimer -- check module destructor
undisposed object: (omnetpp::cMessage) FanetSarNetwork.uav[8].app.debugTimer -- check module destructor
undisposed object: (omnetpp::cMessage) FanetSarNetwork.uav[9].app.debugTimer -- check module destructor
undisposed object: (omnetpp::cMessage) FanetSarNetwork.uav[10].app.debugTimer -- check module destructor
undisposed object: (omnetpp::cMessage) FanetSarNetwork.uav[11].app.debugTimer -- check module destructor
undisposed object: (omnetpp::cMessage) FanetSarNetwork.uav[12].app.debugTimer -- check module destructor
undisposed object: (omnetpp::cMessage) FanetSarNetwork.uav[13].app.debugTimer -- check module destructor
undisposed object: (omnetpp::cMessage) FanetSarNetwork.uav[14].app.debugTimer -- check module destructor
undisposed object: (omnetpp::cMessage) FanetSarNetwork.uav[15].app.debugTimer -- check module destructor
undisposed object: (omnetpp::cMessage) FanetSarNetwork.uav[16].app.debugTimer -- check module destructor
undisposed object: (omnetpp::cMessage) FanetSarNetwork.uav[17].app.debugTimer -- check module destructor
undisposed object: (omnetpp::cMessage) FanetSarNetwork.uav[18].app.debugTimer -- check module destructor
undisposed object: (omnetpp::cMessage) FanetSarNetwork.uav[19].app.debugTimer -- check module destructor
undisposed object: (omnetpp::cMessage) FanetSarNetwork.uav[20].app.debugTimer -- check module destructor
undisposed object: (omnetpp::cMessage) FanetSarNetwork.uav[21].app.debugTimer -- check module destructor
undisposed object: (omnetpp::cMessage) FanetSarNetwork.uav[22].app.debugTimer -- check module destructor
undisposed object: (omnetpp::cMessage) FanetSarNetwork.uav[23].app.debugTimer -- check module destructor
undisposed object: (omnetpp::cMessage) FanetSarNetwork.uav[24].app.debugTimer -- check module destructor
undisposed object: (omnetpp::cMessage) FanetSarNetwork.uav[25].app.debugTimer -- check module destructor
undisposed object: (omnetpp::cMessage) FanetSarNetwork.uav[26].app.debugTimer -- check module destructor
undisposed object: (omnetpp::cMessage) FanetSarNetwork.uav[27].app.debugTimer -- check module destructor
undisposed object: (omnetpp::cMessage) FanetSarNetwork.uav[28].app.debugTimer -- check module destructor
undisposed object: (omnetpp::cMessage) FanetSarNetwork.uav[29].app.debugTimer -- check module destructor
