** Event #0   t=0   Elapsed: 7e-06s (0m 00s)  0% completed  (50% total)
     Speed:     ev/sec=0   simsec/sec=0   ev/simsec=0
     Messages:  created: 1938   present: 1938   in FES: 306
** Event #56576   t=2.088680805739   Elapsed: 2.00085s (0m 02s)  0% completed  (50% total)
     Speed:     ev/sec=28276.6   simsec/sec=1.0439   ev/simsec=27087.4
     Messages:  created: 52742   present: 2013   in FES: 254
** Event #91136   t=3.567239520097   Elapsed: 4.00256s (0m 04s)  0% completed  (50% total)
     Speed:     ev/sec=17265.2   simsec/sec=0.738647   ev/simsec=23374.1
     Messages:  created: 83502   present: 1968   in FES: 245
** Event #132352   t=5.522122530649   Elapsed: 6.02368s (0m 06s)  1% completed  (50% total)
     Speed:     ev/sec=20392.6   simsec/sec=0.967226   ev/simsec=21083.6
     Messages:  created: 119212   present: 1979   in FES: 239
** Event #177152   t=7.520414342284   Elapsed: 8.03477s (0m 08s)  1% completed  (50% total)
     Speed:     ev/sec=22276.5   simsec/sec=0.993636   ev/simsec=22419.1
     Messages:  created: 159202   present: 1970   in FES: 240
** Event #223488   t=9.520788906214   Elapsed: 10.0479s (0m 10s)  1% completed  (50% total)
     Speed:     ev/sec=23017.2   simsec/sec=0.993677   ev/simsec=23163.7
     Messages:  created: 200653   present: 1926   in FES: 225
** Event #270848   t=11.522041748043   Elapsed: 12.0795s (0m 12s)  2% completed  (51% total)
     Speed:     ev/sec=23311.3   simsec/sec=0.985048   ev/simsec=23665.2
     Messages:  created: 243282   present: 1987   in FES: 257
** Event #318720   t=13.523980412832   Elapsed: 14.1053s (0m 14s)  2% completed  (51% total)
     Speed:     ev/sec=23631.4   simsec/sec=0.98823   ev/simsec=23912.8
     Messages:  created: 285819   present: 2000   in FES: 254
** Event #368128   t=15.530837860718   Elapsed: 16.128s (0m 16s)  3% completed  (51% total)
     Speed:     ev/sec=24426.5   simsec/sec=0.992158   ev/simsec=24619.6
     Messages:  created: 330442   present: 2132   in FES: 305
** Event #429312   t=18.519941405427   Elapsed: 18.1454s (0m 18s)  3% completed  (51% total)
     Speed:     ev/sec=30328.5   simsec/sec=1.48168   ev/simsec=20469
     Messages:  created: 385150   present: 1912   in FES: 223
** Event #477184   t=20.521783006527   Elapsed: 20.1667s (0m 20s)  4% completed  (52% total)
     Speed:     ev/sec=23683.4   simsec/sec=0.990358   ev/simsec=23914
     Messages:  created: 427967   present: 1959   in FES: 232
** Event #524800   t=22.523466891299   Elapsed: 22.1763s (0m 22s)  4% completed  (52% total)
     Speed:     ev/sec=23694.5   simsec/sec=0.996071   ev/simsec=23788
     Messages:  created: 470589   present: 1974   in FES: 232
** Event #569856   t=24.52212233295   Elapsed: 24.1816s (0m 24s)  4% completed  (52% total)
     Speed:     ev/sec=22468.5   simsec/sec=0.996688   ev/simsec=22543.2
     Messages:  created: 510915   present: 2016   in FES: 249
** Event #613888   t=26.520837658877   Elapsed: 26.2158s (0m 26s)  5% completed  (52% total)
     Speed:     ev/sec=21645.3   simsec/sec=0.982531   ev/simsec=22030.2
     Messages:  created: 550666   present: 2122   in FES: 305
** Event #656128   t=28.0864692817   Elapsed: 28.221s (0m 28s)  5% completed  (52% total)
     Speed:     ev/sec=21065.2   simsec/sec=0.780786   ev/simsec=26979.5
     Messages:  created: 588152   present: 1890   in FES: 213
** Event #704768   t=30.520651021548   Elapsed: 30.2453s (0m 30s)  6% completed  (53% total)
     Speed:     ev/sec=24028   simsec/sec=1.20248   ev/simsec=19982.1
     Messages:  created: 632477   present: 2002   in FES: 254
** Event #753152   t=32.524300912022   Elapsed: 32.2651s (0m 32s)  6% completed  (53% total)
     Speed:     ev/sec=23955.3   simsec/sec=0.992025   ev/simsec=24147.9
     Messages:  created: 676238   present: 1996   in FES: 239
** Event #802560   t=34.533123613711   Elapsed: 34.2694s (0m 34s)  6% completed  (53% total)
     Speed:     ev/sec=24650.6   simsec/sec=1.00224   ev/simsec=24595.5
     Messages:  created: 721240   present: 1934   in FES: 221
** Event #847360   t=36.528931713915   Elapsed: 36.2855s (0m 36s)  7% completed  (53% total)
     Speed:     ev/sec=22221.9   simsec/sec=0.989971   ev/simsec=22447
     Messages:  created: 761268   present: 2053   in FES: 254
** Event #891392   t=38.524837617928   Elapsed: 38.306s (0m 38s)  7% completed  (53% total)
     Speed:     ev/sec=21791.8   simsec/sec=0.987791   ev/simsec=22061.2
     Messages:  created: 800480   present: 1999   in FES: 255
** Event #936960   t=40.523208246961   Elapsed: 40.3163s (0m 40s)  8% completed  (54% total)
     Speed:     ev/sec=22667.9   simsec/sec=0.994092   ev/simsec=22802.6
     Messages:  created: 840954   present: 1997   in FES: 239
** Event #984064   t=42.524642904076   Elapsed: 42.3268s (0m 42s)  8% completed  (54% total)
     Speed:     ev/sec=23428.4   simsec/sec=0.995466   ev/simsec=23535.1
     Messages:  created: 882899   present: 2000   in FES: 238
** Event #1030656   t=44.52493170297   Elapsed: 44.3303s (0m 44s)  8% completed  (54% total)
     Speed:     ev/sec=23255.9   simsec/sec=0.998425   ev/simsec=23292.6
     Messages:  created: 924699   present: 2457   in FES: 389
** Event #1076480   t=46.523479365673   Elapsed: 46.3324s (0m 46s)  9% completed  (54% total)
     Speed:     ev/sec=22887.4   simsec/sec=0.9982   ev/simsec=22928.7
     Messages:  created: 964939   present: 2020   in FES: 254
** Event #1121024   t=48.520931683253   Elapsed: 48.3392s (0m 48s)  9% completed  (54% total)
     Speed:     ev/sec=22196.7   simsec/sec=0.99535   ev/simsec=22300.4
     Messages:  created: 1004274   present: 2314   in FES: 351
** Event #1166080   t=50.519127901146   Elapsed: 50.34s (0m 50s)  10% completed  (55% total)
     Speed:     ev/sec=22518.8   simsec/sec=0.998691   ev/simsec=22548.3
     Messages:  created: 1043881   present: 1876   in FES: 213
** Event #1210368   t=52.08504473435   Elapsed: 52.3418s (0m 52s)  10% completed  (55% total)
     Speed:     ev/sec=22124.1   simsec/sec=0.782256   ev/simsec=28282.5
     Messages:  created: 1082724   present: 1982   in FES: 245
** Event #1249280   t=54.032775277799   Elapsed: 54.3427s (0m 54s)  10% completed  (55% total)
     Speed:     ev/sec=19447.4   simsec/sec=0.973436   ev/simsec=19978.1
     Messages:  created: 1117392   present: 2129   in FES: 302
** Event #1292032   t=55.529800294998   Elapsed: 56.3578s (0m 56s)  11% completed  (55% total)
     Speed:     ev/sec=21215.5   simsec/sec=0.742894   ev/simsec=28558
     Messages:  created: 1155248   present: 2038   in FES: 245
** Event #1335552   t=57.523786581339   Elapsed: 58.363s (0m 58s)  11% completed  (55% total)
     Speed:     ev/sec=21703.7   simsec/sec=0.994412   ev/simsec=21825.6
     Messages:  created: 1193134   present: 2028   in FES: 249
** Event #1381632   t=59.522524655133   Elapsed: 60.3817s (1m 00s)  11% completed  (55% total)
     Speed:     ev/sec=22826.6   simsec/sec=0.990112   ev/simsec=23054.5
     Messages:  created: 1233742   present: 2092   in FES: 274
** Event #1427200   t=61.521254506707   Elapsed: 62.4069s (1m 02s)  12% completed  (56% total)
     Speed:     ev/sec=22500.6   simsec/sec=0.986934   ev/simsec=22798.5
     Messages:  created: 1273596   present: 2010   in FES: 250
** Event #1473792   t=63.520667611001   Elapsed: 64.4155s (1m 04s)  12% completed  (56% total)
     Speed:     ev/sec=23196.8   simsec/sec=0.99545   ev/simsec=23302.8
     Messages:  created: 1314623   present: 2001   in FES: 249
** Event #1515264   t=65.081015814249   Elapsed: 66.4193s (1m 06s)  13% completed  (56% total)
     Speed:     ev/sec=20695.9   simsec/sec=0.778667   ev/simsec=26578.7
     Messages:  created: 1351123   present: 1956   in FES: 254
** Event #1548032   t=66.524307690544   Elapsed: 68.4386s (1m 08s)  13% completed  (56% total)
     Speed:     ev/sec=16227.3   simsec/sec=0.714744   ev/simsec=22703.7
     Messages:  created: 1380025   present: 2028   in FES: 248
** Event #1592576   t=68.521931611109   Elapsed: 70.4579s (1m 10s)  13% completed  (56% total)
     Speed:     ev/sec=22059.9   simsec/sec=0.989301   ev/simsec=22298.5
     Messages:  created: 1419352   present: 2170   in FES: 301
** Event #1632768   t=70.078899451673   Elapsed: 72.4585s (1m 12s)  14% completed  (57% total)
     Speed:     ev/sec=20090.1   simsec/sec=0.778255   ev/simsec=25814.3
     Messages:  created: 1454224   present: 1933   in FES: 232
** Event #1668864   t=71.528928284289   Elapsed: 74.4603s (1m 14s)  14% completed  (57% total)
     Speed:     ev/sec=18031.7   simsec/sec=0.72436   ev/simsec=24893.3
     Messages:  created: 1486109   present: 2158   in FES: 288
** Event #1713408   t=73.524374586068   Elapsed: 76.4725s (1m 16s)  14% completed  (57% total)
     Speed:     ev/sec=22137.1   simsec/sec=0.99168   ev/simsec=22322.8
     Messages:  created: 1525130   present: 2009   in FES: 244
** Event #1759744   t=75.526837787669   Elapsed: 78.5006s (1m 18s)  15% completed  (57% total)
     Speed:     ev/sec=22846.6   simsec/sec=0.987341   ev/simsec=23139.5
     Messages:  created: 1566900   present: 2213   in FES: 356
** Event #1797888   t=77.081080187611   Elapsed: 80.5059s (1m 20s)  15% completed  (57% total)
     Speed:     ev/sec=19021.5   simsec/sec=0.775064   ev/simsec=24541.9
     Messages:  created: 1600254   present: 1982   in FES: 247
** Event #1831424   t=78.537730592943   Elapsed: 82.5335s (1m 22s)  15% completed  (57% total)
     Speed:     ev/sec=16539.5   simsec/sec=0.718401   ev/simsec=23022.7
     Messages:  created: 1630548   present: 1919   in FES: 226
** Event #1861632   t=80.032721257862   Elapsed: 84.5346s (1m 24s)  16% completed  (58% total)
     Speed:     ev/sec=15095.6   simsec/sec=0.747081   ev/simsec=20206.1
     Messages:  created: 1656517   present: 1849   in FES: 204
** Event #1903360   t=81.552358519228   Elapsed: 86.535s (1m 26s)  16% completed  (58% total)
     Speed:     ev/sec=20860.1   simsec/sec=0.759676   ev/simsec=27459.2
     Messages:  created: 1694260   present: 1906   in FES: 223
** Event #1945856   t=83.531445274608   Elapsed: 88.5404s (1m 28s)  16% completed  (58% total)
     Speed:     ev/sec=21191   simsec/sec=0.986891   ev/simsec=21472.5
     Messages:  created: 1733009   present: 1996   in FES: 254
** Event #1990144   t=85.522505124271   Elapsed: 90.5616s (1m 30s)  17% completed  (58% total)
     Speed:     ev/sec=21912   simsec/sec=0.985098   ev/simsec=22243.4
     Messages:  created: 1771676   present: 1997   in FES: 254
** Event #2035456   t=87.520183202286   Elapsed: 92.5837s (1m 32s)  17% completed  (58% total)
     Speed:     ev/sec=22408.4   simsec/sec=0.987923   ev/simsec=22682.3
     Messages:  created: 1811771   present: 1861   in FES: 204
** Event #2074368   t=89.072672727147   Elapsed: 94.5855s (1m 34s)  17% completed  (58% total)
     Speed:     ev/sec=19437.8   simsec/sec=0.775517   ev/simsec=25064.3
     Messages:  created: 1846925   present: 1998   in FES: 254
** Event #2125824   t=91.521931601072   Elapsed: 96.5967s (1m 36s)  18% completed  (59% total)
     Speed:     ev/sec=25585.3   simsec/sec=1.21784   ev/simsec=21008.8
     Messages:  created: 1894295   present: 2016   in FES: 252
** Event #2176768   t=93.559278328854   Elapsed: 98.6095s (1m 38s)  18% completed  (59% total)
     Speed:     ev/sec=25310.2   simsec/sec=1.0122   ev/simsec=25005.1
     Messages:  created: 1941422   present: 1926   in FES: 225
** Event #2235136   t=96.514022228176   Elapsed: 100.614s (1m 40s)  19% completed  (59% total)
     Speed:     ev/sec=29119.1   simsec/sec=1.47409   ev/simsec=19754
     Messages:  created: 1993857   present: 1948   in FES: 254
** Event #2284800   t=98.524931631194   Elapsed: 102.617s (1m 42s)  19% completed  (59% total)
     Speed:     ev/sec=24791.3   simsec/sec=1.00381   ev/simsec=24697.3
     Messages:  created: 2039551   present: 2332   in FES: 354
** Event #2340352   t=100.516317275319   Elapsed: 104.637s (1m 44s)  20% completed  (60% total)
     Speed:     ev/sec=27503.5   simsec/sec=0.985923   ev/simsec=27896.2
     Messages:  created: 2094061   present: 1870   in FES: 212
** Event #2427392   t=101.463118985678   Elapsed: 106.639s (1m 46s)  20% completed  (60% total)
     Speed:     ev/sec=43483.8   simsec/sec=0.473007   ev/simsec=91930.5
     Messages:  created: 2202329   present: 1940   in FES: 255
** Event #2499072   t=102.123310063961   Elapsed: 108.641s (1m 48s)  20% completed  (60% total)
     Speed:     ev/sec=35795.9   simsec/sec=0.32969   ev/simsec=108575
     Messages:  created: 2288980   present: 2269   in FES: 293
** Event #2585600   t=102.522788959913   Elapsed: 110.65s (1m 50s)  20% completed  (60% total)
     Speed:     ev/sec=43082.3   simsec/sec=0.1989   ev/simsec=216602
     Messages:  created: 2405432   present: 2131   in FES: 247
** Event #2678784   t=103.425378037327   Elapsed: 112.652s (1m 52s)  20% completed  (60% total)
     Speed:     ev/sec=46533.2   simsec/sec=0.450725   ev/simsec=103241
     Messages:  created: 2522932   present: 2181   in FES: 270
** Event #2763008   t=104.175795680045   Elapsed: 114.653s (1m 54s)  20% completed  (60% total)
     Speed:     ev/sec=42102.8   simsec/sec=0.375127   ev/simsec=112236
     Messages:  created: 2627433   present: 2251   in FES: 270
** Event #2839296   t=104.99667223854   Elapsed: 116.655s (1m 56s)  20% completed  (60% total)
     Speed:     ev/sec=38106   simsec/sec=0.410029   ev/simsec=92934.8
     Messages:  created: 2728031   present: 2312   in FES: 288
** Event #2932224   t=105.398550175204   Elapsed: 118.657s (1m 58s)  21% completed  (60% total)
     Speed:     ev/sec=46399   simsec/sec=0.200658   ev/simsec=231234
     Messages:  created: 2850129   present: 2280   in FES: 224
** Event #3012096   t=105.519363352348   Elapsed: 120.66s (2m 00s)  21% completed  (60% total)
     Speed:     ev/sec=39875.1   simsec/sec=0.0603145   ev/simsec=661120
     Messages:  created: 2961218   present: 2360   in FES: 272
** Event #3078144   t=105.608679469637   Elapsed: 122.662s (2m 02s)  21% completed  (60% total)
     Speed:     ev/sec=32993.5   simsec/sec=0.0446168   ev/simsec=739486
     Messages:  created: 3049265   present: 2433   in FES: 262
** Event #3170304   t=105.745977253041   Elapsed: 124.663s (2m 04s)  21% completed  (60% total)
     Speed:     ev/sec=46059.1   simsec/sec=0.0686178   ev/simsec=671242
     Messages:  created: 3178258   present: 2439   in FES: 278
** Event #3275776   t=105.901741218808   Elapsed: 126.666s (2m 06s)  21% completed  (60% total)
     Speed:     ev/sec=52662.9   simsec/sec=0.0777741   ev/simsec=677127
     Messages:  created: 3325924   present: 2493   in FES: 303
** Event #3380992   t=106.515966825095   Elapsed: 128.696s (2m 08s)  21% completed  (60% total)
     Speed:     ev/sec=51821.4   simsec/sec=0.302521   ev/simsec=171299
     Messages:  created: 3465459   present: 2597   in FES: 303
** Event #3443968   t=107.085045140806   Elapsed: 130.701s (2m 10s)  21% completed  (60% total)
     Speed:     ev/sec=31422   simsec/sec=0.283942   ev/simsec=110663
     Messages:  created: 3542286   present: 2618   in FES: 280
** Event #3496192   t=107.541973237224   Elapsed: 132.703s (2m 12s)  21% completed  (60% total)
     Speed:     ev/sec=26073.4   simsec/sec=0.228127   ev/simsec=114294
     Messages:  created: 3609615   present: 2609   in FES: 252
** Event #3585536   t=108.498623614048   Elapsed: 134.703s (2m 14s)  21% completed  (60% total)
     Speed:     ev/sec=44671.7   simsec/sec=0.478322   ev/simsec=93392.5
     Messages:  created: 3725981   present: 2520   in FES: 249
** Event #3638528   t=108.999550000531   Elapsed: 136.704s (2m 16s)  21% completed  (60% total)
     Speed:     ev/sec=26488.7   simsec/sec=0.250394   ev/simsec=105788
     Messages:  created: 3794288   present: 2532   in FES: 310
** Event #3708160   t=109.534888414539   Elapsed: 138.716s (2m 18s)  21% completed  (60% total)
     Speed:     ev/sec=34601.1   simsec/sec=0.266017   ev/simsec=130071
     Messages:  created: 3880635   present: 2617   in FES: 279
** Event #3800576   t=110.50467421199   Elapsed: 140.722s (2m 20s)  22% completed  (61% total)
     Speed:     ev/sec=46087.2   simsec/sec=0.483625   ev/simsec=95295.3
     Messages:  created: 4000341   present: 2699   in FES: 237
** Event #3858688   t=111.017979073679   Elapsed: 142.723s (2m 22s)  22% completed  (61% total)
     Speed:     ev/sec=29042.3   simsec/sec=0.256531   ev/simsec=113211
     Messages:  created: 4075767   present: 2890   in FES: 268
** Event #3927808   t=111.635202945539   Elapsed: 144.724s (2m 24s)  22% completed  (61% total)
     Speed:     ev/sec=34529.8   simsec/sec=0.308343   ev/simsec=111985
     Messages:  created: 4160759   present: 2913   in FES: 248
** Event #4028416   t=112.259637730615   Elapsed: 146.726s (2m 26s)  22% completed  (61% total)
     Speed:     ev/sec=50267.2   simsec/sec=0.311989   ev/simsec=161119
     Messages:  created: 4292895   present: 3158   in FES: 287
** Event #4067840   t=112.638760128096   Elapsed: 148.727s (2m 28s)  22% completed  (61% total)
     Speed:     ev/sec=19696.2   simsec/sec=0.18941   ev/simsec=103988
     Messages:  created: 4341335   present: 3221   in FES: 320
** Event #4156160   t=113.50745594633   Elapsed: 150.728s (2m 30s)  22% completed  (61% total)
     Speed:     ev/sec=44153.4   simsec/sec=0.434283   ev/simsec=101670
     Messages:  created: 4456376   present: 3405   in FES: 286
** Event #4190208   t=113.760680780308   Elapsed: 152.732s (2m 32s)  22% completed  (61% total)
     Speed:     ev/sec=16990.6   simsec/sec=0.126364   ev/simsec=134458
     Messages:  created: 4497212   present: 2746   in FES: 265
** Event #4270080   t=114.522934678193   Elapsed: 154.75s (2m 34s)  22% completed  (61% total)
     Speed:     ev/sec=39569.1   simsec/sec=0.377626   ev/simsec=104784
     Messages:  created: 4598817   present: 2495   in FES: 254
** Event #4308224   t=114.895654761555   Elapsed: 156.756s (2m 36s)  22% completed  (61% total)
     Speed:     ev/sec=19015.3   simsec/sec=0.185806   ev/simsec=102340
     Messages:  created: 4645739   present: 2526   in FES: 215
** Event #4381696   t=115.53010686986   Elapsed: 158.79s (2m 38s)  23% completed  (61% total)
     Speed:     ev/sec=36116.5   simsec/sec=0.311876   ev/simsec=115804
     Messages:  created: 4736983   present: 2630   in FES: 223
** Event #4408576   t=115.760302500851   Elapsed: 160.792s (2m 40s)  23% completed  (61% total)
     Speed:     ev/sec=13428   simsec/sec=0.114995   ev/simsec=116770
     Messages:  created: 4769171   present: 2786   in FES: 255
** Event #4489472   t=116.526975269263   Elapsed: 162.808s (2m 42s)  23% completed  (61% total)
     Speed:     ev/sec=40134.1   simsec/sec=0.380361   ev/simsec=105516
     Messages:  created: 4870967   present: 2763   in FES: 208
** Event #4499968   t=116.557256331718   Elapsed: 164.846s (2m 44s)  23% completed  (61% total)
     Speed:     ev/sec=5150.95   simsec/sec=0.0148605   ev/simsec=346619
     Messages:  created: 4879458   present: 2855   in FES: 233
** Event #4585984   t=117.398049568419   Elapsed: 166.847s (2m 46s)  23% completed  (61% total)
     Speed:     ev/sec=42987.4   simsec/sec=0.420195   ev/simsec=102303
     Messages:  created: 4988797   present: 3120   in FES: 254
** Event #4608000   t=117.548654443654   Elapsed: 168.865s (2m 48s)  23% completed  (61% total)
     Speed:     ev/sec=10906.5   simsec/sec=0.0746081   ev/simsec=146184
     Messages:  created: 5013726   present: 3016   in FES: 222
** Event #4686848   t=118.263810909268   Elapsed: 170.867s (2m 50s)  23% completed  (61% total)
     Speed:     ev/sec=39390.8   simsec/sec=0.357277   ev/simsec=110253
     Messages:  created: 5111905   present: 3273   in FES: 254
** Event #4718336   t=118.55006981363   Elapsed: 172.887s (2m 52s)  23% completed  (61% total)
     Speed:     ev/sec=15584.6   simsec/sec=0.14168   ev/simsec=109998
     Messages:  created: 5150220   present: 3272   in FES: 254
** Event #4799232   t=119.383508871034   Elapsed: 174.888s (2m 54s)  23% completed  (61% total)
     Speed:     ev/sec=40429.9   simsec/sec=0.416533   ev/simsec=97062.9
     Messages:  created: 5250856   present: 3325   in FES: 215
** Event #4827648   t=119.547669090592   Elapsed: 176.892s (2m 56s)  23% completed  (61% total)
     Speed:     ev/sec=14182.7   simsec/sec=0.0819338   ev/simsec=173099
     Messages:  created: 5285736   present: 3356   in FES: 208
** Event #4890368   t=120.135983897364   Elapsed: 178.895s (2m 58s)  24% completed  (62% total)
     Speed:     ev/sec=31305.8   simsec/sec=0.293649   ev/simsec=106610
     Messages:  created: 5360736   present: 3593   in FES: 254
** Event #4937984   t=120.547609185039   Elapsed: 180.925s (3m 00s)  24% completed  (62% total)
     Speed:     ev/sec=23456.1   simsec/sec=0.202771   ev/simsec=115678
     Messages:  created: 5422106   present: 3552   in FES: 210
** Event #4994816   t=121.079799485046   Elapsed: 182.927s (3m 02s)  24% completed  (62% total)
     Speed:     ev/sec=28390.9   simsec/sec=0.26586   ev/simsec=106789
     Messages:  created: 5491632   present: 3736   in FES: 240
** Event #5045760   t=121.539970822687   Elapsed: 184.927s (3m 04s)  24% completed  (62% total)
     Speed:     ev/sec=25471   simsec/sec=0.230077   ev/simsec=110707
     Messages:  created: 5556322   present: 3849   in FES: 249
** Event #5098496   t=122.038158548688   Elapsed: 186.93s (3m 06s)  24% completed  (62% total)
     Speed:     ev/sec=26325   simsec/sec=0.248688   ev/simsec=105856
     Messages:  created: 5622929   present: 3898   in FES: 233
** Event #5155584   t=122.536972662324   Elapsed: 188.959s (3m 08s)  24% completed  (62% total)
     Speed:     ev/sec=28141.8   simsec/sec=0.245893   ev/simsec=114447
     Messages:  created: 5692273   present: 3929   in FES: 210
** Event #5202688   t=123.011478110926   Elapsed: 190.959s (3m 10s)  24% completed  (62% total)
     Speed:     ev/sec=23551.4   simsec/sec=0.237247   ev/simsec=99269.7
     Messages:  created: 5753572   present: 4204   in FES: 281
** Event #5263616   t=123.527623843326   Elapsed: 192.968s (3m 12s)  24% completed  (62% total)
     Speed:     ev/sec=30333.1   simsec/sec=0.256964   ev/simsec=118044
     Messages:  created: 5826845   present: 4167   in FES: 226
** Event #5302016   t=123.899982801778   Elapsed: 194.975s (3m 14s)  24% completed  (62% total)
     Speed:     ev/sec=19125.2   simsec/sec=0.185454   ev/simsec=103126
     Messages:  created: 5874667   present: 4334   in FES: 288
** Event #5374208   t=124.527982697849   Elapsed: 196.995s (3m 16s)  24% completed  (62% total)
     Speed:     ev/sec=35752.3   simsec/sec=0.31101   ev/simsec=114955
     Messages:  created: 5963427   present: 4370   in FES: 229
** Event #5405952   t=124.886313561633   Elapsed: 198.998s (3m 18s)  24% completed  (62% total)
     Speed:     ev/sec=15843.7   simsec/sec=0.178846   ev/simsec=88588.5
     Messages:  created: 6001981   present: 4413   in FES: 220
** Event #5482752   t=125.529486826433   Elapsed: 201.001s (3m 21s)  25% completed  (62% total)
     Speed:     ev/sec=38345.6   simsec/sec=0.321131   ev/simsec=119408
     Messages:  created: 6097513   present: 4631   in FES: 254
** Event #5518336   t=125.896689171675   Elapsed: 203.006s (3m 23s)  25% completed  (62% total)
     Speed:     ev/sec=17751.4   simsec/sec=0.183182   ev/simsec=96905.7
     Messages:  created: 6141892   present: 4675   in FES: 228
** Event #5587712   t=126.53146499531   Elapsed: 205.039s (3m 25s)  25% completed  (62% total)
     Speed:     ev/sec=34122.9   simsec/sec=0.312217   ev/simsec=109292
     Messages:  created: 6227769   present: 4797   in FES: 254
** Event #5630976   t=127.009848593738   Elapsed: 207.041s (3m 27s)  25% completed  (62% total)
     Speed:     ev/sec=21610.5   simsec/sec=0.238954   ev/simsec=90437.9
     Messages:  created: 6283738   present: 4959   in FES: 254
** Event #5689088   t=127.544828728594   Elapsed: 209.065s (3m 29s)  25% completed  (62% total)
     Speed:     ev/sec=28709.5   simsec/sec=0.2643   ev/simsec=108625
     Messages:  created: 6354326   present: 4968   in FES: 255
** Event #5734400   t=128.024466055662   Elapsed: 211.068s (3m 31s)  25% completed  (62% total)
     Speed:     ev/sec=22619.4   simsec/sec=0.239431   ev/simsec=94471.4
     Messages:  created: 6412629   present: 5063   in FES: 238
** Event #5788672   t=128.56723961855   Elapsed: 213.07s (3m 33s)  25% completed  (62% total)
     Speed:     ev/sec=27112.3   simsec/sec=0.27115   ev/simsec=99990.1
     Messages:  created: 6478033   present: 5181   in FES: 244
** Event #5851648   t=129.25105740469   Elapsed: 215.073s (3m 35s)  25% completed  (62% total)
     Speed:     ev/sec=31440.6   simsec/sec=0.341394   ev/simsec=92094.7
     Messages:  created: 6557204   present: 5360   in FES: 254
** Event #5884160   t=129.581000148163   Elapsed: 217.073s (3m 37s)  25% completed  (62% total)
     Speed:     ev/sec=16254.2   simsec/sec=0.164954   ev/simsec=98538.3
     Messages:  created: 6597836   present: 5390   in FES: 250
** Event #5952512   t=130.38350668183   Elapsed: 219.075s (3m 39s)  26% completed  (63% total)
     Speed:     ev/sec=34151.6   simsec/sec=0.400967   ev/simsec=85173.1
     Messages:  created: 6684935   present: 5556   in FES: 263
** Event #5988864   t=130.64869974151   Elapsed: 221.078s (3m 41s)  26% completed  (63% total)
     Speed:     ev/sec=18148.1   simsec/sec=0.132393   ev/simsec=137077
     Messages:  created: 6729282   present: 5638   in FES: 272
** Event #6070016   t=131.546730773726   Elapsed: 223.08s (3m 43s)  26% completed  (63% total)
     Speed:     ev/sec=40531.3   simsec/sec=0.448521   ev/simsec=90366.6
     Messages:  created: 6832634   present: 5730   in FES: 236
** Event #6138624   t=132.260690032501   Elapsed: 225.085s (3m 45s)  26% completed  (63% total)
     Speed:     ev/sec=34211.7   simsec/sec=0.35602   ev/simsec=96095.1
     Messages:  created: 6918441   present: 5909   in FES: 252
** Event #6172672   t=132.637343947666   Elapsed: 227.09s (3m 47s)  26% completed  (63% total)
     Speed:     ev/sec=16985.6   simsec/sec=0.187903   ev/simsec=90396
     Messages:  created: 6959579   present: 6012   in FES: 260
** Event #6257152   t=133.531603638192   Elapsed: 229.12s (3m 49s)  26% completed  (63% total)
     Speed:     ev/sec=41615.5   simsec/sec=0.440519   ev/simsec=94469.2
     Messages:  created: 7068668   present: 6107   in FES: 230
** Event #6328832   t=134.262673290687   Elapsed: 231.121s (3m 51s)  26% completed  (63% total)
     Speed:     ev/sec=35816.1   simsec/sec=0.365291   ev/simsec=98048.1
     Messages:  created: 7158028   present: 6308   in FES: 239
** Event #6376192   t=134.763217176807   Elapsed: 233.124s (3m 53s)  26% completed  (63% total)
     Speed:     ev/sec=23647.4   simsec/sec=0.249927   ev/simsec=94617.1
     Messages:  created: 7217652   present: 6436   in FES: 272
** Event #6450176   t=135.571391401289   Elapsed: 235.125s (3m 55s)  27% completed  (63% total)
     Speed:     ev/sec=36963.5   simsec/sec=0.403776   ev/simsec=91544.6
     Messages:  created: 7309703   present: 6503   in FES: 236
** Event #6539008   t=136.52762300881   Elapsed: 237.151s (3m 57s)  27% completed  (63% total)
     Speed:     ev/sec=43861.8   simsec/sec=0.47215   ev/simsec=92898
     Messages:  created: 7423811   present: 6708   in FES: 241
** Event #6609664   t=137.257863018205   Elapsed: 239.151s (3m 59s)  27% completed  (63% total)
     Speed:     ev/sec=35323.2   simsec/sec=0.365071   ev/simsec=96757.2
     Messages:  created: 7510976   present: 6898   in FES: 255
** Event #6667008   t=137.701821128612   Elapsed: 241.154s (4m 01s)  27% completed  (63% total)
     Speed:     ev/sec=28626   simsec/sec=0.221623   ev/simsec=129165
     Messages:  created: 7584172   present: 6920   in FES: 255
** Event #6772736   t=138.301800619962   Elapsed: 243.158s (4m 03s)  27% completed  (63% total)
     Speed:     ev/sec=52760.8   simsec/sec=0.299404   ev/simsec=176219
     Messages:  created: 7724077   present: 6920   in FES: 228
** Event #6833664   t=138.648849201501   Elapsed: 245.159s (4m 05s)  27% completed  (63% total)
     Speed:     ev/sec=30448.8   simsec/sec=0.173438   ev/simsec=175560
     Messages:  created: 7802408   present: 6961   in FES: 240
** Event #6912512   t=139.133798876283   Elapsed: 247.161s (4m 07s)  27% completed  (63% total)
     Speed:     ev/sec=39391.6   simsec/sec=0.242276   ev/simsec=162590
     Messages:  created: 7904992   present: 6994   in FES: 256
** Event #6988544   t=139.553244161899   Elapsed: 249.161s (4m 09s)  27% completed  (63% total)
     Speed:     ev/sec=38004.4   simsec/sec=0.209659   ev/simsec=181268
     Messages:  created: 8006974   present: 7072   in FES: 286
** Event #7071232   t=140.048991819314   Elapsed: 251.162s (4m 11s)  28% completed  (64% total)
     Speed:     ev/sec=41333.1   simsec/sec=0.247808   ev/simsec=166795
     Messages:  created: 8115910   present: 7120   in FES: 269
** Event #7146496   t=140.515463867794   Elapsed: 253.166s (4m 13s)  28% completed  (64% total)
     Speed:     ev/sec=37549.9   simsec/sec=0.232727   ev/simsec=161347
     Messages:  created: 8216343   present: 7066   in FES: 216
** Event #7196672   t=140.786414769597   Elapsed: 255.173s (4m 15s)  28% completed  (64% total)
     Speed:     ev/sec=25009.2   simsec/sec=0.13505   ev/simsec=185185
     Messages:  created: 8279905   present: 7130   in FES: 265
** Event #7307264   t=141.497064078622   Elapsed: 257.173s (4m 17s)  28% completed  (64% total)
     Speed:     ev/sec=55279.9   simsec/sec=0.355221   ev/simsec=155621
     Messages:  created: 8426252   present: 7162   in FES: 254
** Event #7344640   t=141.649038307181   Elapsed: 259.176s (4m 19s)  28% completed  (64% total)
     Speed:     ev/sec=18664.1   simsec/sec=0.0758898   ev/simsec=245936
     Messages:  created: 8472451   present: 7221   in FES: 254
** Event #7454976   t=142.320289552287   Elapsed: 261.179s (4m 21s)  28% completed  (64% total)
     Speed:     ev/sec=55064.9   simsec/sec=0.334999   ev/simsec=164374
     Messages:  created: 8618585   present: 7179   in FES: 254
** Event #7520768   t=142.707618471796   Elapsed: 263.181s (4m 23s)  28% completed  (64% total)
     Speed:     ev/sec=32872   simsec/sec=0.193523   ev/simsec=169861
     Messages:  created: 8703656   present: 7263   in FES: 248
** Event #7633408   t=143.396902350065   Elapsed: 265.183s (4m 25s)  28% completed  (64% total)
     Speed:     ev/sec=56249.7   simsec/sec=0.344212   ev/simsec=163416
     Messages:  created: 8853251   present: 7365   in FES: 260
** Event #7672576   t=143.59593220488   Elapsed: 267.189s (4m 27s)  28% completed  (64% total)
     Speed:     ev/sec=19531.7   simsec/sec=0.0992492   ev/simsec=196795
     Messages:  created: 8901439   present: 7300   in FES: 244
** Event #7777024   t=144.246195881344   Elapsed: 269.193s (4m 29s)  28% completed  (64% total)
     Speed:     ev/sec=52102.4   simsec/sec=0.324375   ev/simsec=160624
     Messages:  created: 9039201   present: 7316   in FES: 243
** Event #7838208   t=144.580354601176   Elapsed: 271.199s (4m 31s)  28% completed  (64% total)
     Speed:     ev/sec=30513.8   simsec/sec=0.166652   ev/simsec=183099
     Messages:  created: 9119667   present: 7364   in FES: 249
** Event #7926016   t=145.096455651591   Elapsed: 273.203s (4m 33s)  29% completed  (64% total)
     Speed:     ev/sec=43813.5   simsec/sec=0.257519   ev/simsec=170137
     Messages:  created: 9233585   present: 7377   in FES: 241
** Event #8003584   t=145.563144011923   Elapsed: 275.21s (4m 35s)  29% completed  (64% total)
     Speed:     ev/sec=38644.1   simsec/sec=0.232503   ev/simsec=166209
     Messages:  created: 9337287   present: 7390   in FES: 237
** Event #8099328   t=146.145509731596   Elapsed: 277.211s (4m 37s)  29% completed  (64% total)
     Speed:     ev/sec=47850.3   simsec/sec=0.291051   ev/simsec=164405
     Messages:  created: 9461716   present: 7490   in FES: 256
** Event #8173056   t=146.58238122463   Elapsed: 279.215s (4m 39s)  29% completed  (64% total)
     Speed:     ev/sec=36778.3   simsec/sec=0.217928   ev/simsec=168764
     Messages:  created: 9559222   present: 7500   in FES: 255
** Event #8270848   t=147.157036371027   Elapsed: 281.219s (4m 41s)  29% completed  (64% total)
     Speed:     ev/sec=48820.5   simsec/sec=0.286884   ev/simsec=170175
     Messages:  created: 9687422   present: 7575   in FES: 255
** Event #8333824   t=147.554016834249   Elapsed: 283.236s (4m 43s)  29% completed  (64% total)
     Speed:     ev/sec=31209.7   simsec/sec=0.196736   ev/simsec=158638
     Messages:  created: 9771253   present: 7526   in FES: 228
** Event #8423424   t=148.096883627578   Elapsed: 285.238s (4m 45s)  29% completed  (64% total)
     Speed:     ev/sec=44757.2   simsec/sec=0.271174   ev/simsec=165050
     Messages:  created: 9887781   present: 7617   in FES: 287
** Event #8503040   t=148.584041062534   Elapsed: 287.246s (4m 47s)  29% completed  (64% total)
     Speed:     ev/sec=39651.4   simsec/sec=0.24262   ev/simsec=163430
     Messages:  created: 9993344   present: 7610   in FES: 246
** Event #8612096   t=149.259643185067   Elapsed: 289.247s (4m 49s)  29% completed  (64% total)
     Speed:     ev/sec=54493.5   simsec/sec=0.337588   ev/simsec=161420
     Messages:  created: 10138339   present: 7663   in FES: 241
** Event #8686080   t=149.75044110834   Elapsed: 291.251s (4m 51s)  29% completed  (64% total)
     Speed:     ev/sec=36930.3   simsec/sec=0.24499   ev/simsec=150742
     Messages:  created: 10236066   present: 7720   in FES: 254
** Event #8796928   t=150.514481844434   Elapsed: 293.255s (4m 53s)  30% completed  (65% total)
     Speed:     ev/sec=55319.7   simsec/sec=0.381302   ev/simsec=145081
     Messages:  created: 10385686   present: 7790   in FES: 254
** Event #8882688   t=151.081069879178   Elapsed: 295.257s (4m 55s)  30% completed  (65% total)
     Speed:     ev/sec=42838   simsec/sec=0.283017   ev/simsec=151362
     Messages:  created: 10497491   present: 7793   in FES: 244
** Event #8973312   t=151.757870445641   Elapsed: 297.258s (4m 57s)  30% completed  (65% total)
     Speed:     ev/sec=45282   simsec/sec=0.338177   ev/simsec=133901
     Messages:  created: 10618528   present: 7880   in FES: 238
** Event #9079552   t=152.568679560627   Elapsed: 299.262s (4m 59s)  30% completed  (65% total)
     Speed:     ev/sec=52998.9   simsec/sec=0.404481   ev/simsec=131030
     Messages:  created: 10759545   present: 7935   in FES: 245
** Event #9189888   t=153.447897485208   Elapsed: 301.265s (5m 01s)  30% completed  (65% total)
     Speed:     ev/sec=55090.1   simsec/sec=0.438988   ev/simsec=125493
     Messages:  created: 10906331   present: 7913   in FES: 225
** Event #9285632   t=154.252889653322   Elapsed: 303.266s (5m 03s)  30% completed  (65% total)
     Speed:     ev/sec=47843.8   simsec/sec=0.402259   ev/simsec=118938
     Messages:  created: 11031774   present: 8169   in FES: 242
** Event #9385216   t=155.145575646009   Elapsed: 305.268s (5m 05s)  31% completed  (65% total)
     Speed:     ev/sec=49758   simsec/sec=0.446038   ev/simsec=111555
     Messages:  created: 11162779   present: 8293   in FES: 273
** Event #9484288   t=156.04905745302   Elapsed: 307.27s (5m 07s)  31% completed  (65% total)
     Speed:     ev/sec=49477.8   simsec/sec=0.45121   ev/simsec=109656
     Messages:  created: 11294898   present: 8357   in FES: 237
** Event #9607168   t=156.286777659825   Elapsed: 309.272s (5m 09s)  31% completed  (65% total)
     Speed:     ev/sec=61394.1   simsec/sec=0.118771   ev/simsec=516910
     Messages:  created: 11466319   present: 8456   in FES: 256
** Event #9722624   t=156.486076218356   Elapsed: 311.277s (5m 11s)  31% completed  (65% total)
     Speed:     ev/sec=57579.1   simsec/sec=0.0993922   ev/simsec=579312
     Messages:  created: 11629480   present: 8413   in FES: 220
** Event #9815808   t=156.753641600928   Elapsed: 313.28s (5m 13s)  31% completed  (65% total)
     Speed:     ev/sec=46510.4   simsec/sec=0.133548   ev/simsec=348266
     Messages:  created: 11756828   present: 8511   in FES: 255
** Event #9914624   t=157.892465647075   Elapsed: 315.283s (5m 15s)  31% completed  (65% total)
     Speed:     ev/sec=49331.4   simsec/sec=0.568529   ev/simsec=86770.2
     Messages:  created: 11886573   present: 8617   in FES: 224
** Event #9995264   t=158.755494164431   Elapsed: 317.287s (5m 17s)  31% completed  (65% total)
     Speed:     ev/sec=40243.8   simsec/sec=0.430699   ev/simsec=93438.4
     Messages:  created: 11990997   present: 8919   in FES: 252
** Event #10099200   t=159.998998887734   Elapsed: 319.291s (5m 19s)  31% completed  (65% total)
     Speed:     ev/sec=51880.7   simsec/sec=0.620708   ev/simsec=83583.1
     Messages:  created: 12127899   present: 9094   in FES: 272
** Event #10191360   t=160.761337157495   Elapsed: 321.294s (5m 21s)  32% completed  (66% total)
     Speed:     ev/sec=46003.3   simsec/sec=0.380535   ev/simsec=120891
     Messages:  created: 12249109   present: 9219   in FES: 254
** Event #10294528   t=161.746954728076   Elapsed: 323.297s (5m 23s)  32% completed  (66% total)
     Speed:     ev/sec=51505.2   simsec/sec=0.492056   ev/simsec=104673
     Messages:  created: 12385369   present: 9259   in FES: 230
** Event #10404608   t=162.750303999362   Elapsed: 325.3s (5m 25s)  32% completed  (66% total)
     Speed:     ev/sec=54955.4   simsec/sec=0.500903   ev/simsec=109713
     Messages:  created: 12531753   present: 9485   in FES: 272
** Event #10500352   t=163.598564695567   Elapsed: 327.313s (5m 27s)  32% completed  (66% total)
     Speed:     ev/sec=47572.1   simsec/sec=0.421473   ev/simsec=112871
     Messages:  created: 12658117   present: 9426   in FES: 205
** Event #10602240   t=164.520008425763   Elapsed: 329.313s (5m 29s)  32% completed  (66% total)
     Speed:     ev/sec=50928.8   simsec/sec=0.460584   ev/simsec=110574
     Messages:  created: 12795612   present: 9726   in FES: 254
** Event #10704640   t=165.506106550688   Elapsed: 331.316s (5m 31s)  33% completed  (66% total)
     Speed:     ev/sec=51126.5   simsec/sec=0.492341   ev/simsec=103844
     Messages:  created: 12931413   present: 9892   in FES: 259
** Event #10780160   t=166.145256772888   Elapsed: 333.318s (5m 33s)  33% completed  (66% total)
     Speed:     ev/sec=37731.2   simsec/sec=0.319332   ev/simsec=118157
     Messages:  created: 13029264   present: 9867   in FES: 245
** Event #10885376   t=167.134951086935   Elapsed: 335.319s (5m 35s)  33% completed  (66% total)
     Speed:     ev/sec=52572.6   simsec/sec=0.494514   ev/simsec=106312
     Messages:  created: 13168564   present: 10165   in FES: 305
** Event #10990336   t=168.080044655701   Elapsed: 337.32s (5m 37s)  33% completed  (66% total)
     Speed:     ev/sec=52465.2   simsec/sec=0.472413   ev/simsec=111058
     Messages:  created: 13308451   present: 10006   in FES: 204
** Event #11101184   t=169.088680993574   Elapsed: 339.32s (5m 39s)  33% completed  (66% total)
     Speed:     ev/sec=55408.2   simsec/sec=0.504174   ev/simsec=109899
     Messages:  created: 13454859   present: 10250   in FES: 239
** Event #11194624   t=170.003428848139   Elapsed: 341.324s (5m 41s)  34% completed  (67% total)
     Speed:     ev/sec=46634.3   simsec/sec=0.456535   ev/simsec=102148
     Messages:  created: 13581464   present: 10395   in FES: 256
** Event #11305984   t=171.011000942306   Elapsed: 343.326s (5m 43s)  34% completed  (67% total)
     Speed:     ev/sec=55608.3   simsec/sec=0.503137   ev/simsec=110523
     Messages:  created: 13729567   present: 10567   in FES: 255
** Event #11415808   t=172.011775452488   Elapsed: 345.331s (5m 45s)  34% completed  (67% total)
     Speed:     ev/sec=54778.5   simsec/sec=0.499171   ev/simsec=109739
     Messages:  created: 13875544   present: 10681   in FES: 272
** Event #11532544   t=172.309331575711   Elapsed: 347.334s (5m 47s)  34% completed  (67% total)
     Speed:     ev/sec=58282.9   simsec/sec=0.148561   ev/simsec=392316
     Messages:  created: 14035992   present: 10688   in FES: 230
** Event #11639040   t=172.516082850042   Elapsed: 349.339s (5m 49s)  34% completed  (67% total)
     Speed:     ev/sec=53128.2   simsec/sec=0.103143   ev/simsec=515092
     Messages:  created: 14186400   present: 10909   in FES: 297
** Event #11732736   t=173.139133110778   Elapsed: 351.339s (5m 51s)  34% completed  (67% total)
     Speed:     ev/sec=46831.8   simsec/sec=0.311417   ev/simsec=150383
     Messages:  created: 14309276   present: 10791   in FES: 273
** Event #11837952   t=174.045439084893   Elapsed: 353.342s (5m 53s)  34% completed  (67% total)
     Speed:     ev/sec=52535.9   simsec/sec=0.452532   ev/simsec=116093
     Messages:  created: 14451282   present: 10864   in FES: 254
** Event #11944448   t=174.915016892038   Elapsed: 355.343s (5m 55s)  34% completed  (67% total)
     Speed:     ev/sec=53219.3   simsec/sec=0.434555   ev/simsec=122469
     Messages:  created: 14593763   present: 10971   in FES: 244
** Event #12043776   t=175.656815822651   Elapsed: 357.346s (5m 57s)  35% completed  (67% total)
     Speed:     ev/sec=49597.2   simsec/sec=0.3704   ev/simsec=133902
     Messages:  created: 14724525   present: 11064   in FES: 254
** Event #12152832   t=176.514181521477   Elapsed: 359.351s (5m 59s)  35% completed  (67% total)
     Speed:     ev/sec=54395.5   simsec/sec=0.427642   ev/simsec=127199
     Messages:  created: 14872410   present: 11337   in FES: 306
** Event #12254464   t=177.248123034394   Elapsed: 361.353s (6m 01s)  35% completed  (67% total)
     Speed:     ev/sec=50754   simsec/sec=0.366523   ev/simsec=138474
     Messages:  created: 15005696   present: 11193   in FES: 254
** Event #12346624   t=177.89214574975   Elapsed: 363.356s (6m 03s)  35% completed  (67% total)
     Speed:     ev/sec=46022.4   simsec/sec=0.321609   ev/simsec=143101
     Messages:  created: 15130116   present: 11258   in FES: 255
** Event #12451328   t=178.550503887012   Elapsed: 365.356s (6m 05s)  35% completed  (67% total)
     Speed:     ev/sec=52340.3   simsec/sec=0.329105   ev/simsec=159038
     Messages:  created: 15269202   present: 11304   in FES: 247
** Event #12558080   t=179.286147786715   Elapsed: 367.357s (6m 07s)  35% completed  (67% total)
     Speed:     ev/sec=53353.8   simsec/sec=0.367669   ev/simsec=145114
     Messages:  created: 15411185   present: 11295   in FES: 254
** Event #12649216   t=179.901354265742   Elapsed: 369.36s (6m 09s)  35% completed  (67% total)
     Speed:     ev/sec=45497.6   simsec/sec=0.307128   ev/simsec=148139
     Messages:  created: 15533523   present: 11421   in FES: 254
** Event #12745472   t=180.525067940928   Elapsed: 371.371s (6m 11s)  36% completed  (68% total)
     Speed:     ev/sec=47860.2   simsec/sec=0.310121   ev/simsec=154327
     Messages:  created: 15661718   present: 11384   in FES: 236
** Event #12821760   t=181.016831641222   Elapsed: 373.372s (6m 13s)  36% completed  (68% total)
     Speed:     ev/sec=38138.2   simsec/sec=0.245844   ev/simsec=155131
     Messages:  created: 15763351   present: 11663   in FES: 305
** Event #12906496   t=181.548958527608   Elapsed: 375.387s (6m 15s)  36% completed  (68% total)
     Speed:     ev/sec=42039.6   simsec/sec=0.264001   ev/simsec=159240
     Messages:  created: 15873531   present: 11472   in FES: 277
** Event #12986880   t=182.051712314257   Elapsed: 377.392s (6m 17s)  36% completed  (68% total)
     Speed:     ev/sec=40102.5   simsec/sec=0.250817   ev/simsec=159887
     Messages:  created: 15979577   present: 11475   in FES: 228
** Event #13067776   t=182.557537301819   Elapsed: 379.405s (6m 19s)  36% completed  (68% total)
     Speed:     ev/sec=40172.3   simsec/sec=0.251189   ev/simsec=159929
     Messages:  created: 16084639   present: 11531   in FES: 236
** Event #13175040   t=183.261000873504   Elapsed: 381.408s (6m 21s)  36% completed  (68% total)
     Speed:     ev/sec=53568.7   simsec/sec=0.351317   ev/simsec=152480
     Messages:  created: 16226572   present: 11622   in FES: 239
** Event #13248768   t=183.751741413104   Elapsed: 383.409s (6m 23s)  36% completed  (68% total)
     Speed:     ev/sec=36835.3   simsec/sec=0.245179   ev/simsec=150238
     Messages:  created: 16323381   present: 11663   in FES: 259
** Event #13357824   t=184.470486432622   Elapsed: 385.414s (6m 25s)  36% completed  (68% total)
     Speed:     ev/sec=54413.4   simsec/sec=0.358617   ev/simsec=151731
     Messages:  created: 16468453   present: 11647   in FES: 254
** Event #13423360   t=184.883960422212   Elapsed: 387.418s (6m 27s)  36% completed  (68% total)
     Speed:     ev/sec=32701.7   simsec/sec=0.206319   ev/simsec=158501
     Messages:  created: 16553696   present: 11682   in FES: 254
** Event #13507072   t=185.397735496814   Elapsed: 389.418s (6m 29s)  37% completed  (68% total)
     Speed:     ev/sec=41839.2   simsec/sec=0.256784   ev/simsec=162935
     Messages:  created: 16663817   present: 11693   in FES: 237
** Event #13567232   t=185.760368406382   Elapsed: 391.421s (6m 31s)  37% completed  (68% total)
     Speed:     ev/sec=30038.4   simsec/sec=0.181065   ev/simsec=165898
     Messages:  created: 16741352   present: 11714   in FES: 236
** Event #13645568   t=186.256108016874   Elapsed: 393.423s (6m 33s)  37% completed  (68% total)
     Speed:     ev/sec=39124.8   simsec/sec=0.247597   ev/simsec=158018
     Messages:  created: 16843676   present: 11808   in FES: 255
** Event #13719040   t=186.701868079585   Elapsed: 395.424s (6m 35s)  37% completed  (68% total)
     Speed:     ev/sec=36727.1   simsec/sec=0.222826   ev/simsec=164824
     Messages:  created: 16939761   present: 11814   in FES: 252
** Event #13837312   t=187.456146106243   Elapsed: 397.427s (6m 37s)  37% completed  (68% total)
     Speed:     ev/sec=59055.9   simsec/sec=0.376628   ev/simsec=156802
     Messages:  created: 17096887   present: 11800   in FES: 256
** Event #13911552   t=187.895812994884   Elapsed: 399.431s (6m 39s)  37% completed  (68% total)
     Speed:     ev/sec=37045.2   simsec/sec=0.21939   ev/simsec=168855
     Messages:  created: 17195029   present: 11936   in FES: 256
** Event #14022912   t=188.528785839945   Elapsed: 401.456s (6m 41s)  37% completed  (68% total)
     Speed:     ev/sec=54995.5   simsec/sec=0.312596   ev/simsec=175932
     Messages:  created: 17341877   present: 11921   in FES: 254
** Event #14099200   t=189.008358157772   Elapsed: 403.459s (6m 43s)  37% completed  (68% total)
     Speed:     ev/sec=38074.4   simsec/sec=0.239349   ev/simsec=159075
     Messages:  created: 17443618   present: 12156   in FES: 309
** Event #14196736   t=189.531982062047   Elapsed: 405.471s (6m 45s)  37% completed  (68% total)
     Speed:     ev/sec=48473.6   simsec/sec=0.260232   ev/simsec=186271
     Messages:  created: 17569873   present: 11906   in FES: 214
** Event #14301440   t=190.136821393452   Elapsed: 407.473s (6m 47s)  38% completed  (69% total)
     Speed:     ev/sec=52314.4   simsec/sec=0.302203   ev/simsec=173110
     Messages:  created: 17705229   present: 12018   in FES: 256
** Event #14383872   t=190.601451776553   Elapsed: 409.474s (6m 49s)  38% completed  (69% total)
     Speed:     ev/sec=41194.7   simsec/sec=0.232195   ev/simsec=177414
     Messages:  created: 17814312   present: 12037   in FES: 243
** Event #14486272   t=191.180987504163   Elapsed: 411.478s (6m 51s)  38% completed  (69% total)
     Speed:     ev/sec=51102.9   simsec/sec=0.289218   ev/simsec=176693
     Messages:  created: 17949233   present: 12110   in FES: 254
** Event #14554880   t=191.590942797258   Elapsed: 413.479s (6m 53s)  38% completed  (69% total)
     Speed:     ev/sec=34276.5   simsec/sec=0.204813   ev/simsec=167355
     Messages:  created: 18039815   present: 12097   in FES: 240
** Event #14645504   t=192.133472605591   Elapsed: 415.48s (6m 55s)  38% completed  (69% total)
     Speed:     ev/sec=45302.4   simsec/sec=0.271207   ev/simsec=167040
     Messages:  created: 18157877   present: 12021   in FES: 224
** Event #14730752   t=192.635360959923   Elapsed: 417.482s (6m 57s)  38% completed  (69% total)
     Speed:     ev/sec=42571.9   simsec/sec=0.250637   ev/simsec=169855
     Messages:  created: 18271247   present: 12181   in FES: 273
** Event #14842112   t=193.25913821766   Elapsed: 419.483s (6m 59s)  38% completed  (69% total)
     Speed:     ev/sec=55653.7   simsec/sec=0.311741   ev/simsec=178525
     Messages:  created: 18418259   present: 12186   in FES: 215
** Event #14930688   t=193.819893295877   Elapsed: 421.484s (7m 01s)  38% completed  (69% total)
     Speed:     ev/sec=44256.1   simsec/sec=0.280176   ev/simsec=157958
     Messages:  created: 18535948   present: 12137   in FES: 205
** Event #15048448   t=194.40054649498   Elapsed: 423.485s (7m 03s)  38% completed  (69% total)
     Speed:     ev/sec=58856.5   simsec/sec=0.290211   ev/simsec=202806
     Messages:  created: 18692705   present: 12222   in FES: 222
** Event #15140864   t=194.901188695886   Elapsed: 425.486s (7m 05s)  38% completed  (69% total)
     Speed:     ev/sec=46189.5   simsec/sec=0.250221   ev/simsec=184595
     Messages:  created: 18815947   present: 12389   in FES: 252
** Event #15239424   t=195.501135052506   Elapsed: 427.488s (7m 07s)  39% completed  (69% total)
     Speed:     ev/sec=49242.1   simsec/sec=0.299743   ev/simsec=164281
     Messages:  created: 18945234   present: 12407   in FES: 272
** Event #15312896   t=195.90787680035   Elapsed: 429.49s (7m 09s)  39% completed  (69% total)
     Speed:     ev/sec=36684.1   simsec/sec=0.203084   ev/simsec=180636
     Messages:  created: 19042417   present: 12345   in FES: 252
** Event #15419648   t=196.525471297535   Elapsed: 431.491s (7m 11s)  39% completed  (69% total)
     Speed:     ev/sec=53366.4   simsec/sec=0.308742   ev/simsec=172851
     Messages:  created: 19182750   present: 12454   in FES: 254
** Event #15501824   t=197.016838034579   Elapsed: 433.496s (7m 13s)  39% completed  (69% total)
     Speed:     ev/sec=40977.7   simsec/sec=0.245024   ev/simsec=167240
     Messages:  created: 19292015   present: 12464   in FES: 231
** Event #15596288   t=197.544689742381   Elapsed: 435.501s (7m 15s)  39% completed  (69% total)
     Speed:     ev/sec=47112.4   simsec/sec=0.263257   ev/simsec=178959
     Messages:  created: 19413601   present: 12474   in FES: 239
** Event #15688448   t=198.547227733229   Elapsed: 437.511s (7m 17s)  39% completed  (69% total)
     Speed:     ev/sec=45858.3   simsec/sec=0.498857   ev/simsec=91926.7
     Messages:  created: 19531537   present: 12699   in FES: 250
** Event #15781888   t=199.566674794429   Elapsed: 439.521s (7m 19s)  39% completed  (69% total)
     Speed:     ev/sec=46496.2   simsec/sec=0.507282   ev/simsec=91657.5
     Messages:  created: 19650804   present: 12873   in FES: 241
** Event #15870976   t=200.532650444129   Elapsed: 441.547s (7m 21s)  40% completed  (70% total)
     Speed:     ev/sec=43953.8   simsec/sec=0.476589   ev/simsec=92225.9
     Messages:  created: 19765472   present: 12996   in FES: 217
** Event #15961344   t=201.528685661926   Elapsed: 443.555s (7m 23s)  40% completed  (70% total)
     Speed:     ev/sec=45017.7   simsec/sec=0.496185   ev/simsec=90727.7
     Messages:  created: 19881758   present: 13258   in FES: 244
** Event #16044800   t=202.500712976021   Elapsed: 445.556s (7m 25s)  40% completed  (70% total)
     Speed:     ev/sec=41703.8   simsec/sec=0.485732   ev/simsec=85857.7
     Messages:  created: 19988091   present: 13358   in FES: 230
** Event #16142592   t=203.513475481356   Elapsed: 447.557s (7m 27s)  40% completed  (70% total)
     Speed:     ev/sec=48869.2   simsec/sec=0.506104   ev/simsec=96559.7
     Messages:  created: 20114006   present: 13572   in FES: 207
** Event #16232960   t=204.510314338251   Elapsed: 449.559s (7m 29s)  40% completed  (70% total)
     Speed:     ev/sec=45132.3   simsec/sec=0.497849   ev/simsec=90654.6
     Messages:  created: 20229479   present: 13903   in FES: 271
** Event #16319232   t=205.496527785377   Elapsed: 451.561s (7m 31s)  41% completed  (70% total)
     Speed:     ev/sec=43101.3   simsec/sec=0.49271   ev/simsec=87478
     Messages:  created: 20338947   present: 14017   in FES: 255
** Event #16415744   t=206.507929314591   Elapsed: 453.562s (7m 33s)  41% completed  (70% total)
     Speed:     ev/sec=48227.6   simsec/sec=0.505403   ev/simsec=95424
     Messages:  created: 20462832   present: 14133   in FES: 204
** Event #16491520   t=207.25931198209   Elapsed: 455.568s (7m 35s)  41% completed  (70% total)
     Speed:     ev/sec=37782.6   simsec/sec=0.374646   ev/simsec=100849
     Messages:  created: 20557843   present: 14319   in FES: 231
** Event #16578048   t=208.246532008986   Elapsed: 457.572s (7m 37s)  41% completed  (70% total)
     Speed:     ev/sec=43160.9   simsec/sec=0.492433   ev/simsec=87648.1
     Messages:  created: 20667665   present: 14544   in FES: 246
** Event #16650240   t=209.024465369161   Elapsed: 459.573s (7m 39s)  41% completed  (70% total)
     Speed:     ev/sec=36089.2   simsec/sec=0.388894   ev/simsec=92799.7
     Messages:  created: 20763391   present: 14712   in FES: 244
** Event #16715264   t=209.748464177438   Elapsed: 461.576s (7m 41s)  41% completed  (70% total)
     Speed:     ev/sec=32462.1   simsec/sec=0.361444   ev/simsec=89812.3
     Messages:  created: 20844392   present: 14868   in FES: 265
** Event #16796672   t=210.590942670571   Elapsed: 463.583s (7m 43s)  42% completed  (71% total)
     Speed:     ev/sec=40570.2   simsec/sec=0.419854   ev/simsec=96629.2
     Messages:  created: 20947734   present: 15009   in FES: 249
** Event #16887040   t=211.573539480357   Elapsed: 465.586s (7m 45s)  42% completed  (71% total)
     Speed:     ev/sec=45114.7   simsec/sec=0.490545   ev/simsec=91968.5
     Messages:  created: 21064120   present: 15561   in FES: 407
** Event #16980224   t=212.601236013383   Elapsed: 467.597s (7m 47s)  42% completed  (71% total)
     Speed:     ev/sec=46332.8   simsec/sec=0.510989   ev/simsec=90672.7
     Messages:  created: 21183286   present: 15349   in FES: 233
** Event #17066240   t=213.566676244907   Elapsed: 469.598s (7m 49s)  42% completed  (71% total)
     Speed:     ev/sec=42975.5   simsec/sec=0.482355   ev/simsec=89095.1
     Messages:  created: 21296130   present: 15548   in FES: 236
** Event #17161472   t=214.638802944552   Elapsed: 471.602s (7m 51s)  42% completed  (71% total)
     Speed:     ev/sec=47527.8   simsec/sec=0.535071   ev/simsec=88825.3
     Messages:  created: 21420190   present: 15788   in FES: 254
** Event #17245696   t=215.589929967904   Elapsed: 473.605s (7m 53s)  43% completed  (71% total)
     Speed:     ev/sec=42046.7   simsec/sec=0.474826   ev/simsec=88551.8
     Messages:  created: 21530567   present: 15977   in FES: 250
** Event #17340416   t=216.640817603503   Elapsed: 475.609s (7m 55s)  43% completed  (71% total)
     Speed:     ev/sec=47277   simsec/sec=0.524523   ev/simsec=90133.3
     Messages:  created: 21653916   present: 16234   in FES: 269
** Event #17440512   t=217.760176984199   Elapsed: 477.609s (7m 57s)  43% completed  (71% total)
     Speed:     ev/sec=50026.8   simsec/sec=0.559443   ev/simsec=89422.6
     Messages:  created: 21785654   present: 16393   in FES: 234
** Event #17516800   t=218.639194504017   Elapsed: 479.612s (7m 59s)  43% completed  (71% total)
     Speed:     ev/sec=38093.4   simsec/sec=0.438926   ev/simsec=86787.8
     Messages:  created: 21884081   present: 16565   in FES: 254
** Event #17601536   t=219.589930003717   Elapsed: 481.615s (8m 01s)  43% completed  (71% total)
     Speed:     ev/sec=42314.5   simsec/sec=0.474768   ev/simsec=89126.8
     Messages:  created: 21995163   present: 16724   in FES: 243
** Event #17702400   t=220.748722131901   Elapsed: 483.619s (8m 03s)  44% completed  (72% total)
     Speed:     ev/sec=50333.2   simsec/sec=0.578262   ev/simsec=87042.4
     Messages:  created: 22127061   present: 16838   in FES: 225
** Event #17805056   t=221.897393641524   Elapsed: 485.621s (8m 05s)  44% completed  (72% total)
     Speed:     ev/sec=51260.2   simsec/sec=0.573577   ev/simsec=89369.3
     Messages:  created: 22262491   present: 17220   in FES: 254
** Event #17896960   t=222.996542204515   Elapsed: 487.623s (8m 07s)  44% completed  (72% total)
     Speed:     ev/sec=45918.8   simsec/sec=0.549177   ev/simsec=83613.8
     Messages:  created: 22382648   present: 17385   in FES: 272
** Event #18002944   t=224.08594316724   Elapsed: 489.625s (8m 09s)  44% completed  (72% total)
     Speed:     ev/sec=52942.8   simsec/sec=0.544194   ev/simsec=97286.5
     Messages:  created: 22519001   present: 17589   in FES: 240
** Event #18086656   t=225.045493089999   Elapsed: 491.625s (8m 11s)  45% completed  (72% total)
     Speed:     ev/sec=41849.3   simsec/sec=0.479698   ev/simsec=87240.9
     Messages:  created: 22630057   present: 17782   in FES: 247
** Event #18191104   t=226.24749818112   Elapsed: 493.627s (8m 13s)  45% completed  (72% total)
     Speed:     ev/sec=52174.9   simsec/sec=0.600437   ev/simsec=86894.8
     Messages:  created: 22765280   present: 18008   in FES: 272
** Event #18297344   t=227.497422095142   Elapsed: 495.631s (8m 15s)  45% completed  (72% total)
     Speed:     ev/sec=53017.2   simsec/sec=0.623752   ev/simsec=84997.2
     Messages:  created: 22905529   present: 18234   in FES: 263
** Event #18390528   t=228.507495203976   Elapsed: 497.632s (8m 17s)  45% completed  (72% total)
     Speed:     ev/sec=46549.6   simsec/sec=0.504577   ev/simsec=92254.7
     Messages:  created: 23027631   present: 18446   in FES: 243
** Event #18486272   t=229.547227768512   Elapsed: 499.65s (8m 19s)  45% completed  (72% total)
     Speed:     ev/sec=47464   simsec/sec=0.515436   ev/simsec=92085.2
     Messages:  created: 23152080   present: 18649   in FES: 258
** Event #18578176   t=230.576984249306   Elapsed: 501.654s (8m 21s)  46% completed  (73% total)
     Speed:     ev/sec=45861.2   simsec/sec=0.513861   ev/simsec=89248.3
     Messages:  created: 23271061   present: 18826   in FES: 253
** Event #18679296   t=231.653254946033   Elapsed: 503.657s (8m 23s)  46% completed  (73% total)
     Speed:     ev/sec=50463.2   simsec/sec=0.537105   ev/simsec=93954.1
     Messages:  created: 23402849   present: 19100   in FES: 288
** Event #18783744   t=232.898051358714   Elapsed: 505.659s (8m 25s)  46% completed  (73% total)
     Speed:     ev/sec=52178.3   simsec/sec=0.621853   ev/simsec=83907.7
     Messages:  created: 23540569   present: 19360   in FES: 304
** Event #18886400   t=234.038157780194   Elapsed: 507.663s (8m 27s)  46% completed  (73% total)
     Speed:     ev/sec=51220.6   simsec/sec=0.568861   ev/simsec=90040.7
     Messages:  created: 23674674   present: 19534   in FES: 288
** Event #18984192   t=235.138216020043   Elapsed: 509.664s (8m 29s)  47% completed  (73% total)
     Speed:     ev/sec=48871.1   simsec/sec=0.54975   ev/simsec=88897.1
     Messages:  created: 23800279   present: 16521   in FES: 294
** Event #19082240   t=236.251005380123   Elapsed: 511.667s (8m 31s)  47% completed  (73% total)
     Speed:     ev/sec=48948   simsec/sec=0.555532   ev/simsec=88110.1
     Messages:  created: 23929124   present: 14186   in FES: 279
** Event #19175680   t=237.261146654393   Elapsed: 513.67s (8m 33s)  47% completed  (73% total)
     Speed:     ev/sec=46652.1   simsec/sec=0.504337   ev/simsec=92501.9
     Messages:  created: 24051684   present: 14397   in FES: 304
** Event #19266048   t=238.266041699765   Elapsed: 515.674s (8m 35s)  47% completed  (73% total)
     Speed:     ev/sec=45102.2   simsec/sec=0.501538   ev/simsec=89927.8
     Messages:  created: 24169792   present: 14572   in FES: 271
** Event #19353600   t=239.262090611533   Elapsed: 517.676s (8m 37s)  47% completed  (73% total)
     Speed:     ev/sec=43732.6   simsec/sec=0.49753   ev/simsec=87899.3
     Messages:  created: 24284013   present: 14798   in FES: 304
** Event #19452928   t=240.40194865505   Elapsed: 519.68s (8m 39s)  48% completed  (74% total)
     Speed:     ev/sec=49567.2   simsec/sec=0.568819   ev/simsec=87140.7
     Messages:  created: 24414611   present: 15034   in FES: 287
** Event #19552768   t=241.540848816075   Elapsed: 521.682s (8m 41s)  48% completed  (74% total)
     Speed:     ev/sec=49860.3   simsec/sec=0.568769   ev/simsec=87663.5
     Messages:  created: 24544997   present: 2488   in FES: 236
** Event #19648000   t=242.592029713025   Elapsed: 523.685s (8m 43s)  48% completed  (74% total)
     Speed:     ev/sec=47540.3   simsec/sec=0.524755   ev/simsec=90595.3
     Messages:  created: 24667316   present: 2740   in FES: 249
** Event #19742976   t=243.644502035569   Elapsed: 525.687s (8m 45s)  48% completed  (74% total)
     Speed:     ev/sec=47460   simsec/sec=0.525926   ev/simsec=90240.9
     Messages:  created: 24791405   present: 2998   in FES: 255
** Event #19852800   t=244.901982522595   Elapsed: 527.69s (8m 47s)  48% completed  (74% total)
     Speed:     ev/sec=54810.7   simsec/sec=0.62758   ev/simsec=87336.5
     Messages:  created: 24936754   present: 3212   in FES: 272
** Event #19957248   t=246.072722574412   Elapsed: 529.691s (8m 49s)  49% completed  (74% total)
     Speed:     ev/sec=52216.5   simsec/sec=0.585286   ev/simsec=89215.4
     Messages:  created: 25071824   present: 3386   in FES: 245
** Event #20044032   t=247.046814257963   Elapsed: 531.695s (8m 51s)  49% completed  (74% total)
     Speed:     ev/sec=43306.4   simsec/sec=0.486085   ev/simsec=89092.2
     Messages:  created: 25185897   present: 3575   in FES: 245
** Event #20149760   t=248.251327655405   Elapsed: 533.698s (8m 53s)  49% completed  (74% total)
     Speed:     ev/sec=52762.6   simsec/sec=0.601101   ev/simsec=87776.5
     Messages:  created: 25323188   present: 3816   in FES: 272
** Event #20256512   t=249.501821682173   Elapsed: 535.702s (8m 55s)  49% completed  (74% total)
     Speed:     ev/sec=53276.8   simsec/sec=0.624085   ev/simsec=85367.9
     Messages:  created: 25464094   present: 3989   in FES: 217
** Event #20355584   t=250.561669574239   Elapsed: 537.71s (8m 57s)  50% completed  (75% total)
     Speed:     ev/sec=49346   simsec/sec=0.527892   ev/simsec=93477.6
     Messages:  created: 25592639   present: 4244   in FES: 254
** Event #20449536   t=251.601037227478   Elapsed: 539.718s (8m 59s)  50% completed  (75% total)
     Speed:     ev/sec=46791.3   simsec/sec=0.517641   ev/simsec=90393.4
     Messages:  created: 25713671   present: 4454   in FES: 254
** Event #20553984   t=252.761284700728   Elapsed: 541.722s (9m 01s)  50% completed  (75% total)
     Speed:     ev/sec=52126   simsec/sec=0.579035   ev/simsec=90022.2
     Messages:  created: 25851469   present: 4748   in FES: 265
** Event #20659200   t=254.010047165117   Elapsed: 543.722s (9m 03s)  50% completed  (75% total)
     Speed:     ev/sec=52603.4   simsec/sec=0.624327   ev/simsec=84256.2
     Messages:  created: 25990215   present: 4905   in FES: 229
** Event #20755712   t=255.04905733139   Elapsed: 545.724s (9m 05s)  51% completed  (75% total)
     Speed:     ev/sec=48192.1   simsec/sec=0.518818   ev/simsec=92888.4
     Messages:  created: 26115196   present: 5122   in FES: 249
** Event #20856320   t=256.148089749936   Elapsed: 547.728s (9m 07s)  51% completed  (75% total)
     Speed:     ev/sec=50208.1   simsec/sec=0.548468   ev/simsec=91542.3
     Messages:  created: 26245495   present: 5384   in FES: 272
** Event #20962048   t=257.398005410632   Elapsed: 549.73s (9m 09s)  51% completed  (75% total)
     Speed:     ev/sec=52824.9   simsec/sec=0.624495   ev/simsec=84588.1
     Messages:  created: 26384998   present: 5618   in FES: 254
** Event #21063680   t=258.531219267799   Elapsed: 551.738s (9m 11s)  51% completed  (75% total)
     Speed:     ev/sec=50615.8   simsec/sec=0.564375   ev/simsec=89684.7
     Messages:  created: 26518416   present: 5790   in FES: 251
** Event #21155584   t=259.557537223309   Elapsed: 553.744s (9m 13s)  51% completed  (75% total)
     Speed:     ev/sec=45812.7   simsec/sec=0.511604   ev/simsec=89547.3
     Messages:  created: 26637397   present: 5952   in FES: 238
** Event #21252608   t=260.639486609213   Elapsed: 555.746s (9m 15s)  52% completed  (76% total)
     Speed:     ev/sec=48450.9   simsec/sec=0.540293   ev/simsec=89675.2
     Messages:  created: 26762529   present: 6203   in FES: 254
** Event #21349888   t=261.750829128195   Elapsed: 557.747s (9m 17s)  52% completed  (76% total)
     Speed:     ev/sec=48627.1   simsec/sec=0.555523   ev/simsec=87533.8
     Messages:  created: 26890284   present: 6442   in FES: 264
** Event #21445632   t=262.88347277717   Elapsed: 559.748s (9m 19s)  52% completed  (76% total)
     Speed:     ev/sec=47849.6   simsec/sec=0.566056   ev/simsec=84531.4
     Messages:  created: 27015887   present: 6591   in FES: 272
** Event #21550336   t=264.013224239048   Elapsed: 561.75s (9m 21s)  52% completed  (76% total)
     Speed:     ev/sec=52299.5   simsec/sec=0.564309   ev/simsec=92678.8
     Messages:  created: 27154055   present: 6776   in FES: 210
** Event #21643520   t=265.032828372929   Elapsed: 563.751s (9m 23s)  53% completed  (76% total)
     Speed:     ev/sec=46555   simsec/sec=0.509397   ev/simsec=91392.3
     Messages:  created: 27275218   present: 7014   in FES: 240
** Event #21730560   t=265.89569727151   Elapsed: 565.751s (9m 25s)  53% completed  (76% total)
     Speed:     ev/sec=43518.6   simsec/sec=0.431421   ev/simsec=100873
     Messages:  created: 27389651   present: 7107   in FES: 228
** Event #21830656   t=266.697675798924   Elapsed: 567.755s (9m 27s)  53% completed  (76% total)
     Speed:     ev/sec=49967.3   simsec/sec=0.400342   ev/simsec=124811
     Messages:  created: 27521331   present: 7270   in FES: 254
** Event #21938176   t=267.595929271322   Elapsed: 569.763s (9m 29s)  53% completed  (76% total)
     Speed:     ev/sec=53538.2   simsec/sec=0.447274   ev/simsec=119699
     Messages:  created: 27663789   present: 7423   in FES: 255
** Event #22043136   t=268.513840066918   Elapsed: 571.763s (9m 31s)  53% completed  (76% total)
     Speed:     ev/sec=52469.1   simsec/sec=0.45886   ev/simsec=114347
     Messages:  created: 27805623   present: 7548   in FES: 272
** Event #22130432   t=269.249862630643   Elapsed: 573.768s (9m 33s)  53% completed  (76% total)
     Speed:     ev/sec=43538.2   simsec/sec=0.367086   ev/simsec=118605
     Messages:  created: 27919492   present: 7596   in FES: 272
** Event #22236416   t=270.13549256294   Elapsed: 575.769s (9m 35s)  54% completed  (77% total)
     Speed:     ev/sec=52974.7   simsec/sec=0.44267   ev/simsec=119671
     Messages:  created: 28059300   present: 7731   in FES: 254
** Event #22342912   t=271.039348001187   Elapsed: 577.77s (9m 37s)  54% completed  (77% total)
     Speed:     ev/sec=53218.3   simsec/sec=0.451676   ev/simsec=117824
     Messages:  created: 28202674   present: 7832   in FES: 255
** Event #22429696   t=271.761998501785   Elapsed: 579.774s (9m 39s)  54% completed  (77% total)
     Speed:     ev/sec=43305   simsec/sec=0.360601   ev/simsec=120091
     Messages:  created: 28316968   present: 7852   in FES: 225
** Event #22529024   t=272.635672823433   Elapsed: 581.778s (9m 41s)  54% completed  (77% total)
     Speed:     ev/sec=49570.7   simsec/sec=0.436017   ev/simsec=113690
     Messages:  created: 28447429   present: 7980   in FES: 247
** Event #22628352   t=273.510123862535   Elapsed: 583.781s (9m 43s)  54% completed  (77% total)
     Speed:     ev/sec=49578.1   simsec/sec=0.436469   ev/simsec=113589
     Messages:  created: 28581918   present: 8214   in FES: 276
** Event #22731520   t=274.39150439273   Elapsed: 585.783s (9m 45s)  54% completed  (77% total)
     Speed:     ev/sec=51530.9   simsec/sec=0.440237   ev/simsec=117053
     Messages:  created: 28717470   present: 8329   in FES: 256
** Event #22815744   t=275.06988954817   Elapsed: 587.785s (9m 47s)  55% completed  (77% total)
     Speed:     ev/sec=42072.3   simsec/sec=0.338873   ev/simsec=124154
     Messages:  created: 28827666   present: 8352   in FES: 254
** Event #22899712   t=275.930416605682   Elapsed: 589.787s (9m 49s)  55% completed  (77% total)
     Speed:     ev/sec=41950.3   simsec/sec=0.429918   ev/simsec=97577.4
     Messages:  created: 28937689   present: 8448   in FES: 277
** Event #22980864   t=276.883945622225   Elapsed: 591.787s (9m 51s)  55% completed  (77% total)
     Speed:     ev/sec=40571.5   simsec/sec=0.476712   ev/simsec=85107
     Messages:  created: 29039043   present: 8529   in FES: 267
** Event #23049472   t=277.596908662587   Elapsed: 593.791s (9m 53s)  55% completed  (77% total)
     Speed:     ev/sec=34235.4   simsec/sec=0.355768   ev/simsec=96229.4
     Messages:  created: 29122137   present: 8567   in FES: 248
** Event #23131904   t=278.540125596224   Elapsed: 595.794s (9m 55s)  55% completed  (77% total)
     Speed:     ev/sec=41165.8   simsec/sec=0.471034   ev/simsec=87394.5
     Messages:  created: 29225483   present: 8640   in FES: 254
** Event #23218176   t=279.525022087253   Elapsed: 597.797s (9m 57s)  55% completed  (77% total)
     Speed:     ev/sec=43067.3   simsec/sec=0.491664   ev/simsec=87595
     Messages:  created: 29333672   present: 8555   in FES: 204
** Event #23285760   t=280.176458971415   Elapsed: 599.799s (9m 59s)  56% completed  (78% total)
     Speed:     ev/sec=33760.5   simsec/sec=0.325415   ev/simsec=103746
     Messages:  created: 29414472   present: 8669   in FES: 256
** Event #23347968   t=280.928124839396   Elapsed: 601.799s (10m 01s)  56% completed  (78% total)
     Speed:     ev/sec=31091.2   simsec/sec=0.375679   ev/simsec=82760.2
     Messages:  created: 29493351   present: 8760   in FES: 254
** Event #23412480   t=281.584670943174   Elapsed: 603.803s (10m 03s)  56% completed  (78% total)
     Speed:     ev/sec=32197.8   simsec/sec=0.32768   ev/simsec=98259.7
     Messages:  created: 29571009   present: 8828   in FES: 254
** Event #23490304   t=282.521511229675   Elapsed: 605.823s (10m 05s)  56% completed  (78% total)
     Speed:     ev/sec=38528.9   simsec/sec=0.463809   ev/simsec=83070.7
     Messages:  created: 29668130   present: 8865   in FES: 254
** Event #23557376   t=283.157049120685   Elapsed: 607.827s (10m 07s)  56% completed  (78% total)
     Speed:     ev/sec=33471.1   simsec/sec=0.317154   ev/simsec=105536
     Messages:  created: 29748045   present: 8873   in FES: 289
** Event #23614976   t=283.840561184163   Elapsed: 609.832s (10m 09s)  56% completed  (78% total)
     Speed:     ev/sec=28731.2   simsec/sec=0.34094   ev/simsec=84270.6
     Messages:  created: 29820711   present: 8918   in FES: 255
** Event #23684352   t=284.58382805384   Elapsed: 611.838s (10m 11s)  56% completed  (78% total)
     Speed:     ev/sec=34575.9   simsec/sec=0.370432   ev/simsec=93339.3
     Messages:  created: 29904967   present: 8972   in FES: 255
** Event #23763456   t=285.529588013683   Elapsed: 613.838s (10m 13s)  57% completed  (78% total)
     Speed:     ev/sec=39549.4   simsec/sec=0.472849   ev/simsec=83640.7
     Messages:  created: 30004134   present: 9075   in FES: 250
** Event #23827712   t=286.133462586313   Elapsed: 615.84s (10m 15s)  57% completed  (78% total)
     Speed:     ev/sec=32096.3   simsec/sec=0.301639   ev/simsec=106406
     Messages:  created: 30080803   present: 9102   in FES: 255
** Event #23885056   t=286.830300469317   Elapsed: 617.845s (10m 17s)  57% completed  (78% total)
     Speed:     ev/sec=28599.1   simsec/sec=0.347534   ev/simsec=82291.7
     Messages:  created: 30153713   present: 9009   in FES: 203
** Event #23955968   t=287.585083073454   Elapsed: 619.851s (10m 19s)  57% completed  (78% total)
     Speed:     ev/sec=35349.5   simsec/sec=0.376258   ev/simsec=93950.2
     Messages:  created: 30240233   present: 9213   in FES: 252
** Event #24036608   t=288.533739070593   Elapsed: 621.88s (10m 21s)  57% completed  (78% total)
     Speed:     ev/sec=39756.6   simsec/sec=0.4677   ev/simsec=85004.5
     Messages:  created: 30341055   present: 9221   in FES: 234
** Event #24114944   t=289.375743480257   Elapsed: 623.883s (10m 23s)  57% completed  (78% total)
     Speed:     ev/sec=39093.1   simsec/sec=0.420197   ev/simsec=93035.1
     Messages:  created: 30437225   present: 9311   in FES: 254
** Event #24183296   t=290.082885974245   Elapsed: 625.885s (10m 25s)  58% completed  (79% total)
     Speed:     ev/sec=34150.6   simsec/sec=0.353309   ev/simsec=96659.4
     Messages:  created: 30519789   present: 9377   in FES: 250
** Event #24230144   t=290.594046215772   Elapsed: 627.887s (10m 27s)  58% completed  (79% total)
     Speed:     ev/sec=23395.2   simsec/sec=0.255266   ev/simsec=91650.3
     Messages:  created: 30577653   present: 9563   in FES: 298
** Event #24303872   t=291.521733269024   Elapsed: 629.894s (10m 29s)  58% completed  (79% total)
     Speed:     ev/sec=36743.9   simsec/sec=0.462333   ev/simsec=79475.1
     Messages:  created: 30671152   present: 9378   in FES: 256
** Event #24361728   t=292.075460082903   Elapsed: 631.898s (10m 31s)  58% completed  (79% total)
     Speed:     ev/sec=28875.4   simsec/sec=0.27636   ev/simsec=104485
     Messages:  created: 30740365   present: 9441   in FES: 229
** Event #24420352   t=292.721204474006   Elapsed: 633.898s (10m 33s)  58% completed  (79% total)
     Speed:     ev/sec=29300.5   simsec/sec=0.322746   ev/simsec=90785.1
     Messages:  created: 30812784   present: 9545   in FES: 286
** Event #24496896   t=293.585534690754   Elapsed: 635.904s (10m 35s)  58% completed  (79% total)
     Speed:     ev/sec=38173.3   simsec/sec=0.431051   ev/simsec=88558.7
     Messages:  created: 30907160   present: 9515   in FES: 224
** Event #24578560   t=294.548948299168   Elapsed: 637.918s (10m 37s)  58% completed  (79% total)
     Speed:     ev/sec=40546.1   simsec/sec=0.478334   ev/simsec=84765.3
     Messages:  created: 31008937   present: 9606   in FES: 255
** Event #24652288   t=295.324354861611   Elapsed: 639.922s (10m 39s)  59% completed  (79% total)
     Speed:     ev/sec=36791.4   simsec/sec=0.38694   ev/simsec=95083
     Messages:  created: 31099728   present: 9696   in FES: 254
** Event #24720384   t=296.065329860911   Elapsed: 641.923s (10m 41s)  59% completed  (79% total)
     Speed:     ev/sec=34029.4   simsec/sec=0.370285   ev/simsec=91900.5
     Messages:  created: 31184541   present: 9718   in FES: 240
** Event #24801536   t=297.045494618288   Elapsed: 643.928s (10m 43s)  59% completed  (79% total)
     Speed:     ev/sec=40459.3   simsec/sec=0.488673   ev/simsec=82794.2
     Messages:  created: 31286588   present: 9779   in FES: 235
** Event #24892928   t=298.032892290843   Elapsed: 645.929s (10m 45s)  59% completed  (79% total)
     Speed:     ev/sec=45677.5   simsec/sec=0.493498   ev/simsec=92558.5
     Messages:  created: 31401502   present: 9875   in FES: 241
** Event #24980480   t=299.0223065862   Elapsed: 647.932s (10m 47s)  59% completed  (79% total)
     Speed:     ev/sec=43717.1   simsec/sec=0.494041   ev/simsec=88488.7
     Messages:  created: 31511463   present: 9952   in FES: 246
** Event #25078784   t=300.549202428044   Elapsed: 649.933s (10m 49s)  60% completed  (80% total)
     Speed:     ev/sec=49137.8   simsec/sec=0.763228   ev/simsec=64381.6
     Messages:  created: 31630860   present: 10020   in FES: 207
** Event #25166080   t=302.594987038808   Elapsed: 651.937s (10m 51s)  60% completed  (80% total)
     Speed:     ev/sec=43546.9   simsec/sec=1.02052   ev/simsec=42671.2
     Messages:  created: 31731990   present: 10400   in FES: 245
** Event #25269248   t=305.205501419847   Elapsed: 653.939s (10m 53s)  61% completed  (80% total)
     Speed:     ev/sec=51542.3   simsec/sec=1.3042   ev/simsec=39520.2
     Messages:  created: 31851843   present: 10610   in FES: 204
** Event #25365760   t=307.590839450127   Elapsed: 655.943s (10m 55s)  61% completed  (80% total)
     Speed:     ev/sec=48154.8   simsec/sec=1.19017   ev/simsec=40460.5
     Messages:  created: 31964130   present: 11016   in FES: 240
** Event #25464320   t=310.072722528934   Elapsed: 657.946s (10m 57s)  62% completed  (81% total)
     Speed:     ev/sec=49210.7   simsec/sec=1.2392   ev/simsec=39711.8
     Messages:  created: 32078641   present: 11361   in FES: 250
** Event #25541632   t=312.029923520614   Elapsed: 659.948s (10m 59s)  62% completed  (81% total)
     Speed:     ev/sec=38619.7   simsec/sec=0.977682   ev/simsec=39501.3
     Messages:  created: 32166822   present: 11594   in FES: 241
** Event #25611264   t=313.54663016371   Elapsed: 661.949s (11m 01s)  62% completed  (81% total)
     Speed:     ev/sec=34798.4   simsec/sec=0.757971   ev/simsec=45910
     Messages:  created: 32243482   present: 11785   in FES: 237
** Event #25668864   t=314.812498487286   Elapsed: 663.949s (11m 03s)  62% completed  (81% total)
     Speed:     ev/sec=28795.5   simsec/sec=0.632834   ev/simsec=45502.4
     Messages:  created: 32307472   present: 11839   in FES: 203
** Event #25741568   t=316.532398898741   Elapsed: 665.963s (11m 05s)  63% completed  (81% total)
     Speed:     ev/sec=36097.4   simsec/sec=0.853927   ev/simsec=42272.2
     Messages:  created: 32387863   present: 12212   in FES: 254
** Event #25791744   t=317.56120093068   Elapsed: 667.98s (11m 07s)  63% completed  (81% total)
     Speed:     ev/sec=24876.9   simsec/sec=0.510072   ev/simsec=48771.3
     Messages:  created: 32441971   present: 12362   in FES: 251
** Event #25842944   t=318.603033105591   Elapsed: 669.993s (11m 09s)  63% completed  (81% total)
     Speed:     ev/sec=25433.9   simsec/sec=0.517537   ev/simsec=49144.2
     Messages:  created: 32496951   present: 12414   in FES: 223
** Event #25908736   t=320.079991691294   Elapsed: 671.993s (11m 11s)  64% completed  (82% total)
     Speed:     ev/sec=32893.2   simsec/sec=0.738417   ev/simsec=44545.6
     Messages:  created: 32568883   present: 12687   in FES: 255
** Event #25973760   t=321.5634404853   Elapsed: 673.997s (11m 13s)  64% completed  (82% total)
     Speed:     ev/sec=32450   simsec/sec=0.74031   ev/simsec=43833
     Messages:  created: 32641323   present: 12887   in FES: 260
** Event #26023936   t=322.610199910266   Elapsed: 676.015s (11m 16s)  64% completed  (82% total)
     Speed:     ev/sec=24869.6   simsec/sec=0.518824   ev/simsec=47934.6
     Messages:  created: 32694960   present: 13020   in FES: 254
** Event #26089984   t=324.082194741239   Elapsed: 678.018s (11m 18s)  64% completed  (82% total)
     Speed:     ev/sec=32969.9   simsec/sec=0.734792   ev/simsec=44869.7
     Messages:  created: 32766839   present: 13224   in FES: 251
** Event #26149120   t=325.538853955688   Elapsed: 680.023s (11m 20s)  65% completed  (82% total)
     Speed:     ev/sec=29495.3   simsec/sec=0.726539   ev/simsec=40597
     Messages:  created: 32832128   present: 13368   in FES: 240
** Event #26199552   t=326.551883607799   Elapsed: 682.024s (11m 22s)  65% completed  (82% total)
     Speed:     ev/sec=25204.4   simsec/sec=0.506282   ev/simsec=49783.3
     Messages:  created: 32886286   present: 13556   in FES: 274
** Event #26251520   t=327.610195994888   Elapsed: 684.047s (11m 24s)  65% completed  (82% total)
     Speed:     ev/sec=25682.8   simsec/sec=0.523022   ev/simsec=49104.6
     Messages:  created: 32941961   present: 13666   in FES: 254
** Event #26311936   t=329.046064646775   Elapsed: 686.051s (11m 26s)  65% completed  (82% total)
     Speed:     ev/sec=30147.6   simsec/sec=0.7165   ev/simsec=42076.3
     Messages:  created: 33008289   present: 13893   in FES: 256
** Event #26377728   t=330.524995223739   Elapsed: 688.065s (11m 28s)  66% completed  (83% total)
     Speed:     ev/sec=32673.2   simsec/sec=0.734457   ev/simsec=44486.2
     Messages:  created: 33080195   present: 13999   in FES: 226
** Event #26430208   t=331.560200995647   Elapsed: 690.066s (11m 30s)  66% completed  (83% total)
     Speed:     ev/sec=26231.5   simsec/sec=0.517435   ev/simsec=50695.2
     Messages:  created: 33136758   present: 14207   in FES: 250
** Event #26486528   t=332.846425759987   Elapsed: 692.068s (11m 32s)  66% completed  (83% total)
     Speed:     ev/sec=28132.5   simsec/sec=0.642485   ev/simsec=43787.1
     Messages:  created: 33198521   present: 14349   in FES: 271
** Event #26560000   t=334.522809036633   Elapsed: 694.069s (11m 34s)  66% completed  (83% total)
     Speed:     ev/sec=36712.7   simsec/sec=0.837659   ev/simsec=43827.7
     Messages:  created: 33278672   present: 14463   in FES: 222
** Event #26613504   t=335.561205887848   Elapsed: 696.094s (11m 36s)  67% completed  (83% total)
     Speed:     ev/sec=26419.3   simsec/sec=0.512742   ev/simsec=51525.6
     Messages:  created: 33336417   present: 14646   in FES: 219
** Event #26677248   t=337.043381750492   Elapsed: 698.097s (11m 38s)  67% completed  (83% total)
     Speed:     ev/sec=31817.4   simsec/sec=0.739818   ev/simsec=43007
     Messages:  created: 33406488   present: 14934   in FES: 251
** Event #26738432   t=338.298730160283   Elapsed: 700.099s (11m 40s)  67% completed  (83% total)
     Speed:     ev/sec=30566.9   simsec/sec=0.627159   ev/simsec=48738.7
     Messages:  created: 33472580   present: 15071   in FES: 254
** Event #26796288   t=339.532874525137   Elapsed: 702.108s (11m 42s)  67% completed  (83% total)
     Speed:     ev/sec=28801.9   simsec/sec=0.614383   ev/simsec=46879.4
     Messages:  created: 33537825   present: 15261   in FES: 262
** Event #26854656   t=340.602889767075   Elapsed: 704.135s (11m 44s)  68% completed  (84% total)
     Speed:     ev/sec=28793.6   simsec/sec=0.52785   ev/simsec=54548.8
     Messages:  created: 33601872   present: 15361   in FES: 254
** Event #26925824   t=342.076135357501   Elapsed: 706.136s (11m 46s)  68% completed  (84% total)
     Speed:     ev/sec=35557.5   simsec/sec=0.736074   ev/simsec=48306.9
     Messages:  created: 33681149   present: 15463   in FES: 209
** Event #26994944   t=343.53761885299   Elapsed: 708.14s (11m 48s)  68% completed  (84% total)
     Speed:     ev/sec=34494.4   simsec/sec=0.729354   ev/simsec=47294.4
     Messages:  created: 33759531   present: 15762   in FES: 277
** Event #27053312   t=344.602031860483   Elapsed: 710.145s (11m 50s)  68% completed  (84% total)
     Speed:     ev/sec=29117.1   simsec/sec=0.530987   ev/simsec=54835.9
     Messages:  created: 33823973   present: 15883   in FES: 238
** Event #27120384   t=346.038157841116   Elapsed: 712.148s (11m 52s)  69% completed  (84% total)
     Speed:     ev/sec=33483.9   simsec/sec=0.716948   ev/simsec=46703.4
     Messages:  created: 33899724   present: 16079   in FES: 237
** Event #27193088   t=347.52699464779   Elapsed: 714.173s (11m 54s)  69% completed  (84% total)
     Speed:     ev/sec=35910.6   simsec/sec=0.735379   ev/simsec=48832.8
     Messages:  created: 33980624   present: 16313   in FES: 247
** Event #27245056   t=348.539462565513   Elapsed: 716.177s (11m 56s)  69% completed  (84% total)
     Speed:     ev/sec=25930.4   simsec/sec=0.505189   ev/simsec=51328
     Messages:  created: 34037762   present: 16430   in FES: 258
** Event #27302656   t=349.608153695047   Elapsed: 718.179s (11m 58s)  69% completed  (84% total)
     Speed:     ev/sec=28763   simsec/sec=0.53366   ev/simsec=53897.7
     Messages:  created: 34101298   present: 16549   in FES: 254
** Event #27369472   t=351.049057541929   Elapsed: 720.179s (12m 00s)  70% completed  (85% total)
     Speed:     ev/sec=33404.3   simsec/sec=0.720372   ev/simsec=46370.9
     Messages:  created: 34176115   present: 16702   in FES: 226
** Event #27439616   t=352.526994603104   Elapsed: 722.196s (12m 02s)  70% completed  (85% total)
     Speed:     ev/sec=34790.6   simsec/sec=0.73304   ev/simsec=47460.7
     Messages:  created: 34254847   present: 16969   in FES: 244
** Event #27495168   t=353.556019321311   Elapsed: 724.206s (12m 04s)  70% completed  (85% total)
     Speed:     ev/sec=27639.3   simsec/sec=0.51198   ev/simsec=53985.1
     Messages:  created: 34315870   present: 17129   in FES: 254
** Event #27548928   t=354.610909309323   Elapsed: 726.215s (12m 06s)  70% completed  (85% total)
     Speed:     ev/sec=26755.9   simsec/sec=0.525011   ev/simsec=50962.7
     Messages:  created: 34374859   present: 17244   in FES: 250
** Event #27612416   t=356.036511224764   Elapsed: 728.217s (12m 08s)  71% completed  (85% total)
     Speed:     ev/sec=31709.8   simsec/sec=0.712032   ev/simsec=44534.2
     Messages:  created: 34446694   present: 17298   in FES: 204
** Event #27685376   t=357.525112915296   Elapsed: 730.228s (12m 10s)  71% completed  (85% total)
     Speed:     ev/sec=36277.3   simsec/sec=0.740166   ev/simsec=49012.4
     Messages:  created: 34527952   present: 17653   in FES: 253
** Event #27741952   t=358.560201148987   Elapsed: 732.246s (12m 12s)  71% completed  (85% total)
     Speed:     ev/sec=28035.2   simsec/sec=0.512919   ev/simsec=54658.1
     Messages:  created: 34589845   present: 17695   in FES: 224
** Event #27794432   t=359.602889666603   Elapsed: 734.26s (12m 14s)  71% completed  (85% total)
     Speed:     ev/sec=26059.5   simsec/sec=0.517758   ev/simsec=50331.4
     Messages:  created: 34647943   present: 17767   in FES: 212
** Event #27859456   t=361.03656525414   Elapsed: 736.26s (12m 16s)  72% completed  (86% total)
     Speed:     ev/sec=32507.4   simsec/sec=0.716735   ev/simsec=45354.8
     Messages:  created: 34721238   present: 18131   in FES: 283
** Event #27931904   t=362.525726741931   Elapsed: 738.264s (12m 18s)  72% completed  (86% total)
     Speed:     ev/sec=36158.1   simsec/sec=0.743227   ev/simsec=48650.2
     Messages:  created: 34801960   present: 18291   in FES: 270
** Event #27986176   t=363.551150062944   Elapsed: 740.285s (12m 20s)  72% completed  (86% total)
     Speed:     ev/sec=26852.5   simsec/sec=0.507355   ev/simsec=52926.4
     Messages:  created: 34861573   present: 18446   in FES: 287
** Event #28042240   t=364.610789435037   Elapsed: 742.295s (12m 22s)  72% completed  (86% total)
     Speed:     ev/sec=27888.7   simsec/sec=0.527111   ev/simsec=52908.6
     Messages:  created: 34923293   present: 18563   in FES: 271
** Event #28118272   t=366.101619474855   Elapsed: 744.298s (12m 24s)  73% completed  (86% total)
     Speed:     ev/sec=37958   simsec/sec=0.744277   ev/simsec=50999.8
     Messages:  created: 35007701   present: 18771   in FES: 276
** Event #28184064   t=367.537871102633   Elapsed: 746.315s (12m 26s)  73% completed  (86% total)
     Speed:     ev/sec=32624.1   simsec/sec=0.712191   ev/simsec=45808.1
     Messages:  created: 35083215   present: 18061   in FES: 277
** Event #28238848   t=368.551058998433   Elapsed: 748.321s (12m 28s)  73% completed  (86% total)
     Speed:     ev/sec=27306.9   simsec/sec=0.50502   ev/simsec=54070.9
     Messages:  created: 35144435   present: 4303   in FES: 255
** Event #28296960   t=369.610889565295   Elapsed: 750.341s (12m 30s)  73% completed  (86% total)
     Speed:     ev/sec=28779   simsec/sec=0.524863   ev/simsec=54831.4
     Messages:  created: 35208893   present: 4404   in FES: 233
** Event #28365824   t=371.049057336536   Elapsed: 752.343s (12m 32s)  74% completed  (87% total)
     Speed:     ev/sec=34388.6   simsec/sec=0.718177   ev/simsec=47883.1
     Messages:  created: 35287218   present: 4644   in FES: 249
** Event #28439040   t=372.524994641792   Elapsed: 754.356s (12m 34s)  74% completed  (87% total)
     Speed:     ev/sec=36376.2   simsec/sec=0.733296   ev/simsec=49606.4
     Messages:  created: 35370075   present: 4833   in FES: 245
** Event #28499968   t=373.548552002631   Elapsed: 756.387s (12m 36s)  74% completed  (87% total)
     Speed:     ev/sec=29988.8   simsec/sec=0.503795   ev/simsec=59525.7
     Messages:  created: 35439130   present: 4982   in FES: 251
** Event #28558848   t=374.607337551223   Elapsed: 758.393s (12m 38s)  74% completed  (87% total)
     Speed:     ev/sec=29355.1   simsec/sec=0.527866   ev/simsec=55610.9
     Messages:  created: 35505022   present: 5049   in FES: 230
** Event #28623872   t=376.021838647851   Elapsed: 760.398s (12m 40s)  75% completed  (87% total)
     Speed:     ev/sec=32443.5   simsec/sec=0.705761   ev/simsec=45969.6
     Messages:  created: 35579938   present: 5268   in FES: 256
** Event #28700416   t=377.470966467477   Elapsed: 762.4s (12m 42s)  75% completed  (87% total)
     Speed:     ev/sec=38214.8   simsec/sec=0.723482   ev/simsec=52820.7
     Messages:  created: 35665857   present: 5455   in FES: 255
** Event #28763392   t=378.53739591014   Elapsed: 764.415s (12m 44s)  75% completed  (87% total)
     Speed:     ev/sec=31260.1   simsec/sec=0.529356   ev/simsec=59053.1
     Messages:  created: 35737402   present: 5589   in FES: 236
** Event #28824064   t=379.561201052394   Elapsed: 766.422s (12m 46s)  75% completed  (87% total)
     Speed:     ev/sec=30225.5   simsec/sec=0.510038   ev/simsec=59261.3
     Messages:  created: 35806250   present: 5761   in FES: 245
** Event #28884736   t=380.656818183918   Elapsed: 768.44s (12m 48s)  76% completed  (88% total)
     Speed:     ev/sec=30073   simsec/sec=0.54306   ev/simsec=55377
     Messages:  created: 35874715   present: 5901   in FES: 254
** Event #28964608   t=382.083679143395   Elapsed: 770.442s (12m 50s)  76% completed  (88% total)
     Speed:     ev/sec=39885.3   simsec/sec=0.712525   ev/simsec=55977.4
     Messages:  created: 35966085   present: 6059   in FES: 234
** Event #29036032   t=383.522496478354   Elapsed: 772.447s (12m 52s)  76% completed  (88% total)
     Speed:     ev/sec=35633.4   simsec/sec=0.717824   ev/simsec=49640.8
     Messages:  created: 36049234   present: 6302   in FES: 254
** Event #29095936   t=384.543173575207   Elapsed: 774.456s (12m 54s)  76% completed  (88% total)
     Speed:     ev/sec=29815.3   simsec/sec=0.508009   ev/simsec=58690.5
     Messages:  created: 36117149   present: 6425   in FES: 248
** Event #29157632   t=385.577668444435   Elapsed: 776.458s (12m 56s)  77% completed  (88% total)
     Speed:     ev/sec=30814   simsec/sec=0.516678   ev/simsec=59638.8
     Messages:  created: 36187536   present: 6415   in FES: 204
** Event #29216256   t=386.602890521457   Elapsed: 778.491s (12m 58s)  77% completed  (88% total)
     Speed:     ev/sec=28834.3   simsec/sec=0.504257   ev/simsec=57181.8
     Messages:  created: 36254406   present: 6689   in FES: 255
** Event #29274112   t=387.60734074685   Elapsed: 780.497s (13m 00s)  77% completed  (88% total)
     Speed:     ev/sec=28850   simsec/sec=0.500871   ev/simsec=57599.7
     Messages:  created: 36320400   present: 6730   in FES: 217
** Event #29336832   t=388.71659147798   Elapsed: 782.499s (13m 02s)  77% completed  (88% total)
     Speed:     ev/sec=31322.7   simsec/sec=0.553966   ev/simsec=56542.7
     Messages:  created: 36392884   present: 6825   in FES: 202
** Event #29412096   t=390.058882575326   Elapsed: 784.499s (13m 04s)  78% completed  (89% total)
     Speed:     ev/sec=37626.1   simsec/sec=0.67104   ev/simsec=56071.3
     Messages:  created: 36480961   present: 7113   in FES: 229
** Event #29479424   t=391.202781201047   Elapsed: 786.502s (13m 06s)  78% completed  (89% total)
     Speed:     ev/sec=33628.9   simsec/sec=0.571353   ev/simsec=58858.4
     Messages:  created: 36556726   present: 7320   in FES: 270
** Event #29545216   t=392.45700438051   Elapsed: 788.504s (13m 08s)  78% completed  (89% total)
     Speed:     ev/sec=32855.9   simsec/sec=0.626347   ev/simsec=52456.4
     Messages:  created: 36633773   present: 7387   in FES: 236
** Event #29606144   t=393.536413695067   Elapsed: 790.509s (13m 10s)  78% completed  (89% total)
     Speed:     ev/sec=30393.5   simsec/sec=0.538455   ev/simsec=56445.7
     Messages:  created: 36703812   present: 7624   in FES: 269
** Event #29668352   t=394.559441832744   Elapsed: 792.522s (13m 12s)  78% completed  (89% total)
     Speed:     ev/sec=30890.9   simsec/sec=0.50801   ev/simsec=60807.7
     Messages:  created: 36775117   present: 7782   in FES: 254
** Event #29728512   t=395.561202145466   Elapsed: 794.537s (13m 14s)  79% completed  (89% total)
     Speed:     ev/sec=29867.8   simsec/sec=0.497347   ev/simsec=60054.3
     Messages:  created: 36844075   present: 7852   in FES: 233
** Event #29798912   t=396.571369768879   Elapsed: 796.559s (13m 16s)  79% completed  (89% total)
     Speed:     ev/sec=34817.5   simsec/sec=0.499595   ev/simsec=69691.4
     Messages:  created: 36928322   present: 8021   in FES: 249
** Event #29861632   t=397.609295990814   Elapsed: 798.578s (13m 18s)  79% completed  (89% total)
     Speed:     ev/sec=31060.7   simsec/sec=0.51401   ev/simsec=60428.2
     Messages:  created: 37001034   present: 8117   in FES: 240
** Event #29922816   t=398.613699642709   Elapsed: 800.596s (13m 20s)  79% completed  (89% total)
     Speed:     ev/sec=30310.2   simsec/sec=0.497575   ev/simsec=60915.7
     Messages:  created: 37071534   present: 8149   in FES: 204
** Event #29982976   t=399.610770584913   Elapsed: 802.614s (13m 22s)  79% completed  (89% total)
     Speed:     ev/sec=29825.4   simsec/sec=0.494315   ev/simsec=60336.7
     Messages:  created: 37141257   present: 8346   in FES: 225
** Event #30056192   t=401.084986608359   Elapsed: 804.615s (13m 24s)  80% completed  (90% total)
     Speed:     ev/sec=36588.3   simsec/sec=0.736711   ev/simsec=49664.4
     Messages:  created: 37223601   present: 8538   in FES: 222
** Event #30094336   t=402.562139937822   Elapsed: 806.616s (13m 26s)  80% completed  (90% total)
     Speed:     ev/sec=19063   simsec/sec=0.738226   ev/simsec=25822.6
     Messages:  created: 37258240   present: 8983   in FES: 272
** Event #30133248   t=404.046120087744   Elapsed: 808.617s (13m 28s)  80% completed  (90% total)
     Speed:     ev/sec=19439.5   simsec/sec=0.741362   ev/simsec=26221.4
     Messages:  created: 37293418   present: 9174   in FES: 243
** Event #30176768   t=405.56063882827   Elapsed: 810.634s (13m 30s)  81% completed  (90% total)
     Speed:     ev/sec=21583.4   simsec/sec=0.751112   ev/simsec=28735.2
     Messages:  created: 37332090   present: 9527   in FES: 269
** Event #30213120   t=407.02675218056   Elapsed: 812.636s (13m 32s)  81% completed  (90% total)
     Speed:     ev/sec=18153.3   simsec/sec=0.732141   ev/simsec=24794.8
     Messages:  created: 37364547   present: 9683   in FES: 220
** Event #30257408   t=408.571369703988   Elapsed: 814.64s (13m 34s)  81% completed  (90% total)
     Speed:     ev/sec=22105.5   simsec/sec=0.770967   ev/simsec=28672.5
     Messages:  created: 37404559   present: 9974   in FES: 266
** Event #30304000   t=410.52893716398   Elapsed: 816.646s (13m 36s)  82% completed  (91% total)
     Speed:     ev/sec=23223   simsec/sec=0.975717   ev/simsec=23801
     Messages:  created: 37447670   present: 8118   in FES: 230
** Event #30352384   t=412.525062926006   Elapsed: 818.649s (13m 38s)  82% completed  (91% total)
     Speed:     ev/sec=24156   simsec/sec=0.996577   ev/simsec=24239
     Messages:  created: 37493370   present: 8538   in FES: 240
** Event #30406144   t=414.589855426162   Elapsed: 820.665s (13m 40s)  82% completed  (91% total)
     Speed:     ev/sec=26660.9   simsec/sec=1.02398   ev/simsec=26036.5
     Messages:  created: 37545268   present: 8960   in FES: 243
** Event #30475520   t=417.60276571998   Elapsed: 822.675s (13m 42s)  83% completed  (91% total)
     Speed:     ev/sec=34513.6   simsec/sec=1.49888   ev/simsec=23026.2
     Messages:  created: 37613272   present: 9542   in FES: 255
** Event #30557952   t=421.536544843056   Elapsed: 824.682s (13m 44s)  84% completed  (92% total)
     Speed:     ev/sec=41076.2   simsec/sec=1.96022   ev/simsec=20954.9
     Messages:  created: 37694602   present: 10207   in FES: 205
** Event #30641664   t=425.078898646313   Elapsed: 826.683s (13m 46s)  85% completed  (92% total)
     Speed:     ev/sec=41833.3   simsec/sec=1.77022   ev/simsec=23631.7
     Messages:  created: 37777222   present: 11023   in FES: 246
** Event #30723072   t=428.613499930476   Elapsed: 828.685s (13m 48s)  85% completed  (92% total)
     Speed:     ev/sec=40673.3   simsec/sec=1.76597   ev/simsec=23031.7
     Messages:  created: 37857469   present: 11701   in FES: 244
** Event #30794240   t=432.014020599636   Elapsed: 830.688s (13m 50s)  86% completed  (93% total)
     Speed:     ev/sec=35530.1   simsec/sec=1.69769   ev/simsec=20928.6
     Messages:  created: 37928390   present: 12389   in FES: 252
** Event #30865152   t=435.029923398461   Elapsed: 832.691s (13m 52s)  87% completed  (93% total)
     Speed:     ev/sec=35399.1   simsec/sec=1.50553   ev/simsec=23512.7
     Messages:  created: 37997484   present: 12456   in FES: 244
** Event #30924544   t=437.527022866215   Elapsed: 834.703s (13m 54s)  87% completed  (93% total)
     Speed:     ev/sec=29521.3   simsec/sec=1.2412   ev/simsec=23784.4
     Messages:  created: 38053946   present: 13052   in FES: 292
** Event #30976256   t=439.525118495699   Elapsed: 836.723s (13m 56s)  87% completed  (93% total)
     Speed:     ev/sec=25597.3   simsec/sec=0.989052   ev/simsec=25880.6
     Messages:  created: 38102065   present: 13332   in FES: 238
** Event #31011840   t=440.746765924878   Elapsed: 838.723s (13m 58s)  88% completed  (94% total)
     Speed:     ev/sec=17791.8   simsec/sec=0.610818   ev/simsec=29127.9
     Messages:  created: 38134856   present: 13573   in FES: 254
** Event #31056384   t=442.531927220262   Elapsed: 840.727s (14m 00s)  88% completed  (94% total)
     Speed:     ev/sec=22233.9   simsec/sec=0.891055   ev/simsec=24952.4
     Messages:  created: 38174897   present: 13912   in FES: 238
** Event #31089664   t=443.58672655712   Elapsed: 842.737s (14m 02s)  88% completed  (94% total)
     Speed:     ev/sec=16553.7   simsec/sec=0.524663   ev/simsec=31551
     Messages:  created: 38204973   present: 14468   in FES: 356
** Event #31135232   t=445.522317675082   Elapsed: 844.749s (14m 04s)  89% completed  (94% total)
     Speed:     ev/sec=22644.3   simsec/sec=0.961861   ev/simsec=23542.2
     Messages:  created: 38245712   present: 14507   in FES: 254
** Event #31166720   t=446.556849413638   Elapsed: 846.753s (14m 06s)  89% completed  (94% total)
     Speed:     ev/sec=15718.7   simsec/sec=0.516435   ev/simsec=30437
     Messages:  created: 38273884   present: 14723   in FES: 244
** Event #31199232   t=447.5938919921   Elapsed: 848.769s (14m 08s)  89% completed  (94% total)
     Speed:     ev/sec=16124.7   simsec/sec=0.514334   ev/simsec=31350.7
     Messages:  created: 38302786   present: 14957   in FES: 254
** Event #31247360   t=449.55906968612   Elapsed: 850.784s (14m 10s)  89% completed  (94% total)
     Speed:     ev/sec=23877.5   simsec/sec=0.974973   ev/simsec=24490.4
     Messages:  created: 38346488   present: 15311   in FES: 256
** Event #31298304   t=451.554343263037   Elapsed: 852.807s (14m 12s)  90% completed  (95% total)
     Speed:     ev/sec=25183.7   simsec/sec=0.986347   ev/simsec=25532.3
     Messages:  created: 38392807   present: 15734   in FES: 254
** Event #31349760   t=453.550390043558   Elapsed: 854.828s (14m 14s)  90% completed  (95% total)
     Speed:     ev/sec=25470   simsec/sec=0.988014   ev/simsec=25779
     Messages:  created: 38439761   present: 16060   in FES: 233
** Event #31403264   t=455.556441537203   Elapsed: 856.85s (14m 16s)  91% completed  (95% total)
     Speed:     ev/sec=26455.1   simsec/sec=0.991893   ev/simsec=26671.3
     Messages:  created: 38489046   present: 16511   in FES: 254
** Event #31459072   t=457.59160231742   Elapsed: 858.859s (14m 18s)  91% completed  (95% total)
     Speed:     ev/sec=27780.2   simsec/sec=1.01307   ev/simsec=27421.9
     Messages:  created: 38540320   present: 16900   in FES: 250
** Event #31515392   t=460.021740086493   Elapsed: 860.861s (14m 20s)  92% completed  (96% total)
     Speed:     ev/sec=28130.5   simsec/sec=1.2138   ev/simsec=23175.6
     Messages:  created: 38592096   present: 17236   in FES: 204
** Event #31575040   t=462.076130583106   Elapsed: 862.863s (14m 22s)  92% completed  (96% total)
     Speed:     ev/sec=29800   simsec/sec=1.02637   ev/simsec=29034.4
     Messages:  created: 38646158   present: 17702   in FES: 223
** Event #31630336   t=464.088819807421   Elapsed: 864.864s (14m 24s)  92% completed  (96% total)
     Speed:     ev/sec=27628.6   simsec/sec=1.00564   ev/simsec=27473.7
     Messages:  created: 38696421   present: 18174   in FES: 245
** Event #31685376   t=466.528890984412   Elapsed: 866.869s (14m 26s)  93% completed  (96% total)
     Speed:     ev/sec=27446.4   simsec/sec=1.21677   ev/simsec=22556.7
     Messages:  created: 38746620   present: 18575   in FES: 227
** Event #31739136   t=468.548441075327   Elapsed: 868.872s (14m 28s)  93% completed  (96% total)
     Speed:     ev/sec=26840.2   simsec/sec=1.00828   ev/simsec=26619.8
     Messages:  created: 38795953   present: 18992   in FES: 231
** Event #31793920   t=470.5566668536   Elapsed: 870.884s (14m 30s)  94% completed  (97% total)
     Speed:     ev/sec=27228.2   simsec/sec=0.998109   ev/simsec=27279.8
     Messages:  created: 38845843   present: 19321   in FES: 204
** Event #31848960   t=472.574663526546   Elapsed: 872.889s (14m 32s)  94% completed  (97% total)
     Speed:     ev/sec=27453.1   simsec/sec=1.00655   ev/simsec=27274.6
     Messages:  created: 38896012   present: 19796   in FES: 237
** Event #31906048   t=475.017979358662   Elapsed: 874.893s (14m 34s)  95% completed  (97% total)
     Speed:     ev/sec=28490   simsec/sec=1.21935   ev/simsec=23365
     Messages:  created: 38948740   present: 20271   in FES: 236
** Event #31967232   t=477.081936463412   Elapsed: 876.896s (14m 36s)  95% completed  (97% total)
     Speed:     ev/sec=30542.8   simsec/sec=1.03032   ev/simsec=29644
     Messages:  created: 39003873   present: 20716   in FES: 255
** Event #32024832   t=479.532326816858   Elapsed: 878.901s (14m 38s)  95% completed  (97% total)
     Speed:     ev/sec=28739.3   simsec/sec=1.22261   ev/simsec=23506.5
     Messages:  created: 39056382   present: 21164   in FES: 237
** Event #32079360   t=481.555207809726   Elapsed: 880.911s (14m 40s)  96% completed  (98% total)
     Speed:     ev/sec=27119.2   simsec/sec=1.00607   ev/simsec=26955.6
     Messages:  created: 39106474   present: 21597   in FES: 246
** Event #32133632   t=483.561208533959   Elapsed: 882.924s (14m 42s)  96% completed  (98% total)
     Speed:     ev/sec=26957.7   simsec/sec=0.996409   ev/simsec=27054.8
     Messages:  created: 39156225   present: 21956   in FES: 232
** Event #32190976   t=485.996164755869   Elapsed: 884.928s (14m 44s)  97% completed  (98% total)
     Speed:     ev/sec=28627   simsec/sec=1.21557   ev/simsec=23550.3
     Messages:  created: 39208862   present: 22462   in FES: 275
** Event #32248832   t=488.046687294094   Elapsed: 886.929s (14m 46s)  97% completed  (98% total)
     Speed:     ev/sec=28904.5   simsec/sec=1.02443   ev/simsec=28215.2
     Messages:  created: 39261433   present: 22877   in FES: 286
** Event #32305152   t=490.079799439719   Elapsed: 888.93s (14m 48s)  98% completed  (99% total)
     Speed:     ev/sec=28149.1   simsec/sec=1.01616   ev/simsec=27701.4
     Messages:  created: 39312467   present: 23281   in FES: 274
** Event #32363008   t=492.531878140846   Elapsed: 890.946s (14m 50s)  98% completed  (99% total)
     Speed:     ev/sec=28696.2   simsec/sec=1.21621   ev/simsec=23594.7
     Messages:  created: 39365184   present: 23775   in FES: 283
** Event #32419072   t=494.555857726257   Elapsed: 892.966s (14m 52s)  98% completed  (99% total)
     Speed:     ev/sec=27762.6   simsec/sec=1.00226   ev/simsec=27699.9
     Messages:  created: 39416289   present: 22630   in FES: 264
** Event #32473600   t=496.56941473927   Elapsed: 894.978s (14m 54s)  99% completed  (99% total)
     Speed:     ev/sec=27097.9   simsec/sec=1.00064   ev/simsec=27080.4
     Messages:  created: 39466390   present: 8248   in FES: 236
** Event #32533760   t=499.033066755372   Elapsed: 896.981s (14m 56s)  99% completed  (99% total)
     Speed:     ev/sec=30029.9   simsec/sec=1.22977   ev/simsec=24419
     Messages:  created: 39521479   present: 8744   in FES: 254
** Event #32556513   t=500   Elapsed: 897.796s (14m 57s)  100% completed  (100% total)
     Speed:     ev/sec=27929.3   simsec/sec=1.18632   ev/simsec=23542.8
     Messages:  created: 39542418   present: 8822   in FES: 203

<!> Simulation time limit reached -- at t=500s, event #32556513
undisposed object: (omnetpp::cMessage) FanetSarNetwork.groundStation.app.debugTimer -- check module destructor
undisposed object: (omnetpp::cMessage) FanetSarNetwork.uav[0].app.debugTimer -- check module destructor
undisposed object: (omnetpp::cMessage) FanetSarNetwork.uav[1].app.debugTimer -- check module destructor
undisposed object: (omnetpp::cMessage) FanetSarNetwork.uav[2].app.debugTimer -- check module destructor
undisposed object: (omnetpp::cMessage) FanetSarNetwork.uav[3].app.debugTimer -- check module destructor
undisposed object: (omnetpp::cMessage) FanetSarNetwork.uav[4].app.debugTimer -- check module destructor
undisposed object: (omnetpp::cMessage) FanetSarNetwork.uav[5].app.debugTimer -- check module destructor
undisposed object: (omnetpp::cMessage) FanetSarNetwork.uav[6].app.debugTimer -- check module destructor
undisposed object: (omnetpp::cMessage) FanetSarNetwork.uav[7].app.debugTimer -- check module destructor
undisposed object: (omnetpp::cMessage) FanetSarNetwork.uav[8].app.debugTimer -- check module destructor
undisposed object: (omnetpp::cMessage) FanetSarNetwork.uav[9].app.debugTimer -- check module destructor
undisposed object: (omnetpp::cMessage) FanetSarNetwork.uav[10].app.debugTimer -- check module destructor
undisposed object: (omnetpp::cMessage) FanetSarNetwork.uav[11].app.debugTimer -- check module destructor
undisposed object: (omnetpp::cMessage) FanetSarNetwork.uav[12].app.debugTimer -- check module destructor
undisposed object: (omnetpp::cMessage) FanetSarNetwork.uav[13].app.debugTimer -- check module destructor
undisposed object: (omnetpp::cMessage) FanetSarNetwork.uav[14].app.debugTimer -- check module destructor
undisposed object: (omnetpp::cMessage) FanetSarNetwork.uav[15].app.debugTimer -- check module destructor
undisposed object: (omnetpp::cMessage) FanetSarNetwork.uav[16].app.debugTimer -- check module destructor
undisposed object: (omnetpp::cMessage) FanetSarNetwork.uav[17].app.debugTimer -- check module destructor
undisposed object: (omnetpp::cMessage) FanetSarNetwork.uav[18].app.debugTimer -- check module destructor
undisposed object: (omnetpp::cMessage) FanetSarNetwork.uav[19].app.debugTimer -- check module destructor
undisposed object: (omnetpp::cMessage) FanetSarNetwork.uav[20].app.debugTimer -- check module destructor
undisposed object: (omnetpp::cMessage) FanetSarNetwork.uav[21].app.debugTimer -- check module destructor
undisposed object: (omnetpp::cMessage) FanetSarNetwork.uav[22].app.debugTimer -- check module destructor
undisposed object: (omnetpp::cMessage) FanetSarNetwork.uav[23].app.debugTimer -- check module destructor
undisposed object: (omnetpp::cMessage) FanetSarNetwork.uav[24].app.debugTimer -- check module destructor
undisposed object: (omnetpp::cMessage) FanetSarNetwork.uav[25].app.debugTimer -- check module destructor
undisposed object: (omnetpp::cMessage) FanetSarNetwork.uav[26].app.debugTimer -- check module destructor
undisposed object: (omnetpp::cMessage) FanetSarNetwork.uav[27].app.debugTimer -- check module destructor
undisposed object: (omnetpp::cMessage) FanetSarNetwork.uav[28].app.debugTimer -- check module destructor
undisposed object: (omnetpp::cMessage) FanetSarNetwork.uav[29].app.debugTimer -- check module destructor
undisposed object: (omnetpp::cMessage) FanetSarNetwork.uav[30].app.debugTimer -- check module destructor
undisposed object: (omnetpp::cMessage) FanetSarNetwork.uav[31].app.debugTimer -- check module destructor
undisposed object: (omnetpp::cMessage) FanetSarNetwork.uav[32].app.debugTimer -- check module destructor
undisposed object: (omnetpp::cMessage) FanetSarNetwork.uav[33].app.debugTimer -- check module destructor
undisposed object: (omnetpp::cMessage) FanetSarNetwork.uav[34].app.debugTimer -- check module destructor
undisposed object: (omnetpp::cMessage) FanetSarNetwork.uav[35].app.debugTimer -- check module destructor
undisposed object: (omnetpp::cMessage) FanetSarNetwork.uav[36].app.debugTimer -- check module destructor
undisposed object: (omnetpp::cMessage) FanetSarNetwork.uav[37].app.debugTimer -- check module destructor
undisposed object: (omnetpp::cMessage) FanetSarNetwork.uav[38].app.debugTimer -- check module destructor
undisposed object: (omnetpp::cMessage) FanetSarNetwork.uav[39].app.debugTimer -- check module destructor
undisposed object: (omnetpp::cMessage) FanetSarNetwork.uav[40].app.debugTimer -- check module destructor
undisposed object: (omnetpp::cMessage) FanetSarNetwork.uav[41].app.debugTimer -- check module destructor
undisposed object: (omnetpp::cMessage) FanetSarNetwork.uav[42].app.debugTimer -- check module destructor
undisposed object: (omnetpp::cMessage) FanetSarNetwork.uav[43].app.debugTimer -- check module destructor
undisposed object: (omnetpp::cMessage) FanetSarNetwork.uav[44].app.debugTimer -- check module destructor
undisposed object: (omnetpp::cMessage) FanetSarNetwork.uav[45].app.debugTimer -- check module destructor
undisposed object: (omnetpp::cMessage) FanetSarNetwork.uav[46].app.debugTimer -- check module destructor
undisposed object: (omnetpp::cMessage) FanetSarNetwork.uav[47].app.debugTimer -- check module destructor
undisposed object: (omnetpp::cMessage) FanetSarNetwork.uav[48].app.debugTimer -- check module destructor
undisposed object: (omnetpp::cMessage) FanetSarNetwork.uav[49].app.debugTimer -- check module destructor
