** Event #0   t=0   Elapsed: 2.5e-05s (0m 00s)  0% completed  (0% total)
     Speed:     ev/sec=0   simsec/sec=0   ev/simsec=0
     Messages:  created: 1938   present: 1938   in FES: 306
** Event #61184   t=2.516461010464   Elapsed: 2.00521s (0m 02s)  0% completed  (0% total)
     Speed:     ev/sec=30513.4   simsec/sec=1.25498   ev/simsec=24313.9
     Messages:  created: 58055   present: 2015   in FES: 245
** Event #114944   t=5.050832057418   Elapsed: 4.01021s (0m 04s)  1% completed  (0% total)
     Speed:     ev/sec=26812.9   simsec/sec=1.26402   ev/simsec=21212.4
     Messages:  created: 107072   present: 1959   in FES: 254
** Event #152064   t=6.519152671786   Elapsed: 6.01989s (0m 06s)  1% completed  (0% total)
     Speed:     ev/sec=18470.6   simsec/sec=0.730623   ev/simsec=25280.6
     Messages:  created: 141389   present: 2046   in FES: 254
** Event #192256   t=8.515153132152   Elapsed: 8.02032s (0m 08s)  1% completed  (0% total)
     Speed:     ev/sec=20091.7   simsec/sec=0.997788   ev/simsec=20136.3
     Messages:  created: 178479   present: 2332   in FES: 356
** Event #233216   t=10.511133810259   Elapsed: 10.0521s (0m 10s)  2% completed  (1% total)
     Speed:     ev/sec=20159.7   simsec/sec=0.98238   ev/simsec=20521.2
     Messages:  created: 216110   present: 2001   in FES: 250
** Event #259328   t=11.518315957385   Elapsed: 12.0922s (0m 12s)  2% completed  (1% total)
     Speed:     ev/sec=12799.1   simsec/sec=0.493682   ev/simsec=25925.8
     Messages:  created: 239083   present: 1956   in FES: 233
** Event #280832   t=12.508287731784   Elapsed: 14.0947s (0m 14s)  2% completed  (1% total)
     Speed:     ev/sec=10738.8   simsec/sec=0.494377   ev/simsec=21721.8
     Messages:  created: 256501   present: 1985   in FES: 251
** Event #291584   t=12.564502148002   Elapsed: 16.1079s (0m 16s)  2% completed  (1% total)
     Speed:     ev/sec=5340.66   simsec/sec=0.0279224   ev/simsec=191268
     Messages:  created: 265882   present: 1954   in FES: 241
** Event #313088   t=13.543875514013   Elapsed: 18.1458s (0m 18s)  2% completed  (1% total)
     Speed:     ev/sec=10552.4   simsec/sec=0.480594   ev/simsec=21956.9
     Messages:  created: 284308   present: 1976   in FES: 245
** Event #333568   t=14.524556036801   Elapsed: 20.1523s (0m 20s)  2% completed  (1% total)
     Speed:     ev/sec=10206.5   simsec/sec=0.488735   ev/simsec=20883.5
     Messages:  created: 302046   present: 1969   in FES: 240
** Event #354560   t=15.516339423855   Elapsed: 22.1524s (0m 22s)  3% completed  (1% total)
     Speed:     ev/sec=10496   simsec/sec=0.495889   ev/simsec=21165.9
     Messages:  created: 320402   present: 2050   in FES: 269
** Event #377088   t=16.513542222219   Elapsed: 24.1806s (0m 24s)  3% completed  (1% total)
     Speed:     ev/sec=11106.9   simsec/sec=0.491648   ev/simsec=22591.2
     Messages:  created: 339915   present: 1970   in FES: 254
** Event #397056   t=17.078299584722   Elapsed: 26.1813s (0m 26s)  3% completed  (1% total)
     Speed:     ev/sec=9980.6   simsec/sec=0.282282   ev/simsec=35356.8
     Messages:  created: 357224   present: 1933   in FES: 232
** Event #421888   t=18.092384217175   Elapsed: 28.1864s (0m 28s)  3% completed  (1% total)
     Speed:     ev/sec=12384.4   simsec/sec=0.505752   ev/simsec=24487.1
     Messages:  created: 378966   present: 1934   in FES: 233
** Event #448512   t=19.514338693196   Elapsed: 30.1994s (0m 30s)  3% completed  (1% total)
     Speed:     ev/sec=13226.3   simsec/sec=0.7064   ev/simsec=18723.5
     Messages:  created: 402088   present: 1924   in FES: 229
** Event #474880   t=20.533910204342   Elapsed: 32.2396s (0m 32s)  4% completed  (2% total)
     Speed:     ev/sec=12924.1   simsec/sec=0.499736   ev/simsec=25861.8
     Messages:  created: 425471   present: 1980   in FES: 254
** Event #502272   t=21.57809155125   Elapsed: 34.2433s (0m 34s)  4% completed  (2% total)
     Speed:     ev/sec=13671.1   simsec/sec=0.521141   ev/simsec=26233
     Messages:  created: 449392   present: 1981   in FES: 250
** Event #541696   t=23.513579647035   Elapsed: 36.2492s (0m 36s)  4% completed  (2% total)
     Speed:     ev/sec=19653.9   simsec/sec=0.964891   ev/simsec=20369
     Messages:  created: 483656   present: 1962   in FES: 243
** Event #571136   t=24.560968935366   Elapsed: 38.2522s (0m 38s)  4% completed  (2% total)
     Speed:     ev/sec=14697.4   simsec/sec=0.52289   ev/simsec=28108
     Messages:  created: 509792   present: 1970   in FES: 247
** Event #598016   t=25.602711681175   Elapsed: 40.2651s (0m 40s)  5% completed  (2% total)
     Speed:     ev/sec=13354.1   simsec/sec=0.517544   ev/simsec=25802.9
     Messages:  created: 533014   present: 1907   in FES: 226
** Event #623104   t=26.602572509362   Elapsed: 42.2839s (0m 42s)  5% completed  (2% total)
     Speed:     ev/sec=12427.3   simsec/sec=0.495278   ev/simsec=25091.5
     Messages:  created: 554255   present: 1839   in FES: 204
** Event #646912   t=27.567011381695   Elapsed: 44.284s (0m 44s)  5% completed  (2% total)
     Speed:     ev/sec=11903.6   simsec/sec=0.482202   ev/simsec=24685.9
     Messages:  created: 574121   present: 1849   in FES: 204
** Event #670464   t=28.57319240566   Elapsed: 46.3124s (0m 46s)  5% completed  (2% total)
     Speed:     ev/sec=11610.9   simsec/sec=0.496038   ev/simsec=23407.3
     Messages:  created: 594180   present: 1922   in FES: 229
** Event #695040   t=29.60252351453   Elapsed: 48.3229s (0m 48s)  5% completed  (2% total)
     Speed:     ev/sec=12224   simsec/sec=0.511985   ev/simsec=23875.7
     Messages:  created: 616486   present: 1988   in FES: 251
** Event #718080   t=30.59863220212   Elapsed: 50.3463s (0m 50s)  6% completed  (3% total)
     Speed:     ev/sec=11386.7   simsec/sec=0.492289   ev/simsec=23130
     Messages:  created: 636870   present: 1976   in FES: 249
** Event #754944   t=32.512645412435   Elapsed: 52.356s (0m 52s)  6% completed  (3% total)
     Speed:     ev/sec=18343   simsec/sec=0.952385   ev/simsec=19260.1
     Messages:  created: 669013   present: 1980   in FES: 254
** Event #784896   t=33.576138042067   Elapsed: 54.3619s (0m 54s)  6% completed  (3% total)
     Speed:     ev/sec=14932.1   simsec/sec=0.530187   ev/simsec=28163.8
     Messages:  created: 696527   present: 1978   in FES: 254
** Event #829696   t=35.586051560645   Elapsed: 56.3805s (0m 56s)  7% completed  (3% total)
     Speed:     ev/sec=22193.6   simsec/sec=0.995695   ev/simsec=22289.5
     Messages:  created: 737114   present: 1979   in FES: 254
** Event #880896   t=38.035488391585   Elapsed: 58.3834s (0m 58s)  7% completed  (3% total)
     Speed:     ev/sec=25562.2   simsec/sec=1.22291   ev/simsec=20902.8
     Messages:  created: 783146   present: 1966   in FES: 243
** Event #932608   t=40.096921981907   Elapsed: 60.389s (1m 00s)  8% completed  (4% total)
     Speed:     ev/sec=25784.7   simsec/sec=1.02787   ev/simsec=25085.5
     Messages:  created: 829580   present: 1908   in FES: 223
** Event #977664   t=42.098540578596   Elapsed: 62.394s (1m 02s)  8% completed  (4% total)
     Speed:     ev/sec=22471.4   simsec/sec=0.998296   ev/simsec=22509.8
     Messages:  created: 870348   present: 1856   in FES: 205
** Event #1025024   t=44.545566187972   Elapsed: 64.4093s (1m 04s)  8% completed  (4% total)
     Speed:     ev/sec=23500.3   simsec/sec=1.21423   ev/simsec=19354.1
     Messages:  created: 913186   present: 1964   in FES: 243
** Event #1070336   t=46.556235042378   Elapsed: 66.4245s (1m 06s)  9% completed  (4% total)
     Speed:     ev/sec=22484.7   simsec/sec=0.997733   ev/simsec=22535.8
     Messages:  created: 954166   present: 1915   in FES: 228
** Event #1116160   t=48.563098956556   Elapsed: 68.4318s (1m 08s)  9% completed  (4% total)
     Speed:     ev/sec=22829.4   simsec/sec=0.999816   ev/simsec=22833.6
     Messages:  created: 996101   present: 2266   in FES: 356
** Event #1159168   t=50.553924909433   Elapsed: 70.4399s (1m 10s)  10% completed  (5% total)
     Speed:     ev/sec=21417.1   simsec/sec=0.991392   ev/simsec=21603.1
     Messages:  created: 1034664   present: 1969   in FES: 246
** Event #1207808   t=52.575093986148   Elapsed: 72.4452s (1m 12s)  10% completed  (5% total)
     Speed:     ev/sec=24256.1   simsec/sec=1.00793   ev/simsec=24065.3
     Messages:  created: 1079560   present: 1969   in FES: 242
** Event #1255168   t=54.605047091275   Elapsed: 74.4543s (1m 14s)  10% completed  (5% total)
     Speed:     ev/sec=23572.4   simsec/sec=1.01037   ev/simsec=23330.6
     Messages:  created: 1122342   present: 1957   in FES: 254
** Event #1304064   t=57.035210087958   Elapsed: 76.4568s (1m 16s)  11% completed  (5% total)
     Speed:     ev/sec=24416.8   simsec/sec=1.21353   ev/simsec=20120.5
     Messages:  created: 1166352   present: 1963   in FES: 254
** Event #1360128   t=59.559096288481   Elapsed: 78.4723s (1m 18s)  11% completed  (5% total)
     Speed:     ev/sec=27816.4   simsec/sec=1.25224   ev/simsec=22213.4
     Messages:  created: 1216866   present: 2189   in FES: 356
** Event #1408512   t=61.576136617514   Elapsed: 80.4775s (1m 20s)  12% completed  (6% total)
     Speed:     ev/sec=24129.7   simsec/sec=1.00592   ev/simsec=23987.6
     Messages:  created: 1261222   present: 1856   in FES: 205
** Event #1458176   t=64.018683800907   Elapsed: 82.478s (1m 22s)  12% completed  (6% total)
     Speed:     ev/sec=24825.9   simsec/sec=1.22098   ev/simsec=20332.9
     Messages:  created: 1305981   present: 1981   in FES: 248
** Event #1514752   t=66.541686199486   Elapsed: 84.5013s (1m 24s)  13% completed  (6% total)
     Speed:     ev/sec=27962.6   simsec/sec=1.24699   ev/simsec=22424.1
     Messages:  created: 1356713   present: 1990   in FES: 254
** Event #1560832   t=68.55923417887   Elapsed: 86.5026s (1m 26s)  13% completed  (6% total)
     Speed:     ev/sec=23024.2   simsec/sec=1.00808   ev/simsec=22839.6
     Messages:  created: 1398606   present: 2295   in FES: 352
** Event #1610752   t=70.597011167723   Elapsed: 88.5154s (1m 28s)  14% completed  (7% total)
     Speed:     ev/sec=24801.4   simsec/sec=1.01241   ev/simsec=24497.3
     Messages:  created: 1444296   present: 1956   in FES: 241
** Event #1661952   t=73.052378237046   Elapsed: 90.5173s (1m 30s)  14% completed  (7% total)
     Speed:     ev/sec=25575.7   simsec/sec=1.22652   ev/simsec=20852.3
     Messages:  created: 1490436   present: 1966   in FES: 245
** Event #1715456   t=75.541780209244   Elapsed: 92.5216s (1m 32s)  15% completed  (7% total)
     Speed:     ev/sec=26694.6   simsec/sec=1.24203   ev/simsec=21492.7
     Messages:  created: 1538370   present: 1913   in FES: 226
** Event #1765120   t=77.575098848009   Elapsed: 94.5367s (1m 34s)  15% completed  (7% total)
     Speed:     ev/sec=24645.7   simsec/sec=1.00903   ev/simsec=24425.1
     Messages:  created: 1584098   present: 1878   in FES: 211
** Event #1817600   t=80.0508848883   Elapsed: 96.5372s (1m 36s)  16% completed  (8% total)
     Speed:     ev/sec=26234.5   simsec/sec=1.23763   ev/simsec=21197.3
     Messages:  created: 1631320   present: 1970   in FES: 247
** Event #1869312   t=82.099101133378   Elapsed: 98.5415s (1m 38s)  16% completed  (8% total)
     Speed:     ev/sec=25800.3   simsec/sec=1.0219   ev/simsec=25247.3
     Messages:  created: 1677868   present: 1989   in FES: 248
** Event #1915648   t=84.540564480364   Elapsed: 100.551s (1m 40s)  16% completed  (8% total)
     Speed:     ev/sec=23059.1   simsec/sec=1.21499   ev/simsec=18978.8
     Messages:  created: 1719706   present: 1959   in FES: 254
** Event #1965056   t=86.568234253891   Elapsed: 102.552s (1m 42s)  17% completed  (8% total)
     Speed:     ev/sec=24693.5   simsec/sec=1.0134   ev/simsec=24366.9
     Messages:  created: 1765240   present: 2136   in FES: 289
** Event #2015232   t=89.013445543851   Elapsed: 104.553s (1m 44s)  17% completed  (8% total)
     Speed:     ev/sec=25074.6   simsec/sec=1.22195   ev/simsec=20520.1
     Messages:  created: 1810312   present: 1861   in FES: 206
** Event #2068992   t=91.096871244542   Elapsed: 106.557s (1m 46s)  18% completed  (9% total)
     Speed:     ev/sec=26824.3   simsec/sec=1.03956   ev/simsec=25803.7
     Messages:  created: 1858684   present: 1989   in FES: 254
** Event #2116096   t=93.53784324219   Elapsed: 108.566s (1m 48s)  18% completed  (9% total)
     Speed:     ev/sec=23444.8   simsec/sec=1.21493   ev/simsec=19297.2
     Messages:  created: 1901070   present: 1879   in FES: 216
** Event #2161664   t=95.523385913521   Elapsed: 110.57s (1m 50s)  19% completed  (9% total)
     Speed:     ev/sec=22737.9   simsec/sec=0.990761   ev/simsec=22949.9
     Messages:  created: 1941708   present: 1842   in FES: 205
** Event #2192384   t=96.598735262421   Elapsed: 112.576s (1m 52s)  19% completed  (9% total)
     Speed:     ev/sec=15318.3   simsec/sec=0.536215   ev/simsec=28567.5
     Messages:  created: 1968514   present: 1924   in FES: 231
** Event #2221824   t=98.010873651321   Elapsed: 114.577s (1m 54s)  19% completed  (9% total)
     Speed:     ev/sec=14708.8   simsec/sec=0.705533   ev/simsec=20847.8
     Messages:  created: 1993674   present: 1972   in FES: 245
** Event #2261760   t=99.537838981106   Elapsed: 116.593s (1m 56s)  19% completed  (9% total)
     Speed:     ev/sec=19815.3   simsec/sec=0.757642   ev/simsec=26153.8
     Messages:  created: 2028424   present: 1908   in FES: 225
** Event #2294016   t=100.599192045088   Elapsed: 118.62s (1m 58s)  20% completed  (10% total)
     Speed:     ev/sec=15910.9   simsec/sec=0.523532   ev/simsec=30391.4
     Messages:  created: 2058412   present: 2034   in FES: 284
** Event #2340096   t=102.512781125272   Elapsed: 120.636s (2m 00s)  20% completed  (10% total)
     Speed:     ev/sec=22857.2   simsec/sec=0.949204   ev/simsec=24080.4
     Messages:  created: 2100217   present: 2463   in FES: 298
** Event #2375680   t=103.605052925232   Elapsed: 122.649s (2m 02s)  20% completed  (10% total)
     Speed:     ev/sec=17677.3   simsec/sec=0.542615   ev/simsec=32578
     Messages:  created: 2132725   present: 2688   in FES: 304
** Event #2421504   t=105.512649101012   Elapsed: 124.667s (2m 04s)  21% completed  (10% total)
     Speed:     ev/sec=22708.7   simsec/sec=0.945335   ev/simsec=24021.9
     Messages:  created: 2174686   present: 3081   in FES: 304
** Event #2456320   t=106.588201637357   Elapsed: 126.675s (2m 06s)  21% completed  (10% total)
     Speed:     ev/sec=17337.8   simsec/sec=0.535608   ev/simsec=32370.3
     Messages:  created: 2207041   present: 3275   in FES: 301
** Event #2497024   t=108.097366909933   Elapsed: 128.676s (2m 08s)  21% completed  (10% total)
     Speed:     ev/sec=20341.8   simsec/sec=0.754205   ev/simsec=26971.2
     Messages:  created: 2242873   present: 3518   in FES: 302
** Event #2531072   t=109.5860486206   Elapsed: 130.686s (2m 10s)  21% completed  (10% total)
     Speed:     ev/sec=16936.8   simsec/sec=0.740529   ev/simsec=22871.2
     Messages:  created: 2272182   present: 2082   in FES: 204
** Event #2574336   t=111.514077282767   Elapsed: 132.706s (2m 12s)  22% completed  (11% total)
     Speed:     ev/sec=21416.9   simsec/sec=0.954429   ev/simsec=22439.5
     Messages:  created: 2308924   present: 2606   in FES: 243
** Event #2610944   t=113.029665210172   Elapsed: 134.71s (2m 14s)  22% completed  (11% total)
     Speed:     ev/sec=18272.2   simsec/sec=0.756477   ev/simsec=24154.3
     Messages:  created: 2340458   present: 2849   in FES: 228
** Event #2648576   t=114.531644715503   Elapsed: 136.711s (2m 16s)  22% completed  (11% total)
     Speed:     ev/sec=18806   simsec/sec=0.750591   ev/simsec=25054.9
     Messages:  created: 2372900   present: 3143   in FES: 228
** Event #2690560   t=116.09225080667   Elapsed: 138.711s (2m 18s)  23% completed  (11% total)
     Speed:     ev/sec=20987.5   simsec/sec=0.780135   ev/simsec=26902.4
     Messages:  created: 2408827   present: 3491   in FES: 239
** Event #2723840   t=117.559047365209   Elapsed: 140.714s (2m 20s)  23% completed  (11% total)
     Speed:     ev/sec=16620.3   simsec/sec=0.732529   ev/simsec=22688.9
     Messages:  created: 2437617   present: 3782   in FES: 254
** Event #2767872   t=119.512913701943   Elapsed: 142.726s (2m 22s)  23% completed  (11% total)
     Speed:     ev/sec=21885.2   simsec/sec=0.971127   ev/simsec=22535.8
     Messages:  created: 2475530   present: 4203   in FES: 242
** Event #2801152   t=121.00510027766   Elapsed: 144.728s (2m 24s)  24% completed  (12% total)
     Speed:     ev/sec=16621.6   simsec/sec=0.745268   ev/simsec=22302.8
     Messages:  created: 2504264   present: 4501   in FES: 254
** Event #2840064   t=122.512120552591   Elapsed: 146.762s (2m 26s)  24% completed  (12% total)
     Speed:     ev/sec=19131.1   simsec/sec=0.740926   ev/simsec=25820.5
     Messages:  created: 2536960   present: 4781   in FES: 254
** Event #2866432   t=123.529100232232   Elapsed: 148.763s (2m 28s)  24% completed  (12% total)
     Speed:     ev/sec=13173   simsec/sec=0.508064   ev/simsec=25927.8
     Messages:  created: 2559300   present: 4973   in FES: 238
** Event #2895872   t=124.598867775896   Elapsed: 150.783s (2m 30s)  24% completed  (12% total)
     Speed:     ev/sec=14575.6   simsec/sec=0.529637   ev/simsec=27520
     Messages:  created: 2584345   present: 5222   in FES: 254
** Event #2924288   t=125.610501386706   Elapsed: 152.816s (2m 32s)  25% completed  (12% total)
     Speed:     ev/sec=13981   simsec/sec=0.497736   ev/simsec=28089.2
     Messages:  created: 2608586   present: 5370   in FES: 225
** Event #2961408   t=127.096921867012   Elapsed: 154.821s (2m 34s)  25% completed  (12% total)
     Speed:     ev/sec=18506.5   simsec/sec=0.741069   ev/simsec=24972.7
     Messages:  created: 2639891   present: 5685   in FES: 235
** Event #2996224   t=128.604336072895   Elapsed: 156.849s (2m 36s)  25% completed  (12% total)
     Speed:     ev/sec=17167.5   simsec/sec=0.743295   ev/simsec=23096.5
     Messages:  created: 2669854   present: 5987   in FES: 232
** Event #3039232   t=130.564420395943   Elapsed: 158.856s (2m 38s)  26% completed  (13% total)
     Speed:     ev/sec=21429.6   simsec/sec=0.976652   ev/simsec=21941.9
     Messages:  created: 2707243   present: 6429   in FES: 253
** Event #3077376   t=132.511809998401   Elapsed: 160.859s (2m 40s)  26% completed  (13% total)
     Speed:     ev/sec=19046.5   simsec/sec=0.972394   ev/simsec=19587.2
     Messages:  created: 2742494   present: 6797   in FES: 246
** Event #3111168   t=134.050884922139   Elapsed: 162.86s (2m 42s)  26% completed  (13% total)
     Speed:     ev/sec=16886.7   simsec/sec=0.769116   ev/simsec=21956
     Messages:  created: 2774443   present: 7095   in FES: 243
** Event #3159040   t=136.516978236978   Elapsed: 164.865s (2m 44s)  27% completed  (13% total)
     Speed:     ev/sec=23881.7   simsec/sec=1.23025   ev/simsec=19412.1
     Messages:  created: 2819482   present: 7610   in FES: 249
** Event #3213056   t=139.040961996963   Elapsed: 166.865s (2m 46s)  27% completed  (13% total)
     Speed:     ev/sec=27001.6   simsec/sec=1.26169   ev/simsec=21401.1
     Messages:  created: 2870119   present: 8071   in FES: 233
** Event #3268352   t=141.598963561973   Elapsed: 168.873s (2m 48s)  28% completed  (14% total)
     Speed:     ev/sec=27535.8   simsec/sec=1.27381   ev/simsec=21616.9
     Messages:  created: 2922811   present: 8562   in FES: 228
** Event #3310336   t=143.543942838091   Elapsed: 170.88s (2m 50s)  28% completed  (14% total)
     Speed:     ev/sec=20923.4   simsec/sec=0.969311   ev/simsec=21585.8
     Messages:  created: 2960156   present: 9043   in FES: 254
** Event #3346944   t=145.064136617514   Elapsed: 172.892s (2m 52s)  29% completed  (14% total)
     Speed:     ev/sec=18189.9   simsec/sec=0.75536   ev/simsec=24081.1
     Messages:  created: 2991354   present: 9291   in FES: 254
** Event #3380480   t=146.518701256492   Elapsed: 174.912s (2m 54s)  29% completed  (14% total)
     Speed:     ev/sec=16609   simsec/sec=0.720387   ev/simsec=23055.7
     Messages:  created: 3020044   present: 9608   in FES: 242
** Event #3409408   t=147.572157474595   Elapsed: 176.949s (2m 56s)  29% completed  (14% total)
     Speed:     ev/sec=14199.5   simsec/sec=0.517097   ev/simsec=27460.1
     Messages:  created: 3045217   present: 9709   in FES: 213
** Event #3450624   t=149.509203723093   Elapsed: 178.955s (2m 58s)  29% completed  (14% total)
     Speed:     ev/sec=20546.2   simsec/sec=0.965621   ev/simsec=21277.8
     Messages:  created: 3080084   present: 10215   in FES: 254
** Event #3481856   t=150.546669659027   Elapsed: 180.993s (3m 00s)  30% completed  (15% total)
     Speed:     ev/sec=15327.2   simsec/sec=0.50914   ev/simsec=30104.1
     Messages:  created: 3107503   present: 10404   in FES: 246
** Event #3522816   t=152.098595013235   Elapsed: 182.997s (3m 02s)  30% completed  (15% total)
     Speed:     ev/sec=20432.4   simsec/sec=0.774158   ev/simsec=26393
     Messages:  created: 3142655   present: 10683   in FES: 233
** Event #3556352   t=153.590152444392   Elapsed: 185.006s (3m 05s)  30% completed  (15% total)
     Speed:     ev/sec=16690.5   simsec/sec=0.742333   ev/simsec=22483.9
     Messages:  created: 3171945   present: 11002   in FES: 244
** Event #3599872   t=155.517934302191   Elapsed: 187.026s (3m 07s)  31% completed  (15% total)
     Speed:     ev/sec=21545.6   simsec/sec=0.954394   ev/simsec=22575.2
     Messages:  created: 3209088   present: 11435   in FES: 254
** Event #3640320   t=157.064415940816   Elapsed: 189.03s (3m 09s)  31% completed  (15% total)
     Speed:     ev/sec=20185.9   simsec/sec=0.771786   ev/simsec=26154.9
     Messages:  created: 3243899   present: 11641   in FES: 221
** Event #3674880   t=158.523765908347   Elapsed: 191.034s (3m 11s)  31% completed  (15% total)
     Speed:     ev/sec=17245.9   simsec/sec=0.728236   ev/simsec=23681.8
     Messages:  created: 3274022   present: 12049   in FES: 252
** Event #3719424   t=160.512475590676   Elapsed: 193.054s (3m 13s)  32% completed  (16% total)
     Speed:     ev/sec=22055   simsec/sec=0.984668   ev/simsec=22398.4
     Messages:  created: 3312264   present: 12406   in FES: 247
** Event #3751424   t=161.595070768143   Elapsed: 195.062s (3m 15s)  32% completed  (16% total)
     Speed:     ev/sec=15936.1   simsec/sec=0.539137   ev/simsec=29558.6
     Messages:  created: 3340421   present: 12604   in FES: 244
** Event #3792640   t=163.512343031745   Elapsed: 197.065s (3m 17s)  32% completed  (16% total)
     Speed:     ev/sec=20570.7   simsec/sec=0.9569   ev/simsec=21497.2
     Messages:  created: 3375202   present: 12951   in FES: 230
** Event #3823616   t=164.548669921348   Elapsed: 199.069s (3m 19s)  32% completed  (16% total)
     Speed:     ev/sec=15458.8   simsec/sec=0.517185   ev/simsec=29890.2
     Messages:  created: 3402247   present: 13288   in FES: 272
** Event #3868416   t=166.517841218652   Elapsed: 201.076s (3m 21s)  33% completed  (16% total)
     Speed:     ev/sec=22326   simsec/sec=0.981334   ev/simsec=22750.7
     Messages:  created: 3440287   present: 13573   in FES: 232
** Event #3911168   t=168.087054519904   Elapsed: 203.08s (3m 23s)  33% completed  (16% total)
     Speed:     ev/sec=21328.1   simsec/sec=0.782847   ev/simsec=27244.2
     Messages:  created: 3477119   present: 13783   in FES: 203
** Event #3945728   t=169.548528192214   Elapsed: 205.091s (3m 25s)  33% completed  (16% total)
     Speed:     ev/sec=17189.4   simsec/sec=0.726907   ev/simsec=23647.4
     Messages:  created: 3507340   present: 14326   in FES: 305
** Event #3990784   t=171.519342691997   Elapsed: 207.098s (3m 27s)  34% completed  (17% total)
     Speed:     ev/sec=22446.3   simsec/sec=0.981832   ev/simsec=22861.6
     Messages:  created: 3546135   present: 14611   in FES: 241
** Event #4036096   t=173.511343322225   Elapsed: 209.106s (3m 29s)  34% completed  (17% total)
     Speed:     ev/sec=22565.3   simsec/sec=0.992013   ev/simsec=22747
     Messages:  created: 3584896   present: 14921   in FES: 222
** Event #4066816   t=174.538636101099   Elapsed: 211.125s (3m 31s)  34% completed  (17% total)
     Speed:     ev/sec=15213.1   simsec/sec=0.508734   ev/simsec=29903.8
     Messages:  created: 3611753   present: 15186   in FES: 240
** Event #4094720   t=175.595070809676   Elapsed: 213.146s (3m 33s)  35% completed  (17% total)
     Speed:     ev/sec=13810.5   simsec/sec=0.52286   ev/simsec=26413.4
     Messages:  created: 3635521   present: 15389   in FES: 239
** Event #4124928   t=177.018754069156   Elapsed: 215.155s (3m 35s)  35% completed  (17% total)
     Speed:     ev/sec=15037.4   simsec/sec=0.708702   ev/simsec=21218.2
     Messages:  created: 3660832   present: 15693   in FES: 254
** Event #4145408   t=177.542671983997   Elapsed: 217.2s (3m 37s)  35% completed  (17% total)
     Speed:     ev/sec=10013.1   simsec/sec=0.256154   ev/simsec=39090.1
     Messages:  created: 3677559   present: 15833   in FES: 253
** Event #4169216   t=178.521841589997   Elapsed: 219.248s (3m 39s)  35% completed  (17% total)
     Speed:     ev/sec=11626.5   simsec/sec=0.478173   ev/simsec=24314.5
     Messages:  created: 3696392   present: 15952   in FES: 223
** Event #4194816   t=179.519152705918   Elapsed: 221.306s (3m 41s)  35% completed  (17% total)
     Speed:     ev/sec=12436.6   simsec/sec=0.4845   ev/simsec=25669
     Messages:  created: 3716760   present: 16217   in FES: 254
** Event #4205056   t=179.596071516863   Elapsed: 223.316s (3m 43s)  35% completed  (17% total)
     Speed:     ev/sec=5096.32   simsec/sec=0.0382815   ev/simsec=133127
     Messages:  created: 3725623   present: 16154   in FES: 224
** Event #4230144   t=180.585113827816   Elapsed: 225.349s (3m 45s)  36% completed  (18% total)
     Speed:     ev/sec=12339.8   simsec/sec=0.486469   ev/simsec=25366
     Messages:  created: 3745728   present: 16387   in FES: 254
** Event #4254720   t=181.5376370084   Elapsed: 227.401s (3m 47s)  36% completed  (18% total)
     Speed:     ev/sec=11972.3   simsec/sec=0.464026   ev/simsec=25800.9
     Messages:  created: 3764275   present: 16544   in FES: 224
** Event #4274432   t=182.072103899016   Elapsed: 229.406s (3m 49s)  36% completed  (18% total)
     Speed:     ev/sec=9833.1   simsec/sec=0.266613   ev/simsec=36881.6
     Messages:  created: 3780139   present: 16614   in FES: 212
** Event #4287744   t=182.54563606174   Elapsed: 231.437s (3m 51s)  36% completed  (18% total)
     Speed:     ev/sec=6555.91   simsec/sec=0.233206   ev/simsec=28112.1
     Messages:  created: 3790497   present: 16789   in FES: 237
** Event #4312064   t=183.509374679936   Elapsed: 233.476s (3m 53s)  36% completed  (18% total)
     Speed:     ev/sec=11923.3   simsec/sec=0.472488   ev/simsec=25235.1
     Messages:  created: 3809081   present: 16998   in FES: 246
** Event #4320000   t=183.56446626744   Elapsed: 235.513s (3m 55s)  36% completed  (18% total)
     Speed:     ev/sec=3896.68   simsec/sec=0.0270507   ev/simsec=144051
     Messages:  created: 3815265   present: 17000   in FES: 244
** Event #4332032   t=184.029706002116   Elapsed: 237.517s (3m 57s)  36% completed  (18% total)
     Speed:     ev/sec=6003.2   simsec/sec=0.232125   ev/simsec=25861.9
     Messages:  created: 3823824   present: 17000   in FES: 211
** Event #4350720   t=184.531864645249   Elapsed: 239.522s (3m 59s)  36% completed  (18% total)
     Speed:     ev/sec=9321.63   simsec/sec=0.250478   ev/simsec=37215.3
     Messages:  created: 3837485   present: 17287   in FES: 273
** Event #4357888   t=184.588991233667   Elapsed: 241.593s (4m 01s)  36% completed  (18% total)
     Speed:     ev/sec=3460.62   simsec/sec=0.02758   ev/simsec=125476
     Messages:  created: 3842968   present: 17106   in FES: 204
** Event #4381952   t=185.520926181625   Elapsed: 243.644s (4m 03s)  37% completed  (18% total)
     Speed:     ev/sec=11733.6   simsec/sec=0.454413   ev/simsec=25821.5
     Messages:  created: 3859844   present: 17429   in FES: 254
** Event #4389120   t=185.583253559044   Elapsed: 245.658s (4m 05s)  37% completed  (18% total)
     Speed:     ev/sec=3558.67   simsec/sec=0.0309434   ev/simsec=115006
     Messages:  created: 3865460   present: 17344   in FES: 220
** Event #4402432   t=186.040959984318   Elapsed: 247.67s (4m 07s)  37% completed  (18% total)
     Speed:     ev/sec=6616.66   simsec/sec=0.227501   ev/simsec=29084.1
     Messages:  created: 3875093   present: 17522   in FES: 250
** Event #4419328   t=186.567139815922   Elapsed: 249.782s (4m 09s)  37% completed  (18% total)
     Speed:     ev/sec=8002.47   simsec/sec=0.249215   ev/simsec=32110.7
     Messages:  created: 3886696   present: 17488   in FES: 207
** Event #4426240   t=186.589240053698   Elapsed: 251.783s (4m 11s)  37% completed  (18% total)
     Speed:     ev/sec=3453.82   simsec/sec=0.0110431   ev/simsec=312757
     Messages:  created: 3892471   present: 17646   in FES: 247
** Event #4450048   t=187.543713690252   Elapsed: 253.811s (4m 13s)  37% completed  (18% total)
     Speed:     ev/sec=11740.2   simsec/sec=0.470669   ev/simsec=24943.6
     Messages:  created: 3909376   present: 17821   in FES: 250
** Event #4457216   t=187.583549830497   Elapsed: 255.829s (4m 15s)  37% completed  (18% total)
     Speed:     ev/sec=3552.5   simsec/sec=0.019743   ev/simsec=179937
     Messages:  created: 3914930   present: 17835   in FES: 246
** Event #4464128   t=187.593300854321   Elapsed: 257.838s (4m 17s)  37% completed  (18% total)
     Speed:     ev/sec=3439.32   simsec/sec=0.00485198   ev/simsec=708849
     Messages:  created: 3920093   present: 17806   in FES: 232
** Event #4488448   t=188.574719324339   Elapsed: 259.84s (4m 19s)  37% completed  (18% total)
     Speed:     ev/sec=12147.3   simsec/sec=0.490195   ev/simsec=24780.5
     Messages:  created: 3937103   present: 17985   in FES: 237
** Event #4495616   t=188.588608129947   Elapsed: 261.889s (4m 21s)  37% completed  (18% total)
     Speed:     ev/sec=3499.25   simsec/sec=0.00678019   ev/simsec=516099
     Messages:  created: 3942487   present: 18028   in FES: 240
** Event #4520192   t=189.542713649217   Elapsed: 263.915s (4m 23s)  37% completed  (18% total)
     Speed:     ev/sec=12126.3   simsec/sec=0.470775   ev/simsec=25758.2
     Messages:  created: 3959735   present: 18215   in FES: 249
** Event #4527104   t=189.580945931879   Elapsed: 265.968s (4m 25s)  37% completed  (18% total)
     Speed:     ev/sec=3367.77   simsec/sec=0.0186281   ev/simsec=180790
     Messages:  created: 3964591   present: 18199   in FES: 237
** Event #4534016   t=189.591094658925   Elapsed: 267.972s (4m 27s)  37% completed  (18% total)
     Speed:     ev/sec=3449.58   simsec/sec=0.00506493   ev/simsec=681071
     Messages:  created: 3969753   present: 18181   in FES: 225
** Event #4558080   t=190.549528430334   Elapsed: 270.027s (4m 30s)  38% completed  (19% total)
     Speed:     ev/sec=11708.7   simsec/sec=0.466339   ev/simsec=25107.6
     Messages:  created: 3986680   present: 18417   in FES: 254
** Event #4565248   t=190.585299978465   Elapsed: 272.082s (4m 32s)  38% completed  (19% total)
     Speed:     ev/sec=3488.05   simsec/sec=0.0174069   ev/simsec=200383
     Messages:  created: 3991955   present: 18445   in FES: 249
** Event #4572928   t=191.008199020634   Elapsed: 274.085s (4m 34s)  38% completed  (19% total)
     Speed:     ev/sec=3833.83   simsec/sec=0.21111   ev/simsec=18160.4
     Messages:  created: 3997437   present: 18488   in FES: 244
** Event #4596224   t=191.578139344964   Elapsed: 276.162s (4m 36s)  38% completed  (19% total)
     Speed:     ev/sec=11219.1   simsec/sec=0.274476   ev/simsec=40874.5
     Messages:  created: 4013908   present: 18546   in FES: 223
** Event #4603648   t=191.590295841818   Elapsed: 278.2s (4m 38s)  38% completed  (19% total)
     Speed:     ev/sec=3641.36   simsec/sec=0.00596257   ev/simsec=610702
     Messages:  created: 4019697   present: 18594   in FES: 231
** Event #4628224   t=192.548713733325   Elapsed: 280.235s (4m 40s)  38% completed  (19% total)
     Speed:     ev/sec=12080.1   simsec/sec=0.4711   ev/simsec=25642.3
     Messages:  created: 4037087   present: 18809   in FES: 243
** Event #4635136   t=192.583888551289   Elapsed: 282.307s (4m 42s)  38% completed  (19% total)
     Speed:     ev/sec=3335.58   simsec/sec=0.0169746   ev/simsec=196504
     Messages:  created: 4042127   present: 18741   in FES: 215
** Event #4642304   t=192.85558182458   Elapsed: 284.307s (4m 44s)  38% completed  (19% total)
     Speed:     ev/sec=3583.8   simsec/sec=0.135839   ev/simsec=26382.7
     Messages:  created: 4047332   present: 18728   in FES: 202
** Event #4666368   t=193.577952463285   Elapsed: 286.318s (4m 46s)  38% completed  (19% total)
     Speed:     ev/sec=11965.3   simsec/sec=0.359184   ev/simsec=33312.5
     Messages:  created: 4064409   present: 18992   in FES: 254
** Event #4673536   t=193.589015285521   Elapsed: 288.357s (4m 48s)  38% completed  (19% total)
     Speed:     ev/sec=3516.16   simsec/sec=0.00542671   ev/simsec=647936
     Messages:  created: 4069803   present: 19030   in FES: 254
** Event #4697856   t=194.544527592183   Elapsed: 290.424s (4m 50s)  38% completed  (19% total)
     Speed:     ev/sec=11767.6   simsec/sec=0.462341   ev/simsec=25452.3
     Messages:  created: 4086859   present: 19083   in FES: 204
** Event #4704768   t=194.582737299172   Elapsed: 292.475s (4m 52s)  38% completed  (19% total)
     Speed:     ev/sec=3369   simsec/sec=0.0186239   ev/simsec=180896
     Messages:  created: 4092036   present: 19200   in FES: 236
** Event #4711936   t=194.59230967606   Elapsed: 294.485s (4m 54s)  38% completed  (19% total)
     Speed:     ev/sec=3565.99   simsec/sec=0.00476214   ev/simsec=748821
     Messages:  created: 4097427   present: 19214   in FES: 234
** Event #4736256   t=195.573138605717   Elapsed: 296.499s (4m 56s)  39% completed  (19% total)
     Speed:     ev/sec=12076.1   simsec/sec=0.487033   ev/simsec=24795.4
     Messages:  created: 4114437   present: 19389   in FES: 239
** Event #4744192   t=195.590239273445   Elapsed: 298.534s (4m 58s)  39% completed  (19% total)
     Speed:     ev/sec=3899.34   simsec/sec=0.00840238   ev/simsec=464075
     Messages:  created: 4120952   present: 19428   in FES: 241
** Event #4769024   t=196.551713645432   Elapsed: 300.539s (5m 00s)  39% completed  (19% total)
     Speed:     ev/sec=12387.2   simsec/sec=0.47962   ev/simsec=25827
     Messages:  created: 4138601   present: 19634   in FES: 252
** Event #4775680   t=196.584126820245   Elapsed: 302.542s (5m 02s)  39% completed  (19% total)
     Speed:     ev/sec=3322.64   simsec/sec=0.0161805   ev/simsec=205349
     Messages:  created: 4143240   present: 19560   in FES: 222
** Event #4796160   t=197.085434504848   Elapsed: 304.551s (5m 04s)  39% completed  (19% total)
     Speed:     ev/sec=10193.9   simsec/sec=0.249525   ev/simsec=40853.2
     Messages:  created: 4158232   present: 19703   in FES: 254
** Event #4806400   t=197.5781387876   Elapsed: 306.606s (5m 06s)  39% completed  (19% total)
     Speed:     ev/sec=4982.54   simsec/sec=0.239738   ev/simsec=20783.3
     Messages:  created: 4165414   present: 19791   in FES: 238
** Event #4813824   t=197.590186531048   Elapsed: 308.628s (5m 08s)  39% completed  (19% total)
     Speed:     ev/sec=3672.95   simsec/sec=0.00596049   ev/simsec=616215
     Messages:  created: 4171159   present: 19755   in FES: 218
** Event #4838144   t=198.54571441101   Elapsed: 310.686s (5m 10s)  39% completed  (19% total)
     Speed:     ev/sec=11817.6   simsec/sec=0.464313   ev/simsec=25451.9
     Messages:  created: 4188185   present: 19900   in FES: 208
** Event #4844544   t=198.582239862762   Elapsed: 312.748s (5m 12s)  39% completed  (19% total)
     Speed:     ev/sec=3103.82   simsec/sec=0.0177138   ev/simsec=175220
     Messages:  created: 4192737   present: 19955   in FES: 221
** Event #4852224   t=198.598499527421   Elapsed: 314.818s (5m 14s)  39% completed  (19% total)
     Speed:     ev/sec=3708.83   simsec/sec=0.00785212   ev/simsec=472334
     Messages:  created: 4198717   present: 19901   in FES: 203
** Event #4876800   t=199.578139036167   Elapsed: 316.854s (5m 16s)  39% completed  (19% total)
     Speed:     ev/sec=12074   simsec/sec=0.481288   ev/simsec=25086.8
     Messages:  created: 4215952   present: 20152   in FES: 225
** Event #4883456   t=199.590195725942   Elapsed: 318.866s (5m 18s)  39% completed  (19% total)
     Speed:     ev/sec=3307.13   simsec/sec=0.00599054   ev/simsec=552059
     Messages:  created: 4221608   present: 20237   in FES: 255
** Event #4908032   t=200.546714371153   Elapsed: 320.941s (5m 20s)  40% completed  (20% total)
     Speed:     ev/sec=11845.9   simsec/sec=0.461053   ev/simsec=25693.2
     Messages:  created: 4238745   present: 20311   in FES: 211
** Event #4914944   t=200.583423559328   Elapsed: 322.995s (5m 22s)  40% completed  (20% total)
     Speed:     ev/sec=3365.91   simsec/sec=0.0178761   ev/simsec=188291
     Messages:  created: 4243727   present: 20442   in FES: 255
** Event #4921600   t=200.59330004101   Elapsed: 325.008s (5m 25s)  40% completed  (20% total)
     Speed:     ev/sec=3305.55   simsec/sec=0.00490493   ev/simsec=673924
     Messages:  created: 4248805   present: 20430   in FES: 240
** Event #4945664   t=201.573138897791   Elapsed: 327.082s (5m 27s)  40% completed  (20% total)
     Speed:     ev/sec=11606.4   simsec/sec=0.47259   ev/simsec=24559.1
     Messages:  created: 4265595   present: 20556   in FES: 228
** Event #4952576   t=201.588240087687   Elapsed: 329.131s (5m 29s)  40% completed  (20% total)
     Speed:     ev/sec=3372.8   simsec/sec=0.00736882   ev/simsec=457712
     Messages:  created: 4271061   present: 20559   in FES: 217
** Event #4976640   t=202.538714255885   Elapsed: 331.197s (5m 31s)  40% completed  (20% total)
     Speed:     ev/sec=11647.4   simsec/sec=0.460048   ev/simsec=25317.9
     Messages:  created: 4287681   present: 20684   in FES: 208
** Event #4983552   t=202.582239632967   Elapsed: 333.215s (5m 33s)  40% completed  (20% total)
     Speed:     ev/sec=3425.15   simsec/sec=0.0215684   ev/simsec=158804
     Messages:  created: 4293339   present: 20788   in FES: 232
** Event #4989952   t=202.591349421628   Elapsed: 335.244s (5m 35s)  40% completed  (20% total)
     Speed:     ev/sec=3153.86   simsec/sec=0.00448922   ev/simsec=702541
     Messages:  created: 4298285   present: 20832   in FES: 255
** Event #5015296   t=203.573139112676   Elapsed: 337.284s (5m 37s)  40% completed  (20% total)
     Speed:     ev/sec=12425.5   simsec/sec=0.481347   ev/simsec=25814.1
     Messages:  created: 4315937   present: 20911   in FES: 213
** Event #5022720   t=203.589053084187   Elapsed: 339.324s (5m 39s)  40% completed  (20% total)
     Speed:     ev/sec=3639.62   simsec/sec=0.00780183   ev/simsec=466508
     Messages:  created: 4321653   present: 21072   in FES: 255
** Event #5046784   t=204.543713660695   Elapsed: 341.37s (5m 41s)  40% completed  (20% total)
     Speed:     ev/sec=11761   simsec/sec=0.466578   ev/simsec=25206.9
     Messages:  created: 4338728   present: 21221   in FES: 250
** Event #5053440   t=204.581240457641   Elapsed: 343.421s (5m 43s)  40% completed  (20% total)
     Speed:     ev/sec=3245.2   simsec/sec=0.0182966   ev/simsec=177367
     Messages:  created: 4343549   present: 21102   in FES: 204
** Event #5061120   t=204.594491928265   Elapsed: 345.44s (5m 45s)  40% completed  (20% total)
     Speed:     ev/sec=3804.21   simsec/sec=0.00656398   ev/simsec=579558
     Messages:  created: 4349673   present: 21242   in FES: 244
** Event #5084928   t=205.573139041867   Elapsed: 347.501s (5m 47s)  41% completed  (20% total)
     Speed:     ev/sec=11551.7   simsec/sec=0.474842   ev/simsec=24327.5
     Messages:  created: 4366243   present: 21319   in FES: 215
** Event #5092352   t=205.588676262968   Elapsed: 349.547s (5m 49s)  41% completed  (20% total)
     Speed:     ev/sec=3626.96   simsec/sec=0.00759063   ev/simsec=477820
     Messages:  created: 4371970   present: 21460   in FES: 251
** Event #5117440   t=206.545714100141   Elapsed: 351.59s (5m 51s)  41% completed  (20% total)
     Speed:     ev/sec=12280.6   simsec/sec=0.468473   ev/simsec=26214.2
     Messages:  created: 4389683   present: 21575   in FES: 233
** Event #5124608   t=206.583213248145   Elapsed: 353.682s (5m 53s)  41% completed  (20% total)
     Speed:     ev/sec=3427.2   simsec/sec=0.0179293   ev/simsec=191151
     Messages:  created: 4394761   present: 21605   in FES: 238
** Event #5132032   t=206.594300455004   Elapsed: 355.708s (5m 55s)  41% completed  (20% total)
     Speed:     ev/sec=3663.61   simsec/sec=0.00547134   ev/simsec=669601
     Messages:  created: 4400413   present: 21601   in FES: 231
** Event #5157120   t=207.578375588063   Elapsed: 357.764s (5m 57s)  41% completed  (20% total)
     Speed:     ev/sec=12204.9   simsec/sec=0.478738   ev/simsec=25494
     Messages:  created: 4417949   present: 21758   in FES: 226
** Event #5164544   t=207.591392677094   Elapsed: 359.775s (5m 59s)  41% completed  (20% total)
     Speed:     ev/sec=3691.99   simsec/sec=0.00647347   ev/simsec=570327
     Messages:  created: 4424157   present: 21868   in FES: 252
** Event #5188608   t=208.549714146671   Elapsed: 361.829s (6m 01s)  41% completed  (20% total)
     Speed:     ev/sec=11714.3   simsec/sec=0.466509   ev/simsec=25110.6
     Messages:  created: 4440963   present: 21970   in FES: 230
** Event #5196288   t=208.588239835885   Elapsed: 363.878s (6m 03s)  41% completed  (20% total)
     Speed:     ev/sec=3747.78   simsec/sec=0.0188002   ev/simsec=199348
     Messages:  created: 4447245   present: 21971   in FES: 221
** Event #5221376   t=209.543714414794   Elapsed: 365.939s (6m 05s)  41% completed  (20% total)
     Speed:     ev/sec=12176   simsec/sec=0.463722   ev/simsec=26257.1
     Messages:  created: 4464794   present: 22092   in FES: 207
** Event #5228032   t=209.582240000946   Elapsed: 367.965s (6m 07s)  41% completed  (20% total)
     Speed:     ev/sec=3283.87   simsec/sec=0.0190074   ev/simsec=172768
     Messages:  created: 4469749   present: 22161   in FES: 223
** Event #5238272   t=210.010874900678   Elapsed: 369.969s (6m 09s)  42% completed  (21% total)
     Speed:     ev/sec=5110.42   simsec/sec=0.213916   ev/simsec=23889.8
     Messages:  created: 4477337   present: 22183   in FES: 207
** Event #5260800   t=210.579226441609   Elapsed: 372.023s (6m 12s)  42% completed  (21% total)
     Speed:     ev/sec=10966.5   simsec/sec=0.27667   ev/simsec=39637.4
     Messages:  created: 4493410   present: 22437   in FES: 254
** Event #5268736   t=210.591053596865   Elapsed: 374.088s (6m 14s)  42% completed  (21% total)
     Speed:     ev/sec=3844.58   simsec/sec=0.00572964   ev/simsec=670998
     Messages:  created: 4499608   present: 22463   in FES: 254
** Event #5293056   t=211.551713656854   Elapsed: 376.126s (6m 16s)  42% completed  (21% total)
     Speed:     ev/sec=11930.4   simsec/sec=0.47126   ev/simsec=25315.9
     Messages:  created: 4516641   present: 22634   in FES: 252
** Event #5300480   t=211.588239914381   Elapsed: 378.131s (6m 18s)  42% completed  (21% total)
     Speed:     ev/sec=3703.59   simsec/sec=0.0182218   ev/simsec=203251
     Messages:  created: 4522703   present: 22586   in FES: 226
** Event #5325312   t=212.543528417706   Elapsed: 380.199s (6m 20s)  42% completed  (21% total)
     Speed:     ev/sec=12007   simsec/sec=0.461909   ev/simsec=25994.2
     Messages:  created: 4540165   present: 22832   in FES: 254
** Event #5332224   t=212.582240073283   Elapsed: 382.208s (6m 22s)  42% completed  (21% total)
     Speed:     ev/sec=3440.8   simsec/sec=0.0192707   ev/simsec=178551
     Messages:  created: 4545209   present: 22773   in FES: 227
** Event #5339392   t=212.592640609529   Elapsed: 384.238s (6m 24s)  42% completed  (21% total)
     Speed:     ev/sec=3530.14   simsec/sec=0.00512212   ev/simsec=689195
     Messages:  created: 4550719   present: 22838   in FES: 242
** Event #5364224   t=213.574719256164   Elapsed: 386.241s (6m 26s)  42% completed  (21% total)
     Speed:     ev/sec=12401.2   simsec/sec=0.490455   ev/simsec=25285.1
     Messages:  created: 4568033   present: 22928   in FES: 218
** Event #5372672   t=213.591729346994   Elapsed: 388.253s (6m 28s)  42% completed  (21% total)
     Speed:     ev/sec=4198.71   simsec/sec=0.00845412   ev/simsec=496646
     Messages:  created: 4575274   present: 23214   in FES: 305
** Event #5398016   t=214.577239225003   Elapsed: 390.287s (6m 30s)  42% completed  (21% total)
     Speed:     ev/sec=12458.3   simsec/sec=0.484446   ev/simsec=25716.6
     Messages:  created: 4593057   present: 23214   in FES: 246
** Event #5405952   t=214.590717435895   Elapsed: 392.322s (6m 32s)  42% completed  (21% total)
     Speed:     ev/sec=3899.06   simsec/sec=0.00662202   ev/simsec=588802
     Messages:  created: 4599572   present: 23231   in FES: 241
** Event #5430528   t=215.5517147192   Elapsed: 394.376s (6m 34s)  43% completed  (21% total)
     Speed:     ev/sec=11964.9   simsec/sec=0.467865   ev/simsec=25573.4
     Messages:  created: 4616799   present: 23308   in FES: 210
** Event #5438720   t=215.589505962572   Elapsed: 396.439s (6m 36s)  43% completed  (21% total)
     Speed:     ev/sec=3972.05   simsec/sec=0.0183238   ev/simsec=216770
     Messages:  created: 4623523   present: 23466   in FES: 254
** Event #5463552   t=216.548714069869   Elapsed: 398.467s (6m 38s)  43% completed  (21% total)
     Speed:     ev/sec=12241.5   simsec/sec=0.472864   ev/simsec=25888
     Messages:  created: 4641247   present: 23593   in FES: 237
** Event #5470976   t=216.585125610597   Elapsed: 400.493s (6m 40s)  43% completed  (21% total)
     Speed:     ev/sec=3663.89   simsec/sec=0.0179698   ev/simsec=203891
     Messages:  created: 4646627   present: 23608   in FES: 254
** Event #5495808   t=217.543528717571   Elapsed: 402.569s (6m 42s)  43% completed  (21% total)
     Speed:     ev/sec=11965.8   simsec/sec=0.461825   ev/simsec=25909.8
     Messages:  created: 4664888   present: 23835   in FES: 254
** Event #5504000   t=217.58529996829   Elapsed: 404.633s (6m 44s)  43% completed  (21% total)
     Speed:     ev/sec=3967.78   simsec/sec=0.0202318   ev/simsec=196116
     Messages:  created: 4671431   present: 23828   in FES: 246
** Event #5527808   t=218.545714904129   Elapsed: 406.662s (6m 46s)  43% completed  (21% total)
     Speed:     ev/sec=11735.7   simsec/sec=0.473419   ev/simsec=24789.3
     Messages:  created: 4689433   present: 23914   in FES: 212
** Event #5535232   t=218.583240234146   Elapsed: 408.666s (6m 48s)  43% completed  (21% total)
     Speed:     ev/sec=3705.31   simsec/sec=0.0187288   ev/simsec=197840
     Messages:  created: 4695093   present: 23967   in FES: 227
** Event #5559296   t=219.542714830498   Elapsed: 410.75s (6m 50s)  43% completed  (21% total)
     Speed:     ev/sec=11546.5   simsec/sec=0.46038   ev/simsec=25080.4
     Messages:  created: 4713598   present: 24102   in FES: 210
** Event #5566976   t=219.578849632905   Elapsed: 412.777s (6m 52s)  43% completed  (21% total)
     Speed:     ev/sec=3787.96   simsec/sec=0.0178226   ev/simsec=212537
     Messages:  created: 4719333   present: 24152   in FES: 224
** Event #5589760   t=220.539528766638   Elapsed: 414.809s (6m 54s)  44% completed  (22% total)
     Speed:     ev/sec=11215.9   simsec/sec=0.472916   ev/simsec=23716.6
     Messages:  created: 4736569   present: 24549   in FES: 305
** Event #5597440   t=220.573291507833   Elapsed: 416.87s (6m 56s)  44% completed  (22% total)
     Speed:     ev/sec=3724.81   simsec/sec=0.016375   ev/simsec=227470
     Messages:  created: 4742359   present: 24315   in FES: 211
** Event #5619968   t=221.531508309888   Elapsed: 418.884s (6m 58s)  44% completed  (22% total)
     Speed:     ev/sec=11190   simsec/sec=0.475963   ev/simsec=23510.3
     Messages:  created: 4759386   present: 24621   in FES: 254
** Event #5629184   t=221.574743879531   Elapsed: 420.89s (7m 00s)  44% completed  (22% total)
     Speed:     ev/sec=4593.03   simsec/sec=0.0215476   ev/simsec=213158
     Messages:  created: 4766457   present: 24512   in FES: 210
** Event #5652736   t=222.542713608014   Elapsed: 422.934s (7m 02s)  44% completed  (22% total)
     Speed:     ev/sec=11520.8   simsec/sec=0.473496   ev/simsec=24331.3
     Messages:  created: 4784343   present: 24833   in FES: 253
** Event #5661696   t=222.579409633248   Elapsed: 424.941s (7m 04s)  44% completed  (22% total)
     Speed:     ev/sec=4464.42   simsec/sec=0.0182842   ev/simsec=244168
     Messages:  created: 4791163   present: 24808   in FES: 240
** Event #5685760   t=223.549527581582   Elapsed: 426.972s (7m 06s)  44% completed  (22% total)
     Speed:     ev/sec=11851.7   simsec/sec=0.47779   ev/simsec=24805.2
     Messages:  created: 4809333   present: 24903   in FES: 205
** Event #5702144   t=224.063538713098   Elapsed: 428.975s (7m 08s)  44% completed  (22% total)
     Speed:     ev/sec=8180.74   simsec/sec=0.256652   ev/simsec=31874.8
     Messages:  created: 4822345   present: 25128   in FES: 254
** Event #5719040   t=224.575161750222   Elapsed: 431.019s (7m 11s)  44% completed  (22% total)
     Speed:     ev/sec=8264.09   simsec/sec=0.250243   ev/simsec=33024.3
     Messages:  created: 4835510   present: 25204   in FES: 239
** Event #5742848   t=225.546713777262   Elapsed: 433.061s (7m 13s)  45% completed  (22% total)
     Speed:     ev/sec=11662.5   simsec/sec=0.47592   ev/simsec=24505.1
     Messages:  created: 4854445   present: 25410   in FES: 242
** Event #5766144   t=226.521855504329   Elapsed: 435.082s (7m 15s)  45% completed  (22% total)
     Speed:     ev/sec=11524.9   simsec/sec=0.48242   ev/simsec=23889.9
     Messages:  created: 4873084   present: 25525   in FES: 220
** Event #5778432   t=226.64209074426   Elapsed: 437.087s (7m 17s)  45% completed  (22% total)
     Speed:     ev/sec=6126.94   simsec/sec=0.0599507   ev/simsec=102200
     Messages:  created: 4884606   present: 25572   in FES: 235
** Event #5808128   t=227.568433079157   Elapsed: 439.089s (7m 19s)  45% completed  (22% total)
     Speed:     ev/sec=14840.4   simsec/sec=0.462933   ev/simsec=32057.3
     Messages:  created: 4914358   present: 25860   in FES: 284
** Event #5848064   t=228.518799266823   Elapsed: 441.09s (7m 21s)  45% completed  (22% total)
     Speed:     ev/sec=19956.8   simsec/sec=0.474916   ev/simsec=42021.7
     Messages:  created: 4957399   present: 25998   in FES: 278
** Event #5882112   t=228.720270378233   Elapsed: 443.097s (7m 23s)  45% completed  (22% total)
     Speed:     ev/sec=16960.1   simsec/sec=0.100358   ev/simsec=168997
     Messages:  created: 4997374   present: 25988   in FES: 295
** Event #5950720   t=229.54490594931   Elapsed: 445.099s (7m 25s)  45% completed  (22% total)
     Speed:     ev/sec=34280.4   simsec/sec=0.412035   ev/simsec=83198
     Messages:  created: 5078426   present: 26151   in FES: 256
** Event #6006528   t=229.827559318022   Elapsed: 447.1s (7m 27s)  45% completed  (22% total)
     Speed:     ev/sec=27880.1   simsec/sec=0.141206   ev/simsec=197443
     Messages:  created: 5148862   present: 26360   in FES: 320
** Event #6051072   t=230.592676170462   Elapsed: 449.125s (7m 29s)  46% completed  (23% total)
     Speed:     ev/sec=21994.3   simsec/sec=0.377789   ev/simsec=58218.6
     Messages:  created: 5195977   present: 26350   in FES: 258
** Event #6107136   t=231.568237721034   Elapsed: 451.139s (7m 31s)  46% completed  (23% total)
     Speed:     ev/sec=27844.5   simsec/sec=0.484518   ev/simsec=57468.4
     Messages:  created: 5260194   present: 26645   in FES: 306
** Event #6138368   t=232.613146056212   Elapsed: 453.153s (7m 33s)  46% completed  (23% total)
     Speed:     ev/sec=15509.6   simsec/sec=0.518893   ev/simsec=29889.7
     Messages:  created: 5286541   present: 26843   in FES: 287
** Event #6179584   t=234.527652413804   Elapsed: 455.164s (7m 35s)  46% completed  (23% total)
     Speed:     ev/sec=20493.3   simsec/sec=0.951926   ev/simsec=21528.3
     Messages:  created: 5320708   present: 27132   in FES: 257
** Event #6209280   t=235.567178736373   Elapsed: 457.167s (7m 37s)  47% completed  (23% total)
     Speed:     ev/sec=14822.6   simsec/sec=0.518874   ev/simsec=28566.9
     Messages:  created: 5345576   present: 13266   in FES: 265
** Event #6236416   t=236.583063825919   Elapsed: 459.199s (7m 39s)  47% completed  (23% total)
     Speed:     ev/sec=13357.7   simsec/sec=0.500071   ev/simsec=26711.7
     Messages:  created: 5368168   present: 2278   in FES: 254
** Event #6267648   t=238.018684116005   Elapsed: 461.201s (7m 41s)  47% completed  (23% total)
     Speed:     ev/sec=15599.8   simsec/sec=0.717065   ev/simsec=21755.1
     Messages:  created: 5394015   present: 2546   in FES: 239
** Event #6308096   t=239.538572649401   Elapsed: 463.211s (7m 43s)  47% completed  (23% total)
     Speed:     ev/sec=20118.9   simsec/sec=0.755994   ev/simsec=26612.5
     Messages:  created: 5427725   present: 2760   in FES: 207
** Event #6338304   t=240.585410089962   Elapsed: 465.22s (7m 45s)  48% completed  (24% total)
     Speed:     ev/sec=15037.2   simsec/sec=0.521105   ev/simsec=28856.4
     Messages:  created: 5453019   present: 3095   in FES: 250
** Event #6366976   t=241.616428768621   Elapsed: 467.222s (7m 47s)  48% completed  (24% total)
     Speed:     ev/sec=14323.6   simsec/sec=0.515063   ev/simsec=27809.4
     Messages:  created: 5476913   present: 3225   in FES: 226
** Event #6407424   t=243.52086354776   Elapsed: 469.266s (7m 49s)  48% completed  (24% total)
     Speed:     ev/sec=19791.4   simsec/sec=0.931851   ev/simsec=21238.8
     Messages:  created: 5510530   present: 3670   in FES: 254
** Event #6437888   t=244.567179153652   Elapsed: 471.292s (7m 51s)  48% completed  (24% total)
     Speed:     ev/sec=15032.7   simsec/sec=0.516312   ev/simsec=29115.5
     Messages:  created: 5535948   present: 3815   in FES: 223
** Event #6466816   t=245.602468606334   Elapsed: 473.31s (7m 53s)  49% completed  (24% total)
     Speed:     ev/sec=14339.3   simsec/sec=0.513181   ev/simsec=27941.9
     Messages:  created: 5560059   present: 4033   in FES: 231
** Event #6509056   t=247.524799691518   Elapsed: 475.315s (7m 55s)  49% completed  (24% total)
     Speed:     ev/sec=21057.8   simsec/sec=0.958335   ev/simsec=21973.3
     Messages:  created: 5595338   present: 4416   in FES: 226
** Event #6540288   t=248.579133396324   Elapsed: 477.331s (7m 57s)  49% completed  (24% total)
     Speed:     ev/sec=15492.1   simsec/sec=0.522984   ev/simsec=29622.5
     Messages:  created: 5621476   present: 4706   in FES: 254
** Event #6567936   t=249.600693782036   Elapsed: 479.367s (7m 59s)  49% completed  (24% total)
     Speed:     ev/sec=13584.7   simsec/sec=0.501938   ev/simsec=27064.5
     Messages:  created: 5644404   present: 4815   in FES: 223
** Event #6609152   t=251.512242970088   Elapsed: 481.368s (8m 01s)  50% completed  (25% total)
     Speed:     ev/sec=20592.8   simsec/sec=0.95507   ev/simsec=21561.6
     Messages:  created: 5678681   present: 5284   in FES: 252
** Event #6640640   t=252.56717871104   Elapsed: 483.376s (8m 03s)  50% completed  (25% total)
     Speed:     ev/sec=15680.4   simsec/sec=0.525339   ev/simsec=29848.3
     Messages:  created: 5705028   present: 5475   in FES: 243
** Event #6668800   t=253.596011079653   Elapsed: 485.4s (8m 05s)  50% completed  (25% total)
     Speed:     ev/sec=13912.3   simsec/sec=0.508289   ev/simsec=27370.8
     Messages:  created: 5728503   present: 5696   in FES: 251
** Event #6702080   t=255.050884972736   Elapsed: 487.401s (8m 07s)  51% completed  (25% total)
     Speed:     ev/sec=16630.9   simsec/sec=0.727039   ev/simsec=22874.8
     Messages:  created: 5756149   present: 5969   in FES: 244
** Event #6739712   t=256.543567875053   Elapsed: 489.416s (8m 09s)  51% completed  (25% total)
     Speed:     ev/sec=18678.1   simsec/sec=0.740872   ev/simsec=25211
     Messages:  created: 5787524   present: 6306   in FES: 254
** Event #6769920   t=257.590343288148   Elapsed: 491.429s (8m 11s)  51% completed  (25% total)
     Speed:     ev/sec=15011.3   simsec/sec=0.520177   ev/simsec=28858.1
     Messages:  created: 5812689   present: 6478   in FES: 245
** Event #6810880   t=259.099240319778   Elapsed: 493.432s (8m 13s)  51% completed  (25% total)
     Speed:     ev/sec=20440.5   simsec/sec=0.752992   ev/simsec=27145.7
     Messages:  created: 5846977   present: 6774   in FES: 239
** Event #6863616   t=260.404796364353   Elapsed: 495.433s (8m 15s)  52% completed  (26% total)
     Speed:     ev/sec=26356.1   simsec/sec=0.652482   ev/simsec=40393.5
     Messages:  created: 5906100   present: 6988   in FES: 271
** Event #6925312   t=261.495738900499   Elapsed: 497.435s (8m 17s)  52% completed  (26% total)
     Speed:     ev/sec=30817.2   simsec/sec=0.544927   ev/simsec=56552.9
     Messages:  created: 5977891   present: 7018   in FES: 204
** Event #6984448   t=262.515484174952   Elapsed: 499.44s (8m 19s)  52% completed  (26% total)
     Speed:     ev/sec=29503.5   simsec/sec=0.508761   ev/simsec=57991
     Messages:  created: 6045714   present: 7265   in FES: 241
** Event #7038720   t=263.468628319007   Elapsed: 501.441s (8m 21s)  52% completed  (26% total)
     Speed:     ev/sec=27115.1   simsec/sec=0.476205   ev/simsec=56940
     Messages:  created: 6108113   present: 7395   in FES: 255
** Event #7092992   t=264.404842988293   Elapsed: 503.442s (8m 23s)  52% completed  (26% total)
     Speed:     ev/sec=27119.6   simsec/sec=0.467825   ev/simsec=57969.6
     Messages:  created: 6170222   present: 7534   in FES: 255
** Event #7152128   t=265.463358886251   Elapsed: 505.444s (8m 25s)  53% completed  (26% total)
     Speed:     ev/sec=29545   simsec/sec=0.528846   ev/simsec=55866.9
     Messages:  created: 6238963   present: 7680   in FES: 271
** Event #7212288   t=266.512246579025   Elapsed: 507.457s (8m 27s)  53% completed  (26% total)
     Speed:     ev/sec=29891.8   simsec/sec=0.521162   ev/simsec=57356
     Messages:  created: 6309025   present: 7773   in FES: 231
** Event #7271168   t=267.528100296839   Elapsed: 509.468s (8m 29s)  53% completed  (26% total)
     Speed:     ev/sec=29274.7   simsec/sec=0.505074   ev/simsec=57961.1
     Messages:  created: 6376740   present: 7883   in FES: 219
** Event #7332096   t=268.564274696619   Elapsed: 511.478s (8m 31s)  53% completed  (26% total)
     Speed:     ev/sec=30306.2   simsec/sec=0.515403   ev/simsec=58800.9
     Messages:  created: 6447393   present: 8123   in FES: 252
** Event #7389440   t=269.569131350208   Elapsed: 513.494s (8m 33s)  53% completed  (26% total)
     Speed:     ev/sec=28450.2   simsec/sec=0.498541   ev/simsec=57066.8
     Messages:  created: 6514265   present: 8181   in FES: 223
** Event #7447296   t=270.583406180367   Elapsed: 515.511s (8m 35s)  54% completed  (27% total)
     Speed:     ev/sec=28686.8   simsec/sec=0.502908   ev/simsec=57041.7
     Messages:  created: 6581854   present: 8391   in FES: 247
** Event #7516416   t=271.934487147754   Elapsed: 517.514s (8m 37s)  54% completed  (27% total)
     Speed:     ev/sec=34508.1   simsec/sec=0.674525   ev/simsec=51159
     Messages:  created: 6665110   present: 8453   in FES: 229
** Event #7595264   t=273.393133988757   Elapsed: 519.518s (8m 39s)  54% completed  (27% total)
     Speed:     ev/sec=39341.6   simsec/sec=0.727798   ev/simsec=54055.6
     Messages:  created: 6758899   present: 8738   in FES: 271
** Event #7661568   t=274.562168088797   Elapsed: 521.523s (8m 41s)  54% completed  (27% total)
     Speed:     ev/sec=33069.5   simsec/sec=0.583062   ev/simsec=56716.9
     Messages:  created: 6837635   present: 8874   in FES: 231
** Event #7720448   t=275.601000893198   Elapsed: 523.537s (8m 43s)  55% completed  (27% total)
     Speed:     ev/sec=29231.5   simsec/sec=0.515738   ev/simsec=56679
     Messages:  created: 6906911   present: 9062   in FES: 247
** Event #7794432   t=277.036003702702   Elapsed: 525.54s (8m 45s)  55% completed  (27% total)
     Speed:     ev/sec=36949.7   simsec/sec=0.71668   ev/simsec=51556.7
     Messages:  created: 6996606   present: 9278   in FES: 253
** Event #7873024   t=278.526549251536   Elapsed: 527.553s (8m 47s)  55% completed  (27% total)
     Speed:     ev/sec=39033.7   simsec/sec=0.740297   ev/simsec=52727
     Messages:  created: 7091122   present: 9420   in FES: 232
** Event #7946752   t=280.097448746313   Elapsed: 529.554s (8m 49s)  56% completed  (28% total)
     Speed:     ev/sec=36845.4   simsec/sec=0.785054   ev/simsec=46933.6
     Messages:  created: 7176426   present: 9723   in FES: 254
** Event #8006144   t=283.085488549841   Elapsed: 531.558s (8m 51s)  56% completed  (28% total)
     Speed:     ev/sec=29643.2   simsec/sec=1.49136   ev/simsec=19876.6
     Messages:  created: 7232740   present: 10303   in FES: 246
** Event #8074240   t=286.581163175003   Elapsed: 533.566s (8m 53s)  57% completed  (28% total)
     Speed:     ev/sec=33908.8   simsec/sec=1.74069   ev/simsec=19480.1
     Messages:  created: 7297820   present: 10885   in FES: 204
** Event #8143616   t=290.078299202347   Elapsed: 535.571s (8m 55s)  58% completed  (29% total)
     Speed:     ev/sec=34603.5   simsec/sec=1.74431   ev/simsec=19837.9
     Messages:  created: 7364446   present: 11716   in FES: 249
** Event #8206592   t=293.522818076978   Elapsed: 537.578s (8m 57s)  58% completed  (29% total)
     Speed:     ev/sec=31364.7   simsec/sec=1.71552   ev/simsec=18283
     Messages:  created: 7424601   present: 12378   in FES: 242
** Event #8273920   t=296.69299874767   Elapsed: 539.581s (8m 59s)  59% completed  (29% total)
     Speed:     ev/sec=33627.3   simsec/sec=1.58336   ev/simsec=21237.9
     Messages:  created: 7489344   present: 12886   in FES: 202
** Event #8346880   t=300.547000043574   Elapsed: 541.587s (9m 01s)  60% completed  (30% total)
     Speed:     ev/sec=36365.5   simsec/sec=1.92095   ev/simsec=18931
     Messages:  created: 7558904   present: 13815   in FES: 250
** Event #8411392   t=303.571134576684   Elapsed: 543.592s (9m 03s)  60% completed  (30% total)
     Speed:     ev/sec=32176.3   simsec/sec=1.50833   ev/simsec=21332.4
     Messages:  created: 7619854   present: 14428   in FES: 251
** Event #8454912   t=305.561526329185   Elapsed: 545.604s (9m 05s)  61% completed  (30% total)
     Speed:     ev/sec=21624.1   simsec/sec=0.988979   ev/simsec=21865
     Messages:  created: 7659391   present: 14736   in FES: 225
** Event #8497920   t=307.542600526466   Elapsed: 547.616s (9m 07s)  61% completed  (30% total)
     Speed:     ev/sec=21385.7   simsec/sec=0.985088   ev/simsec=21709.4
     Messages:  created: 7697690   present: 15183   in FES: 240
** Event #8538624   t=309.097362322138   Elapsed: 549.618s (9m 09s)  61% completed  (30% total)
     Speed:     ev/sec=20326.9   simsec/sec=0.776424   ev/simsec=26180.2
     Messages:  created: 7732814   present: 15497   in FES: 255
** Event #8572416   t=310.571040514773   Elapsed: 551.645s (9m 11s)  62% completed  (31% total)
     Speed:     ev/sec=16668.2   simsec/sec=0.726907   ev/simsec=22930.4
     Messages:  created: 7762016   present: 15791   in FES: 255
** Event #8616960   t=312.560439837698   Elapsed: 553.662s (9m 13s)  62% completed  (31% total)
     Speed:     ev/sec=22083.9   simsec/sec=0.986299   ev/simsec=22390.7
     Messages:  created: 7800366   present: 16083   in FES: 208
** Event #8658176   t=314.090415059852   Elapsed: 555.663s (9m 15s)  62% completed  (31% total)
     Speed:     ev/sec=20598.4   simsec/sec=0.764631   ev/simsec=26939
     Messages:  created: 7836080   present: 16459   in FES: 232
** Event #8697856   t=316.012644890597   Elapsed: 557.666s (9m 17s)  63% completed  (31% total)
     Speed:     ev/sec=19816.8   simsec/sec=0.959991   ev/simsec=20642.7
     Messages:  created: 7870406   present: 16885   in FES: 255
** Event #8739840   t=317.561517827541   Elapsed: 559.669s (9m 19s)  63% completed  (31% total)
     Speed:     ev/sec=20954.3   simsec/sec=0.773045   ev/simsec=27106.2
     Messages:  created: 7906664   present: 17315   in FES: 282
** Event #8784896   t=319.516645838534   Elapsed: 561.671s (9m 21s)  63% completed  (31% total)
     Speed:     ev/sec=22511.7   simsec/sec=0.976856   ev/simsec=23045
     Messages:  created: 7945267   present: 17626   in FES: 254
** Event #8820992   t=321.027753771122   Elapsed: 563.671s (9m 23s)  64% completed  (32% total)
     Speed:     ev/sec=18047.5   simsec/sec=0.755531   ev/simsec=23887.1
     Messages:  created: 7976473   present: 17917   in FES: 253
** Event #8870912   t=323.052379155204   Elapsed: 565.673s (9m 25s)  64% completed  (32% total)
     Speed:     ev/sec=24937.4   simsec/sec=1.0114   ev/simsec=24656.4
     Messages:  created: 8020060   present: 18249   in FES: 230
** Event #8925440   t=325.507077174144   Elapsed: 567.675s (9m 27s)  65% completed  (32% total)
     Speed:     ev/sec=27230.4   simsec/sec=1.22584   ev/simsec=22213.7
     Messages:  created: 8068065   present: 18780   in FES: 242
** Event #8965120   t=327.056094586866   Elapsed: 569.675s (9m 29s)  65% completed  (32% total)
     Speed:     ev/sec=19836.8   simsec/sec=0.774385   ev/simsec=25616.2
     Messages:  created: 8102778   present: 19104   in FES: 247
** Event #9021696   t=329.511078045371   Elapsed: 571.677s (9m 31s)  65% completed  (32% total)
     Speed:     ev/sec=28263.7   simsec/sec=1.22644   ev/simsec=23045.4
     Messages:  created: 8153139   present: 19556   in FES: 226
** Event #9072896   t=331.529332561468   Elapsed: 573.682s (9m 33s)  66% completed  (33% total)
     Speed:     ev/sec=25536.3   simsec/sec=1.00662   ev/simsec=25368.5
     Messages:  created: 8199789   present: 19939   in FES: 227
** Event #9122048   t=334.018683776289   Elapsed: 575.687s (9m 35s)  66% completed  (33% total)
     Speed:     ev/sec=24519.8   simsec/sec=1.24183   ev/simsec=19744.9
     Messages:  created: 8242992   present: 20511   in FES: 252
** Event #9163776   t=335.534065670368   Elapsed: 577.717s (9m 37s)  67% completed  (33% total)
     Speed:     ev/sec=20547.8   simsec/sec=0.746209   ev/simsec=27536.3
     Messages:  created: 8279880   present: 20776   in FES: 241
** Event #9205248   t=337.506033338949   Elapsed: 579.726s (9m 39s)  67% completed  (33% total)
     Speed:     ev/sec=20648.4   simsec/sec=0.981818   ev/simsec=21030.8
     Messages:  created: 8315051   present: 21169   in FES: 241
** Event #9235456   t=338.548574366275   Elapsed: 581.737s (9m 41s)  67% completed  (33% total)
     Speed:     ev/sec=15021.1   simsec/sec=0.518411   ev/simsec=28975.4
     Messages:  created: 8341354   present: 21324   in FES: 221
** Event #9264896   t=339.611502204117   Elapsed: 583.745s (9m 43s)  67% completed  (33% total)
     Speed:     ev/sec=14657.8   simsec/sec=0.52922   ev/simsec=27697.1
     Messages:  created: 8366227   present: 21529   in FES: 221
** Event #9309184   t=341.548573126825   Elapsed: 585.774s (9m 45s)  68% completed  (34% total)
     Speed:     ev/sec=21833.6   simsec/sec=0.95496   ev/simsec=22863.4
     Messages:  created: 8404212   present: 21943   in FES: 228
** Event #9342976   t=343.02775381025   Elapsed: 587.777s (9m 47s)  68% completed  (34% total)
     Speed:     ev/sec=16866.2   simsec/sec=0.738285   ev/simsec=22845.1
     Messages:  created: 8432377   present: 22303   in FES: 249
** Event #9384960   t=344.576410612924   Elapsed: 589.789s (9m 49s)  68% completed  (34% total)
     Speed:     ev/sec=20870.9   simsec/sec=0.769862   ev/simsec=27109.9
     Messages:  created: 8468490   present: 22614   in FES: 251
** Event #9420288   t=346.057045924452   Elapsed: 591.792s (9m 51s)  69% completed  (34% total)
     Speed:     ev/sec=17639.7   simsec/sec=0.739298   ev/simsec=23860
     Messages:  created: 8498038   present: 22897   in FES: 244
** Event #9457152   t=347.542475344668   Elapsed: 593.823s (9m 53s)  69% completed  (34% total)
     Speed:     ev/sec=18145.8   simsec/sec=0.731182   ev/simsec=24817.1
     Messages:  created: 8529744   present: 23219   in FES: 254
** Event #9486848   t=348.60742854797   Elapsed: 595.839s (9m 55s)  69% completed  (34% total)
     Speed:     ev/sec=14729.2   simsec/sec=0.528217   ev/simsec=27884.8
     Messages:  created: 8554691   present: 23378   in FES: 237
** Event #9530880   t=350.524397723015   Elapsed: 597.848s (9m 57s)  70% completed  (35% total)
     Speed:     ev/sec=21917.6   simsec/sec=0.954199   ev/simsec=22969.6
     Messages:  created: 8592157   present: 23745   in FES: 225
** Event #9567232   t=352.040909192295   Elapsed: 599.85s (9m 59s)  70% completed  (35% total)
     Speed:     ev/sec=18165.7   simsec/sec=0.757828   ev/simsec=23970.8
     Messages:  created: 8622714   present: 24115   in FES: 254
** Event #9607424   t=353.576275668206   Elapsed: 601.871s (10m 01s)  70% completed  (35% total)
     Speed:     ev/sec=19879.1   simsec/sec=0.759397   ev/simsec=26177.5
     Messages:  created: 8657319   present: 24424   in FES: 261
** Event #9644032   t=355.064834963762   Elapsed: 603.872s (10m 03s)  71% completed  (35% total)
     Speed:     ev/sec=18294.2   simsec/sec=0.74388   ev/simsec=24592.9
     Messages:  created: 8688089   present: 24750   in FES: 293
** Event #9680128   t=356.548573353375   Elapsed: 605.876s (10m 05s)  71% completed  (35% total)
     Speed:     ev/sec=18017.6   simsec/sec=0.740622   ev/simsec=24327.7
     Messages:  created: 8719046   present: 24990   in FES: 277
** Event #9713152   t=358.019168982139   Elapsed: 607.882s (10m 07s)  71% completed  (35% total)
     Speed:     ev/sec=16464.2   simsec/sec=0.733169   ev/simsec=22456.2
     Messages:  created: 8746599   present: 25300   in FES: 281
** Event #9754880   t=359.556465356788   Elapsed: 609.896s (10m 09s)  71% completed  (35% total)
     Speed:     ev/sec=20715.4   simsec/sec=0.763173   ev/simsec=27143.8
     Messages:  created: 8782469   present: 25544   in FES: 261
** Event #9783040   t=360.601186406041   Elapsed: 611.907s (10m 11s)  72% completed  (36% total)
     Speed:     ev/sec=14005.1   simsec/sec=0.519583   ev/simsec=26954.6
     Messages:  created: 8806273   present: 25791   in FES: 273
** Event #9826048   t=362.523520825811   Elapsed: 613.934s (10m 13s)  72% completed  (36% total)
     Speed:     ev/sec=21214.9   simsec/sec=0.948245   ev/simsec=22372.8
     Messages:  created: 8843159   present: 12505   in FES: 248
** Event #9856256   t=363.600336858089   Elapsed: 615.955s (10m 15s)  72% completed  (36% total)
     Speed:     ev/sec=14948   simsec/sec=0.532847   ev/simsec=28053.1
     Messages:  created: 8868654   present: 2182   in FES: 207
** Event #9901056   t=365.538101153765   Elapsed: 617.956s (10m 17s)  73% completed  (36% total)
     Speed:     ev/sec=22385.7   simsec/sec=0.968263   ev/simsec=23119.4
     Messages:  created: 8907038   present: 2622   in FES: 226
** Event #9930496   t=366.608939439696   Elapsed: 619.993s (10m 19s)  73% completed  (36% total)
     Speed:     ev/sec=14455.1   simsec/sec=0.525785   ev/simsec=27492.5
     Messages:  created: 8932023   present: 2896   in FES: 247
** Event #9970944   t=368.514935093135   Elapsed: 622.013s (10m 22s)  73% completed  (36% total)
     Speed:     ev/sec=20019.4   simsec/sec=0.943359   ev/simsec=21221.5
     Messages:  created: 8966824   present: 3274   in FES: 255
** Event #10002432   t=369.608329861105   Elapsed: 624.037s (10m 24s)  73% completed  (36% total)
     Speed:     ev/sec=15562.1   simsec/sec=0.540383   ev/simsec=28798.4
     Messages:  created: 8994140   present: 3521   in FES: 253
** Event #10045696   t=371.565324442708   Elapsed: 626.061s (10m 26s)  74% completed  (37% total)
     Speed:     ev/sec=21372.6   simsec/sec=0.966764   ev/simsec=22107.4
     Messages:  created: 9032183   present: 3840   in FES: 229
** Event #10090752   t=373.581363347464   Elapsed: 628.067s (10m 28s)  74% completed  (37% total)
     Speed:     ev/sec=22462.5   simsec/sec=1.00509   ev/simsec=22348.8
     Messages:  created: 9072968   present: 4286   in FES: 244
** Event #10146048   t=376.513921500348   Elapsed: 630.07s (10m 30s)  75% completed  (37% total)
     Speed:     ev/sec=27597   simsec/sec=1.46357   ev/simsec=18855.9
     Messages:  created: 9125873   present: 4809   in FES: 214
** Event #10212352   t=380.010877625429   Elapsed: 632.073s (10m 32s)  76% completed  (38% total)
     Speed:     ev/sec=33113   simsec/sec=1.74642   ev/simsec=18960.5
     Messages:  created: 9189871   present: 5463   in FES: 207
** Event #10292480   t=384.035434549627   Elapsed: 634.077s (10m 34s)  76% completed  (38% total)
     Speed:     ev/sec=39984.1   simsec/sec=2.00826   ev/simsec=19909.8
     Messages:  created: 9267713   present: 6373   in FES: 254
** Event #10371072   t=388.050884802545   Elapsed: 636.077s (10m 36s)  77% completed  (38% total)
     Speed:     ev/sec=39286.3   simsec/sec=2.00723   ev/simsec=19572.4
     Messages:  created: 9343860   present: 7207   in FES: 253
** Event #10449920   t=392.057045890718   Elapsed: 638.079s (10m 38s)  78% completed  (39% total)
     Speed:     ev/sec=39396.5   simsec/sec=2.00169   ev/simsec=19681.7
     Messages:  created: 9420312   present: 7988   in FES: 244
** Event #10537216   t=396.526385958458   Elapsed: 640.08s (10m 40s)  79% completed  (39% total)
     Speed:     ev/sec=43612.3   simsec/sec=2.23284   ev/simsec=19532.2
     Messages:  created: 9505379   present: 8877   in FES: 255
** Event #10604800   t=400.029668324727   Elapsed: 642.083s (10m 42s)  80% completed  (40% total)
     Speed:     ev/sec=33748.7   simsec/sec=1.7494   ev/simsec=19291.6
     Messages:  created: 9569945   present: 9470   in FES: 207
** Event #10659584   t=402.524438703957   Elapsed: 644.095s (10m 44s)  80% completed  (40% total)
     Speed:     ev/sec=27227   simsec/sec=1.23987   ev/simsec=21959.5
     Messages:  created: 9619458   present: 10098   in FES: 255
** Event #10702336   t=404.092486026518   Elapsed: 646.098s (10m 46s)  80% completed  (40% total)
     Speed:     ev/sec=21344   simsec/sec=0.782851   ev/simsec=27264.5
     Messages:  created: 9656429   present: 10417   in FES: 254
** Event #10736640   t=405.570334306278   Elapsed: 648.119s (10m 48s)  81% completed  (40% total)
     Speed:     ev/sec=16974.3   simsec/sec=0.731267   ev/simsec=23212.1
     Messages:  created: 9686285   present: 10728   in FES: 253
** Event #10769664   t=407.040906116066   Elapsed: 650.125s (10m 50s)  81% completed  (40% total)
     Speed:     ev/sec=16460.6   simsec/sec=0.732998   ev/simsec=22456.6
     Messages:  created: 9714288   present: 10974   in FES: 254
** Event #10808832   t=408.589179440872   Elapsed: 652.145s (10m 52s)  81% completed  (40% total)
     Speed:     ev/sec=19389.8   simsec/sec=0.766458   ev/simsec=25297.9
     Messages:  created: 9748667   present: 11265   in FES: 234
** Event #10853120   t=410.559834597346   Elapsed: 654.147s (10m 54s)  82% completed  (41% total)
     Speed:     ev/sec=22119.5   simsec/sec=0.984239   ev/simsec=22473.7
     Messages:  created: 9785844   present: 11710   in FES: 254
** Event #10886656   t=411.687921390869   Elapsed: 656.163s (10m 56s)  82% completed  (41% total)
     Speed:     ev/sec=16640.2   simsec/sec=0.559743   ev/simsec=29728.2
     Messages:  created: 9815338   present: 11777   in FES: 203
** Event #10930688   t=413.590560753508   Elapsed: 658.166s (10m 58s)  82% completed  (41% total)
     Speed:     ev/sec=21976.8   simsec/sec=0.949628   ev/simsec=23142.6
     Messages:  created: 9853625   present: 12259   in FES: 233
** Event #10977024   t=415.578192316565   Elapsed: 660.175s (11m 00s)  83% completed  (41% total)
     Speed:     ev/sec=23069.6   simsec/sec=0.989595   ev/simsec=23312.2
     Messages:  created: 9893703   present: 12687   in FES: 256
** Event #11019008   t=417.088927062116   Elapsed: 662.178s (11m 02s)  83% completed  (41% total)
     Speed:     ev/sec=20954.9   simsec/sec=0.754031   ev/simsec=27790.5
     Messages:  created: 9929181   present: 13007   in FES: 250
** Event #11056384   t=418.600511457722   Elapsed: 664.183s (11m 04s)  83% completed  (41% total)
     Speed:     ev/sec=18646   simsec/sec=0.754093   ev/simsec=24726.4
     Messages:  created: 9961917   present: 13265   in FES: 230
** Event #11102976   t=420.595632681014   Elapsed: 666.218s (11m 06s)  84% completed  (42% total)
     Speed:     ev/sec=22887.7   simsec/sec=0.980076   ev/simsec=23353
     Messages:  created: 10001888   present: 13672   in FES: 234
** Event #11148288   t=422.575334845298   Elapsed: 668.228s (11m 08s)  84% completed  (42% total)
     Speed:     ev/sec=22550   simsec/sec=0.985222   ev/simsec=22888.3
     Messages:  created: 10040758   present: 14233   in FES: 290
** Event #11178240   t=423.600024606285   Elapsed: 670.237s (11m 10s)  84% completed  (42% total)
     Speed:     ev/sec=14909.1   simsec/sec=0.510058   ev/simsec=29230.3
     Messages:  created: 10066621   present: 14269   in FES: 232
** Event #11226368   t=425.599218929037   Elapsed: 672.245s (11m 12s)  85% completed  (42% total)
     Speed:     ev/sec=23969.1   simsec/sec=0.995656   ev/simsec=24073.7
     Messages:  created: 10108150   present: 14803   in FES: 278
** Event #11272448   t=427.591632115153   Elapsed: 674.246s (11m 14s)  85% completed  (42% total)
     Speed:     ev/sec=23022.1   simsec/sec=0.995434   ev/simsec=23127.7
     Messages:  created: 10148111   present: 15089   in FES: 242
** Event #11321344   t=429.595926873676   Elapsed: 676.25s (11m 16s)  85% completed  (42% total)
     Speed:     ev/sec=24403.8   simsec/sec=1.00034   ev/simsec=24395.6
     Messages:  created: 10190599   present: 15525   in FES: 254
** Event #11368448   t=431.586878751547   Elapsed: 678.251s (11m 18s)  86% completed  (43% total)
     Speed:     ev/sec=23536   simsec/sec=0.994801   ev/simsec=23659
     Messages:  created: 10230833   present: 15882   in FES: 241
** Event #11408128   t=433.079112440589   Elapsed: 680.256s (11m 20s)  86% completed  (43% total)
     Speed:     ev/sec=19791.2   simsec/sec=0.744283   ev/simsec=26591
     Messages:  created: 10264714   present: 16150   in FES: 230
** Event #11444736   t=434.596317385865   Elapsed: 682.277s (11m 22s)  86% completed  (43% total)
     Speed:     ev/sec=18116   simsec/sec=0.750811   ev/simsec=24128.6
     Messages:  created: 10296190   present: 16472   in FES: 234
** Event #11486976   t=436.55429882025   Elapsed: 684.279s (11m 24s)  87% completed  (43% total)
     Speed:     ev/sec=21100.5   simsec/sec=0.978088   ev/simsec=21573.2
     Messages:  created: 10331932   present: 16888   in FES: 246
** Event #11518208   t=437.59833774704   Elapsed: 686.304s (11m 26s)  87% completed  (43% total)
     Speed:     ev/sec=15424.2   simsec/sec=0.515609   ev/simsec=29914.6
     Messages:  created: 10359584   present: 17133   in FES: 253
** Event #11565568   t=439.593491066471   Elapsed: 688.336s (11m 28s)  87% completed  (43% total)
     Speed:     ev/sec=23303.8   simsec/sec=0.981727   ev/simsec=23737.5
     Messages:  created: 10400446   present: 17512   in FES: 254
** Event #11613440   t=441.589203335689   Elapsed: 690.347s (11m 30s)  88% completed  (44% total)
     Speed:     ev/sec=23799.7   simsec/sec=0.992173   ev/simsec=23987.4
     Messages:  created: 10441530   present: 17855   in FES: 233
** Event #11649280   t=443.056040839992   Elapsed: 692.349s (11m 32s)  88% completed  (44% total)
     Speed:     ev/sec=17903.5   simsec/sec=0.732743   ev/simsec=24433.5
     Messages:  created: 10471999   present: 18187   in FES: 254
** Event #11689472   t=444.59833774911   Elapsed: 694.351s (11m 34s)  88% completed  (44% total)
     Speed:     ev/sec=20083.6   simsec/sec=0.770674   ev/simsec=26059.8
     Messages:  created: 10506760   present: 18534   in FES: 252
** Event #11737344   t=446.593635677237   Elapsed: 696.379s (11m 36s)  89% completed  (44% total)
     Speed:     ev/sec=23598.2   simsec/sec=0.983569   ev/simsec=23992.4
     Messages:  created: 10547928   present: 18777   in FES: 203
** Event #11781632   t=447.751225524442   Elapsed: 698.381s (11m 38s)  89% completed  (44% total)
     Speed:     ev/sec=22125.6   simsec/sec=0.578315   ev/simsec=38258.8
     Messages:  created: 10593812   present: 19132   in FES: 254
** Event #11872512   t=448.596490096072   Elapsed: 700.402s (11m 40s)  89% completed  (44% total)
     Speed:     ev/sec=44956.1   simsec/sec=0.418132   ev/simsec=107517
     Messages:  created: 10707736   present: 19145   in FES: 254
** Event #11967232   t=449.540117605307   Elapsed: 702.404s (11m 42s)  89% completed  (44% total)
     Speed:     ev/sec=47312.2   simsec/sec=0.471337   ev/simsec=100379
     Messages:  created: 10827841   present: 19103   in FES: 205
** Event #12040704   t=450.212919716598   Elapsed: 704.406s (11m 44s)  90% completed  (45% total)
     Speed:     ev/sec=36701.2   simsec/sec=0.336083   ev/simsec=109203
     Messages:  created: 10917774   present: 19253   in FES: 255
** Event #12120064   t=451.019361464152   Elapsed: 706.407s (11m 46s)  90% completed  (45% total)
     Speed:     ev/sec=39666.6   simsec/sec=0.403085   ev/simsec=98407.6
     Messages:  created: 11020077   present: 19328   in FES: 289
** Event #12193792   t=451.679980490455   Elapsed: 708.407s (11m 48s)  90% completed  (45% total)
     Speed:     ev/sec=36859.3   simsec/sec=0.330267   ev/simsec=111604
     Messages:  created: 11111138   present: 19360   in FES: 287
** Event #12285184   t=452.574330359865   Elapsed: 710.409s (11m 50s)  90% completed  (45% total)
     Speed:     ev/sec=45663.9   simsec/sec=0.446861   ev/simsec=102188
     Messages:  created: 11226878   present: 19443   in FES: 249
** Event #12380928   t=453.564985935362   Elapsed: 712.43s (11m 52s)  90% completed  (45% total)
     Speed:     ev/sec=47359.5   simsec/sec=0.490025   ev/simsec=96647.1
     Messages:  created: 11346460   present: 19504   in FES: 254
** Event #12450816   t=454.309561942305   Elapsed: 714.436s (11m 54s)  90% completed  (45% total)
     Speed:     ev/sec=34848.8   simsec/sec=0.371274   ev/simsec=93862.8
     Messages:  created: 11432371   present: 19538   in FES: 255
** Event #12528384   t=455.16484109873   Elapsed: 716.442s (11m 56s)  91% completed  (45% total)
     Speed:     ev/sec=38670.8   simsec/sec=0.426392   ev/simsec=90693.2
     Messages:  created: 11527089   present: 19620   in FES: 255
** Event #12587520   t=455.859297669637   Elapsed: 718.444s (11m 58s)  91% completed  (45% total)
     Speed:     ev/sec=29539.1   simsec/sec=0.346889   ev/simsec=85154.4
     Messages:  created: 11602840   present: 19690   in FES: 254
** Event #12658688   t=456.608560002972   Elapsed: 720.454s (12m 00s)  91% completed  (45% total)
     Speed:     ev/sec=35397.7   simsec/sec=0.372669   ev/simsec=94984.1
     Messages:  created: 11688075   present: 19778   in FES: 254
** Event #12738048   t=457.591490063877   Elapsed: 722.458s (12m 02s)  91% completed  (45% total)
     Speed:     ev/sec=39600.6   simsec/sec=0.490481   ev/simsec=80738.2
     Messages:  created: 11786117   present: 19832   in FES: 255
** Event #12806144   t=458.572602524954   Elapsed: 724.481s (12m 04s)  91% completed  (45% total)
     Speed:     ev/sec=33662.6   simsec/sec=0.485003   ev/simsec=69406.9
     Messages:  created: 11866979   present: 19953   in FES: 240
** Event #12875264   t=459.588491233921   Elapsed: 726.494s (12m 06s)  91% completed  (45% total)
     Speed:     ev/sec=34339.5   simsec/sec=0.504704   ev/simsec=68038.9
     Messages:  created: 11948743   present: 20354   in FES: 356
** Event #12943616   t=460.595633327008   Elapsed: 728.496s (12m 08s)  92% completed  (46% total)
     Speed:     ev/sec=34130.4   simsec/sec=0.502898   ev/simsec=67867.3
     Messages:  created: 12029164   present: 20152   in FES: 225
** Event #13008896   t=461.59563320085   Elapsed: 730.498s (12m 10s)  92% completed  (46% total)
     Speed:     ev/sec=32619.6   simsec/sec=0.499688   ev/simsec=65280
     Messages:  created: 12106062   present: 20307   in FES: 234
** Event #13073664   t=462.594861214819   Elapsed: 732.502s (12m 12s)  92% completed  (46% total)
     Speed:     ev/sec=32313.3   simsec/sec=0.498523   ev/simsec=64818
     Messages:  created: 12182567   present: 20489   in FES: 254
** Event #13143296   t=463.601645891035   Elapsed: 734.516s (12m 14s)  92% completed  (46% total)
     Speed:     ev/sec=34567.9   simsec/sec=0.499805   ev/simsec=69162.8
     Messages:  created: 12264201   present: 20531   in FES: 221
** Event #13214208   t=464.795184157934   Elapsed: 736.518s (12m 16s)  92% completed  (46% total)
     Speed:     ev/sec=35432.6   simsec/sec=0.596376   ev/simsec=59413.3
     Messages:  created: 12348115   present: 20736   in FES: 245
** Event #13295104   t=466.064190723439   Elapsed: 738.521s (12m 18s)  93% completed  (46% total)
     Speed:     ev/sec=40373.9   simsec/sec=0.633341   ev/simsec=63747.5
     Messages:  created: 12443367   present: 20925   in FES: 248
** Event #13362944   t=467.099576797305   Elapsed: 740.522s (12m 20s)  93% completed  (46% total)
     Speed:     ev/sec=33910.3   simsec/sec=0.517544   ev/simsec=65521.5
     Messages:  created: 12521409   present: 21063   in FES: 283
** Event #13440512   t=468.51965888846   Elapsed: 742.525s (12m 22s)  93% completed  (46% total)
     Speed:     ev/sec=38730.2   simsec/sec=0.709057   ev/simsec=54622.2
     Messages:  created: 12615481   present: 21244   in FES: 264
** Event #13507584   t=469.564330485408   Elapsed: 744.528s (12m 24s)  93% completed  (46% total)
     Speed:     ev/sec=33480.3   simsec/sec=0.521469   ev/simsec=64203.9
     Messages:  created: 12695494   present: 21345   in FES: 240
** Event #13570816   t=470.586137096576   Elapsed: 746.532s (12m 26s)  94% completed  (47% total)
     Speed:     ev/sec=31558.4   simsec/sec=0.509973   ev/simsec=61882.6
     Messages:  created: 12770388   present: 21433   in FES: 231
** Event #13642240   t=471.849817722289   Elapsed: 748.533s (12m 28s)  94% completed  (47% total)
     Speed:     ev/sec=35695   simsec/sec=0.63154   ev/simsec=56520.6
     Messages:  created: 12857455   present: 21610   in FES: 254
** Event #13720576   t=473.213347572695   Elapsed: 750.536s (12m 30s)  94% completed  (47% total)
     Speed:     ev/sec=39098.6   simsec/sec=0.680557   ev/simsec=57450.9
     Messages:  created: 12952143   present: 21818   in FES: 272
** Event #13799936   t=474.575331914928   Elapsed: 752.537s (12m 32s)  94% completed  (47% total)
     Speed:     ev/sec=39669.9   simsec/sec=0.68082   ev/simsec=58267.9
     Messages:  created: 13050360   present: 22119   in FES: 286
** Event #13893632   t=476.26093987166   Elapsed: 754.54s (12m 34s)  95% completed  (47% total)
     Speed:     ev/sec=46767.3   simsec/sec=0.841353   ev/simsec=55585.9
     Messages:  created: 13165080   present: 22076   in FES: 204
** Event #13981440   t=477.79514143657   Elapsed: 756.541s (12m 36s)  95% completed  (47% total)
     Speed:     ev/sec=43876.9   simsec/sec=0.766627   ev/simsec=57233.7
     Messages:  created: 13273475   present: 22309   in FES: 233
** Event #14076672   t=479.52648451966   Elapsed: 758.55s (12m 38s)  95% completed  (47% total)
     Speed:     ev/sec=47408.4   simsec/sec=0.861898   ev/simsec=55004.7
     Messages:  created: 13391155   present: 22544   in FES: 210
** Event #14164736   t=480.780843214403   Elapsed: 760.554s (12m 40s)  96% completed  (48% total)
     Speed:     ev/sec=43959.3   simsec/sec=0.626144   ev/simsec=70206.4
     Messages:  created: 13501157   present: 22424   in FES: 260
** Event #14262528   t=480.931031908699   Elapsed: 762.559s (12m 42s)  96% completed  (48% total)
     Speed:     ev/sec=48770.9   simsec/sec=0.0749022   ev/simsec=651128
     Messages:  created: 13638895   present: 19974   in FES: 279
** Event #14364672   t=481.095245965915   Elapsed: 764.56s (12m 44s)  96% completed  (48% total)
     Speed:     ev/sec=51044.8   simsec/sec=0.0820632   ev/simsec=622017
     Messages:  created: 13778690   present: 19882   in FES: 256
** Event #14442496   t=481.224023415016   Elapsed: 766.562s (12m 46s)  96% completed  (48% total)
     Speed:     ev/sec=38868.6   simsec/sec=0.0643169   ev/simsec=604329
     Messages:  created: 13887144   present: 19429   in FES: 239
** Event #14539776   t=481.713167409324   Elapsed: 768.567s (12m 48s)  96% completed  (48% total)
     Speed:     ev/sec=48506.7   simsec/sec=0.243902   ev/simsec=198878
     Messages:  created: 14019141   present: 19019   in FES: 278
** Event #14616832   t=481.837801247264   Elapsed: 770.568s (12m 50s)  96% completed  (48% total)
     Speed:     ev/sec=38520.8   simsec/sec=0.0623053   ev/simsec=618259
     Messages:  created: 14126735   present: 17787   in FES: 281
** Event #14716928   t=482.003061241448   Elapsed: 772.571s (12m 52s)  96% completed  (48% total)
     Speed:     ev/sec=49956.4   simsec/sec=0.0824788   ev/simsec=605688
     Messages:  created: 14267038   present: 17023   in FES: 289
** Event #14819584   t=482.14462853428   Elapsed: 774.573s (12m 54s)  96% completed  (48% total)
     Speed:     ev/sec=51281.6   simsec/sec=0.0707196   ev/simsec=725139
     Messages:  created: 14406699   present: 16195   in FES: 267
** Event #14926592   t=482.302279653617   Elapsed: 776.577s (12m 56s)  96% completed  (48% total)
     Speed:     ev/sec=53407.5   simsec/sec=0.0786833   ev/simsec=678765
     Messages:  created: 14556889   present: 16191   in FES: 284
** Event #15009024   t=482.440263922311   Elapsed: 778.579s (12m 58s)  96% completed  (48% total)
     Speed:     ev/sec=41163.2   simsec/sec=0.0689037   ev/simsec=597401
     Messages:  created: 14672925   present: 16194   in FES: 271
** Event #15080192   t=482.55863589319   Elapsed: 780.582s (13m 00s)  96% completed  (48% total)
     Speed:     ev/sec=35545.7   simsec/sec=0.0591222   ev/simsec=601223
     Messages:  created: 14771056   present: 16190   in FES: 273
** Event #15169792   t=482.712745340359   Elapsed: 782.586s (13m 02s)  96% completed  (48% total)
     Speed:     ev/sec=44700.1   simsec/sec=0.0768829   ev/simsec=581405
     Messages:  created: 14895156   present: 16157   in FES: 245
** Event #15259136   t=482.865374095591   Elapsed: 784.591s (13m 04s)  96% completed  (48% total)
     Speed:     ev/sec=44562.8   simsec/sec=0.0761278   ev/simsec=585368
     Messages:  created: 15020412   present: 15897   in FES: 292
** Event #15336192   t=482.994054928288   Elapsed: 786.594s (13m 06s)  96% completed  (48% total)
     Speed:     ev/sec=38465.7   simsec/sec=0.0642364   ev/simsec=598815
     Messages:  created: 15128758   present: 15882   in FES: 302
** Event #15422976   t=483.144582955731   Elapsed: 788.597s (13m 08s)  96% completed  (48% total)
     Speed:     ev/sec=43325   simsec/sec=0.0751478   ev/simsec=576531
     Messages:  created: 15246077   present: 15917   in FES: 303
** Event #15502080   t=483.601828701636   Elapsed: 790.601s (13m 10s)  96% completed  (48% total)
     Speed:     ev/sec=39472.3   simsec/sec=0.228162   ev/simsec=173001
     Messages:  created: 15350615   present: 15761   in FES: 256
** Event #15583232   t=484.092385506408   Elapsed: 792.602s (13m 12s)  96% completed  (48% total)
     Speed:     ev/sec=40566.6   simsec/sec=0.245221   ev/simsec=165428
     Messages:  created: 15457028   present: 15324   in FES: 251
** Event #15641856   t=484.639616974106   Elapsed: 794.608s (13m 14s)  96% completed  (48% total)
     Speed:     ev/sec=29219.9   simsec/sec=0.272756   ev/simsec=107128
     Messages:  created: 15531389   present: 15453   in FES: 283
** Event #15740160   t=485.099103944241   Elapsed: 796.61s (13m 16s)  97% completed  (48% total)
     Speed:     ev/sec=49101.7   simsec/sec=0.229508   ev/simsec=213943
     Messages:  created: 15660697   present: 14951   in FES: 243
** Event #15803648   t=485.614550720156   Elapsed: 798.611s (13m 18s)  97% completed  (48% total)
     Speed:     ev/sec=31730.5   simsec/sec=0.257614   ev/simsec=123171
     Messages:  created: 15742386   present: 15072   in FES: 270
** Event #15896576   t=486.484994133821   Elapsed: 800.615s (13m 20s)  97% completed  (48% total)
     Speed:     ev/sec=46377.6   simsec/sec=0.434412   ev/simsec=106759
     Messages:  created: 15862673   present: 15119   in FES: 280
** Event #15950848   t=486.924493517644   Elapsed: 802.616s (13m 22s)  97% completed  (48% total)
     Speed:     ev/sec=27120.5   simsec/sec=0.219625   ev/simsec=123486
     Messages:  created: 15931092   present: 15126   in FES: 300
** Event #16024064   t=487.541969948052   Elapsed: 804.636s (13m 24s)  97% completed  (48% total)
     Speed:     ev/sec=36251.9   simsec/sec=0.305735   ev/simsec=118573
     Messages:  created: 16021926   present: 15109   in FES: 240
** Event #16117504   t=488.414965484506   Elapsed: 806.64s (13m 26s)  97% completed  (48% total)
     Speed:     ev/sec=46627.2   simsec/sec=0.435631   ev/simsec=107034
     Messages:  created: 16140446   present: 15234   in FES: 279
** Event #16182016   t=489.012306079469   Elapsed: 808.641s (13m 28s)  97% completed  (48% total)
     Speed:     ev/sec=32235.2   simsec/sec=0.298478   ev/simsec=107999
     Messages:  created: 16222520   present: 11729   in FES: 298
** Event #16245248   t=489.54863291907   Elapsed: 810.653s (13m 30s)  97% completed  (48% total)
     Speed:     ev/sec=31430.3   simsec/sec=0.266589   ev/simsec=117898
     Messages:  created: 16299804   present: 11717   in FES: 242
** Event #16332032   t=490.430346062028   Elapsed: 812.657s (13m 32s)  98% completed  (49% total)
     Speed:     ev/sec=43307   simsec/sec=0.439993   ev/simsec=98426.6
     Messages:  created: 16408434   present: 7211   in FES: 254
** Event #16400128   t=491.041173223633   Elapsed: 814.659s (13m 34s)  98% completed  (49% total)
     Speed:     ev/sec=33998.9   simsec/sec=0.304974   ev/simsec=111482
     Messages:  created: 16493874   present: 7139   in FES: 206
** Event #16464896   t=491.613263594952   Elapsed: 816.664s (13m 36s)  98% completed  (49% total)
     Speed:     ev/sec=32312.6   simsec/sec=0.285415   ev/simsec=113213
     Messages:  created: 16573426   present: 7181   in FES: 208
** Event #16556544   t=492.526389311907   Elapsed: 818.672s (13m 38s)  98% completed  (49% total)
     Speed:     ev/sec=45628.6   simsec/sec=0.454616   ev/simsec=100367
     Messages:  created: 16689392   present: 7376   in FES: 254
** Event #16630528   t=493.214788290263   Elapsed: 820.673s (13m 40s)  98% completed  (49% total)
     Speed:     ev/sec=36974.2   simsec/sec=0.344034   ev/simsec=107473
     Messages:  created: 16780268   present: 7353   in FES: 254
** Event #16682240   t=493.712698374148   Elapsed: 822.676s (13m 42s)  98% completed  (49% total)
     Speed:     ev/sec=25818.8   simsec/sec=0.248597   ev/simsec=103858
     Messages:  created: 16845166   present: 7394   in FES: 254
** Event #16767744   t=494.522872054677   Elapsed: 824.678s (13m 44s)  98% completed  (49% total)
     Speed:     ev/sec=42713   simsec/sec=0.404717   ev/simsec=105538
     Messages:  created: 16953012   present: 7395   in FES: 208
** Event #16844800   t=495.246194808895   Elapsed: 826.682s (13m 46s)  99% completed  (49% total)
     Speed:     ev/sec=38455.1   simsec/sec=0.360978   ev/simsec=106531
     Messages:  created: 17047942   present: 7530   in FES: 254
** Event #16906496   t=495.818205254249   Elapsed: 828.686s (13m 48s)  99% completed  (49% total)
     Speed:     ev/sec=30777.1   simsec/sec=0.285348   ev/simsec=107858
     Messages:  created: 17127003   present: 7425   in FES: 203
** Event #16975360   t=496.515149843698   Elapsed: 830.711s (13m 50s)  99% completed  (49% total)
     Speed:     ev/sec=34023   simsec/sec=0.344333   ev/simsec=98808.4
     Messages:  created: 17212812   present: 7904   in FES: 356
** Event #17039360   t=497.064854962905   Elapsed: 832.715s (13m 52s)  99% completed  (49% total)
     Speed:     ev/sec=31934.1   simsec/sec=0.274287   ev/simsec=116426
     Messages:  created: 17292137   present: 7626   in FES: 241
** Event #17096448   t=497.605738760627   Elapsed: 834.722s (13m 54s)  99% completed  (49% total)
     Speed:     ev/sec=28434.2   simsec/sec=0.269401   ev/simsec=105546
     Messages:  created: 17362670   present: 7631   in FES: 231
** Event #17186304   t=498.51526676777   Elapsed: 836.725s (13m 56s)  99% completed  (49% total)
     Speed:     ev/sec=44878.1   simsec/sec=0.454259   ev/simsec=98794.1
     Messages:  created: 17476183   present: 7758   in FES: 250
** Event #17244672   t=499.039788638535   Elapsed: 838.729s (13m 58s)  99% completed  (49% total)
     Speed:     ev/sec=29119.6   simsec/sec=0.261682   ev/simsec=111278
     Messages:  created: 17548589   present: 7637   in FES: 239
** Event #17309696   t=499.611738645772   Elapsed: 840.747s (14m 00s)  99% completed  (49% total)
     Speed:     ev/sec=32221.9   simsec/sec=0.283423   ev/simsec=113688
     Messages:  created: 17627593   present: 7754   in FES: 229
** Event #17340129   t=500   Elapsed: 841.33s (14m 01s)  100% completed  (50% total)
     Speed:     ev/sec=52219.8   simsec/sec=0.666014   ev/simsec=78406.4
     Messages:  created: 17668358   present: 7682   in FES: 203

<!> Simulation time limit reached -- at t=500s, event #17340129
undisposed object: (omnetpp::cMessage) FanetSarNetwork.groundStation.app.debugTimer -- check module destructor
undisposed object: (omnetpp::cMessage) FanetSarNetwork.uav[0].app.debugTimer -- check module destructor
undisposed object: (omnetpp::cMessage) FanetSarNetwork.uav[1].app.debugTimer -- check module destructor
undisposed object: (omnetpp::cMessage) FanetSarNetwork.uav[2].app.debugTimer -- check module destructor
undisposed object: (omnetpp::cMessage) FanetSarNetwork.uav[3].app.debugTimer -- check module destructor
undisposed object: (omnetpp::cMessage) FanetSarNetwork.uav[4].app.debugTimer -- check module destructor
undisposed object: (omnetpp::cMessage) FanetSarNetwork.uav[5].app.debugTimer -- check module destructor
undisposed object: (omnetpp::cMessage) FanetSarNetwork.uav[6].app.debugTimer -- check module destructor
undisposed object: (omnetpp::cMessage) FanetSarNetwork.uav[7].app.debugTimer -- check module destructor
undisposed object: (omnetpp::cMessage) FanetSarNetwork.uav[8].app.debugTimer -- check module destructor
undisposed object: (omnetpp::cMessage) FanetSarNetwork.uav[9].app.debugTimer -- check module destructor
undisposed object: (omnetpp::cMessage) FanetSarNetwork.uav[10].app.debugTimer -- check module destructor
undisposed object: (omnetpp::cMessage) FanetSarNetwork.uav[11].app.debugTimer -- check module destructor
undisposed object: (omnetpp::cMessage) FanetSarNetwork.uav[12].app.debugTimer -- check module destructor
undisposed object: (omnetpp::cMessage) FanetSarNetwork.uav[13].app.debugTimer -- check module destructor
undisposed object: (omnetpp::cMessage) FanetSarNetwork.uav[14].app.debugTimer -- check module destructor
undisposed object: (omnetpp::cMessage) FanetSarNetwork.uav[15].app.debugTimer -- check module destructor
undisposed object: (omnetpp::cMessage) FanetSarNetwork.uav[16].app.debugTimer -- check module destructor
undisposed object: (omnetpp::cMessage) FanetSarNetwork.uav[17].app.debugTimer -- check module destructor
undisposed object: (omnetpp::cMessage) FanetSarNetwork.uav[18].app.debugTimer -- check module destructor
undisposed object: (omnetpp::cMessage) FanetSarNetwork.uav[19].app.debugTimer -- check module destructor
undisposed object: (omnetpp::cMessage) FanetSarNetwork.uav[20].app.debugTimer -- check module destructor
undisposed object: (omnetpp::cMessage) FanetSarNetwork.uav[21].app.debugTimer -- check module destructor
undisposed object: (omnetpp::cMessage) FanetSarNetwork.uav[22].app.debugTimer -- check module destructor
undisposed object: (omnetpp::cMessage) FanetSarNetwork.uav[23].app.debugTimer -- check module destructor
undisposed object: (omnetpp::cMessage) FanetSarNetwork.uav[24].app.debugTimer -- check module destructor
undisposed object: (omnetpp::cMessage) FanetSarNetwork.uav[25].app.debugTimer -- check module destructor
undisposed object: (omnetpp::cMessage) FanetSarNetwork.uav[26].app.debugTimer -- check module destructor
undisposed object: (omnetpp::cMessage) FanetSarNetwork.uav[27].app.debugTimer -- check module destructor
undisposed object: (omnetpp::cMessage) FanetSarNetwork.uav[28].app.debugTimer -- check module destructor
undisposed object: (omnetpp::cMessage) FanetSarNetwork.uav[29].app.debugTimer -- check module destructor
undisposed object: (omnetpp::cMessage) FanetSarNetwork.uav[30].app.debugTimer -- check module destructor
undisposed object: (omnetpp::cMessage) FanetSarNetwork.uav[31].app.debugTimer -- check module destructor
undisposed object: (omnetpp::cMessage) FanetSarNetwork.uav[32].app.debugTimer -- check module destructor
undisposed object: (omnetpp::cMessage) FanetSarNetwork.uav[33].app.debugTimer -- check module destructor
undisposed object: (omnetpp::cMessage) FanetSarNetwork.uav[34].app.debugTimer -- check module destructor
undisposed object: (omnetpp::cMessage) FanetSarNetwork.uav[35].app.debugTimer -- check module destructor
undisposed object: (omnetpp::cMessage) FanetSarNetwork.uav[36].app.debugTimer -- check module destructor
undisposed object: (omnetpp::cMessage) FanetSarNetwork.uav[37].app.debugTimer -- check module destructor
undisposed object: (omnetpp::cMessage) FanetSarNetwork.uav[38].app.debugTimer -- check module destructor
undisposed object: (omnetpp::cMessage) FanetSarNetwork.uav[39].app.debugTimer -- check module destructor
undisposed object: (omnetpp::cMessage) FanetSarNetwork.uav[40].app.debugTimer -- check module destructor
undisposed object: (omnetpp::cMessage) FanetSarNetwork.uav[41].app.debugTimer -- check module destructor
undisposed object: (omnetpp::cMessage) FanetSarNetwork.uav[42].app.debugTimer -- check module destructor
undisposed object: (omnetpp::cMessage) FanetSarNetwork.uav[43].app.debugTimer -- check module destructor
undisposed object: (omnetpp::cMessage) FanetSarNetwork.uav[44].app.debugTimer -- check module destructor
undisposed object: (omnetpp::cMessage) FanetSarNetwork.uav[45].app.debugTimer -- check module destructor
undisposed object: (omnetpp::cMessage) FanetSarNetwork.uav[46].app.debugTimer -- check module destructor
undisposed object: (omnetpp::cMessage) FanetSarNetwork.uav[47].app.debugTimer -- check module destructor
undisposed object: (omnetpp::cMessage) FanetSarNetwork.uav[48].app.debugTimer -- check module destructor
undisposed object: (omnetpp::cMessage) FanetSarNetwork.uav[49].app.debugTimer -- check module destructor
