** Event #0   t=0   Elapsed: 7e-06s (0m 00s)  0% completed  (50% total)
     Speed:     ev/sec=0   simsec/sec=0   ev/simsec=0
     Messages:  created: 1178   present: 1178   in FES: 186
** Event #72192   t=8.081881677707   Elapsed: 2.00225s (0m 02s)  1% completed  (50% total)
     Speed:     ev/sec=36056.1   simsec/sec=4.03641   ev/simsec=8932.7
     Messages:  created: 64492   present: 1195   in FES: 148
** Event #136960   t=15.519729018329   Elapsed: 4.00592s (0m 04s)  3% completed  (51% total)
     Speed:     ev/sec=32324.7   simsec/sec=3.71212   ev/simsec=8707.9
     Messages:  created: 120770   present: 1247   in FES: 154
** Event #203520   t=23.506729279044   Elapsed: 6.01737s (0m 06s)  4% completed  (52% total)
     Speed:     ev/sec=33090.6   simsec/sec=3.97077   ev/simsec=8333.54
     Messages:  created: 177810   present: 1187   in FES: 146
** Event #266496   t=30.509176652501   Elapsed: 8.02412s (0m 08s)  6% completed  (53% total)
     Speed:     ev/sec=31382.1   simsec/sec=3.48945   ev/simsec=8993.43
     Messages:  created: 231198   present: 1208   in FES: 151
** Event #324864   t=36.52005842235   Elapsed: 10.0347s (0m 10s)  7% completed  (53% total)
     Speed:     ev/sec=29031.1   simsec/sec=2.98969   ev/simsec=9710.39
     Messages:  created: 280345   present: 1240   in FES: 154
** Event #379904   t=42.51617650648   Elapsed: 12.0436s (0m 12s)  8% completed  (54% total)
     Speed:     ev/sec=27397.2   simsec/sec=2.98468   ev/simsec=9179.27
     Messages:  created: 326232   present: 1244   in FES: 151
** Event #438784   t=49.033811804223   Elapsed: 14.0471s (0m 14s)  9% completed  (54% total)
     Speed:     ev/sec=29388.6   simsec/sec=3.25313   ev/simsec=9033.95
     Messages:  created: 375440   present: 1217   in FES: 154
** Event #488704   t=54.510770494155   Elapsed: 16.0609s (0m 16s)  10% completed  (55% total)
     Speed:     ev/sec=24788.8   simsec/sec=2.7197   ev/simsec=9114.55
     Messages:  created: 416827   present: 1173   in FES: 140
** Event #544000   t=60.510102598196   Elapsed: 18.0696s (0m 18s)  12% completed  (56% total)
     Speed:     ev/sec=27528.8   simsec/sec=2.98673   ev/simsec=9217.03
     Messages:  created: 462908   present: 1187   in FES: 154
** Event #600320   t=66.553412719462   Elapsed: 20.0735s (0m 20s)  13% completed  (56% total)
     Speed:     ev/sec=28104.3   simsec/sec=3.01568   ev/simsec=9319.4
     Messages:  created: 510599   present: 1198   in FES: 154
** Event #654592   t=72.556340486913   Elapsed: 22.0807s (0m 22s)  14% completed  (57% total)
     Speed:     ev/sec=27039.7   simsec/sec=2.99081   ev/simsec=9040.92
     Messages:  created: 556062   present: 1197   in FES: 148
** Event #707840   t=78.54085599343   Elapsed: 24.0835s (0m 24s)  15% completed  (57% total)
     Speed:     ev/sec=26586.7   simsec/sec=2.98807   ev/simsec=8897.63
     Messages:  created: 600852   present: 1120   in FES: 123
** Event #757760   t=84.060261396043   Elapsed: 26.0876s (0m 26s)  16% completed  (58% total)
     Speed:     ev/sec=24909.2   simsec/sec=2.75409   ev/simsec=9044.45
     Messages:  created: 642938   present: 1174   in FES: 141
** Event #815872   t=90.565207352304   Elapsed: 28.1017s (0m 28s)  18% completed  (59% total)
     Speed:     ev/sec=28851.5   simsec/sec=3.22958   ev/simsec=8933.51
     Messages:  created: 692064   present: 1193   in FES: 154
** Event #874752   t=97.079697628817   Elapsed: 30.1032s (0m 30s)  19% completed  (59% total)
     Speed:     ev/sec=29418.3   simsec/sec=3.25485   ev/simsec=9038.31
     Messages:  created: 741804   present: 1206   in FES: 151
** Event #940288   t=101.479964625457   Elapsed: 32.1034s (0m 32s)  20% completed  (60% total)
     Speed:     ev/sec=32764.2   simsec/sec=2.19988   ev/simsec=14893.6
     Messages:  created: 810573   present: 1249   in FES: 164
** Event #1004032   t=103.087668411229   Elapsed: 34.1046s (0m 34s)  20% completed  (60% total)
     Speed:     ev/sec=31853.5   simsec/sec=0.803385   ev/simsec=39649.1
     Messages:  created: 887016   present: 1334   in FES: 164
** Event #1077504   t=105.029082118954   Elapsed: 36.108s (0m 36s)  21% completed  (60% total)
     Speed:     ev/sec=36673.7   simsec/sec=0.969061   ev/simsec=37844.6
     Messages:  created: 977652   present: 1404   in FES: 161
** Event #1155840   t=105.585928519049   Elapsed: 38.1119s (0m 38s)  21% completed  (60% total)
     Speed:     ev/sec=39092.6   simsec/sec=0.277887   ev/simsec=140678
     Messages:  created: 1081078   present: 1515   in FES: 174
** Event #1248000   t=106.362985449788   Elapsed: 40.1145s (0m 40s)  21% completed  (60% total)
     Speed:     ev/sec=46018.1   simsec/sec=0.388007   ev/simsec=118601
     Messages:  created: 1204688   present: 1573   in FES: 190
** Event #1335552   t=107.119559233766   Elapsed: 42.1177s (0m 42s)  21% completed  (60% total)
     Speed:     ev/sec=43707   simsec/sec=0.377691   ev/simsec=115722
     Messages:  created: 1320180   present: 1623   in FES: 165
** Event #1425152   t=107.989315549719   Elapsed: 44.1219s (0m 44s)  21% completed  (60% total)
     Speed:     ev/sec=44706.5   simsec/sec=0.43397   ev/simsec=103017
     Messages:  created: 1440711   present: 1717   in FES: 188
** Event #1510144   t=108.739485600734   Elapsed: 46.1268s (0m 46s)  21% completed  (60% total)
     Speed:     ev/sec=42391.7   simsec/sec=0.374165   ev/simsec=113297
     Messages:  created: 1552606   present: 1483   in FES: 171
** Event #1602816   t=109.52699869105   Elapsed: 48.1289s (0m 48s)  21% completed  (60% total)
     Speed:     ev/sec=46288.5   simsec/sec=0.393353   ev/simsec=117677
     Messages:  created: 1675662   present: 1576   in FES: 165
** Event #1690368   t=110.364693805088   Elapsed: 50.1297s (0m 50s)  22% completed  (61% total)
     Speed:     ev/sec=43758.1   simsec/sec=0.418676   ev/simsec=104515
     Messages:  created: 1792461   present: 1668   in FES: 190
** Event #1773056   t=111.10758720854   Elapsed: 52.1315s (0m 52s)  22% completed  (61% total)
     Speed:     ev/sec=41306.2   simsec/sec=0.371107   ev/simsec=111305
     Messages:  created: 1901304   present: 1700   in FES: 170
** Event #1851392   t=111.770168594797   Elapsed: 54.1348s (0m 54s)  22% completed  (61% total)
     Speed:     ev/sec=39104   simsec/sec=0.330749   ev/simsec=118228
     Messages:  created: 2006304   present: 1740   in FES: 169
** Event #1939200   t=112.53624425496   Elapsed: 56.136s (0m 56s)  22% completed  (61% total)
     Speed:     ev/sec=43877.8   simsec/sec=0.382809   ev/simsec=114621
     Messages:  created: 2122795   present: 1851   in FES: 171
** Event #2029056   t=113.445131239565   Elapsed: 58.1386s (0m 58s)  22% completed  (61% total)
     Speed:     ev/sec=44869.2   simsec/sec=0.453848   ev/simsec=98863.8
     Messages:  created: 2242482   present: 1946   in FES: 166
** Event #2103040   t=114.029966381741   Elapsed: 60.1396s (1m 00s)  22% completed  (61% total)
     Speed:     ev/sec=36974.3   simsec/sec=0.292278   ev/simsec=126504
     Messages:  created: 2340628   present: 1550   in FES: 170
** Event #2185728   t=114.778175786651   Elapsed: 62.1398s (1m 02s)  22% completed  (61% total)
     Speed:     ev/sec=41339.1   simsec/sec=0.374061   ev/simsec=110515
     Messages:  created: 2449808   present: 1579   in FES: 156
** Event #2267904   t=115.524292123883   Elapsed: 64.1426s (1m 04s)  23% completed  (61% total)
     Speed:     ev/sec=41030.9   simsec/sec=0.37254   ev/simsec=110138
     Messages:  created: 2557826   present: 1653   in FES: 156
** Event #2349312   t=116.265934976744   Elapsed: 66.1471s (1m 06s)  23% completed  (61% total)
     Speed:     ev/sec=40611.1   simsec/sec=0.369975   ev/simsec=109767
     Messages:  created: 2665438   present: 1704   in FES: 174
** Event #2432512   t=117.019746364559   Elapsed: 68.1476s (1m 08s)  23% completed  (61% total)
     Speed:     ev/sec=41591.5   simsec/sec=0.376829   ev/simsec=110372
     Messages:  created: 2776087   present: 1805   in FES: 155
** Event #2516224   t=117.76824761583   Elapsed: 70.1495s (1m 10s)  23% completed  (61% total)
     Speed:     ev/sec=41814.9   simsec/sec=0.373883   ev/simsec=111839
     Messages:  created: 2886389   present: 1868   in FES: 174
** Event #2606080   t=118.570332656357   Elapsed: 72.1691s (1m 12s)  23% completed  (61% total)
     Speed:     ev/sec=44492.3   simsec/sec=0.397153   ev/simsec=112028
     Messages:  created: 3004414   present: 1903   in FES: 141
** Event #2690304   t=119.360023925945   Elapsed: 74.1727s (1m 14s)  23% completed  (61% total)
     Speed:     ev/sec=42035.4   simsec/sec=0.394128   ev/simsec=106654
     Messages:  created: 3116103   present: 2049   in FES: 174
** Event #2774272   t=120.079697697113   Elapsed: 76.1767s (1m 16s)  24% completed  (62% total)
     Speed:     ev/sec=41902   simsec/sec=0.359134   ev/simsec=116675
     Messages:  created: 3225781   present: 2087   in FES: 148
** Event #2857472   t=120.858645125932   Elapsed: 78.1773s (1m 18s)  24% completed  (62% total)
     Speed:     ev/sec=41587.1   simsec/sec=0.389353   ev/simsec=106811
     Messages:  created: 3336186   present: 2138   in FES: 133
** Event #2936064   t=121.525154055724   Elapsed: 80.184s (1m 20s)  24% completed  (62% total)
     Speed:     ev/sec=39163.8   simsec/sec=0.332133   ev/simsec=117916
     Messages:  created: 3440241   present: 2253   in FES: 152
** Event #3015936   t=122.249731503642   Elapsed: 82.1868s (1m 22s)  24% completed  (62% total)
     Speed:     ev/sec=39880   simsec/sec=0.36178   ev/simsec=110233
     Messages:  created: 3544581   present: 2369   in FES: 174
** Event #3081216   t=122.858851457693   Elapsed: 84.1903s (1m 24s)  24% completed  (62% total)
     Speed:     ev/sec=32583.6   simsec/sec=0.304034   ev/simsec=107171
     Messages:  created: 3630793   present: 2412   in FES: 154
** Event #3165184   t=123.570332505943   Elapsed: 86.1924s (1m 26s)  24% completed  (62% total)
     Speed:     ev/sec=41941.1   simsec/sec=0.355377   ev/simsec=118019
     Messages:  created: 3740790   present: 2416   in FES: 138
** Event #3251712   t=124.365058284054   Elapsed: 88.1959s (1m 28s)  24% completed  (62% total)
     Speed:     ev/sec=43188   simsec/sec=0.396665   ev/simsec=108878
     Messages:  created: 3855515   present: 2605   in FES: 154
** Event #3324672   t=125.01172868345   Elapsed: 90.2037s (1m 30s)  25% completed  (62% total)
     Speed:     ev/sec=36338.2   simsec/sec=0.322078   ev/simsec=112824
     Messages:  created: 3951690   present: 2615   in FES: 141
** Event #3396352   t=125.624868761455   Elapsed: 92.2052s (1m 32s)  25% completed  (62% total)
     Speed:     ev/sec=35812.5   simsec/sec=0.306335   ev/simsec=116906
     Messages:  created: 4044983   present: 2696   in FES: 140
** Event #3481600   t=126.489212378489   Elapsed: 94.2071s (1m 34s)  25% completed  (62% total)
     Speed:     ev/sec=42583.8   simsec/sec=0.431764   ev/simsec=98627.4
     Messages:  created: 4158820   present: 2730   in FES: 154
** Event #3570944   t=127.277814383744   Elapsed: 96.212s (1m 36s)  25% completed  (62% total)
     Speed:     ev/sec=44563.8   simsec/sec=0.393346   ev/simsec=113294
     Messages:  created: 4276778   present: 2885   in FES: 155
** Event #3641600   t=128.011727747918   Elapsed: 98.2183s (1m 38s)  25% completed  (62% total)
     Speed:     ev/sec=35215.9   simsec/sec=0.365792   ev/simsec=96272.9
     Messages:  created: 4371121   present: 2951   in FES: 151
** Event #3719424   t=128.770118333956   Elapsed: 100.222s (1m 40s)  25% completed  (62% total)
     Speed:     ev/sec=38843.6   simsec/sec=0.378529   ev/simsec=102617
     Messages:  created: 4474067   present: 3053   in FES: 156
** Event #3810816   t=129.73993317173   Elapsed: 102.224s (1m 42s)  25% completed  (62% total)
     Speed:     ev/sec=45650.9   simsec/sec=0.484429   ev/simsec=94236.5
     Messages:  created: 4595394   present: 3051   in FES: 127
** Event #3890944   t=130.526013036805   Elapsed: 104.224s (1m 44s)  26% completed  (63% total)
     Speed:     ev/sec=40060.9   simsec/sec=0.393009   ev/simsec=101934
     Messages:  created: 4703029   present: 3322   in FES: 187
** Event #3966976   t=131.28491059559   Elapsed: 106.225s (1m 46s)  26% completed  (63% total)
     Speed:     ev/sec=37999.1   simsec/sec=0.37928   ev/simsec=100187
     Messages:  created: 4803969   present: 3296   in FES: 166
** Event #4054528   t=132.2391725632   Elapsed: 108.226s (1m 48s)  26% completed  (63% total)
     Speed:     ev/sec=43756.6   simsec/sec=0.47692   ev/simsec=91748.4
     Messages:  created: 4919991   present: 3328   in FES: 147
** Event #4126208   t=132.989919726717   Elapsed: 110.229s (1m 50s)  26% completed  (63% total)
     Speed:     ev/sec=35790.6   simsec/sec=0.374856   ev/simsec=95478.2
     Messages:  created: 5016214   present: 3448   in FES: 156
** Event #4217856   t=133.945534206272   Elapsed: 112.232s (1m 52s)  26% completed  (63% total)
     Speed:     ev/sec=45733.8   simsec/sec=0.476867   ev/simsec=95904.8
     Messages:  created: 5137800   present: 3564   in FES: 156
** Event #4305920   t=134.77206722261   Elapsed: 114.235s (1m 54s)  26% completed  (63% total)
     Speed:     ev/sec=43986.5   simsec/sec=0.412839   ev/simsec=106546
     Messages:  created: 5254714   present: 3659   in FES: 155
** Event #4387840   t=135.617367078178   Elapsed: 116.236s (1m 56s)  27% completed  (63% total)
     Speed:     ev/sec=40927.1   simsec/sec=0.42231   ev/simsec=96912.4
     Messages:  created: 5363125   present: 3782   in FES: 156
** Event #4480768   t=136.550167805079   Elapsed: 118.249s (1m 58s)  27% completed  (63% total)
     Speed:     ev/sec=46158   simsec/sec=0.463329   ev/simsec=99622.6
     Messages:  created: 5487164   present: 3795   in FES: 154
** Event #4570112   t=137.513046848797   Elapsed: 120.259s (2m 00s)  27% completed  (63% total)
     Speed:     ev/sec=44462   simsec/sec=0.479176   ev/simsec=92788.4
     Messages:  created: 5607198   present: 3938   in FES: 164
** Event #4662784   t=138.488884898729   Elapsed: 122.259s (2m 02s)  27% completed  (63% total)
     Speed:     ev/sec=46335.6   simsec/sec=0.487915   ev/simsec=94966.6
     Messages:  created: 5730524   present: 4016   in FES: 154
** Event #4747008   t=139.279423818247   Elapsed: 124.262s (2m 04s)  27% completed  (63% total)
     Speed:     ev/sec=42042.9   simsec/sec=0.394621   ev/simsec=106540
     Messages:  created: 5842355   present: 4134   in FES: 154
** Event #4829696   t=140.018745980293   Elapsed: 126.267s (2m 06s)  28% completed  (64% total)
     Speed:     ev/sec=41239.3   simsec/sec=0.368725   ev/simsec=111843
     Messages:  created: 5953321   present: 4183   in FES: 166
** Event #4926720   t=140.767899553709   Elapsed: 128.269s (2m 08s)  28% completed  (64% total)
     Speed:     ev/sec=48466.5   simsec/sec=0.374226   ev/simsec=129511
     Messages:  created: 6083056   present: 4264   in FES: 185
** Event #5026048   t=141.526820581998   Elapsed: 130.272s (2m 10s)  28% completed  (64% total)
     Speed:     ev/sec=49585.4   simsec/sec=0.37886   ev/simsec=130881
     Messages:  created: 6216681   present: 4278   in FES: 159
** Event #5123584   t=142.272379958058   Elapsed: 132.275s (2m 12s)  28% completed  (64% total)
     Speed:     ev/sec=48703.9   simsec/sec=0.372289   ev/simsec=130823
     Messages:  created: 6347179   present: 4261   in FES: 152
** Event #5204736   t=142.959549873896   Elapsed: 134.28s (2m 14s)  28% completed  (64% total)
     Speed:     ev/sec=40479   simsec/sec=0.342763   ev/simsec=118096
     Messages:  created: 6456376   present: 4254   in FES: 140
** Event #5299712   t=143.70112639932   Elapsed: 136.28s (2m 16s)  28% completed  (64% total)
     Speed:     ev/sec=47474   simsec/sec=0.370679   ev/simsec=128073
     Messages:  created: 6582852   present: 4295   in FES: 167
** Event #5393664   t=144.450426266317   Elapsed: 138.282s (2m 18s)  28% completed  (64% total)
     Speed:     ev/sec=46935.4   simsec/sec=0.374326   ev/simsec=125386
     Messages:  created: 6709531   present: 4292   in FES: 136
** Event #5486592   t=145.180272235879   Elapsed: 140.285s (2m 20s)  29% completed  (64% total)
     Speed:     ev/sec=46389.3   simsec/sec=0.364336   ev/simsec=127325
     Messages:  created: 6833409   present: 4319   in FES: 154
** Event #5573632   t=145.867863487445   Elapsed: 142.287s (2m 22s)  29% completed  (64% total)
     Speed:     ev/sec=43487.4   simsec/sec=0.343538   ev/simsec=126587
     Messages:  created: 6950976   present: 4389   in FES: 166
** Event #5646336   t=146.460112183007   Elapsed: 144.29s (2m 24s)  29% completed  (64% total)
     Speed:     ev/sec=36285.7   simsec/sec=0.295584   ev/simsec=122759
     Messages:  created: 7048651   present: 4396   in FES: 166
** Event #5735168   t=147.177392328648   Elapsed: 146.296s (2m 26s)  29% completed  (64% total)
     Speed:     ev/sec=44301.3   simsec/sec=0.357714   ev/simsec=123846
     Messages:  created: 7166321   present: 4313   in FES: 131
** Event #5813504   t=147.770697896247   Elapsed: 148.297s (2m 28s)  29% completed  (64% total)
     Speed:     ev/sec=39143.2   simsec/sec=0.296465   ev/simsec=132033
     Messages:  created: 7272084   present: 4450   in FES: 163
** Event #5903360   t=148.510209712694   Elapsed: 150.308s (2m 30s)  29% completed  (64% total)
     Speed:     ev/sec=44673.6   simsec/sec=0.367662   ev/simsec=121507
     Messages:  created: 7392911   present: 4372   in FES: 129
** Event #6006528   t=149.355397378634   Elapsed: 152.309s (2m 32s)  29% completed  (64% total)
     Speed:     ev/sec=51559.3   simsec/sec=0.422392   ev/simsec=122065
     Messages:  created: 7531119   present: 4413   in FES: 155
** Event #6095104   t=150.02437260539   Elapsed: 154.31s (2m 34s)  30% completed  (65% total)
     Speed:     ev/sec=44275.3   simsec/sec=0.334392   ev/simsec=132406
     Messages:  created: 7650699   present: 4514   in FES: 145
** Event #6193664   t=150.855743716583   Elapsed: 156.311s (2m 36s)  30% completed  (65% total)
     Speed:     ev/sec=49256.7   simsec/sec=0.415489   ev/simsec=118551
     Messages:  created: 7782991   present: 4469   in FES: 166
** Event #6290176   t=151.618198068449   Elapsed: 158.311s (2m 38s)  30% completed  (65% total)
     Speed:     ev/sec=48237.8   simsec/sec=0.381083   ev/simsec=126581
     Messages:  created: 7912132   present: 4607   in FES: 166
** Event #6385664   t=152.492301742887   Elapsed: 160.312s (2m 40s)  30% completed  (65% total)
     Speed:     ev/sec=47738   simsec/sec=0.436997   ev/simsec=109241
     Messages:  created: 8041367   present: 4533   in FES: 125
** Event #6484224   t=153.204007066657   Elapsed: 162.315s (2m 42s)  30% completed  (65% total)
     Speed:     ev/sec=49192.1   simsec/sec=0.355218   ev/simsec=138484
     Messages:  created: 8174005   present: 4657   in FES: 167
** Event #6566656   t=153.550167740848   Elapsed: 164.323s (2m 44s)  30% completed  (65% total)
     Speed:     ev/sec=41052.4   simsec/sec=0.172394   ev/simsec=238132
     Messages:  created: 8287075   present: 4630   in FES: 155
** Event #6662144   t=154.493328085581   Elapsed: 166.326s (2m 46s)  30% completed  (65% total)
     Speed:     ev/sec=47671.1   simsec/sec=0.47086   ev/simsec=101243
     Messages:  created: 8415806   present: 4729   in FES: 146
** Event #6757120   t=155.369930535833   Elapsed: 168.332s (2m 48s)  31% completed  (65% total)
     Speed:     ev/sec=47352.3   simsec/sec=0.437049   ev/simsec=108346
     Messages:  created: 8543125   present: 4781   in FES: 148
** Event #6859264   t=156.361765627388   Elapsed: 170.333s (2m 50s)  31% completed  (65% total)
     Speed:     ev/sec=51038.9   simsec/sec=0.495596   ev/simsec=102985
     Messages:  created: 8680456   present: 4954   in FES: 196
** Event #6961152   t=157.337938525598   Elapsed: 172.339s (2m 52s)  31% completed  (65% total)
     Speed:     ev/sec=50804.6   simsec/sec=0.486751   ev/simsec=104375
     Messages:  created: 8817099   present: 4807   in FES: 123
** Event #7071232   t=158.381357957487   Elapsed: 174.342s (2m 54s)  31% completed  (65% total)
     Speed:     ev/sec=54941.5   simsec/sec=0.520776   ev/simsec=105499
     Messages:  created: 8965282   present: 4908   in FES: 139
** Event #7165696   t=159.27191620959   Elapsed: 176.346s (2m 56s)  31% completed  (65% total)
     Speed:     ev/sec=47142.7   simsec/sec=0.444437   ev/simsec=106073
     Messages:  created: 9092062   present: 5056   in FES: 140
** Event #7253504   t=160.119922528714   Elapsed: 178.35s (2m 58s)  32% completed  (66% total)
     Speed:     ev/sec=43827.3   simsec/sec=0.423262   ev/simsec=103546
     Messages:  created: 9209735   present: 5138   in FES: 165
** Event #7352576   t=161.106016335693   Elapsed: 180.35s (3m 00s)  32% completed  (66% total)
     Speed:     ev/sec=49527.4   simsec/sec=0.492962   ev/simsec=100469
     Messages:  created: 9342763   present: 5110   in FES: 149
** Event #7457024   t=162.108732437459   Elapsed: 182.352s (3m 02s)  32% completed  (66% total)
     Speed:     ev/sec=52183.4   simsec/sec=0.500968   ev/simsec=104165
     Messages:  created: 9483357   present: 5231   in FES: 156
** Event #7559168   t=163.108522062763   Elapsed: 184.355s (3m 04s)  32% completed  (66% total)
     Speed:     ev/sec=50989.4   simsec/sec=0.499087   ev/simsec=102165
     Messages:  created: 9620766   present: 5303   in FES: 156
** Event #7650816   t=163.512047725819   Elapsed: 186.365s (3m 06s)  32% completed  (66% total)
     Speed:     ev/sec=45589.4   simsec/sec=0.20073   ev/simsec=227118
     Messages:  created: 9747234   present: 5321   in FES: 154
** Event #7755520   t=164.513914598667   Elapsed: 188.369s (3m 08s)  32% completed  (66% total)
     Speed:     ev/sec=52250.6   simsec/sec=0.499964   ev/simsec=104509
     Messages:  created: 9887978   present: 5410   in FES: 165
** Event #7842304   t=165.361983115748   Elapsed: 190.373s (3m 10s)  33% completed  (66% total)
     Speed:     ev/sec=43301.5   simsec/sec=0.42315   ev/simsec=102331
     Messages:  created: 10004480   present: 5497   in FES: 157
** Event #7951104   t=166.451112758312   Elapsed: 192.375s (3m 12s)  33% completed  (66% total)
     Speed:     ev/sec=54353.5   simsec/sec=0.544099   ev/simsec=99896.3
     Messages:  created: 10151011   present: 5565   in FES: 154
** Event #8055808   t=167.458200513014   Elapsed: 194.377s (3m 14s)  33% completed  (66% total)
     Speed:     ev/sec=52304.5   simsec/sec=0.503087   ev/simsec=103967
     Messages:  created: 10291778   present: 5626   in FES: 156
** Event #8151808   t=168.368456163724   Elapsed: 196.379s (3m 16s)  33% completed  (66% total)
     Speed:     ev/sec=47946   simsec/sec=0.454615   ev/simsec=105465
     Messages:  created: 10420753   present: 5716   in FES: 155
** Event #8259072   t=169.449526369487   Elapsed: 198.38s (3m 18s)  33% completed  (66% total)
     Speed:     ev/sec=53595.2   simsec/sec=0.540164   ev/simsec=99220.2
     Messages:  created: 10565071   present: 5766   in FES: 156
** Event #8367616   t=170.493450380413   Elapsed: 200.382s (3m 20s)  34% completed  (67% total)
     Speed:     ev/sec=54240.6   simsec/sec=0.52166   ev/simsec=103977
     Messages:  created: 10711250   present: 5842   in FES: 162
** Event #8477184   t=171.525692980599   Elapsed: 202.386s (3m 22s)  34% completed  (67% total)
     Speed:     ev/sec=54647.7   simsec/sec=0.514837   ev/simsec=106146
     Messages:  created: 10858492   present: 5934   in FES: 154
** Event #8584192   t=172.568320451057   Elapsed: 204.391s (3m 24s)  34% completed  (67% total)
     Speed:     ev/sec=53372.3   simsec/sec=0.520031   ev/simsec=102633
     Messages:  created: 11001654   present: 5937   in FES: 153
** Event #8688640   t=173.587938477293   Elapsed: 206.397s (3m 26s)  34% completed  (67% total)
     Speed:     ev/sec=52090   simsec/sec=0.508501   ev/simsec=102438
     Messages:  created: 11141941   present: 5925   in FES: 126
** Event #8788736   t=174.519371644579   Elapsed: 208.4s (3m 28s)  34% completed  (67% total)
     Speed:     ev/sec=49971.5   simsec/sec=0.465004   ev/simsec=107465
     Messages:  created: 11277379   present: 6203   in FES: 196
** Event #8897280   t=175.5219788579   Elapsed: 210.402s (3m 30s)  35% completed  (67% total)
     Speed:     ev/sec=54207.9   simsec/sec=0.500712   ev/simsec=108262
     Messages:  created: 11423246   present: 6194   in FES: 166
** Event #9005824   t=176.511477423023   Elapsed: 212.409s (3m 32s)  35% completed  (67% total)
     Speed:     ev/sec=54074.5   simsec/sec=0.492949   ev/simsec=109696
     Messages:  created: 11569380   present: 6205   in FES: 149
** Event #9107968   t=177.441806775508   Elapsed: 214.411s (3m 34s)  35% completed  (67% total)
     Speed:     ev/sec=51018.2   simsec/sec=0.464674   ev/simsec=109793
     Messages:  created: 11706530   present: 6202   in FES: 154
** Event #9213440   t=178.271258783028   Elapsed: 216.416s (3m 36s)  35% completed  (67% total)
     Speed:     ev/sec=52626.3   simsec/sec=0.413864   ev/simsec=127159
     Messages:  created: 11848198   present: 6330   in FES: 156
** Event #9314304   t=179.118923731227   Elapsed: 218.416s (3m 38s)  35% completed  (67% total)
     Speed:     ev/sec=50429   simsec/sec=0.423807   ev/simsec=118990
     Messages:  created: 11983279   present: 6282   in FES: 143
** Event #9411840   t=179.958174899037   Elapsed: 220.419s (3m 40s)  35% completed  (67% total)
     Speed:     ev/sec=48694.6   simsec/sec=0.418994   ev/simsec=116218
     Messages:  created: 12115329   present: 6368   in FES: 156
** Event #9510400   t=180.742585422129   Elapsed: 222.423s (3m 42s)  36% completed  (68% total)
     Speed:     ev/sec=49185.5   simsec/sec=0.391453   ev/simsec=125648
     Messages:  created: 12246929   present: 6390   in FES: 154
** Event #9591040   t=181.430493276519   Elapsed: 224.425s (3m 44s)  36% completed  (68% total)
     Speed:     ev/sec=40262.9   simsec/sec=0.343467   ev/simsec=117225
     Messages:  created: 12355450   present: 6343   in FES: 156
** Event #9672448   t=182.02921009777   Elapsed: 226.431s (3m 46s)  36% completed  (68% total)
     Speed:     ev/sec=40598.7   simsec/sec=0.298584   ev/simsec=135971
     Messages:  created: 12464761   present: 6471   in FES: 158
** Event #9764096   t=182.773479794887   Elapsed: 228.434s (3m 48s)  36% completed  (68% total)
     Speed:     ev/sec=45743.6   simsec/sec=0.371482   ev/simsec=123138
     Messages:  created: 12586958   present: 6476   in FES: 172
** Event #9863168   t=183.607695764146   Elapsed: 230.434s (3m 50s)  36% completed  (68% total)
     Speed:     ev/sec=49533.6   simsec/sec=0.417088   ev/simsec=118761
     Messages:  created: 12718756   present: 6430   in FES: 165
** Event #9962752   t=184.450659804578   Elapsed: 232.443s (3m 52s)  36% completed  (68% total)
     Speed:     ev/sec=49580.2   simsec/sec=0.419689   ev/simsec=118136
     Messages:  created: 12853117   present: 6449   in FES: 140
** Event #10068992   t=185.280607588506   Elapsed: 234.445s (3m 54s)  37% completed  (68% total)
     Speed:     ev/sec=53066.3   simsec/sec=0.414555   ev/simsec=128008
     Messages:  created: 12995121   present: 6552   in FES: 157
** Event #10174976   t=186.213441779006   Elapsed: 236.448s (3m 56s)  37% completed  (68% total)
     Speed:     ev/sec=52910.8   simsec/sec=0.465702   ev/simsec=113615
     Messages:  created: 13136625   present: 6544   in FES: 155
** Event #10280192   t=187.106308586301   Elapsed: 238.452s (3m 58s)  37% completed  (68% total)
     Speed:     ev/sec=52499.5   simsec/sec=0.445513   ev/simsec=117841
     Messages:  created: 13276840   present: 6555   in FES: 165
** Event #10377216   t=187.947982085803   Elapsed: 240.456s (4m 00s)  37% completed  (68% total)
     Speed:     ev/sec=48418.5   simsec/sec=0.420026   ev/simsec=115275
     Messages:  created: 13407802   present: 6613   in FES: 161
** Event #10473472   t=188.703733827554   Elapsed: 242.458s (4m 02s)  37% completed  (68% total)
     Speed:     ev/sec=48073.6   simsec/sec=0.377449   ev/simsec=127365
     Messages:  created: 13535313   present: 6643   in FES: 154
** Event #10575872   t=189.517850267845   Elapsed: 244.461s (4m 04s)  37% completed  (68% total)
     Speed:     ev/sec=51120.7   simsec/sec=0.406428   ev/simsec=125781
     Messages:  created: 13672038   present: 6673   in FES: 154
** Event #10682880   t=190.393905202961   Elapsed: 246.461s (4m 06s)  38% completed  (69% total)
     Speed:     ev/sec=53500.3   simsec/sec=0.437997   ev/simsec=122148
     Messages:  created: 13815128   present: 6636   in FES: 154
** Event #10774528   t=191.109887908865   Elapsed: 248.466s (4m 08s)  38% completed  (69% total)
     Speed:     ev/sec=45723.2   simsec/sec=0.357204   ev/simsec=128003
     Messages:  created: 13936082   present: 6627   in FES: 129
** Event #10867712   t=191.867418881134   Elapsed: 250.468s (4m 10s)  38% completed  (69% total)
     Speed:     ev/sec=46544.2   simsec/sec=0.378377   ev/simsec=123010
     Messages:  created: 14061420   present: 6776   in FES: 165
** Event #10960896   t=192.544691422173   Elapsed: 252.476s (4m 12s)  38% completed  (69% total)
     Speed:     ev/sec=46397.2   simsec/sec=0.33722   ev/simsec=137587
     Messages:  created: 14184568   present: 6663   in FES: 150
** Event #11069952   t=193.349815364411   Elapsed: 254.477s (4m 14s)  38% completed  (69% total)
     Speed:     ev/sec=54503.5   simsec/sec=0.402381   ev/simsec=135452
     Messages:  created: 14330894   present: 6789   in FES: 154
** Event #11155200   t=193.523879688768   Elapsed: 256.478s (4m 16s)  38% completed  (69% total)
     Speed:     ev/sec=42598.2   simsec/sec=0.0869795   ev/simsec=489750
     Messages:  created: 14446984   present: 6869   in FES: 156
** Event #11261952   t=194.513051210326   Elapsed: 258.487s (4m 18s)  38% completed  (69% total)
     Speed:     ev/sec=53151.9   simsec/sec=0.492509   ev/simsec=107921
     Messages:  created: 14589387   present: 6824   in FES: 140
** Event #11365888   t=195.355179479064   Elapsed: 260.49s (4m 20s)  39% completed  (69% total)
     Speed:     ev/sec=51882.1   simsec/sec=0.420368   ev/simsec=123421
     Messages:  created: 14727608   present: 6839   in FES: 154
** Event #11454208   t=196.02759821363   Elapsed: 262.493s (4m 22s)  39% completed  (69% total)
     Speed:     ev/sec=44097.6   simsec/sec=0.335734   ev/simsec=131347
     Messages:  created: 14845586   present: 6965   in FES: 155
** Event #11552768   t=196.785621542338   Elapsed: 264.495s (4m 24s)  39% completed  (69% total)
     Speed:     ev/sec=49239.3   simsec/sec=0.378699   ev/simsec=130022
     Messages:  created: 14977456   present: 6922   in FES: 172
** Event #11656704   t=197.736299881052   Elapsed: 266.501s (4m 26s)  39% completed  (69% total)
     Speed:     ev/sec=51812.8   simsec/sec=0.47392   ev/simsec=109328
     Messages:  created: 15115891   present: 6945   in FES: 165
** Event #11758592   t=198.765902599777   Elapsed: 268.503s (4m 28s)  39% completed  (69% total)
     Speed:     ev/sec=50879.7   simsec/sec=0.514151   ev/simsec=98958.6
     Messages:  created: 15251957   present: 7078   in FES: 154
** Event #11858688   t=199.785388716729   Elapsed: 270.504s (4m 30s)  39% completed  (69% total)
     Speed:     ev/sec=50029.1   simsec/sec=0.509551   ev/simsec=98182.8
     Messages:  created: 15385704   present: 7126   in FES: 123
** Event #11953408   t=200.777588927837   Elapsed: 272.507s (4m 32s)  40% completed  (70% total)
     Speed:     ev/sec=47285.2   simsec/sec=0.495317   ev/simsec=95464.6
     Messages:  created: 15511931   present: 7324   in FES: 150
** Event #12039424   t=201.711568182754   Elapsed: 274.508s (4m 34s)  40% completed  (70% total)
     Speed:     ev/sec=42977.6   simsec/sec=0.466659   ev/simsec=92096.3
     Messages:  created: 15625953   present: 7410   in FES: 145
** Event #12133120   t=202.703213510123   Elapsed: 276.51s (4m 36s)  40% completed  (70% total)
     Speed:     ev/sec=46815.8   simsec/sec=0.495482   ev/simsec=94485.4
     Messages:  created: 15750782   present: 7511   in FES: 155
** Event #12233216   t=203.742661983977   Elapsed: 278.514s (4m 38s)  40% completed  (70% total)
     Speed:     ev/sec=49943.9   simsec/sec=0.518644   ev/simsec=96297.2
     Messages:  created: 15884178   present: 7599   in FES: 154
** Event #12324864   t=204.705301715133   Elapsed: 280.515s (4m 40s)  40% completed  (70% total)
     Speed:     ev/sec=45798.5   simsec/sec=0.481052   ev/simsec=95204.9
     Messages:  created: 16005985   present: 7716   in FES: 147
** Event #12418816   t=205.699551007451   Elapsed: 282.516s (4m 42s)  41% completed  (70% total)
     Speed:     ev/sec=46949.1   simsec/sec=0.49684   ev/simsec=94495.4
     Messages:  created: 16131342   present: 7803   in FES: 154
** Event #12515328   t=206.699480140297   Elapsed: 284.519s (4m 44s)  41% completed  (70% total)
     Speed:     ev/sec=48187   simsec/sec=0.49925   ev/simsec=96518.8
     Messages:  created: 16259765   present: 7917   in FES: 155
** Event #12618240   t=207.749437387744   Elapsed: 286.519s (4m 46s)  41% completed  (70% total)
     Speed:     ev/sec=51450.7   simsec/sec=0.524925   ev/simsec=98015.4
     Messages:  created: 16397218   present: 8040   in FES: 165
** Event #12694528   t=208.523164241707   Elapsed: 288.525s (4m 48s)  41% completed  (70% total)
     Speed:     ev/sec=38030.1   simsec/sec=0.385708   ev/simsec=98598.1
     Messages:  created: 16499024   present: 8103   in FES: 139
** Event #12795136   t=209.599880192357   Elapsed: 290.527s (4m 50s)  41% completed  (70% total)
     Speed:     ev/sec=50258.7   simsec/sec=0.537873   ev/simsec=93439.7
     Messages:  created: 16632223   present: 8160   in FES: 145
** Event #12899840   t=210.702455998927   Elapsed: 292.53s (4m 52s)  42% completed  (71% total)
     Speed:     ev/sec=52281.9   simsec/sec=0.55055   ev/simsec=94963.1
     Messages:  created: 16772257   present: 8292   in FES: 137
** Event #13008384   t=211.855397200359   Elapsed: 294.533s (4m 54s)  42% completed  (71% total)
     Speed:     ev/sec=54184.7   simsec/sec=0.575543   ev/simsec=94145.3
     Messages:  created: 16917676   present: 8417   in FES: 155
** Event #13091840   t=212.709888466988   Elapsed: 296.537s (4m 56s)  42% completed  (71% total)
     Speed:     ev/sec=41650.8   simsec/sec=0.426455   ev/simsec=97667.5
     Messages:  created: 17028765   present: 8551   in FES: 154
** Event #13188096   t=213.736280081833   Elapsed: 298.539s (4m 58s)  42% completed  (71% total)
     Speed:     ev/sec=48080.3   simsec/sec=0.512687   ev/simsec=93781
     Messages:  created: 17157847   present: 8610   in FES: 165
** Event #13285888   t=214.747173264918   Elapsed: 300.539s (5m 00s)  42% completed  (71% total)
     Speed:     ev/sec=48895.4   simsec/sec=0.505441   ev/simsec=96738.2
     Messages:  created: 17289197   present: 8778   in FES: 165
** Event #13397760   t=215.956650779479   Elapsed: 302.543s (5m 02s)  43% completed  (71% total)
     Speed:     ev/sec=55826   simsec/sec=0.60355   ev/simsec=92496.1
     Messages:  created: 17440110   present: 8909   in FES: 165
** Event #13506304   t=217.040221694432   Elapsed: 304.546s (5m 04s)  43% completed  (71% total)
     Speed:     ev/sec=54184.7   simsec/sec=0.540914   ev/simsec=100172
     Messages:  created: 17585825   present: 8994   in FES: 153
** Event #13614080   t=218.238254350219   Elapsed: 306.549s (5m 06s)  43% completed  (71% total)
     Speed:     ev/sec=53797.1   simsec/sec=0.598006   ev/simsec=89960.8
     Messages:  created: 17730441   present: 9101   in FES: 155
** Event #13703424   t=219.194950948613   Elapsed: 308.552s (5m 08s)  43% completed  (71% total)
     Speed:     ev/sec=44615.1   simsec/sec=0.477739   ev/simsec=93388
     Messages:  created: 17850446   present: 9192   in FES: 149
** Event #13805568   t=220.248402795344   Elapsed: 310.553s (5m 10s)  44% completed  (72% total)
     Speed:     ev/sec=51038   simsec/sec=0.526376   ev/simsec=96961.2
     Messages:  created: 17988115   present: 9352   in FES: 157
** Event #13919488   t=221.488688533368   Elapsed: 312.555s (5m 12s)  44% completed  (72% total)
     Speed:     ev/sec=56896.2   simsec/sec=0.619448   ev/simsec=91849.8
     Messages:  created: 18141851   present: 9417   in FES: 154
** Event #14020608   t=222.518017084446   Elapsed: 314.56s (5m 14s)  44% completed  (72% total)
     Speed:     ev/sec=50449.5   simsec/sec=0.513539   ev/simsec=98238.8
     Messages:  created: 18277814   present: 9577   in FES: 157
** Event #14112512   t=223.503685816919   Elapsed: 316.562s (5m 16s)  44% completed  (72% total)
     Speed:     ev/sec=45898.2   simsec/sec=0.492257   ev/simsec=93240.3
     Messages:  created: 18401648   present: 9686   in FES: 150
** Event #14210048   t=224.520906697861   Elapsed: 318.564s (5m 18s)  44% completed  (72% total)
     Speed:     ev/sec=48717.7   simsec/sec=0.508086   ev/simsec=95884.8
     Messages:  created: 18532577   present: 9772   in FES: 165
** Event #14312192   t=225.609984283591   Elapsed: 320.564s (5m 20s)  45% completed  (72% total)
     Speed:     ev/sec=51065.7   simsec/sec=0.544472   ev/simsec=93789.5
     Messages:  created: 18669214   present: 9885   in FES: 153
** Event #14422016   t=226.764304836408   Elapsed: 322.567s (5m 22s)  45% completed  (72% total)
     Speed:     ev/sec=54837.9   simsec/sec=0.576382   ev/simsec=95141.7
     Messages:  created: 18817326   present: 9920   in FES: 132
** Event #14538240   t=228.007005130272   Elapsed: 324.571s (5m 24s)  45% completed  (72% total)
     Speed:     ev/sec=57985.8   simsec/sec=0.62   ev/simsec=93525.4
     Messages:  created: 18974171   present: 10143   in FES: 164
** Event #14651904   t=229.210657326854   Elapsed: 326.574s (5m 26s)  45% completed  (72% total)
     Speed:     ev/sec=56755.8   simsec/sec=0.601019   ev/simsec=94432.6
     Messages:  created: 19126392   present: 10272   in FES: 165
** Event #14750464   t=229.919415075279   Elapsed: 328.578s (5m 28s)  45% completed  (72% total)
     Speed:     ev/sec=49181.6   simsec/sec=0.353672   ev/simsec=139060
     Messages:  created: 19260752   present: 9922   in FES: 176
** Event #14846464   t=230.205575726653   Elapsed: 330.582s (5m 30s)  46% completed  (73% total)
     Speed:     ev/sec=47911.7   simsec/sec=0.142817   ev/simsec=335476
     Messages:  created: 19391983   present: 9862   in FES: 149
** Event #14938624   t=230.871032533103   Elapsed: 332.585s (5m 32s)  46% completed  (73% total)
     Speed:     ev/sec=46002.6   simsec/sec=0.33217   ev/simsec=138491
     Messages:  created: 19517549   present: 9925   in FES: 135
** Event #15043072   t=231.996627597256   Elapsed: 334.586s (5m 34s)  46% completed  (73% total)
     Speed:     ev/sec=52198.2   simsec/sec=0.56252   ev/simsec=92793.6
     Messages:  created: 19658393   present: 10139   in FES: 174
** Event #15128576   t=232.458068496494   Elapsed: 336.59s (5m 36s)  46% completed  (73% total)
     Speed:     ev/sec=42675.3   simsec/sec=0.230306   ev/simsec=185298
     Messages:  created: 19774889   present: 10149   in FES: 165
** Event #15223040   t=232.795065652478   Elapsed: 338.592s (5m 38s)  46% completed  (73% total)
     Speed:     ev/sec=47180.8   simsec/sec=0.168316   ev/simsec=280311
     Messages:  created: 19903559   present: 8008   in FES: 187
** Event #15316736   t=233.026354212674   Elapsed: 340.592s (5m 40s)  46% completed  (73% total)
     Speed:     ev/sec=46844.1   simsec/sec=0.115635   ev/simsec=405104
     Messages:  created: 20032305   present: 6987   in FES: 165
** Event #15412736   t=233.290693678109   Elapsed: 342.596s (5m 42s)  46% completed  (73% total)
     Speed:     ev/sec=47897.5   simsec/sec=0.131887   ev/simsec=363169
     Messages:  created: 20163887   present: 7003   in FES: 174
** Event #15513088   t=233.562233768776   Elapsed: 344.6s (5m 44s)  46% completed  (73% total)
     Speed:     ev/sec=50091.6   simsec/sec=0.135542   ev/simsec=369566
     Messages:  created: 20301662   present: 6979   in FES: 157
** Event #15614464   t=233.845502851987   Elapsed: 346.602s (5m 46s)  46% completed  (73% total)
     Speed:     ev/sec=50621.3   simsec/sec=0.141448   ev/simsec=357879
     Messages:  created: 20441021   present: 7064   in FES: 175
** Event #15712768   t=234.107340957595   Elapsed: 348.605s (5m 48s)  46% completed  (73% total)
     Speed:     ev/sec=49085.5   simsec/sec=0.130742   ev/simsec=375438
     Messages:  created: 20575338   present: 7101   in FES: 184
** Event #15818752   t=234.402024097488   Elapsed: 350.608s (5m 50s)  46% completed  (73% total)
     Speed:     ev/sec=52913.1   simsec/sec=0.147122   ev/simsec=359654
     Messages:  created: 20721617   present: 7131   in FES: 183
** Event #15922432   t=234.678489040469   Elapsed: 352.612s (5m 52s)  46% completed  (73% total)
     Speed:     ev/sec=51739.5   simsec/sec=0.137964   ev/simsec=375020
     Messages:  created: 20863336   present: 5902   in FES: 141
** Event #16017664   t=234.938592974214   Elapsed: 354.613s (5m 54s)  46% completed  (73% total)
     Speed:     ev/sec=47589.8   simsec/sec=0.12998   ev/simsec=366131
     Messages:  created: 20994746   present: 4872   in FES: 167
** Event #16110592   t=235.191497146188   Elapsed: 356.614s (5m 56s)  47% completed  (73% total)
     Speed:     ev/sec=46452.5   simsec/sec=0.126421   ev/simsec=367444
     Messages:  created: 21121656   present: 4887   in FES: 178
** Event #16210176   t=235.466940640531   Elapsed: 358.617s (5m 58s)  47% completed  (73% total)
     Speed:     ev/sec=49701.3   simsec/sec=0.137471   ev/simsec=361541
     Messages:  created: 21259057   present: 4874   in FES: 169
** Event #16314112   t=235.748164033874   Elapsed: 360.617s (6m 00s)  47% completed  (73% total)
     Speed:     ev/sec=51965.2   simsec/sec=0.140604   ev/simsec=369585
     Messages:  created: 21401203   present: 3732   in FES: 175
** Event #16416768   t=236.029994987247   Elapsed: 362.62s (6m 02s)  47% completed  (73% total)
     Speed:     ev/sec=51269.5   simsec/sec=0.140755   ev/simsec=364247
     Messages:  created: 21542433   present: 3779   in FES: 166
** Event #16511744   t=236.287477660758   Elapsed: 364.62s (6m 04s)  47% completed  (73% total)
     Speed:     ev/sec=47469.6   simsec/sec=0.128692   ev/simsec=368864
     Messages:  created: 21672513   present: 3772   in FES: 176
** Event #16616192   t=236.573978272608   Elapsed: 366.623s (6m 06s)  47% completed  (73% total)
     Speed:     ev/sec=52154.5   simsec/sec=0.14306   ev/simsec=364565
     Messages:  created: 21815594   present: 3717   in FES: 141
** Event #16720128   t=236.860555857966   Elapsed: 368.625s (6m 08s)  47% completed  (73% total)
     Speed:     ev/sec=51909.4   simsec/sec=0.143127   ev/simsec=362680
     Messages:  created: 21958674   present: 3793   in FES: 165
** Event #16829952   t=237.160193847098   Elapsed: 370.627s (6m 10s)  47% completed  (73% total)
     Speed:     ev/sec=54857.2   simsec/sec=0.149669   ev/simsec=366522
     Messages:  created: 22108968   present: 3797   in FES: 166
** Event #16934912   t=237.592862871433   Elapsed: 372.629s (6m 12s)  47% completed  (73% total)
     Speed:     ev/sec=52446.8   simsec/sec=0.216198   ev/simsec=242587
     Messages:  created: 22252463   present: 3827   in FES: 165
** Event #17036032   t=237.991986087333   Elapsed: 374.634s (6m 14s)  47% completed  (73% total)
     Speed:     ev/sec=50420   simsec/sec=0.199009   ev/simsec=253355
     Messages:  created: 22391700   present: 3875   in FES: 175
** Event #17145088   t=238.411397070789   Elapsed: 376.636s (6m 16s)  47% completed  (73% total)
     Speed:     ev/sec=54485.4   simsec/sec=0.209542   ev/simsec=260022
     Messages:  created: 22540668   present: 3823   in FES: 136
** Event #17246720   t=238.798828197969   Elapsed: 378.64s (6m 18s)  47% completed  (73% total)
     Speed:     ev/sec=50693.5   simsec/sec=0.193248   ev/simsec=262323
     Messages:  created: 22679526   present: 3865   in FES: 146
** Event #17351424   t=239.081405218782   Elapsed: 380.645s (6m 20s)  47% completed  (73% total)
     Speed:     ev/sec=52243.5   simsec/sec=0.140996   ev/simsec=370533
     Messages:  created: 22822832   present: 3968   in FES: 163
** Event #17451776   t=239.386903288618   Elapsed: 382.645s (6m 22s)  47% completed  (73% total)
     Speed:     ev/sec=50156.5   simsec/sec=0.15269   ev/simsec=328487
     Messages:  created: 22960996   present: 3900   in FES: 150
** Event #17541120   t=239.703795938223   Elapsed: 384.648s (6m 24s)  47% completed  (73% total)
     Speed:     ev/sec=44625.3   simsec/sec=0.158281   ev/simsec=281938
     Messages:  created: 23082888   present: 3951   in FES: 163
** Event #17629696   t=240.028742324097   Elapsed: 386.651s (6m 26s)  48% completed  (74% total)
     Speed:     ev/sec=44206.2   simsec/sec=0.162173   ev/simsec=272587
     Messages:  created: 23204568   present: 3943   in FES: 134
** Event #17720832   t=240.364135677028   Elapsed: 388.653s (6m 28s)  48% completed  (74% total)
     Speed:     ev/sec=45534.3   simsec/sec=0.167573   ev/simsec=271729
     Messages:  created: 23329326   present: 4038   in FES: 175
** Event #17815552   t=240.696844458106   Elapsed: 390.656s (6m 30s)  48% completed  (74% total)
     Speed:     ev/sec=47273   simsec/sec=0.166049   ev/simsec=284693
     Messages:  created: 23458476   present: 2312   in FES: 147
** Event #17912832   t=241.046866850163   Elapsed: 392.66s (6m 32s)  48% completed  (74% total)
     Speed:     ev/sec=48559.4   simsec/sec=0.174721   ev/simsec=277925
     Messages:  created: 23591901   present: 1566   in FES: 155
** Event #18006272   t=241.390781778698   Elapsed: 394.662s (6m 34s)  48% completed  (74% total)
     Speed:     ev/sec=46654.8   simsec/sec=0.171717   ev/simsec=271695
     Messages:  created: 23720059   present: 1562   in FES: 157
** Event #18107136   t=241.762233225826   Elapsed: 396.666s (6m 36s)  48% completed  (74% total)
     Speed:     ev/sec=50347.3   simsec/sec=0.185414   ev/simsec=271540
     Messages:  created: 23857721   present: 1552   in FES: 141
** Event #18214144   t=242.138687478917   Elapsed: 398.669s (6m 38s)  48% completed  (74% total)
     Speed:     ev/sec=53430.1   simsec/sec=0.187967   ev/simsec=284252
     Messages:  created: 24003908   present: 1642   in FES: 154
** Event #18315264   t=242.516337359622   Elapsed: 400.671s (6m 40s)  48% completed  (74% total)
     Speed:     ev/sec=50499.4   simsec/sec=0.188599   ev/simsec=267761
     Messages:  created: 24143028   present: 1680   in FES: 166
** Event #18424320   t=242.901671836859   Elapsed: 402.672s (6m 42s)  48% completed  (74% total)
     Speed:     ev/sec=54498.5   simsec/sec=0.192563   ev/simsec=283016
     Messages:  created: 24292266   present: 1692   in FES: 155
** Event #18531840   t=243.29002108414   Elapsed: 404.676s (6m 44s)  48% completed  (74% total)
     Speed:     ev/sec=53657.9   simsec/sec=0.193806   ev/simsec=276864
     Messages:  created: 24439117   present: 1722   in FES: 155
** Event #18632448   t=243.649824732463   Elapsed: 406.677s (6m 46s)  48% completed  (74% total)
     Speed:     ev/sec=50272.5   simsec/sec=0.179789   ev/simsec=279619
     Messages:  created: 24576460   present: 1737   in FES: 155
** Event #18743808   t=244.056019468659   Elapsed: 408.68s (6m 48s)  48% completed  (74% total)
     Speed:     ev/sec=55608   simsec/sec=0.202835   ev/simsec=274154
     Messages:  created: 24729174   present: 1772   in FES: 154
** Event #18839808   t=244.410036805285   Elapsed: 410.683s (6m 50s)  48% completed  (74% total)
     Speed:     ev/sec=47926.6   simsec/sec=0.176738   ev/simsec=271173
     Messages:  created: 24860973   present: 1775   in FES: 148
** Event #18950144   t=244.802288407329   Elapsed: 412.686s (6m 52s)  48% completed  (74% total)
     Speed:     ev/sec=55087.3   simsec/sec=0.195839   ev/simsec=281289
     Messages:  created: 25011759   present: 1843   in FES: 154
** Event #19054592   t=245.175451188842   Elapsed: 414.689s (6m 54s)  49% completed  (74% total)
     Speed:     ev/sec=52139.1   simsec/sec=0.186278   ev/simsec=279899
     Messages:  created: 25154417   present: 1854   in FES: 152
** Event #19167488   t=245.600818082286   Elapsed: 416.692s (6m 56s)  49% completed  (74% total)
     Speed:     ev/sec=56360.4   simsec/sec=0.212354   ev/simsec=265409
     Messages:  created: 25308745   present: 1871   in FES: 166
** Event #19266048   t=245.956279465343   Elapsed: 418.697s (6m 58s)  49% completed  (74% total)
     Speed:     ev/sec=49168.7   simsec/sec=0.177329   ev/simsec=277273
     Messages:  created: 25444561   present: 1902   in FES: 155
** Event #19363584   t=246.299532518371   Elapsed: 420.698s (7m 00s)  49% completed  (74% total)
     Speed:     ev/sec=48726   simsec/sec=0.171479   ev/simsec=284152
     Messages:  created: 25577693   present: 1924   in FES: 166
** Event #19465984   t=246.664750063202   Elapsed: 422.701s (7m 02s)  49% completed  (74% total)
     Speed:     ev/sec=51120.3   simsec/sec=0.182325   ev/simsec=280381
     Messages:  created: 25717535   present: 1955   in FES: 166
** Event #19560704   t=247.024710094598   Elapsed: 424.704s (7m 04s)  49% completed  (74% total)
     Speed:     ev/sec=47299   simsec/sec=0.179748   ev/simsec=263140
     Messages:  created: 25847632   present: 1998   in FES: 153
** Event #19670784   t=247.41119450325   Elapsed: 426.707s (7m 06s)  49% completed  (74% total)
     Speed:     ev/sec=54964.5   simsec/sec=0.192977   ev/simsec=284824
     Messages:  created: 25998478   present: 2023   in FES: 154
** Event #19785984   t=247.841926991326   Elapsed: 428.708s (7m 08s)  49% completed  (74% total)
     Speed:     ev/sec=57563.5   simsec/sec=0.21523   ev/simsec=267451
     Messages:  created: 26155911   present: 2011   in FES: 156
** Event #19892992   t=248.229770641786   Elapsed: 430.711s (7m 10s)  49% completed  (74% total)
     Speed:     ev/sec=53430.3   simsec/sec=0.193655   ev/simsec=275905
     Messages:  created: 26302043   present: 2010   in FES: 154
** Event #19998464   t=248.603404258862   Elapsed: 432.714s (7m 12s)  49% completed  (74% total)
     Speed:     ev/sec=52644.8   simsec/sec=0.186494   ev/simsec=282287
     Messages:  created: 26446163   present: 2105   in FES: 154
** Event #20090112   t=248.923623577924   Elapsed: 434.717s (7m 14s)  49% completed  (74% total)
     Speed:     ev/sec=45766.7   simsec/sec=0.15991   ev/simsec=286204
     Messages:  created: 26572468   present: 2117   in FES: 155
** Event #20193536   t=249.301666816535   Elapsed: 436.721s (7m 16s)  49% completed  (74% total)
     Speed:     ev/sec=51599.9   simsec/sec=0.188612   ev/simsec=273577
     Messages:  created: 26713695   present: 2159   in FES: 155
** Event #20292352   t=249.655581573736   Elapsed: 438.723s (7m 18s)  49% completed  (74% total)
     Speed:     ev/sec=49350.8   simsec/sec=0.176753   ev/simsec=279208
     Messages:  created: 26848541   present: 2162   in FES: 149
** Event #20405760   t=250.078907021622   Elapsed: 440.724s (7m 20s)  50% completed  (75% total)
     Speed:     ev/sec=56684.6   simsec/sec=0.21159   ev/simsec=267898
     Messages:  created: 27003723   present: 2166   in FES: 154
** Event #20496384   t=250.396340749227   Elapsed: 442.725s (7m 22s)  50% completed  (75% total)
     Speed:     ev/sec=45296.5   simsec/sec=0.158663   ev/simsec=285490
     Messages:  created: 27128453   present: 2158   in FES: 125
** Event #20604928   t=250.789937452796   Elapsed: 444.728s (7m 24s)  50% completed  (75% total)
     Speed:     ev/sec=54174.9   simsec/sec=0.196446   ev/simsec=275775
     Messages:  created: 27276831   present: 2243   in FES: 141
** Event #20709632   t=251.161019286992   Elapsed: 446.731s (7m 26s)  50% completed  (75% total)
     Speed:     ev/sec=52277.8   simsec/sec=0.185278   ev/simsec=282159
     Messages:  created: 27419821   present: 2254   in FES: 142
** Event #20815104   t=251.549265474747   Elapsed: 448.731s (7m 28s)  50% completed  (75% total)
     Speed:     ev/sec=52734.9   simsec/sec=0.194119   ev/simsec=271663
     Messages:  created: 27564541   present: 2319   in FES: 154
** Event #20929024   t=251.979896877526   Elapsed: 450.732s (7m 30s)  50% completed  (75% total)
     Speed:     ev/sec=56937   simsec/sec=0.215229   ev/simsec=264542
     Messages:  created: 27720882   present: 2300   in FES: 155
** Event #21032704   t=252.346558729881   Elapsed: 452.736s (7m 32s)  50% completed  (75% total)
     Speed:     ev/sec=51738.8   simsec/sec=0.182973   ev/simsec=282767
     Messages:  created: 27862579   present: 2373   in FES: 155
** Event #21143040   t=252.746823934224   Elapsed: 454.74s (7m 34s)  50% completed  (75% total)
     Speed:     ev/sec=55060.7   simsec/sec=0.199743   ev/simsec=275657
     Messages:  created: 28013347   present: 2411   in FES: 154
** Event #21230080   t=253.048257808543   Elapsed: 456.74s (7m 36s)  50% completed  (75% total)
     Speed:     ev/sec=43515.3   simsec/sec=0.150701   ev/simsec=288753
     Messages:  created: 28132659   present: 2416   in FES: 166
** Event #21333248   t=253.417257044921   Elapsed: 458.743s (7m 38s)  50% completed  (75% total)
     Speed:     ev/sec=51504.3   simsec/sec=0.184214   ev/simsec=279589
     Messages:  created: 28274234   present: 2454   in FES: 154
** Event #21445888   t=253.842461834913   Elapsed: 460.745s (7m 40s)  50% completed  (75% total)
     Speed:     ev/sec=56262.4   simsec/sec=0.212385   ev/simsec=264908
     Messages:  created: 28428131   present: 2426   in FES: 140
** Event #21545728   t=254.178224031952   Elapsed: 462.75s (7m 42s)  50% completed  (75% total)
     Speed:     ev/sec=49806.7   simsec/sec=0.1675   ev/simsec=297353
     Messages:  created: 28564468   present: 2481   in FES: 166
** Event #21648384   t=254.557565587927   Elapsed: 464.75s (7m 44s)  50% completed  (75% total)
     Speed:     ev/sec=51311.5   simsec/sec=0.18961   ev/simsec=270616
     Messages:  created: 28705200   present: 2516   in FES: 154
** Event #21764608   t=254.99850335081   Elapsed: 466.753s (7m 46s)  50% completed  (75% total)
     Speed:     ev/sec=58033.9   simsec/sec=0.220173   ev/simsec=263584
     Messages:  created: 28864794   present: 2497   in FES: 126
** Event #21878016   t=255.393182268587   Elapsed: 468.755s (7m 48s)  51% completed  (75% total)
     Speed:     ev/sec=56665.8   simsec/sec=0.197206   ev/simsec=287342
     Messages:  created: 29019923   present: 2580   in FES: 146
** Event #21978624   t=255.764314895214   Elapsed: 470.756s (7m 50s)  51% completed  (75% total)
     Speed:     ev/sec=50270.6   simsec/sec=0.185443   ev/simsec=271084
     Messages:  created: 29157317   present: 2633   in FES: 159
** Event #22089472   t=256.17212744495   Elapsed: 472.757s (7m 52s)  51% completed  (75% total)
     Speed:     ev/sec=55398.2   simsec/sec=0.203811   ev/simsec=271811
     Messages:  created: 29308849   present: 2638   in FES: 155
** Event #22179584   t=256.53571081351   Elapsed: 474.761s (7m 54s)  51% completed  (75% total)
     Speed:     ev/sec=44970.9   simsec/sec=0.181448   ev/simsec=247844
     Messages:  created: 29432666   present: 2692   in FES: 154
** Event #22290944   t=256.99874940843   Elapsed: 476.764s (7m 56s)  51% completed  (75% total)
     Speed:     ev/sec=55586.3   simsec/sec=0.231129   ev/simsec=240498
     Messages:  created: 29585347   present: 2720   in FES: 155
** Event #22411008   t=257.482986479194   Elapsed: 478.767s (7m 58s)  51% completed  (75% total)
     Speed:     ev/sec=59928   simsec/sec=0.241699   ev/simsec=247945
     Messages:  created: 29749567   present: 2730   in FES: 156
** Event #22518272   t=257.900238795067   Elapsed: 480.771s (8m 00s)  51% completed  (75% total)
     Speed:     ev/sec=53542.7   simsec/sec=0.208279   ev/simsec=257072
     Messages:  created: 29896132   present: 2709   in FES: 127
** Event #22634496   t=258.369027615122   Elapsed: 482.771s (8m 02s)  51% completed  (75% total)
     Speed:     ev/sec=58101.7   simsec/sec=0.234353   ev/simsec=247924
     Messages:  created: 30054974   present: 2742   in FES: 126
** Event #22750208   t=258.83500767992   Elapsed: 484.773s (8m 04s)  51% completed  (75% total)
     Speed:     ev/sec=57800.6   simsec/sec=0.232767   ev/simsec=248320
     Messages:  created: 30213128   present: 2839   in FES: 156
** Event #22858496   t=259.246143292087   Elapsed: 486.775s (8m 06s)  51% completed  (75% total)
     Speed:     ev/sec=54101.9   simsec/sec=0.205408   ev/simsec=263388
     Messages:  created: 30361043   present: 2895   in FES: 158
** Event #22954240   t=259.621963562077   Elapsed: 488.776s (8m 08s)  51% completed  (75% total)
     Speed:     ev/sec=47848.3   simsec/sec=0.187817   ev/simsec=254760
     Messages:  created: 30491702   present: 2919   in FES: 167
** Event #23048704   t=260.001996326912   Elapsed: 490.781s (8m 10s)  52% completed  (76% total)
     Speed:     ev/sec=47103.2   simsec/sec=0.189498   ev/simsec=248568
     Messages:  created: 30621916   present: 2926   in FES: 167
** Event #23151104   t=260.39390485996   Elapsed: 492.786s (8m 12s)  52% completed  (76% total)
     Speed:     ev/sec=51077.7   simsec/sec=0.195486   ev/simsec=261285
     Messages:  created: 30761655   present: 2905   in FES: 142
** Event #23265024   t=260.699962925062   Elapsed: 494.79s (8m 14s)  52% completed  (76% total)
     Speed:     ev/sec=56851.8   simsec/sec=0.152738   ev/simsec=372217
     Messages:  created: 30917533   present: 2958   in FES: 133
** Event #23346944   t=260.92268897739   Elapsed: 496.794s (8m 16s)  52% completed  (76% total)
     Speed:     ev/sec=40861.8   simsec/sec=0.111096   ev/simsec=367806
     Messages:  created: 31030467   present: 3010   in FES: 154
** Event #23438848   t=261.17084006539   Elapsed: 498.801s (8m 18s)  52% completed  (76% total)
     Speed:     ev/sec=45809.8   simsec/sec=0.123692   ev/simsec=370355
     Messages:  created: 31155906   present: 3016   in FES: 156
** Event #23553792   t=261.517096473196   Elapsed: 500.804s (8m 20s)  52% completed  (76% total)
     Speed:     ev/sec=57372   simsec/sec=0.172827   ev/simsec=331962
     Messages:  created: 31314079   present: 3046   in FES: 157
** Event #23654144   t=261.873308403199   Elapsed: 502.807s (8m 22s)  52% completed  (76% total)
     Speed:     ev/sec=50111.9   simsec/sec=0.177878   ev/simsec=281720
     Messages:  created: 31451407   present: 3060   in FES: 166
** Event #23761920   t=262.26710825634   Elapsed: 504.807s (8m 24s)  52% completed  (76% total)
     Speed:     ev/sec=53882.6   simsec/sec=0.19688   ev/simsec=273682
     Messages:  created: 31598547   present: 3098   in FES: 156
** Event #23873280   t=262.656684118905   Elapsed: 506.811s (8m 26s)  52% completed  (76% total)
     Speed:     ev/sec=55574.9   simsec/sec=0.19442   ev/simsec=285849
     Messages:  created: 31750647   present: 3060   in FES: 149
** Event #23990016   t=263.094914298615   Elapsed: 508.813s (8m 28s)  52% completed  (76% total)
     Speed:     ev/sec=58292.4   simsec/sec=0.218831   ev/simsec=266381
     Messages:  created: 31910252   present: 3138   in FES: 155
** Event #24093184   t=263.480662524224   Elapsed: 510.82s (8m 30s)  52% completed  (76% total)
     Speed:     ev/sec=51417.8   simsec/sec=0.192253   ev/simsec=267449
     Messages:  created: 32052357   present: 3132   in FES: 166
** Event #24201984   t=263.863550783315   Elapsed: 512.826s (8m 32s)  52% completed  (76% total)
     Speed:     ev/sec=54218   simsec/sec=0.190804   ev/simsec=284156
     Messages:  created: 32201020   present: 3191   in FES: 154
** Event #24296704   t=264.198171458103   Elapsed: 514.832s (8m 34s)  52% completed  (76% total)
     Speed:     ev/sec=47228.3   simsec/sec=0.166845   ev/simsec=283067
     Messages:  created: 32330282   present: 3182   in FES: 154
** Event #24383744   t=264.521798962359   Elapsed: 516.835s (8m 36s)  52% completed  (76% total)
     Speed:     ev/sec=43461.2   simsec/sec=0.161595   ev/simsec=268951
     Messages:  created: 32449732   present: 3263   in FES: 151
** Event #24499712   t=264.929080264254   Elapsed: 518.835s (8m 38s)  52% completed  (76% total)
     Speed:     ev/sec=57967   simsec/sec=0.203581   ev/simsec=284737
     Messages:  created: 32608710   present: 3266   in FES: 148
** Event #24595712   t=265.281626597723   Elapsed: 520.839s (8m 40s)  53% completed  (76% total)
     Speed:     ev/sec=47919.8   simsec/sec=0.175979   ev/simsec=272305
     Messages:  created: 32739636   present: 3319   in FES: 154
** Event #24702720   t=265.663374642737   Elapsed: 522.844s (8m 42s)  53% completed  (76% total)
     Speed:     ev/sec=53357.8   simsec/sec=0.190352   ev/simsec=280311
     Messages:  created: 32885800   present: 3297   in FES: 156
** Event #24800768   t=266.030235658005   Elapsed: 524.846s (8m 44s)  53% completed  (76% total)
     Speed:     ev/sec=48976.6   simsec/sec=0.183253   ev/simsec=267262
     Messages:  created: 33020551   present: 3377   in FES: 156
** Event #24897536   t=266.379181171945   Elapsed: 526.851s (8m 46s)  53% completed  (76% total)
     Speed:     ev/sec=48275.9   simsec/sec=0.174083   ev/simsec=277316
     Messages:  created: 33152991   present: 3385   in FES: 154
** Event #25005568   t=266.768755248122   Elapsed: 528.853s (8m 48s)  53% completed  (76% total)
     Speed:     ev/sec=53962.3   simsec/sec=0.194593   ev/simsec=277308
     Messages:  created: 33300466   present: 3388   in FES: 154
** Event #25108992   t=267.137993213893   Elapsed: 530.854s (8m 50s)  53% completed  (76% total)
     Speed:     ev/sec=51672.7   simsec/sec=0.184479   ev/simsec=280101
     Messages:  created: 33441635   present: 3436   in FES: 166
** Event #25219584   t=267.541936795865   Elapsed: 532.859s (8m 52s)  53% completed  (76% total)
     Speed:     ev/sec=55166.2   simsec/sec=0.201498   ev/simsec=273781
     Messages:  created: 33593283   present: 3547   in FES: 185
** Event #25312768   t=267.882190756304   Elapsed: 534.862s (8m 54s)  53% completed  (76% total)
     Speed:     ev/sec=46521.5   simsec/sec=0.16987   ev/simsec=273866
     Messages:  created: 33721200   present: 3462   in FES: 144
** Event #25407232   t=268.231607212452   Elapsed: 536.862s (8m 56s)  53% completed  (76% total)
     Speed:     ev/sec=47223   simsec/sec=0.174675   ev/simsec=270348
     Messages:  created: 33849879   present: 3438   in FES: 138
** Event #25519360   t=268.622748967152   Elapsed: 538.866s (8m 58s)  53% completed  (76% total)
     Speed:     ev/sec=55949.7   simsec/sec=0.195172   ev/simsec=286668
     Messages:  created: 34003014   present: 3503   in FES: 139
** Event #25620992   t=268.983113518616   Elapsed: 540.873s (9m 00s)  53% completed  (76% total)
     Speed:     ev/sec=50657.9   simsec/sec=0.179622   ev/simsec=282026
     Messages:  created: 34142948   present: 3481   in FES: 131
** Event #25733888   t=269.362172103107   Elapsed: 542.874s (9m 02s)  53% completed  (76% total)
     Speed:     ev/sec=56419.4   simsec/sec=0.189433   ev/simsec=297833
     Messages:  created: 34297179   present: 3555   in FES: 155
** Event #25840128   t=269.737105582496   Elapsed: 544.876s (9m 04s)  53% completed  (76% total)
     Speed:     ev/sec=53042.2   simsec/sec=0.187192   ev/simsec=283357
     Messages:  created: 34442047   present: 3527   in FES: 135
** Event #25947904   t=270.116285983724   Elapsed: 546.879s (9m 06s)  54% completed  (77% total)
     Speed:     ev/sec=53829.7   simsec/sec=0.189385   ev/simsec=284234
     Messages:  created: 34589197   present: 3610   in FES: 157
** Event #26042880   t=270.455885404903   Elapsed: 548.885s (9m 08s)  54% completed  (77% total)
     Speed:     ev/sec=47335.1   simsec/sec=0.169253   ev/simsec=279671
     Messages:  created: 34720044   present: 3609   in FES: 166
** Event #26147584   t=270.819478344438   Elapsed: 550.889s (9m 10s)  54% completed  (77% total)
     Speed:     ev/sec=52244.4   simsec/sec=0.181423   ev/simsec=287970
     Messages:  created: 34862935   present: 3564   in FES: 164
** Event #26253568   t=271.170375445821   Elapsed: 552.891s (9m 12s)  54% completed  (77% total)
     Speed:     ev/sec=52946.4   simsec/sec=0.175298   ev/simsec=302037
     Messages:  created: 35007574   present: 3700   in FES: 161
** Event #26358528   t=271.53807933574   Elapsed: 554.891s (9m 14s)  54% completed  (77% total)
     Speed:     ev/sec=52467.6   simsec/sec=0.183808   ev/simsec=285447
     Messages:  created: 35151161   present: 3683   in FES: 152
** Event #26471936   t=271.926792334419   Elapsed: 556.895s (9m 16s)  54% completed  (77% total)
     Speed:     ev/sec=56613.4   simsec/sec=0.194046   ev/simsec=291753
     Messages:  created: 35306967   present: 3663   in FES: 140
** Event #26573312   t=272.272335272343   Elapsed: 558.899s (9m 18s)  54% completed  (77% total)
     Speed:     ev/sec=50578.5   simsec/sec=0.172398   ev/simsec=293382
     Messages:  created: 35445150   present: 3677   in FES: 150
** Event #26684672   t=272.635062286898   Elapsed: 560.902s (9m 20s)  54% completed  (77% total)
     Speed:     ev/sec=55599.7   simsec/sec=0.181102   ev/simsec=307008
     Messages:  created: 35597263   present: 3711   in FES: 149
** Event #26791680   t=273.014126415668   Elapsed: 562.902s (9m 22s)  54% completed  (77% total)
     Speed:     ev/sec=53500.2   simsec/sec=0.189519   ev/simsec=282295
     Messages:  created: 35744293   present: 3736   in FES: 154
** Event #26906112   t=273.39689362231   Elapsed: 564.903s (9m 24s)  54% completed  (77% total)
     Speed:     ev/sec=57193   simsec/sec=0.191307   ev/simsec=298960
     Messages:  created: 35900892   present: 3735   in FES: 167
** Event #27002112   t=273.730201753168   Elapsed: 566.905s (9m 26s)  54% completed  (77% total)
     Speed:     ev/sec=47950.8   simsec/sec=0.166483   ev/simsec=288022
     Messages:  created: 36031566   present: 3723   in FES: 167
** Event #27105536   t=274.053346046478   Elapsed: 568.909s (9m 28s)  54% completed  (77% total)
     Speed:     ev/sec=51608.2   simsec/sec=0.161248   ev/simsec=320055
     Messages:  created: 36173168   present: 3720   in FES: 137
** Event #27216384   t=274.431006017021   Elapsed: 570.916s (9m 30s)  54% completed  (77% total)
     Speed:     ev/sec=55233.4   simsec/sec=0.188181   ev/simsec=293513
     Messages:  created: 36325122   present: 3854   in FES: 186
** Event #27310848   t=274.751472296597   Elapsed: 572.92s (9m 32s)  54% completed  (77% total)
     Speed:     ev/sec=47130.4   simsec/sec=0.159888   ev/simsec=294770
     Messages:  created: 36453432   present: 3744   in FES: 148
** Event #27411456   t=275.078552479977   Elapsed: 574.924s (9m 34s)  55% completed  (77% total)
     Speed:     ev/sec=50210.9   simsec/sec=0.163237   ev/simsec=307594
     Messages:  created: 36590631   present: 3759   in FES: 165
** Event #27514624   t=275.410986754465   Elapsed: 576.928s (9m 36s)  55% completed  (77% total)
     Speed:     ev/sec=51462.5   simsec/sec=0.165826   ev/simsec=310341
     Messages:  created: 36732357   present: 3804   in FES: 173
** Event #27606016   t=275.692368055384   Elapsed: 578.932s (9m 38s)  55% completed  (77% total)
     Speed:     ev/sec=45607.5   simsec/sec=0.140418   ev/simsec=324798
     Messages:  created: 36856175   present: 3716   in FES: 141
** Event #27698944   t=275.957027741254   Elapsed: 580.936s (9m 40s)  55% completed  (77% total)
     Speed:     ev/sec=46388.3   simsec/sec=0.132114   ev/simsec=351123
     Messages:  created: 36984340   present: 3825   in FES: 157
** Event #27804928   t=276.185714484323   Elapsed: 582.942s (9m 42s)  55% completed  (77% total)
     Speed:     ev/sec=52823.2   simsec/sec=0.113979   ev/simsec=463446
     Messages:  created: 37129388   present: 3805   in FES: 151
** Event #27913472   t=276.418216598   Elapsed: 584.947s (9m 44s)  55% completed  (77% total)
     Speed:     ev/sec=54129.3   simsec/sec=0.115945   ev/simsec=466852
     Messages:  created: 37279434   present: 3841   in FES: 174
** Event #28000512   t=276.611565998785   Elapsed: 586.952s (9m 46s)  55% completed  (77% total)
     Speed:     ev/sec=43414.1   simsec/sec=0.0964394   ev/simsec=450169
     Messages:  created: 37397718   present: 3796   in FES: 147
** Event #28099584   t=277.485662117646   Elapsed: 588.954s (9m 48s)  55% completed  (77% total)
     Speed:     ev/sec=49492.1   simsec/sec=0.436661   ev/simsec=113342
     Messages:  created: 37530918   present: 3827   in FES: 175
** Event #28188416   t=279.514210224029   Elapsed: 590.961s (9m 50s)  55% completed  (77% total)
     Speed:     ev/sec=44251.5   simsec/sec=1.01052   ev/simsec=43790.9
     Messages:  created: 37640671   present: 3879   in FES: 146
** Event #28267776   t=281.356183420905   Elapsed: 592.965s (9m 52s)  56% completed  (78% total)
     Speed:     ev/sec=39606.4   simsec/sec=0.919277   ev/simsec=43084.2
     Messages:  created: 37737955   present: 3911   in FES: 132
** Event #28347136   t=283.211960148063   Elapsed: 594.967s (9m 54s)  56% completed  (78% total)
     Speed:     ev/sec=39635   simsec/sec=0.926835   ev/simsec=42763.8
     Messages:  created: 37835687   present: 3931   in FES: 122
** Event #28434688   t=285.239571915781   Elapsed: 596.968s (9m 56s)  57% completed  (78% total)
     Speed:     ev/sec=43766   simsec/sec=1.01357   ev/simsec=43179.9
     Messages:  created: 37944272   present: 4113   in FES: 149
** Event #28520192   t=287.263443060776   Elapsed: 598.97s (9m 58s)  57% completed  (78% total)
     Speed:     ev/sec=42699.6   simsec/sec=1.0107   ev/simsec=42247.7
     Messages:  created: 38050410   present: 4178   in FES: 173
** Event #28617984   t=289.527061686128   Elapsed: 600.98s (10m 00s)  57% completed  (78% total)
     Speed:     ev/sec=48648.1   simsec/sec=1.12607   ev/simsec=43201.6
     Messages:  created: 38170838   present: 4253   in FES: 147
** Event #28711424   t=291.763219635622   Elapsed: 602.983s (10m 02s)  58% completed  (79% total)
     Speed:     ev/sec=46659.6   simsec/sec=1.11663   ev/simsec=41786
     Messages:  created: 38287279   present: 4336   in FES: 154
** Event #28815104   t=294.22639808325   Elapsed: 604.985s (10m 04s)  58% completed  (79% total)
     Speed:     ev/sec=51785.1   simsec/sec=1.23029   ev/simsec=42092
     Messages:  created: 38415249   present: 4385   in FES: 140
** Event #28910848   t=296.593476707867   Elapsed: 606.989s (10m 06s)  59% completed  (79% total)
     Speed:     ev/sec=47772.3   simsec/sec=1.18107   ev/simsec=40448.2
     Messages:  created: 38533321   present: 4498   in FES: 167
** Event #28994304   t=298.986050885391   Elapsed: 608.99s (10m 08s)  59% completed  (79% total)
     Speed:     ev/sec=41710   simsec/sec=1.19577   ev/simsec=34881.3
     Messages:  created: 38638047   present: 4609   in FES: 165
** Event #29078528   t=300.851063376504   Elapsed: 610.991s (10m 10s)  60% completed  (80% total)
     Speed:     ev/sec=42092.3   simsec/sec=0.932069   ev/simsec=45160
     Messages:  created: 38745208   present: 4633   in FES: 138
** Event #29175552   t=302.856093365896   Elapsed: 612.993s (10m 12s)  60% completed  (80% total)
     Speed:     ev/sec=48464.6   simsec/sec=1.00153   ev/simsec=48390.3
     Messages:  created: 38870080   present: 4747   in FES: 155
** Event #29290752   t=305.606005588106   Elapsed: 614.997s (10m 14s)  61% completed  (80% total)
     Speed:     ev/sec=57495.1   simsec/sec=1.37245   ev/simsec=41892.2
     Messages:  created: 39017211   present: 4866   in FES: 167
** Event #29393664   t=308.176519622618   Elapsed: 616.997s (10m 16s)  61% completed  (80% total)
     Speed:     ev/sec=51454.9   simsec/sec=1.28523   ev/simsec=40035.6
     Messages:  created: 39148823   present: 4953   in FES: 166
** Event #29495808   t=310.680537035575   Elapsed: 618.998s (10m 18s)  62% completed  (81% total)
     Speed:     ev/sec=51040   simsec/sec=1.25122   ev/simsec=40792
     Messages:  created: 39278790   present: 5042   in FES: 155
** Event #29586176   t=312.855441313748   Elapsed: 621.003s (10m 21s)  62% completed  (81% total)
     Speed:     ev/sec=45062.8   simsec/sec=1.08453   ev/simsec=41550.3
     Messages:  created: 39394223   present: 5151   in FES: 171
** Event #29676032   t=314.92654895999   Elapsed: 623.005s (10m 23s)  62% completed  (81% total)
     Speed:     ev/sec=44883.6   simsec/sec=1.03453   ev/simsec=43385.5
     Messages:  created: 39507410   present: 5196   in FES: 163
** Event #29752832   t=316.601598935333   Elapsed: 625.009s (10m 25s)  63% completed  (81% total)
     Speed:     ev/sec=38326.6   simsec/sec=0.835923   ev/simsec=45849.4
     Messages:  created: 39602612   present: 5236   in FES: 138
** Event #29847552   t=318.736415092746   Elapsed: 627.01s (10m 27s)  63% completed  (81% total)
     Speed:     ev/sec=47340.8   simsec/sec=1.06697   ev/simsec=44369.2
     Messages:  created: 39722381   present: 5367   in FES: 175
** Event #29938944   t=320.827103376161   Elapsed: 629.012s (10m 29s)  64% completed  (82% total)
     Speed:     ev/sec=45649.6   simsec/sec=1.04428   ev/simsec=43713.8
     Messages:  created: 39837459   present: 5371   in FES: 147
** Event #30028544   t=322.738469921437   Elapsed: 631.013s (10m 31s)  64% completed  (82% total)
     Speed:     ev/sec=44788.7   simsec/sec=0.955443   ev/simsec=46877.5
     Messages:  created: 39950193   present: 5550   in FES: 156
** Event #30121728   t=324.558083037736   Elapsed: 633.026s (10m 33s)  64% completed  (82% total)
     Speed:     ev/sec=46277.5   simsec/sec=0.903666   ev/simsec=51210.9
     Messages:  created: 40068332   present: 5560   in FES: 137
** Event #30215680   t=326.59517883697   Elapsed: 635.03s (10m 35s)  65% completed  (82% total)
     Speed:     ev/sec=46893.2   simsec/sec=1.01675   ev/simsec=46120.6
     Messages:  created: 40185858   present: 5697   in FES: 155
** Event #30292224   t=328.343694863729   Elapsed: 637.035s (10m 37s)  65% completed  (82% total)
     Speed:     ev/sec=38177.7   simsec/sec=0.872104   ev/simsec=43776.6
     Messages:  created: 40282746   present: 5758   in FES: 167
** Event #30388224   t=330.55514226698   Elapsed: 639.037s (10m 39s)  66% completed  (83% total)
     Speed:     ev/sec=47953.3   simsec/sec=1.10465   ev/simsec=43410.5
     Messages:  created: 40402278   present: 5812   in FES: 138
** Event #30473984   t=332.563035605104   Elapsed: 641.045s (10m 41s)  66% completed  (83% total)
     Speed:     ev/sec=42691.1   simsec/sec=0.999523   ev/simsec=42711.4
     Messages:  created: 40509396   present: 6000   in FES: 186
** Event #30568448   t=334.735693369063   Elapsed: 643.046s (10m 43s)  66% completed  (83% total)
     Speed:     ev/sec=47216.3   simsec/sec=1.08597   ev/simsec=43478.5
     Messages:  created: 40627455   present: 6038   in FES: 165
** Event #30669056   t=337.093428952678   Elapsed: 645.048s (10m 45s)  67% completed  (83% total)
     Speed:     ev/sec=50248.8   simsec/sec=1.17757   ev/simsec=42671.5
     Messages:  created: 40752675   present: 6098   in FES: 154
** Event #30771456   t=339.513162933814   Elapsed: 647.048s (10m 47s)  67% completed  (83% total)
     Speed:     ev/sec=51197.7   simsec/sec=1.20981   ev/simsec=42318.7
     Messages:  created: 40881786   present: 6196   in FES: 144
** Event #30862592   t=341.595059389353   Elapsed: 649.052s (10m 49s)  68% completed  (84% total)
     Speed:     ev/sec=45475.8   simsec/sec=1.03884   ev/simsec=43775.5
     Messages:  created: 40995060   present: 6276   in FES: 155
** Event #30948608   t=343.566307554138   Elapsed: 651.055s (10m 51s)  68% completed  (84% total)
     Speed:     ev/sec=42946.3   simsec/sec=0.98421   ev/simsec=43635.3
     Messages:  created: 41103042   present: 6392   in FES: 150
** Event #31026944   t=345.35611770117   Elapsed: 653.055s (10m 53s)  69% completed  (84% total)
     Speed:     ev/sec=39165.3   simsec/sec=0.894843   ev/simsec=43767.8
     Messages:  created: 41202159   present: 6458   in FES: 147
** Event #31120896   t=347.511056915101   Elapsed: 655.07s (10m 55s)  69% completed  (84% total)
     Speed:     ev/sec=46643.9   simsec/sec=1.06985   ev/simsec=43598.4
     Messages:  created: 41320497   present: 6639   in FES: 185
** Event #31217152   t=349.648474243943   Elapsed: 657.072s (10m 57s)  69% completed  (84% total)
     Speed:     ev/sec=48079.4   simsec/sec=1.06763   ev/simsec=45033.8
     Messages:  created: 41440440   present: 6684   in FES: 154
** Event #31299584   t=351.555141693735   Elapsed: 659.085s (10m 59s)  70% completed  (85% total)
     Speed:     ev/sec=40944.8   simsec/sec=0.94706   ev/simsec=43233.5
     Messages:  created: 41543635   present: 6695   in FES: 135
** Event #31390720   t=353.593044917259   Elapsed: 661.086s (11m 01s)  70% completed  (85% total)
     Speed:     ev/sec=45536.4   simsec/sec=1.01825   ev/simsec=44720.5
     Messages:  created: 41657086   present: 6822   in FES: 174
** Event #31479296   t=355.53971477882   Elapsed: 663.089s (11m 03s)  71% completed  (85% total)
     Speed:     ev/sec=44226.4   simsec/sec=0.97198   ev/simsec=45501.3
     Messages:  created: 41766916   present: 6925   in FES: 153
** Event #31568896   t=357.526442527215   Elapsed: 665.089s (11m 05s)  71% completed  (85% total)
     Speed:     ev/sec=44793.6   simsec/sec=0.993222   ev/simsec=45099.3
     Messages:  created: 41878286   present: 6999   in FES: 140
** Event #31657728   t=359.519496760351   Elapsed: 667.101s (11m 07s)  71% completed  (85% total)
     Speed:     ev/sec=44160   simsec/sec=0.990783   ev/simsec=44570.8
     Messages:  created: 41989050   present: 7198   in FES: 186
** Event #31745024   t=361.474934079651   Elapsed: 669.104s (11m 09s)  72% completed  (86% total)
     Speed:     ev/sec=43576.5   simsec/sec=0.976116   ev/simsec=44642.7
     Messages:  created: 42097775   present: 7165   in FES: 163
** Event #31835392   t=363.463484648049   Elapsed: 671.105s (11m 11s)  72% completed  (86% total)
     Speed:     ev/sec=45168.9   simsec/sec=0.993943   ev/simsec=45444.2
     Messages:  created: 42209812   present: 7281   in FES: 167
** Event #31923712   t=365.397499116807   Elapsed: 673.105s (11m 13s)  73% completed  (86% total)
     Speed:     ev/sec=44148.8   simsec/sec=0.966761   ev/simsec=45666.7
     Messages:  created: 42319002   present: 7327   in FES: 164
** Event #32011520   t=367.344982891645   Elapsed: 675.109s (11m 15s)  73% completed  (86% total)
     Speed:     ev/sec=43830.5   simsec/sec=0.972111   ev/simsec=45087.9
     Messages:  created: 42427523   present: 7464   in FES: 178
** Event #32094720   t=369.10253948798   Elapsed: 677.109s (11m 17s)  73% completed  (86% total)
     Speed:     ev/sec=41594.1   simsec/sec=0.878653   ev/simsec=47338.4
     Messages:  created: 42529830   present: 2955   in FES: 175
** Event #32183552   t=371.068542050615   Elapsed: 679.112s (11m 19s)  74% completed  (87% total)
     Speed:     ev/sec=44347.2   simsec/sec=0.981479   ev/simsec=45184.1
     Messages:  created: 42640372   present: 3020   in FES: 164
** Event #32267008   t=372.890990381869   Elapsed: 681.118s (11m 21s)  74% completed  (87% total)
     Speed:     ev/sec=41604.6   simsec/sec=0.90853   ev/simsec=45793.3
     Messages:  created: 42744814   present: 3042   in FES: 127
** Event #32350208   t=374.605397496521   Elapsed: 683.119s (11m 23s)  74% completed  (87% total)
     Speed:     ev/sec=41586.4   simsec/sec=0.856924   ev/simsec=48529.9
     Messages:  created: 42847161   present: 3174   in FES: 156
** Event #32440320   t=376.537462589538   Elapsed: 685.129s (11m 25s)  75% completed  (87% total)
     Speed:     ev/sec=44838.2   simsec/sec=0.961362   ev/simsec=46640.3
     Messages:  created: 42959138   present: 3259   in FES: 154
** Event #32525312   t=378.414958282239   Elapsed: 687.13s (11m 27s)  75% completed  (87% total)
     Speed:     ev/sec=42474.6   simsec/sec=0.938274   ev/simsec=45268.8
     Messages:  created: 43066087   present: 3346   in FES: 164
** Event #32611072   t=380.147779971001   Elapsed: 689.131s (11m 29s)  76% completed  (88% total)
     Speed:     ev/sec=42838.3   simsec/sec=0.865569   ev/simsec=49491.5
     Messages:  created: 43171890   present: 3399   in FES: 134
** Event #32691968   t=381.85576660834   Elapsed: 691.133s (11m 31s)  76% completed  (88% total)
     Speed:     ev/sec=40411.1   simsec/sec=0.853213   ev/simsec=47363.4
     Messages:  created: 43273960   present: 3525   in FES: 175
** Event #32780544   t=383.6466076508   Elapsed: 693.135s (11m 33s)  76% completed  (88% total)
     Speed:     ev/sec=44253.6   simsec/sec=0.894726   ev/simsec=49460.6
     Messages:  created: 43383824   present: 3557   in FES: 142
** Event #32868864   t=385.512780810939   Elapsed: 695.142s (11m 35s)  77% completed  (88% total)
     Speed:     ev/sec=44010.8   simsec/sec=0.929934   ev/simsec=47326.8
     Messages:  created: 43495473   present: 3582   in FES: 123
** Event #32961280   t=387.420425718977   Elapsed: 697.147s (11m 37s)  77% completed  (88% total)
     Speed:     ev/sec=46088.9   simsec/sec=0.951363   ev/simsec=48445.1
     Messages:  created: 43610919   present: 3750   in FES: 155
** Event #33049600   t=389.193341939419   Elapsed: 699.15s (11m 39s)  77% completed  (88% total)
     Speed:     ev/sec=44081.8   simsec/sec=0.884887   ev/simsec=49816.2
     Messages:  created: 43720624   present: 3804   in FES: 156
** Event #33126912   t=390.84303861341   Elapsed: 701.153s (11m 41s)  78% completed  (89% total)
     Speed:     ev/sec=38610   simsec/sec=0.823867   ev/simsec=46864.4
     Messages:  created: 43817804   present: 3815   in FES: 146
** Event #33209344   t=392.514276484978   Elapsed: 703.16s (11m 43s)  78% completed  (89% total)
     Speed:     ev/sec=41070.6   simsec/sec=0.832672   ev/simsec=49323.9
     Messages:  created: 43921749   present: 3891   in FES: 124
** Event #33297920   t=394.32767287949   Elapsed: 705.164s (11m 45s)  78% completed  (89% total)
     Speed:     ev/sec=44193.9   simsec/sec=0.904771   ev/simsec=48845.4
     Messages:  created: 44032565   present: 4048   in FES: 150
** Event #33362688   t=396.006424108805   Elapsed: 707.168s (11m 47s)  79% completed  (89% total)
     Speed:     ev/sec=32314.1   simsec/sec=0.837564   ev/simsec=38581.1
     Messages:  created: 44112800   present: 4136   in FES: 142
** Event #33452288   t=398.397324136939   Elapsed: 709.17s (11m 49s)  79% completed  (89% total)
     Speed:     ev/sec=44758.6   simsec/sec=1.19434   ev/simsec=37475.4
     Messages:  created: 44222080   present: 4374   in FES: 158
** Event #33533952   t=400.579784917754   Elapsed: 711.171s (11m 51s)  80% completed  (90% total)
     Speed:     ev/sec=40807.1   simsec/sec=1.09057   ev/simsec=37418.3
     Messages:  created: 44320891   present: 4484   in FES: 133
** Event #33613312   t=402.735651386653   Elapsed: 713.176s (11m 53s)  80% completed  (90% total)
     Speed:     ev/sec=39587.9   simsec/sec=1.07543   ev/simsec=36811.2
     Messages:  created: 44418390   present: 3127   in FES: 149
** Event #33706496   t=405.343080949873   Elapsed: 715.177s (11m 55s)  81% completed  (90% total)
     Speed:     ev/sec=46573.8   simsec/sec=1.30321   ev/simsec=35737.9
     Messages:  created: 44532881   present: 3332   in FES: 130
** Event #33789696   t=407.641226755437   Elapsed: 717.177s (11m 57s)  81% completed  (90% total)
     Speed:     ev/sec=41592.6   simsec/sec=1.14887   ev/simsec=36203.1
     Messages:  created: 44635225   present: 3595   in FES: 159
** Event #33881344   t=410.44280082595   Elapsed: 719.18s (11m 59s)  82% completed  (91% total)
     Speed:     ev/sec=45768.9   simsec/sec=1.3991   ev/simsec=32713
     Messages:  created: 44749995   present: 3804   in FES: 154
** Event #33979904   t=413.521256303025   Elapsed: 721.18s (12m 01s)  82% completed  (91% total)
     Speed:     ev/sec=49266.6   simsec/sec=1.53881   ev/simsec=32016.1
     Messages:  created: 44873542   present: 4048   in FES: 147
** Event #34074368   t=416.537465067519   Elapsed: 723.183s (12m 03s)  83% completed  (91% total)
     Speed:     ev/sec=47158.6   simsec/sec=1.50576   ev/simsec=31318.8
     Messages:  created: 44992509   present: 4300   in FES: 154
** Event #34184192   t=420.034518872415   Elapsed: 725.185s (12m 05s)  84% completed  (92% total)
     Speed:     ev/sec=54879.7   simsec/sec=1.7475   ev/simsec=31404.7
     Messages:  created: 45130980   present: 4527   in FES: 132
** Event #34294528   t=423.576881662441   Elapsed: 727.188s (12m 07s)  84% completed  (92% total)
     Speed:     ev/sec=55059.8   simsec/sec=1.76771   ev/simsec=31147.6
     Messages:  created: 45270155   present: 4795   in FES: 140
** Event #34397696   t=426.891567141439   Elapsed: 729.19s (12m 09s)  85% completed  (92% total)
     Speed:     ev/sec=51554.1   simsec/sec=1.65638   ev/simsec=31124.5
     Messages:  created: 45401157   present: 5133   in FES: 165
** Event #34497792   t=429.810693361461   Elapsed: 731.19s (12m 11s)  85% completed  (92% total)
     Speed:     ev/sec=50047.8   simsec/sec=1.45956   ev/simsec=34289.7
     Messages:  created: 45528484   present: 4995   in FES: 153
** Event #34599424   t=430.063743974466   Elapsed: 733.194s (12m 13s)  86% completed  (93% total)
     Speed:     ev/sec=50717.5   simsec/sec=0.12628   ev/simsec=401627
     Messages:  created: 45668026   present: 5012   in FES: 157
** Event #34713600   t=430.346149591383   Elapsed: 735.196s (12m 15s)  86% completed  (93% total)
     Speed:     ev/sec=57019.1   simsec/sec=0.141032   ev/simsec=404298
     Messages:  created: 45825387   present: 4993   in FES: 140
** Event #34817280   t=430.591335287483   Elapsed: 737.198s (12m 17s)  86% completed  (93% total)
     Speed:     ev/sec=51778.7   simsec/sec=0.122448   ev/simsec=422863
     Messages:  created: 45967354   present: 5003   in FES: 148
** Event #34917888   t=430.853200105365   Elapsed: 739.202s (12m 19s)  86% completed  (93% total)
     Speed:     ev/sec=50208.2   simsec/sec=0.130683   ev/simsec=384198
     Messages:  created: 46106097   present: 5014   in FES: 151
** Event #35031552   t=431.202962174797   Elapsed: 741.204s (12m 21s)  86% completed  (93% total)
     Speed:     ev/sec=56777.7   simsec/sec=0.174714   ev/simsec=324975
     Messages:  created: 46261635   present: 5041   in FES: 157
** Event #35124480   t=431.592502133195   Elapsed: 743.208s (12m 23s)  86% completed  (93% total)
     Speed:     ev/sec=46366   simsec/sec=0.194359   ev/simsec=238558
     Messages:  created: 46388517   present: 5067   in FES: 150
** Event #35231232   t=432.006422737965   Elapsed: 745.209s (12m 25s)  86% completed  (93% total)
     Speed:     ev/sec=53347.1   simsec/sec=0.206848   ev/simsec=257905
     Messages:  created: 46535619   present: 5128   in FES: 152
** Event #35335424   t=432.410562854393   Elapsed: 747.212s (12m 27s)  86% completed  (93% total)
     Speed:     ev/sec=52024.8   simsec/sec=0.201794   ev/simsec=257812
     Messages:  created: 46677992   present: 5088   in FES: 130
** Event #35437056   t=432.839530904693   Elapsed: 749.217s (12m 29s)  86% completed  (93% total)
     Speed:     ev/sec=50695.7   simsec/sec=0.213976   ev/simsec=236922
     Messages:  created: 46816736   present: 5088   in FES: 124
** Event #35537152   t=433.225981036692   Elapsed: 751.22s (12m 31s)  86% completed  (93% total)
     Speed:     ev/sec=49960.9   simsec/sec=0.192889   ev/simsec=259014
     Messages:  created: 46953360   present: 5078   in FES: 133
** Event #35651328   t=433.65779039614   Elapsed: 753.223s (12m 33s)  86% completed  (93% total)
     Speed:     ev/sec=57002.5   simsec/sec=0.215581   ev/simsec=264413
     Messages:  created: 47109503   present: 5236   in FES: 155
** Event #35758080   t=434.101528995728   Elapsed: 755.224s (12m 35s)  86% completed  (93% total)
     Speed:     ev/sec=53352.3   simsec/sec=0.221771   ev/simsec=240574
     Messages:  created: 47255242   present: 5225   in FES: 136
** Event #35865344   t=434.514675711426   Elapsed: 757.23s (12m 37s)  86% completed  (93% total)
     Speed:     ev/sec=53470   simsec/sec=0.205949   ev/simsec=259627
     Messages:  created: 47403084   present: 5296   in FES: 156
** Event #35954176   t=436.985983536256   Elapsed: 759.232s (12m 39s)  87% completed  (93% total)
     Speed:     ev/sec=44366.8   simsec/sec=1.23429   ev/simsec=35945.3
     Messages:  created: 47515859   present: 5442   in FES: 154
** Event #36050688   t=439.736554637552   Elapsed: 761.236s (12m 41s)  87% completed  (93% total)
     Speed:     ev/sec=48160.7   simsec/sec=1.37257   ev/simsec=35088
     Messages:  created: 47636677   present: 5653   in FES: 167
** Event #36144640   t=442.47683849587   Elapsed: 763.238s (12m 43s)  88% completed  (94% total)
     Speed:     ev/sec=46935.2   simsec/sec=1.36895   ev/simsec=34285.5
     Messages:  created: 47753671   present: 5764   in FES: 138
** Event #36227328   t=445.005567627135   Elapsed: 765.241s (12m 45s)  89% completed  (94% total)
     Speed:     ev/sec=41279.4   simsec/sec=1.26239   ev/simsec=32699.4
     Messages:  created: 47854648   present: 6021   in FES: 155
** Event #36322816   t=446.587785607598   Elapsed: 767.244s (12m 47s)  89% completed  (94% total)
     Speed:     ev/sec=47685.9   simsec/sec=0.790146   ev/simsec=60350.7
     Messages:  created: 47977487   present: 6249   in FES: 166
** Event #36418048   t=447.084701415778   Elapsed: 769.248s (12m 49s)  89% completed  (94% total)
     Speed:     ev/sec=47510.1   simsec/sec=0.247905   ev/simsec=191646
     Messages:  created: 48106511   present: 6252   in FES: 155
** Event #36531200   t=447.448222893132   Elapsed: 771.25s (12m 51s)  89% completed  (94% total)
     Speed:     ev/sec=56537.2   simsec/sec=0.181636   ev/simsec=311266
     Messages:  created: 48262292   present: 6257   in FES: 165
** Event #36641792   t=447.891717931695   Elapsed: 773.251s (12m 53s)  89% completed  (94% total)
     Speed:     ev/sec=55266   simsec/sec=0.221627   ev/simsec=249365
     Messages:  created: 48413408   present: 6317   in FES: 154
** Event #36737280   t=448.266490645518   Elapsed: 775.253s (12m 55s)  89% completed  (94% total)
     Speed:     ev/sec=47677.2   simsec/sec=0.187124   ev/simsec=254789
     Messages:  created: 48543432   present: 6362   in FES: 154
** Event #36841472   t=448.676720538792   Elapsed: 777.256s (12m 57s)  89% completed  (94% total)
     Speed:     ev/sec=52042.1   simsec/sec=0.204903   ev/simsec=253984
     Messages:  created: 48685803   present: 6334   in FES: 136
** Event #36948224   t=449.119807179085   Elapsed: 779.26s (12m 59s)  89% completed  (94% total)
     Speed:     ev/sec=53262.9   simsec/sec=0.221074   ev/simsec=240928
     Messages:  created: 48831422   present: 6375   in FES: 148
** Event #37061376   t=449.585450113914   Elapsed: 781.261s (13m 01s)  89% completed  (94% total)
     Speed:     ev/sec=56536.8   simsec/sec=0.23266   ev/simsec=243002
     Messages:  created: 48986300   present: 6442   in FES: 154
** Event #37169408   t=450.008228797063   Elapsed: 783.262s (13m 03s)  90% completed  (95% total)
     Speed:     ev/sec=53989.6   simsec/sec=0.211286   ev/simsec=255528
     Messages:  created: 49134924   present: 6480   in FES: 165
** Event #37268224   t=450.397031793175   Elapsed: 785.264s (13m 05s)  90% completed  (95% total)
     Speed:     ev/sec=49362.3   simsec/sec=0.194222   ev/simsec=254154
     Messages:  created: 49269663   present: 6515   in FES: 165
** Event #37365248   t=450.781119367703   Elapsed: 787.268s (13m 07s)  90% completed  (95% total)
     Speed:     ev/sec=48426.1   simsec/sec=0.191704   ev/simsec=252609
     Messages:  created: 49402281   present: 6524   in FES: 154
** Event #37475840   t=451.236738410831   Elapsed: 789.272s (13m 09s)  90% completed  (95% total)
     Speed:     ev/sec=55182.7   simsec/sec=0.227343   ev/simsec=242729
     Messages:  created: 49553236   present: 6569   in FES: 165
** Event #37580800   t=451.645522458105   Elapsed: 791.273s (13m 11s)  90% completed  (95% total)
     Speed:     ev/sec=52444.9   simsec/sec=0.204255   ev/simsec=256761
     Messages:  created: 49696610   present: 6604   in FES: 165
** Event #37682176   t=452.046132444554   Elapsed: 793.274s (13m 13s)  90% completed  (95% total)
     Speed:     ev/sec=50660.8   simsec/sec=0.200198   ev/simsec=253054
     Messages:  created: 49835449   present: 6549   in FES: 124
** Event #37788160   t=452.49239654703   Elapsed: 795.278s (13m 15s)  90% completed  (95% total)
     Speed:     ev/sec=52899.6   simsec/sec=0.222743   ev/simsec=237492
     Messages:  created: 49980795   present: 6686   in FES: 163
** Event #37895168   t=452.906620419393   Elapsed: 797.281s (13m 17s)  90% completed  (95% total)
     Speed:     ev/sec=53421.1   simsec/sec=0.206791   ev/simsec=258334
     Messages:  created: 50126859   present: 6692   in FES: 165
** Event #38011904   t=453.382091609458   Elapsed: 799.286s (13m 19s)  90% completed  (95% total)
     Speed:     ev/sec=58198.4   simsec/sec=0.237045   ev/simsec=245516
     Messages:  created: 50286041   present: 6666   in FES: 127
** Event #38117632   t=453.792779369139   Elapsed: 801.29s (13m 21s)  90% completed  (95% total)
     Speed:     ev/sec=52762.8   simsec/sec=0.204951   ev/simsec=257441
     Messages:  created: 50430585   present: 6725   in FES: 141
** Event #38216448   t=454.180702623866   Elapsed: 803.294s (13m 23s)  90% completed  (95% total)
     Speed:     ev/sec=49326.3   simsec/sec=0.193641   ev/simsec=254731
     Messages:  created: 50565198   present: 6708   in FES: 123
** Event #38317056   t=454.607391001373   Elapsed: 805.294s (13m 25s)  90% completed  (95% total)
     Speed:     ev/sec=50286   simsec/sec=0.213268   ev/simsec=235788
     Messages:  created: 50702626   present: 6835   in FES: 162
** Event #38419968   t=455.013050037049   Elapsed: 807.297s (13m 27s)  91% completed  (95% total)
     Speed:     ev/sec=51377.2   simsec/sec=0.202519   ev/simsec=253691
     Messages:  created: 50844261   present: 6800   in FES: 127
** Event #38529024   t=455.450526450985   Elapsed: 809.299s (13m 29s)  91% completed  (95% total)
     Speed:     ev/sec=54482   simsec/sec=0.218554   ev/simsec=249284
     Messages:  created: 50993066   present: 6857   in FES: 149
** Event #38632960   t=455.872413021987   Elapsed: 811.303s (13m 31s)  91% completed  (95% total)
     Speed:     ev/sec=51854.4   simsec/sec=0.210482   ev/simsec=246360
     Messages:  created: 51134967   present: 6917   in FES: 157
** Event #38751232   t=456.352374137714   Elapsed: 813.306s (13m 33s)  91% completed  (95% total)
     Speed:     ev/sec=59062.3   simsec/sec=0.239682   ev/simsec=246420
     Messages:  created: 51296509   present: 6946   in FES: 147
** Event #38850048   t=456.738879638021   Elapsed: 815.307s (13m 35s)  91% completed  (95% total)
     Speed:     ev/sec=49376.4   simsec/sec=0.193129   ev/simsec=255665
     Messages:  created: 51431556   present: 7003   in FES: 166
** Event #38956032   t=457.149980505244   Elapsed: 817.309s (13m 37s)  91% completed  (95% total)
     Speed:     ev/sec=52953.7   simsec/sec=0.205402   ev/simsec=257805
     Messages:  created: 51576201   present: 7025   in FES: 155
** Event #39058176   t=457.581146348262   Elapsed: 819.31s (13m 39s)  91% completed  (95% total)
     Speed:     ev/sec=51048   simsec/sec=0.215482   ev/simsec=236902
     Messages:  created: 51715681   present: 6940   in FES: 136
** Event #39161856   t=457.993077117452   Elapsed: 821.312s (13m 41s)  91% completed  (95% total)
     Speed:     ev/sec=51769.7   simsec/sec=0.205686   ev/simsec=251693
     Messages:  created: 51858339   present: 7099   in FES: 155
** Event #39272448   t=458.418787891706   Elapsed: 823.315s (13m 43s)  91% completed  (95% total)
     Speed:     ev/sec=55231.9   simsec/sec=0.212609   ev/simsec=259782
     Messages:  created: 52009136   present: 7107   in FES: 155
** Event #39358720   t=458.766680017456   Elapsed: 825.315s (13m 45s)  91% completed  (95% total)
     Speed:     ev/sec=43127.5   simsec/sec=0.173912   ev/simsec=247985
     Messages:  created: 52126465   present: 7159   in FES: 156
** Event #39457536   t=459.155425449569   Elapsed: 827.316s (13m 47s)  91% completed  (95% total)
     Speed:     ev/sec=49374.7   simsec/sec=0.194242   ev/simsec=254192
     Messages:  created: 52260988   present: 7173   in FES: 157
** Event #39562240   t=459.593537796694   Elapsed: 829.321s (13m 49s)  91% completed  (95% total)
     Speed:     ev/sec=52224.1   simsec/sec=0.218521   ev/simsec=238989
     Messages:  created: 52403653   present: 7128   in FES: 127
** Event #39663104   t=459.998559114018   Elapsed: 831.324s (13m 51s)  91% completed  (95% total)
     Speed:     ev/sec=50359.3   simsec/sec=0.202219   ev/simsec=249034
     Messages:  created: 52542738   present: 7237   in FES: 155
** Event #39772416   t=460.419082907421   Elapsed: 833.329s (13m 53s)  92% completed  (96% total)
     Speed:     ev/sec=54538.2   simsec/sec=0.209809   ev/simsec=259942
     Messages:  created: 52691958   present: 7269   in FES: 157
** Event #39889408   t=460.896455365152   Elapsed: 835.333s (13m 55s)  92% completed  (96% total)
     Speed:     ev/sec=58377.5   simsec/sec=0.238203   ev/simsec=245075
     Messages:  created: 52852223   present: 7325   in FES: 158
** Event #40009984   t=461.383395140486   Elapsed: 837.336s (13m 57s)  92% completed  (96% total)
     Speed:     ev/sec=60180.5   simsec/sec=0.243036   ev/simsec=247620
     Messages:  created: 53016784   present: 7357   in FES: 155
** Event #40111104   t=461.775657942319   Elapsed: 839.34s (13m 59s)  92% completed  (96% total)
     Speed:     ev/sec=50465.7   simsec/sec=0.195765   ev/simsec=257786
     Messages:  created: 53154905   present: 7377   in FES: 157
** Event #40222464   t=462.235462141471   Elapsed: 841.343s (14m 01s)  92% completed  (96% total)
     Speed:     ev/sec=55598.2   simsec/sec=0.229564   ev/simsec=242190
     Messages:  created: 53306664   present: 7318   in FES: 137
** Event #40308480   t=462.586521839116   Elapsed: 843.345s (14m 03s)  92% completed  (96% total)
     Speed:     ev/sec=42971.1   simsec/sec=0.175379   ev/simsec=245018
     Messages:  created: 53424015   present: 7418   in FES: 155
** Event #40412416   t=462.998273306409   Elapsed: 845.345s (14m 05s)  92% completed  (96% total)
     Speed:     ev/sec=51957.6   simsec/sec=0.205834   ev/simsec=252424
     Messages:  created: 53567149   present: 6958   in FES: 153
** Event #40526848   t=463.450264694352   Elapsed: 847.347s (14m 07s)  92% completed  (96% total)
     Speed:     ev/sec=57167.1   simsec/sec=0.225803   ev/simsec=253173
     Messages:  created: 53723288   present: 6949   in FES: 143
** Event #40614912   t=463.788613000184   Elapsed: 849.351s (14m 09s)  92% completed  (96% total)
     Speed:     ev/sec=43934.2   simsec/sec=0.168799   ev/simsec=260276
     Messages:  created: 53843249   present: 7022   in FES: 156
** Event #40716288   t=464.200658503818   Elapsed: 851.352s (14m 11s)  92% completed  (96% total)
     Speed:     ev/sec=50667.7   simsec/sec=0.20594   ev/simsec=246031
     Messages:  created: 53981478   present: 7016   in FES: 146
** Event #40812544   t=464.601061460355   Elapsed: 853.352s (14m 13s)  92% completed  (96% total)
     Speed:     ev/sec=48120.1   simsec/sec=0.200168   ev/simsec=240398
     Messages:  created: 54112838   present: 7072   in FES: 152
** Event #40915200   t=465.007120342926   Elapsed: 855.356s (14m 15s)  93% completed  (96% total)
     Speed:     ev/sec=51222   simsec/sec=0.20261   ev/simsec=252811
     Messages:  created: 54254312   present: 7148   in FES: 155
** Event #41016832   t=465.405994798584   Elapsed: 857.357s (14m 17s)  93% completed  (96% total)
     Speed:     ev/sec=50807.1   simsec/sec=0.199402   ev/simsec=254797
     Messages:  created: 54392965   present: 7065   in FES: 137
** Event #41100544   t=465.74849894075   Elapsed: 859.36s (14m 19s)  93% completed  (96% total)
     Speed:     ev/sec=41792   simsec/sec=0.17099   ev/simsec=244412
     Messages:  created: 54506789   present: 7156   in FES: 154
** Event #41201920   t=466.144821541887   Elapsed: 861.364s (14m 21s)  93% completed  (96% total)
     Speed:     ev/sec=50592.3   simsec/sec=0.197787   ev/simsec=255792
     Messages:  created: 54644780   present: 7201   in FES: 154
** Event #41289472   t=466.507327844935   Elapsed: 863.365s (14m 23s)  93% completed  (96% total)
     Speed:     ev/sec=43744.3   simsec/sec=0.181122   ev/simsec=241519
     Messages:  created: 54765536   present: 7230   in FES: 154
** Event #41388544   t=466.898536994855   Elapsed: 865.367s (14m 25s)  93% completed  (96% total)
     Speed:     ev/sec=49497.9   simsec/sec=0.195454   ev/simsec=253246
     Messages:  created: 54900637   present: 7213   in FES: 145
** Event #41479936   t=467.26104907065   Elapsed: 867.367s (14m 27s)  93% completed  (96% total)
     Speed:     ev/sec=45692.5   simsec/sec=0.181242   ev/simsec=252107
     Messages:  created: 55024956   present: 7293   in FES: 165
** Event #41586432   t=467.672064119044   Elapsed: 869.371s (14m 29s)  93% completed  (96% total)
     Speed:     ev/sec=53128.4   simsec/sec=0.205046   ev/simsec=259105
     Messages:  created: 55170350   present: 7323   in FES: 154
** Event #41694208   t=468.122696139194   Elapsed: 871.375s (14m 31s)  93% completed  (96% total)
     Speed:     ev/sec=53800.2   simsec/sec=0.224949   ev/simsec=239166
     Messages:  created: 55317207   present: 7335   in FES: 154
** Event #41786880   t=468.500348132565   Elapsed: 873.377s (14m 33s)  93% completed  (96% total)
     Speed:     ev/sec=46284.8   simsec/sec=0.188617   ev/simsec=245390
     Messages:  created: 55444945   present: 7308   in FES: 128
** Event #41882112   t=468.880187685874   Elapsed: 875.382s (14m 35s)  93% completed  (96% total)
     Speed:     ev/sec=47491.6   simsec/sec=0.189424   ev/simsec=250716
     Messages:  created: 55575357   present: 7353   in FES: 143
** Event #41988608   t=469.290872300616   Elapsed: 877.384s (14m 37s)  93% completed  (96% total)
     Speed:     ev/sec=53190.5   simsec/sec=0.205121   ev/simsec=259313
     Messages:  created: 55720510   present: 7359   in FES: 126
** Event #42098688   t=469.74640193246   Elapsed: 879.386s (14m 39s)  93% completed  (96% total)
     Speed:     ev/sec=54975.5   simsec/sec=0.227498   ev/simsec=241653
     Messages:  created: 55871254   present: 7491   in FES: 154
** Event #42212608   t=470.195029279961   Elapsed: 881.388s (14m 41s)  94% completed  (97% total)
     Speed:     ev/sec=56906.2   simsec/sec=0.224102   ev/simsec=253930
     Messages:  created: 56026707   present: 7452   in FES: 156
** Event #42312704   t=470.606544273265   Elapsed: 883.389s (14m 43s)  94% completed  (97% total)
     Speed:     ev/sec=50028.2   simsec/sec=0.205676   ev/simsec=243238
     Messages:  created: 56163105   present: 7466   in FES: 125
** Event #42420992   t=471.028361266348   Elapsed: 885.39s (14m 45s)  94% completed  (97% total)
     Speed:     ev/sec=54128.8   simsec/sec=0.210849   ev/simsec=256718
     Messages:  created: 56311974   present: 7587   in FES: 165
** Event #42537216   t=471.506123370011   Elapsed: 887.394s (14m 47s)  94% completed  (97% total)
     Speed:     ev/sec=57988.1   simsec/sec=0.238372   ev/simsec=243268
     Messages:  created: 56470924   present: 7614   in FES: 154
** Event #42649600   t=471.951414900022   Elapsed: 889.398s (14m 49s)  94% completed  (97% total)
     Speed:     ev/sec=56083.7   simsec/sec=0.222217   ev/simsec=252383
     Messages:  created: 56624328   present: 7627   in FES: 154
** Event #42761984   t=472.397930377012   Elapsed: 891.399s (14m 51s)  94% completed  (97% total)
     Speed:     ev/sec=56149.8   simsec/sec=0.22309   ev/simsec=251691
     Messages:  created: 56777675   present: 7680   in FES: 154
** Event #42872832   t=472.855311313565   Elapsed: 893.399s (14m 53s)  94% completed  (97% total)
     Speed:     ev/sec=55420.6   simsec/sec=0.228677   ev/simsec=242354
     Messages:  created: 56928863   present: 7693   in FES: 165
** Event #42968320   t=473.229775450632   Elapsed: 895.404s (14m 55s)  94% completed  (97% total)
     Speed:     ev/sec=47642.4   simsec/sec=0.186834   ev/simsec=254999
     Messages:  created: 57058676   present: 7700   in FES: 164
** Event #43057664   t=473.590829920477   Elapsed: 897.407s (14m 57s)  94% completed  (97% total)
     Speed:     ev/sec=44605.9   simsec/sec=0.18026   ev/simsec=247453
     Messages:  created: 57180195   present: 7738   in FES: 156
** Event #43155712   t=473.986761704987   Elapsed: 899.407s (14m 59s)  94% completed  (97% total)
     Speed:     ev/sec=49017.7   simsec/sec=0.19794   ev/simsec=247639
     Messages:  created: 57315360   present: 7783   in FES: 165
** Event #43268096   t=474.416618732185   Elapsed: 901.41s (15m 01s)  94% completed  (97% total)
     Speed:     ev/sec=56118.6   simsec/sec=0.214648   ev/simsec=261445
     Messages:  created: 57468479   present: 7823   in FES: 165
** Event #43376384   t=474.866953803488   Elapsed: 903.41s (15m 03s)  94% completed  (97% total)
     Speed:     ev/sec=54123.3   simsec/sec=0.225081   ev/simsec=240461
     Messages:  created: 57616087   present: 7849   in FES: 165
** Event #43476736   t=475.255807354534   Elapsed: 905.417s (15m 05s)  95% completed  (97% total)
     Speed:     ev/sec=50010.2   simsec/sec=0.193784   ev/simsec=258071
     Messages:  created: 57752801   present: 7883   in FES: 165
** Event #43586304   t=475.678296078724   Elapsed: 907.418s (15m 07s)  95% completed  (97% total)
     Speed:     ev/sec=54754.8   simsec/sec=0.211132   ev/simsec=259339
     Messages:  created: 57902316   present: 7901   in FES: 146
** Event #43694592   t=476.128814294765   Elapsed: 909.419s (15m 09s)  95% completed  (97% total)
     Speed:     ev/sec=54127.8   simsec/sec=0.225192   ev/simsec=240363
     Messages:  created: 58049991   present: 7965   in FES: 156
** Event #43801856   t=476.545903503526   Elapsed: 911.421s (15m 11s)  95% completed  (97% total)
     Speed:     ev/sec=53568.7   simsec/sec=0.208298   ev/simsec=257173
     Messages:  created: 58197052   present: 7982   in FES: 148
** Event #43906304   t=476.98963704636   Elapsed: 913.422s (15m 13s)  95% completed  (97% total)
     Speed:     ev/sec=52199.3   simsec/sec=0.221762   ev/simsec=235385
     Messages:  created: 58340325   present: 8032   in FES: 154
** Event #44015872   t=477.411320463806   Elapsed: 915.427s (15m 15s)  95% completed  (97% total)
     Speed:     ev/sec=54652.3   simsec/sec=0.210335   ev/simsec=259835
     Messages:  created: 58489834   present: 8039   in FES: 165
** Event #44119552   t=477.847167621746   Elapsed: 917.429s (15m 17s)  95% completed  (97% total)
     Speed:     ev/sec=51790.4   simsec/sec=0.217715   ev/simsec=237882
     Messages:  created: 58631029   present: 8071   in FES: 151
** Event #44232704   t=478.275682047533   Elapsed: 919.429s (15m 19s)  95% completed  (97% total)
     Speed:     ev/sec=56574.5   simsec/sec=0.214251   ev/simsec=264056
     Messages:  created: 58785426   present: 8135   in FES: 156
** Event #44343040   t=478.731629816569   Elapsed: 921.431s (15m 21s)  95% completed  (97% total)
     Speed:     ev/sec=55094.4   simsec/sec=0.22767   ev/simsec=241993
     Messages:  created: 58936277   present: 8102   in FES: 165
** Event #44447744   t=479.139512787726   Elapsed: 923.434s (15m 23s)  95% completed  (97% total)
     Speed:     ev/sec=52292.5   simsec/sec=0.20371   ev/simsec=256701
     Messages:  created: 59079061   present: 8178   in FES: 152
** Event #44550656   t=479.541474581618   Elapsed: 925.437s (15m 25s)  95% completed  (97% total)
     Speed:     ev/sec=51371.2   simsec/sec=0.20065   ev/simsec=256024
     Messages:  created: 59220091   present: 8212   in FES: 156
** Event #44664832   t=480.01535816898   Elapsed: 927.44s (15m 27s)  96% completed  (98% total)
     Speed:     ev/sec=56993.1   simsec/sec=0.236548   ev/simsec=240937
     Messages:  created: 59376652   present: 8235   in FES: 141
** Event #44762880   t=480.403189437238   Elapsed: 929.443s (15m 29s)  96% completed  (98% total)
     Speed:     ev/sec=48949   simsec/sec=0.193619   ev/simsec=252811
     Messages:  created: 59510566   present: 8206   in FES: 137
** Event #44858624   t=480.778975005792   Elapsed: 931.446s (15m 31s)  96% completed  (98% total)
     Speed:     ev/sec=47817.6   simsec/sec=0.187679   ev/simsec=254784
     Messages:  created: 59640726   present: 8301   in FES: 156
** Event #44973312   t=481.248352194212   Elapsed: 933.447s (15m 33s)  96% completed  (98% total)
     Speed:     ev/sec=57308   simsec/sec=0.234541   ev/simsec=244341
     Messages:  created: 59797206   present: 8344   in FES: 165
** Event #45074432   t=481.643249957188   Elapsed: 935.45s (15m 35s)  96% completed  (98% total)
     Speed:     ev/sec=50493.3   simsec/sec=0.197188   ev/simsec=256066
     Messages:  created: 59934917   present: 8310   in FES: 140
** Event #45187840   t=482.109140443779   Elapsed: 937.454s (15m 37s)  96% completed  (98% total)
     Speed:     ev/sec=56581.9   simsec/sec=0.232444   ev/simsec=243422
     Messages:  created: 60089894   present: 8357   in FES: 143
** Event #45296896   t=482.534160269452   Elapsed: 939.455s (15m 39s)  96% completed  (98% total)
     Speed:     ev/sec=54490   simsec/sec=0.212362   ev/simsec=256590
     Messages:  created: 60239952   present: 8461   in FES: 155
** Event #45405440   t=482.989041477563   Elapsed: 941.459s (15m 41s)  96% completed  (98% total)
     Speed:     ev/sec=54161.4   simsec/sec=0.226977   ev/simsec=238621
     Messages:  created: 60388424   present: 8484   in FES: 160
** Event #45505280   t=483.3798575575   Elapsed: 943.464s (15m 43s)  96% completed  (98% total)
     Speed:     ev/sec=49804.4   simsec/sec=0.194956   ev/simsec=255465
     Messages:  created: 60524480   present: 8516   in FES: 153
** Event #45616640   t=483.839195125475   Elapsed: 945.471s (15m 45s)  96% completed  (98% total)
     Speed:     ev/sec=55479.5   simsec/sec=0.228842   ev/simsec=242436
     Messages:  created: 60676747   present: 8513   in FES: 165
** Event #45734144   t=484.280880749507   Elapsed: 947.474s (15m 47s)  96% completed  (98% total)
     Speed:     ev/sec=58682.4   simsec/sec=0.220581   ev/simsec=266035
     Messages:  created: 60837074   present: 8569   in FES: 165
** Event #45826048   t=484.65288298923   Elapsed: 949.478s (15m 49s)  96% completed  (98% total)
     Speed:     ev/sec=45862   simsec/sec=0.185637   ev/simsec=247052
     Messages:  created: 60962572   present: 8543   in FES: 129
** Event #45925888   t=485.055292431398   Elapsed: 951.481s (15m 51s)  97% completed  (98% total)
     Speed:     ev/sec=49840.3   simsec/sec=0.200884   ev/simsec=248106
     Messages:  created: 61099309   present: 8569   in FES: 151
** Event #46032384   t=485.496665459072   Elapsed: 953.482s (15m 53s)  97% completed  (98% total)
     Speed:     ev/sec=53203.3   simsec/sec=0.220501   ev/simsec=241283
     Messages:  created: 61245389   present: 8624   in FES: 136
** Event #46147584   t=485.948897701331   Elapsed: 955.485s (15m 55s)  97% completed  (98% total)
     Speed:     ev/sec=57526.7   simsec/sec=0.225828   ev/simsec=254736
     Messages:  created: 61402926   present: 8651   in FES: 147
** Event #46263040   t=486.403982964893   Elapsed: 957.486s (15m 57s)  97% completed  (98% total)
     Speed:     ev/sec=57703.7   simsec/sec=0.227447   ev/simsec=253702
     Messages:  created: 61560452   present: 8732   in FES: 154
** Event #46368000   t=486.783876525353   Elapsed: 959.486s (15m 59s)  97% completed  (98% total)
     Speed:     ev/sec=52469.7   simsec/sec=0.189909   ev/simsec=276288
     Messages:  created: 61703640   present: 8786   in FES: 176
** Event #46469120   t=487.192662214356   Elapsed: 961.489s (16m 01s)  97% completed  (98% total)
     Speed:     ev/sec=50493.3   simsec/sec=0.204123   ev/simsec=247367
     Messages:  created: 61841187   present: 8748   in FES: 163
** Event #46554880   t=487.532109097371   Elapsed: 963.49s (16m 03s)  97% completed  (98% total)
     Speed:     ev/sec=42849.5   simsec/sec=0.169603   ev/simsec=252646
     Messages:  created: 61958940   present: 8857   in FES: 163
** Event #46662912   t=487.987420922885   Elapsed: 965.494s (16m 05s)  97% completed  (98% total)
     Speed:     ev/sec=53906.9   simsec/sec=0.227196   ev/simsec=237270
     Messages:  created: 62107449   present: 8861   in FES: 166
** Event #46780160   t=488.445282464316   Elapsed: 967.495s (16m 07s)  97% completed  (98% total)
     Speed:     ev/sec=58595.3   simsec/sec=0.228819   ev/simsec=256077
     Messages:  created: 62267425   present: 8857   in FES: 174
** Event #46876672   t=488.830745512964   Elapsed: 969.501s (16m 09s)  97% completed  (98% total)
     Speed:     ev/sec=48112.5   simsec/sec=0.192158   ev/simsec=250379
     Messages:  created: 62398928   present: 8898   in FES: 174
** Event #46991360   t=489.265608878752   Elapsed: 971.502s (16m 11s)  97% completed  (98% total)
     Speed:     ev/sec=57318.3   simsec/sec=0.217334   ev/simsec=263733
     Messages:  created: 62555251   present: 8958   in FES: 164
** Event #47093504   t=489.667786598827   Elapsed: 973.504s (16m 13s)  97% completed  (98% total)
     Speed:     ev/sec=51026.1   simsec/sec=0.200908   ev/simsec=253977
     Messages:  created: 62694421   present: 8993   in FES: 166
** Event #47193088   t=490.089280632694   Elapsed: 975.509s (16m 15s)  98% completed  (99% total)
     Speed:     ev/sec=49657.6   simsec/sec=0.210178   ev/simsec=236264
     Messages:  created: 62830029   present: 9011   in FES: 165
** Event #47301120   t=490.513818296171   Elapsed: 977.512s (16m 17s)  98% completed  (99% total)
     Speed:     ev/sec=53947.6   simsec/sec=0.212   ev/simsec=254470
     Messages:  created: 62978728   present: 8992   in FES: 145
** Event #47413504   t=490.954857440772   Elapsed: 979.515s (16m 19s)  98% completed  (99% total)
     Speed:     ev/sec=56109.7   simsec/sec=0.220196   ev/simsec=254816
     Messages:  created: 63132520   present: 9022   in FES: 154
** Event #47508736   t=491.350387654897   Elapsed: 981.518s (16m 21s)  98% completed  (99% total)
     Speed:     ev/sec=47532   simsec/sec=0.197416   ev/simsec=240770
     Messages:  created: 63262209   present: 9125   in FES: 172
** Event #47609088   t=491.738839489326   Elapsed: 983.518s (16m 23s)  98% completed  (99% total)
     Speed:     ev/sec=50172   simsec/sec=0.194211   ev/simsec=258338
     Messages:  created: 63399242   present: 9135   in FES: 174
** Event #47715584   t=492.150440653028   Elapsed: 985.526s (16m 25s)  98% completed  (99% total)
     Speed:     ev/sec=53049.6   simsec/sec=0.205034   ev/simsec=258736
     Messages:  created: 63544253   present: 9138   in FES: 153
** Event #47816192   t=492.54795542787   Elapsed: 987.531s (16m 27s)  98% completed  (99% total)
     Speed:     ev/sec=50182.2   simsec/sec=0.198276   ev/simsec=253092
     Messages:  created: 63681926   present: 9155   in FES: 157
** Event #47922688   t=492.986604717224   Elapsed: 989.536s (16m 29s)  98% completed  (99% total)
     Speed:     ev/sec=53107.3   simsec/sec=0.218745   ev/simsec=242782
     Messages:  created: 63828339   present: 9236   in FES: 159
** Event #48036864   t=493.422240703808   Elapsed: 991.538s (16m 31s)  98% completed  (99% total)
     Speed:     ev/sec=57038.1   simsec/sec=0.217627   ev/simsec=262090
     Messages:  created: 63983927   present: 9274   in FES: 163
** Event #48136192   t=493.846025837667   Elapsed: 993.538s (16m 33s)  98% completed  (99% total)
     Speed:     ev/sec=49653.5   simsec/sec=0.211848   ev/simsec=234383
     Messages:  created: 64119237   present: 8773   in FES: 164
** Event #48239872   t=494.244064251412   Elapsed: 995.544s (16m 35s)  98% completed  (99% total)
     Speed:     ev/sec=51697.1   simsec/sec=0.198471   ev/simsec=260477
     Messages:  created: 64260398   present: 8856   in FES: 162
** Event #48334336   t=494.622468218275   Elapsed: 997.549s (16m 37s)  98% completed  (99% total)
     Speed:     ev/sec=47121.2   simsec/sec=0.188758   ev/simsec=249638
     Messages:  created: 64389454   present: 6841   in FES: 169
** Event #48431360   t=495.011847207439   Elapsed: 999.549s (16m 39s)  99% completed  (99% total)
     Speed:     ev/sec=48503.6   simsec/sec=0.194656   ev/simsec=249176
     Messages:  created: 64522887   present: 4840   in FES: 166
** Event #48534528   t=495.414631056078   Elapsed: 1001.55s (16m 41s)  99% completed  (99% total)
     Speed:     ev/sec=51468.4   simsec/sec=0.200941   ev/simsec=256137
     Messages:  created: 64663682   present: 4835   in FES: 156
** Event #48631552   t=495.828431693678   Elapsed: 1003.56s (16m 43s)  99% completed  (99% total)
     Speed:     ev/sec=48448.3   simsec/sec=0.206629   ev/simsec=234470
     Messages:  created: 64795841   present: 4819   in FES: 156
** Event #48729600   t=496.196779285406   Elapsed: 1005.56s (16m 45s)  99% completed  (99% total)
     Speed:     ev/sec=49016.6   simsec/sec=0.184146   ev/simsec=266183
     Messages:  created: 64929354   present: 4852   in FES: 154
** Event #48829184   t=496.607610564228   Elapsed: 1007.56s (16m 47s)  99% completed  (99% total)
     Speed:     ev/sec=49741.8   simsec/sec=0.205209   ev/simsec=242396
     Messages:  created: 65065323   present: 4930   in FES: 156
** Event #48939008   t=497.032178701766   Elapsed: 1009.56s (16m 49s)  99% completed  (99% total)
     Speed:     ev/sec=54890.4   simsec/sec=0.212201   ev/simsec=258672
     Messages:  created: 65216118   present: 4992   in FES: 156
** Event #49051904   t=497.499941184828   Elapsed: 1011.56s (16m 51s)  99% completed  (99% total)
     Speed:     ev/sec=56393.4   simsec/sec=0.233655   ev/simsec=241353
     Messages:  created: 65370749   present: 4998   in FES: 154
** Event #49137664   t=497.850009746214   Elapsed: 1013.56s (16m 53s)  99% completed  (99% total)
     Speed:     ev/sec=42855.7   simsec/sec=0.174935   ev/simsec=244981
     Messages:  created: 65487703   present: 5023   in FES: 165
** Event #49234176   t=498.226794640333   Elapsed: 1015.57s (16m 55s)  99% completed  (99% total)
     Speed:     ev/sec=48056.7   simsec/sec=0.187614   ev/simsec=256146
     Messages:  created: 65618967   present: 4928   in FES: 139
** Event #49326080   t=498.598441999904   Elapsed: 1017.57s (16m 57s)  99% completed  (99% total)
     Speed:     ev/sec=45931.6   simsec/sec=0.185741   ev/simsec=247288
     Messages:  created: 65744544   present: 5089   in FES: 152
** Event #49432064   t=499.01348064328   Elapsed: 1019.57s (16m 59s)  99% completed  (99% total)
     Speed:     ev/sec=52970.7   simsec/sec=0.207436   ev/simsec=255359
     Messages:  created: 65890337   present: 5133   in FES: 154
** Event #49538048   t=499.42882837792   Elapsed: 1021.57s (17m 01s)  99% completed  (99% total)
     Speed:     ev/sec=52949.1   simsec/sec=0.207506   ev/simsec=255169
     Messages:  created: 66035057   present: 5085   in FES: 128
** Event #49648128   t=499.881970629181   Elapsed: 1023.58s (17m 03s)  99% completed  (99% total)
     Speed:     ev/sec=54931.3   simsec/sec=0.226124   ev/simsec=242926
     Messages:  created: 66185347   present: 5208   in FES: 157
** Event #49676477   t=500   Elapsed: 1024.08s (17m 04s)  100% completed  (100% total)
     Speed:     ev/sec=56241.6   simsec/sec=0.23382   ev/simsec=240534
     Messages:  created: 66224409   present: 5217   in FES: 154

<!> Simulation time limit reached -- at t=500s, event #49676477
undisposed object: (omnetpp::cMessage) FanetSarNetwork.groundStation.app.debugTimer -- check module destructor
undisposed object: (omnetpp::cMessage) FanetSarNetwork.uav[0].app.debugTimer -- check module destructor
undisposed object: (omnetpp::cMessage) FanetSarNetwork.uav[1].app.debugTimer -- check module destructor
undisposed object: (omnetpp::cMessage) FanetSarNetwork.uav[2].app.debugTimer -- check module destructor
undisposed object: (omnetpp::cMessage) FanetSarNetwork.uav[3].app.debugTimer -- check module destructor
undisposed object: (omnetpp::cMessage) FanetSarNetwork.uav[4].app.debugTimer -- check module destructor
undisposed object: (omnetpp::cMessage) FanetSarNetwork.uav[5].app.debugTimer -- check module destructor
undisposed object: (omnetpp::cMessage) FanetSarNetwork.uav[6].app.debugTimer -- check module destructor
undisposed object: (omnetpp::cMessage) FanetSarNetwork.uav[7].app.debugTimer -- check module destructor
undisposed object: (omnetpp::cMessage) FanetSarNetwork.uav[8].app.debugTimer -- check module destructor
undisposed object: (omnetpp::cMessage) FanetSarNetwork.uav[9].app.debugTimer -- check module destructor
undisposed object: (omnetpp::cMessage) FanetSarNetwork.uav[10].app.debugTimer -- check module destructor
undisposed object: (omnetpp::cMessage) FanetSarNetwork.uav[11].app.debugTimer -- check module destructor
undisposed object: (omnetpp::cMessage) FanetSarNetwork.uav[12].app.debugTimer -- check module destructor
undisposed object: (omnetpp::cMessage) FanetSarNetwork.uav[13].app.debugTimer -- check module destructor
undisposed object: (omnetpp::cMessage) FanetSarNetwork.uav[14].app.debugTimer -- check module destructor
undisposed object: (omnetpp::cMessage) FanetSarNetwork.uav[15].app.debugTimer -- check module destructor
undisposed object: (omnetpp::cMessage) FanetSarNetwork.uav[16].app.debugTimer -- check module destructor
undisposed object: (omnetpp::cMessage) FanetSarNetwork.uav[17].app.debugTimer -- check module destructor
undisposed object: (omnetpp::cMessage) FanetSarNetwork.uav[18].app.debugTimer -- check module destructor
undisposed object: (omnetpp::cMessage) FanetSarNetwork.uav[19].app.debugTimer -- check module destructor
undisposed object: (omnetpp::cMessage) FanetSarNetwork.uav[20].app.debugTimer -- check module destructor
undisposed object: (omnetpp::cMessage) FanetSarNetwork.uav[21].app.debugTimer -- check module destructor
undisposed object: (omnetpp::cMessage) FanetSarNetwork.uav[22].app.debugTimer -- check module destructor
undisposed object: (omnetpp::cMessage) FanetSarNetwork.uav[23].app.debugTimer -- check module destructor
undisposed object: (omnetpp::cMessage) FanetSarNetwork.uav[24].app.debugTimer -- check module destructor
undisposed object: (omnetpp::cMessage) FanetSarNetwork.uav[25].app.debugTimer -- check module destructor
undisposed object: (omnetpp::cMessage) FanetSarNetwork.uav[26].app.debugTimer -- check module destructor
undisposed object: (omnetpp::cMessage) FanetSarNetwork.uav[27].app.debugTimer -- check module destructor
undisposed object: (omnetpp::cMessage) FanetSarNetwork.uav[28].app.debugTimer -- check module destructor
undisposed object: (omnetpp::cMessage) FanetSarNetwork.uav[29].app.debugTimer -- check module destructor
