** Event #0   t=0   Elapsed: 8e-06s (0m 00s)  0% completed  (50% total)
     Speed:     ev/sec=0   simsec/sec=0   ev/simsec=0
     Messages:  created: 1178   present: 1178   in FES: 186
** Event #49152   t=5.519730556704   Elapsed: 2.01065s (0m 02s)  1% completed  (50% total)
     Speed:     ev/sec=24446.4   simsec/sec=2.74525   ev/simsec=8904.96
     Messages:  created: 44346   present: 1174   in FES: 135
** Event #96768   t=11.055239518238   Elapsed: 4.01213s (0m 04s)  2% completed  (51% total)
     Speed:     ev/sec=23790.4   simsec/sec=2.76571   ev/simsec=8601.92
     Messages:  created: 86030   present: 1195   in FES: 154
** Event #143104   t=16.508623523068   Elapsed: 6.02801s (0m 06s)  3% completed  (51% total)
     Speed:     ev/sec=22985.6   simsec/sec=2.70522   ev/simsec=8496.74
     Messages:  created: 125779   present: 1200   in FES: 154
** Event #187904   t=21.512176592047   Elapsed: 8.03527s (0m 08s)  4% completed  (52% total)
     Speed:     ev/sec=22319   simsec/sec=2.49273   ev/simsec=8953.64
     Messages:  created: 164408   present: 1216   in FES: 147
** Event #237824   t=27.081827701955   Elapsed: 10.0417s (0m 10s)  5% completed  (52% total)
     Speed:     ev/sec=24879.5   simsec/sec=2.77584   ev/simsec=8962.86
     Messages:  created: 207123   present: 1192   in FES: 154
** Event #279296   t=31.94085599343   Elapsed: 12.0554s (0m 12s)  6% completed  (53% total)
     Speed:     ev/sec=20595.7   simsec/sec=2.41307   ev/simsec=8535.04
     Messages:  created: 242002   present: 1116   in FES: 122
** Event #322816   t=36.513163509818   Elapsed: 14.0711s (0m 14s)  7% completed  (53% total)
     Speed:     ev/sec=21589.7   simsec/sec=2.26826   ev/simsec=9518.17
     Messages:  created: 278577   present: 1223   in FES: 149
** Event #365312   t=41.048034844253   Elapsed: 16.078s (0m 16s)  8% completed  (54% total)
     Speed:     ev/sec=21175.5   simsec/sec=2.2597   ev/simsec=9370.94
     Messages:  created: 314016   present: 1154   in FES: 135
** Event #409344   t=46.011169619131   Elapsed: 18.0816s (0m 18s)  9% completed  (54% total)
     Speed:     ev/sec=21976   simsec/sec=2.47705   ev/simsec=8871.81
     Messages:  created: 351106   present: 1213   in FES: 154
** Event #451584   t=50.509163719923   Elapsed: 20.1015s (0m 20s)  10% completed  (55% total)
     Speed:     ev/sec=20912.1   simsec/sec=2.22686   ev/simsec=9390.85
     Messages:  created: 385843   present: 1277   in FES: 175
** Event #489728   t=54.514109009398   Elapsed: 22.103s (0m 22s)  10% completed  (55% total)
     Speed:     ev/sec=19058.1   simsec/sec=2.00101   ev/simsec=9524.22
     Messages:  created: 417792   present: 1324   in FES: 186
** Event #528128   t=58.547273691187   Elapsed: 24.1104s (0m 24s)  11% completed  (55% total)
     Speed:     ev/sec=19130.1   simsec/sec=2.00924   ev/simsec=9521.06
     Messages:  created: 449868   present: 1197   in FES: 150
** Event #572416   t=63.523801927069   Elapsed: 26.13s (0m 26s)  12% completed  (56% total)
     Speed:     ev/sec=21928.2   simsec/sec=2.46402   ev/simsec=8899.38
     Messages:  created: 487226   present: 1218   in FES: 151
** Event #609024   t=67.54691151882   Elapsed: 28.132s (0m 28s)  13% completed  (56% total)
     Speed:     ev/sec=18285.5   simsec/sec=2.00952   ev/simsec=9099.43
     Messages:  created: 517902   present: 1207   in FES: 152
** Event #649984   t=72.060008468309   Elapsed: 30.1381s (0m 30s)  14% completed  (57% total)
     Speed:     ev/sec=20417.9   simsec/sec=2.24971   ev/simsec=9075.81
     Messages:  created: 552180   present: 1208   in FES: 153
** Event #690944   t=76.566057572482   Elapsed: 32.1605s (0m 32s)  15% completed  (57% total)
     Speed:     ev/sec=20253.5   simsec/sec=2.2281   ev/simsec=9090
     Messages:  created: 586556   present: 1156   in FES: 135
** Event #734976   t=81.553085039302   Elapsed: 34.1659s (0m 34s)  16% completed  (58% total)
     Speed:     ev/sec=21956.8   simsec/sec=2.4868   ev/simsec=8829.31
     Messages:  created: 623770   present: 1147   in FES: 132
** Event #780288   t=86.566056545564   Elapsed: 36.1853s (0m 36s)  17% completed  (58% total)
     Speed:     ev/sec=22437.4   simsec/sec=2.4823   ev/simsec=9038.95
     Messages:  created: 662026   present: 1201   in FES: 150
** Event #823296   t=91.519368643488   Elapsed: 38.1942s (0m 38s)  18% completed  (59% total)
     Speed:     ev/sec=21408.6   simsec/sec=2.46567   ev/simsec=8682.68
     Messages:  created: 698355   present: 1139   in FES: 124
** Event #862720   t=96.008450260235   Elapsed: 40.2005s (0m 40s)  19% completed  (59% total)
     Speed:     ev/sec=19650.4   simsec/sec=2.23753   ev/simsec=8782.2
     Messages:  created: 731554   present: 1165   in FES: 136
** Event #908288   t=100.514105097031   Elapsed: 42.2123s (0m 42s)  20% completed  (60% total)
     Speed:     ev/sec=22650.5   simsec/sec=2.23962   ev/simsec=10113.5
     Messages:  created: 772406   present: 1298   in FES: 191
** Event #969984   t=102.192029589061   Elapsed: 44.2145s (0m 44s)  20% completed  (60% total)
     Speed:     ev/sec=30814.8   simsec/sec=0.83806   ev/simsec=36769.2
     Messages:  created: 845763   present: 1260   in FES: 166
** Event #1027840   t=103.71459921336   Elapsed: 46.2153s (0m 46s)  20% completed  (60% total)
     Speed:     ev/sec=28915.3   simsec/sec=0.760951   ev/simsec=37998.9
     Messages:  created: 916541   present: 1335   in FES: 164
** Event #1091328   t=105.393886530037   Elapsed: 48.2189s (0m 48s)  21% completed  (60% total)
     Speed:     ev/sec=31686.8   simsec/sec=0.838131   ev/simsec=37806.5
     Messages:  created: 994209   present: 1459   in FES: 174
** Event #1147392   t=105.56470076807   Elapsed: 50.2226s (0m 50s)  21% completed  (60% total)
     Speed:     ev/sec=27981.5   simsec/sec=0.0852533   ev/simsec=328216
     Messages:  created: 1069462   present: 1498   in FES: 165
** Event #1207808   t=105.999324479882   Elapsed: 52.2242s (0m 52s)  21% completed  (60% total)
     Speed:     ev/sec=30183.3   simsec/sec=0.217134   ev/simsec=139008
     Messages:  created: 1152000   present: 1534   in FES: 180
** Event #1267712   t=106.517105574578   Elapsed: 54.2272s (0m 54s)  21% completed  (60% total)
     Speed:     ev/sec=29907.5   simsec/sec=0.258506   ev/simsec=115694
     Messages:  created: 1230941   present: 1615   in FES: 188
** Event #1330432   t=107.084798428781   Elapsed: 56.2348s (0m 56s)  21% completed  (60% total)
     Speed:     ev/sec=31240.3   simsec/sec=0.282763   ev/simsec=110482
     Messages:  created: 1313446   present: 1591   in FES: 180
** Event #1392128   t=107.63162476189   Elapsed: 58.2365s (0m 58s)  21% completed  (60% total)
     Speed:     ev/sec=30823.1   simsec/sec=0.273192   ev/simsec=112826
     Messages:  created: 1395552   present: 1583   in FES: 149
** Event #1456640   t=108.243868683432   Elapsed: 60.2404s (1m 00s)  21% completed  (60% total)
     Speed:     ev/sec=32193   simsec/sec=0.305525   ev/simsec=105370
     Messages:  created: 1481507   present: 1590   in FES: 156
** Event #1514752   t=108.754108848813   Elapsed: 62.2435s (1m 02s)  21% completed  (60% total)
     Speed:     ev/sec=29009.8   simsec/sec=0.254715   ev/simsec=113891
     Messages:  created: 1558931   present: 1510   in FES: 163
** Event #1578240   t=109.358506023851   Elapsed: 64.2459s (1m 04s)  21% completed  (60% total)
     Speed:     ev/sec=31706.7   simsec/sec=0.301843   ev/simsec=105044
     Messages:  created: 1643489   present: 1517   in FES: 190
** Event #1633280   t=109.859935796635   Elapsed: 66.252s (1m 06s)  21% completed  (60% total)
     Speed:     ev/sec=27436.1   simsec/sec=0.24995   ev/simsec=109766
     Messages:  created: 1716583   present: 1560   in FES: 172
** Event #1695488   t=110.447648442698   Elapsed: 68.2523s (1m 08s)  22% completed  (61% total)
     Speed:     ev/sec=31099.3   simsec/sec=0.293812   ev/simsec=105848
     Messages:  created: 1799423   present: 1661   in FES: 190
** Event #1752064   t=110.953373554896   Elapsed: 70.2532s (1m 10s)  22% completed  (61% total)
     Speed:     ev/sec=28275.7   simsec/sec=0.252753   ev/simsec=111871
     Messages:  created: 1874865   present: 1651   in FES: 162
** Event #1816064   t=111.503258380162   Elapsed: 72.2543s (1m 12s)  22% completed  (61% total)
     Speed:     ev/sec=31981.5   simsec/sec=0.274783   ev/simsec=116388
     Messages:  created: 1960200   present: 1782   in FES: 170
** Event #1871360   t=111.994345227985   Elapsed: 74.2573s (1m 14s)  22% completed  (61% total)
     Speed:     ev/sec=27606.6   simsec/sec=0.245176   ev/simsec=112599
     Messages:  created: 2033642   present: 1829   in FES: 190
** Event #1930496   t=112.511165184917   Elapsed: 76.2609s (1m 16s)  22% completed  (61% total)
     Speed:     ev/sec=29514.8   simsec/sec=0.257945   ev/simsec=114423
     Messages:  created: 2111884   present: 1800   in FES: 146
** Event #1986048   t=113.011727847497   Elapsed: 78.266s (1m 18s)  22% completed  (61% total)
     Speed:     ev/sec=27705.7   simsec/sec=0.249648   ev/simsec=110979
     Messages:  created: 2185558   present: 1913   in FES: 163
** Event #2043904   t=113.518416944121   Elapsed: 80.268s (1m 20s)  22% completed  (61% total)
     Speed:     ev/sec=28899.1   simsec/sec=0.253091   ev/simsec=114184
     Messages:  created: 2261726   present: 1945   in FES: 172
** Event #2100224   t=114.022754950619   Elapsed: 82.2732s (1m 22s)  22% completed  (61% total)
     Speed:     ev/sec=28087.2   simsec/sec=0.251517   ev/simsec=111671
     Messages:  created: 2336888   present: 1515   in FES: 174
** Event #2156032   t=114.522867591633   Elapsed: 84.2892s (1m 24s)  22% completed  (61% total)
     Speed:     ev/sec=27682.1   simsec/sec=0.248068   ev/simsec=111591
     Messages:  created: 2410063   present: 1553   in FES: 156
** Event #2214912   t=115.034442210454   Elapsed: 86.2989s (1m 26s)  23% completed  (61% total)
     Speed:     ev/sec=29298.7   simsec/sec=0.25456   ev/simsec=115096
     Messages:  created: 2488506   present: 1614   in FES: 147
** Event #2272000   t=115.53645813997   Elapsed: 88.3054s (1m 28s)  23% completed  (61% total)
     Speed:     ev/sec=28451.9   simsec/sec=0.250198   ev/simsec=113718
     Messages:  created: 2563173   present: 1651   in FES: 142
** Event #2337536   t=116.19867267876   Elapsed: 90.3125s (1m 30s)  23% completed  (61% total)
     Speed:     ev/sec=32651.2   simsec/sec=0.329927   ev/simsec=98964.9
     Messages:  created: 2649293   present: 1736   in FES: 154
** Event #2389504   t=116.619009977407   Elapsed: 92.3145s (1m 32s)  23% completed  (61% total)
     Speed:     ev/sec=25957.7   simsec/sec=0.209956   ev/simsec=123634
     Messages:  created: 2717959   present: 1812   in FES: 154
** Event #2452224   t=117.208410348819   Elapsed: 94.3213s (1m 34s)  23% completed  (61% total)
     Speed:     ev/sec=31254.9   simsec/sec=0.293712   ev/simsec=106413
     Messages:  created: 2800955   present: 1868   in FES: 154
** Event #2502912   t=117.695213851533   Elapsed: 96.3292s (1m 36s)  23% completed  (61% total)
     Speed:     ev/sec=25244   simsec/sec=0.242442   ev/simsec=104124
     Messages:  created: 2868109   present: 1867   in FES: 155
** Event #2564608   t=118.235650036096   Elapsed: 98.3371s (1m 38s)  23% completed  (61% total)
     Speed:     ev/sec=30725.9   simsec/sec=0.269149   ev/simsec=114160
     Messages:  created: 2949685   present: 1865   in FES: 156
** Event #2612992   t=118.622419368108   Elapsed: 100.337s (1m 40s)  23% completed  (61% total)
     Speed:     ev/sec=24188.8   simsec/sec=0.193359   ev/simsec=125098
     Messages:  created: 3013302   present: 1993   in FES: 158
** Event #2682368   t=119.262780930818   Elapsed: 102.345s (1m 42s)  23% completed  (61% total)
     Speed:     ev/sec=34564.9   simsec/sec=0.319045   ev/simsec=108339
     Messages:  created: 3105254   present: 2010   in FES: 154
** Event #2729216   t=119.70385800469   Elapsed: 104.345s (1m 44s)  23% completed  (61% total)
     Speed:     ev/sec=23414.2   simsec/sec=0.220446   ev/simsec=106213
     Messages:  created: 3166449   present: 2109   in FES: 154
** Event #2795520   t=120.267497115319   Elapsed: 106.349s (1m 46s)  24% completed  (62% total)
     Speed:     ev/sec=33097.4   simsec/sec=0.281356   ev/simsec=117636
     Messages:  created: 3254291   present: 2143   in FES: 155
** Event #2847232   t=120.746807641452   Elapsed: 108.354s (1m 48s)  24% completed  (62% total)
     Speed:     ev/sec=25785.8   simsec/sec=0.239005   ev/simsec=107888
     Messages:  created: 3322253   present: 2228   in FES: 163
** Event #2921216   t=121.450615351144   Elapsed: 110.356s (1m 50s)  24% completed  (62% total)
     Speed:     ev/sec=36956.5   simsec/sec=0.351566   ev/simsec=105120
     Messages:  created: 3420614   present: 2275   in FES: 154
** Event #2976768   t=121.949259914378   Elapsed: 112.361s (1m 52s)  24% completed  (62% total)
     Speed:     ev/sec=27705   simsec/sec=0.248685   ev/simsec=111406
     Messages:  created: 3493788   present: 2332   in FES: 154
** Event #3044096   t=122.515907737503   Elapsed: 114.369s (1m 54s)  24% completed  (62% total)
     Speed:     ev/sec=33531.3   simsec/sec=0.282207   ev/simsec=118818
     Messages:  created: 3582718   present: 2374   in FES: 172
** Event #3105536   t=123.029563258438   Elapsed: 116.371s (1m 56s)  24% completed  (62% total)
     Speed:     ev/sec=30685.8   simsec/sec=0.256542   ev/simsec=119613
     Messages:  created: 3663305   present: 2413   in FES: 135
** Event #3165952   t=123.580954903155   Elapsed: 118.383s (1m 58s)  24% completed  (62% total)
     Speed:     ev/sec=30030.4   simsec/sec=0.274075   ev/simsec=109570
     Messages:  created: 3741435   present: 2463   in FES: 154
** Event #3230464   t=124.195034702624   Elapsed: 120.383s (2m 00s)  24% completed  (62% total)
     Speed:     ev/sec=32252   simsec/sec=0.307001   ev/simsec=105055
     Messages:  created: 3826385   present: 2523   in FES: 155
** Event #3281152   t=124.612285774958   Elapsed: 122.389s (2m 02s)  24% completed  (62% total)
     Speed:     ev/sec=25267.5   simsec/sec=0.207995   ev/simsec=121481
     Messages:  created: 3892884   present: 2588   in FES: 146
** Event #3343872   t=125.198960820304   Elapsed: 124.395s (2m 04s)  25% completed  (62% total)
     Speed:     ev/sec=31269.1   simsec/sec=0.292487   ev/simsec=106908
     Messages:  created: 3975635   present: 2662   in FES: 155
** Event #3400448   t=125.705572638918   Elapsed: 126.404s (2m 06s)  25% completed  (62% total)
     Speed:     ev/sec=28167.7   simsec/sec=0.252228   ev/simsec=111675
     Messages:  created: 4050557   present: 2693   in FES: 156
** Event #3471104   t=126.363511058725   Elapsed: 128.408s (2m 08s)  25% completed  (62% total)
     Speed:     ev/sec=35252.6   simsec/sec=0.328267   ev/simsec=107390
     Messages:  created: 4144467   present: 2749   in FES: 149
** Event #3533056   t=126.986741404416   Elapsed: 130.419s (2m 10s)  25% completed  (62% total)
     Speed:     ev/sec=30804   simsec/sec=0.309885   ev/simsec=99404.7
     Messages:  created: 4227010   present: 2809   in FES: 154
** Event #3598080   t=127.530435557754   Elapsed: 132.423s (2m 12s)  25% completed  (62% total)
     Speed:     ev/sec=32450.3   simsec/sec=0.271332   ev/simsec=119597
     Messages:  created: 4312503   present: 2887   in FES: 133
** Event #3669504   t=128.269249541218   Elapsed: 134.429s (2m 14s)  25% completed  (62% total)
     Speed:     ev/sec=35598.7   simsec/sec=0.368235   ev/simsec=96673.9
     Messages:  created: 4407717   present: 2982   in FES: 155
** Event #3739136   t=129.002843144695   Elapsed: 136.431s (2m 16s)  25% completed  (62% total)
     Speed:     ev/sec=34792.9   simsec/sec=0.366554   ev/simsec=94919
     Messages:  created: 4501044   present: 3092   in FES: 166
** Event #3805440   t=129.697089478468   Elapsed: 138.441s (2m 18s)  25% completed  (62% total)
     Speed:     ev/sec=32975.4   simsec/sec=0.345274   ev/simsec=95505
     Messages:  created: 4588055   present: 3114   in FES: 166
** Event #3884032   t=130.497582928562   Elapsed: 140.445s (2m 20s)  26% completed  (63% total)
     Speed:     ev/sec=39225.8   simsec/sec=0.399532   ev/simsec=98179.4
     Messages:  created: 4694042   present: 3252   in FES: 164
** Event #3948032   t=131.114356876205   Elapsed: 142.449s (2m 22s)  26% completed  (63% total)
     Speed:     ev/sec=31941.6   simsec/sec=0.307824   ev/simsec=103766
     Messages:  created: 4777905   present: 3263   in FES: 135
** Event #4018432   t=131.864611700019   Elapsed: 144.453s (2m 24s)  26% completed  (63% total)
     Speed:     ev/sec=35129.1   simsec/sec=0.374372   ev/simsec=93834.8
     Messages:  created: 4872485   present: 3322   in FES: 134
** Event #4088576   t=132.535789512934   Elapsed: 146.463s (2m 26s)  26% completed  (63% total)
     Speed:     ev/sec=34889   simsec/sec=0.333838   ev/simsec=104509
     Messages:  created: 4966048   present: 3454   in FES: 153
** Event #4158976   t=133.27136479581   Elapsed: 148.465s (2m 28s)  26% completed  (63% total)
     Speed:     ev/sec=35170.1   simsec/sec=0.367475   ev/simsec=95707.4
     Messages:  created: 5059237   present: 3435   in FES: 125
** Event #4230400   t=134.017296936113   Elapsed: 150.466s (2m 30s)  26% completed  (63% total)
     Speed:     ev/sec=35688.4   simsec/sec=0.372719   ev/simsec=95751.3
     Messages:  created: 5154580   present: 3557   in FES: 155
** Event #4293888   t=134.698000211563   Elapsed: 152.472s (2m 32s)  26% completed  (63% total)
     Speed:     ev/sec=31659.1   simsec/sec=0.339442   ev/simsec=93268.2
     Messages:  created: 5238132   present: 3627   in FES: 144
** Event #4360192   t=135.364543399477   Elapsed: 154.474s (2m 34s)  27% completed  (63% total)
     Speed:     ev/sec=33108.8   simsec/sec=0.332837   ev/simsec=99474.4
     Messages:  created: 5327232   present: 3725   in FES: 154
** Event #4428288   t=136.02731141383   Elapsed: 156.475s (2m 36s)  27% completed  (63% total)
     Speed:     ev/sec=34027.3   simsec/sec=0.331182   ev/simsec=102745
     Messages:  created: 5418044   present: 3755   in FES: 133
** Event #4491264   t=136.706509356969   Elapsed: 158.477s (2m 38s)  27% completed  (63% total)
     Speed:     ev/sec=31459.4   simsec/sec=0.33929   ev/simsec=92721.1
     Messages:  created: 5500993   present: 3814   in FES: 142
** Event #4558848   t=137.443241118978   Elapsed: 160.478s (2m 40s)  27% completed  (63% total)
     Speed:     ev/sec=33786.4   simsec/sec=0.368304   ev/simsec=91734.9
     Messages:  created: 5591870   present: 3900   in FES: 154
** Event #4622080   t=138.022854765435   Elapsed: 162.484s (2m 42s)  27% completed  (63% total)
     Speed:     ev/sec=31517.3   simsec/sec=0.288902   ev/simsec=109093
     Messages:  created: 5676167   present: 4028   in FES: 156
** Event #4685824   t=138.704817824949   Elapsed: 164.485s (2m 44s)  27% completed  (63% total)
     Speed:     ev/sec=31854.5   simsec/sec=0.340795   ev/simsec=93471.3
     Messages:  created: 5760198   present: 4075   in FES: 155
** Event #4764672   t=139.503487270462   Elapsed: 166.485s (2m 46s)  27% completed  (63% total)
     Speed:     ev/sec=39418.6   simsec/sec=0.39928   ev/simsec=98724.2
     Messages:  created: 5866521   present: 4126   in FES: 136
** Event #4834560   t=140.032301853994   Elapsed: 168.487s (2m 48s)  28% completed  (64% total)
     Speed:     ev/sec=34910.2   simsec/sec=0.264151   ev/simsec=132160
     Messages:  created: 5959830   present: 4284   in FES: 197
** Event #4909056   t=140.621656642629   Elapsed: 170.492s (2m 50s)  28% completed  (64% total)
     Speed:     ev/sec=37154.9   simsec/sec=0.293941   ev/simsec=126403
     Messages:  created: 6058927   present: 4230   in FES: 164
** Event #4978432   t=141.197631752813   Elapsed: 172.493s (2m 52s)  28% completed  (64% total)
     Speed:     ev/sec=34671.5   simsec/sec=0.28785   ev/simsec=120450
     Messages:  created: 6151881   present: 4222   in FES: 168
** Event #5041920   t=141.694338663279   Elapsed: 174.493s (2m 54s)  28% completed  (64% total)
     Speed:     ev/sec=31741   simsec/sec=0.24833   ev/simsec=127818
     Messages:  created: 6237140   present: 4264   in FES: 184
** Event #5112320   t=142.211356390435   Elapsed: 176.5s (2m 56s)  28% completed  (64% total)
     Speed:     ev/sec=35090.7   simsec/sec=0.257706   ev/simsec=136166
     Messages:  created: 6331779   present: 4362   in FES: 186
** Event #5182208   t=142.75085546787   Elapsed: 178.507s (2m 58s)  28% completed  (64% total)
     Speed:     ev/sec=34806.9   simsec/sec=0.268691   ev/simsec=129542
     Messages:  created: 6425591   present: 4271   in FES: 154
** Event #5249536   t=143.272292996665   Elapsed: 180.513s (3m 00s)  28% completed  (64% total)
     Speed:     ev/sec=33574.3   simsec/sec=0.260024   ev/simsec=129120
     Messages:  created: 6515774   present: 4325   in FES: 166
** Event #5316352   t=143.780727759596   Elapsed: 182.514s (3m 02s)  28% completed  (64% total)
     Speed:     ev/sec=33385.1   simsec/sec=0.254043   ev/simsec=131415
     Messages:  created: 6605748   present: 4354   in FES: 167
** Event #5391104   t=144.443231413145   Elapsed: 184.521s (3m 04s)  28% completed  (64% total)
     Speed:     ev/sec=37244.6   simsec/sec=0.330088   ev/simsec=112833
     Messages:  created: 6706007   present: 4266   in FES: 166
** Event #5456640   t=144.952985784188   Elapsed: 186.522s (3m 06s)  28% completed  (64% total)
     Speed:     ev/sec=32754.2   simsec/sec=0.25477   ev/simsec=128564
     Messages:  created: 6794469   present: 4366   in FES: 157
** Event #5524480   t=145.489194224558   Elapsed: 188.526s (3m 08s)  29% completed  (64% total)
     Speed:     ev/sec=33859.4   simsec/sec=0.267625   ev/simsec=126518
     Messages:  created: 6885278   present: 4274   in FES: 131
** Event #5612544   t=146.195976326747   Elapsed: 190.527s (3m 10s)  29% completed  (64% total)
     Speed:     ev/sec=44011.9   simsec/sec=0.35323   ev/simsec=124599
     Messages:  created: 7002303   present: 4370   in FES: 167
** Event #5697792   t=146.867133409868   Elapsed: 192.53s (3m 12s)  29% completed  (64% total)
     Speed:     ev/sec=42552.3   simsec/sec=0.335014   ev/simsec=127016
     Messages:  created: 7117280   present: 4410   in FES: 155
** Event #5786112   t=147.530081989963   Elapsed: 194.533s (3m 14s)  29% completed  (64% total)
     Speed:     ev/sec=44093   simsec/sec=0.330971   ev/simsec=133223
     Messages:  created: 7235307   present: 4447   in FES: 155
** Event #5876480   t=148.270768455701   Elapsed: 196.538s (3m 16s)  29% completed  (64% total)
     Speed:     ev/sec=45070.8   simsec/sec=0.369415   ev/simsec=122006
     Messages:  created: 7356427   present: 4417   in FES: 149
** Event #5961216   t=148.989034708232   Elapsed: 198.539s (3m 18s)  29% completed  (64% total)
     Speed:     ev/sec=42336.6   simsec/sec=0.358867   ev/simsec=117973
     Messages:  created: 7470862   present: 4440   in FES: 152
** Event #6056704   t=149.741995337516   Elapsed: 200.543s (3m 20s)  29% completed  (64% total)
     Speed:     ev/sec=47653.9   simsec/sec=0.37577   ev/simsec=126817
     Messages:  created: 7598441   present: 4469   in FES: 155
** Event #6152448   t=150.510103954889   Elapsed: 202.547s (3m 22s)  30% completed  (65% total)
     Speed:     ev/sec=47781.9   simsec/sec=0.383332   ev/simsec=124649
     Messages:  created: 7727821   present: 4433   in FES: 124
** Event #6242560   t=151.243325743231   Elapsed: 204.547s (3m 24s)  30% completed  (65% total)
     Speed:     ev/sec=45047.1   simsec/sec=0.366539   ev/simsec=122899
     Messages:  created: 7848452   present: 4541   in FES: 164
** Event #6341376   t=152.052261945979   Elapsed: 206.55s (3m 26s)  30% completed  (65% total)
     Speed:     ev/sec=49347.6   simsec/sec=0.403974   ev/simsec=122155
     Messages:  created: 7981449   present: 4518   in FES: 154
** Event #6433024   t=152.946324097699   Elapsed: 208.554s (3m 28s)  30% completed  (65% total)
     Speed:     ev/sec=45721.5   simsec/sec=0.446031   ev/simsec=102507
     Messages:  created: 8104801   present: 4607   in FES: 155
** Event #6518784   t=153.371215689   Elapsed: 210.561s (3m 30s)  30% completed  (65% total)
     Speed:     ev/sec=42739.8   simsec/sec=0.211751   ev/simsec=201840
     Messages:  created: 8221800   present: 4756   in FES: 149
** Event #6613248   t=154.005757604768   Elapsed: 212.565s (3m 32s)  30% completed  (65% total)
     Speed:     ev/sec=47140.6   simsec/sec=0.316657   ev/simsec=148870
     Messages:  created: 8350098   present: 4643   in FES: 123
** Event #6715648   t=154.99588480759   Elapsed: 214.566s (3m 34s)  30% completed  (65% total)
     Speed:     ev/sec=51178.1   simsec/sec=0.494852   ev/simsec=103421
     Messages:  created: 8487713   present: 4796   in FES: 155
** Event #6821632   t=156.003614685759   Elapsed: 216.57s (3m 36s)  31% completed  (65% total)
     Speed:     ev/sec=52881.1   simsec/sec=0.50281   ev/simsec=105171
     Messages:  created: 8630166   present: 4870   in FES: 161
** Event #6928128   t=157.013647983992   Elapsed: 218.57s (3m 38s)  31% completed  (65% total)
     Speed:     ev/sec=53236.1   simsec/sec=0.504904   ev/simsec=105438
     Messages:  created: 8772928   present: 4832   in FES: 126
** Event #7024896   t=157.961105787256   Elapsed: 220.571s (3m 40s)  31% completed  (65% total)
     Speed:     ev/sec=48374.5   simsec/sec=0.473636   ev/simsec=102134
     Messages:  created: 8903176   present: 5002   in FES: 165
** Event #7124224   t=158.944115621736   Elapsed: 222.573s (3m 42s)  31% completed  (65% total)
     Speed:     ev/sec=49598.2   simsec/sec=0.490854   ev/simsec=101045
     Messages:  created: 9036474   present: 4931   in FES: 125
** Event #7227136   t=159.874219343417   Elapsed: 224.574s (3m 44s)  31% completed  (65% total)
     Speed:     ev/sec=51449.8   simsec/sec=0.464996   ev/simsec=110646
     Messages:  created: 9174949   present: 5134   in FES: 155
** Event #7339008   t=160.991261942146   Elapsed: 226.577s (3m 46s)  32% completed  (66% total)
     Speed:     ev/sec=55844.5   simsec/sec=0.557608   ev/simsec=100150
     Messages:  created: 9325495   present: 5144   in FES: 140
** Event #7451392   t=162.028532272175   Elapsed: 228.58s (3m 48s)  32% completed  (66% total)
     Speed:     ev/sec=56101.8   simsec/sec=0.517803   ev/simsec=108346
     Messages:  created: 9476656   present: 5273   in FES: 154
** Event #7559680   t=163.109461279782   Elapsed: 230.581s (3m 50s)  32% completed  (66% total)
     Speed:     ev/sec=54107.3   simsec/sec=0.540098   ev/simsec=100180
     Messages:  created: 9621462   present: 5290   in FES: 153
** Event #7671552   t=163.709055132933   Elapsed: 232.583s (3m 52s)  32% completed  (66% total)
     Speed:     ev/sec=55887.1   simsec/sec=0.299535   ev/simsec=186580
     Messages:  created: 9774366   present: 5317   in FES: 129
** Event #7775744   t=164.709741757506   Elapsed: 234.586s (3m 54s)  32% completed  (66% total)
     Speed:     ev/sec=52032.8   simsec/sec=0.499736   ev/simsec=104121
     Messages:  created: 9914608   present: 5461   in FES: 156
** Event #7858944   t=165.51562718716   Elapsed: 236.587s (3m 56s)  33% completed  (66% total)
     Speed:     ev/sec=41565.1   simsec/sec=0.402605   ev/simsec=103240
     Messages:  created: 10027118   present: 5493   in FES: 154
** Event #7969536   t=166.605178692438   Elapsed: 238.59s (3m 58s)  33% completed  (66% total)
     Speed:     ev/sec=55222.7   simsec/sec=0.544053   ev/simsec=101502
     Messages:  created: 10174879   present: 5518   in FES: 154
** Event #8072704   t=167.587667935752   Elapsed: 240.593s (4m 00s)  33% completed  (66% total)
     Speed:     ev/sec=51505.1   simsec/sec=0.490493   ev/simsec=105007
     Messages:  created: 10313653   present: 5584   in FES: 155
** Event #8172032   t=168.53208169399   Elapsed: 242.596s (4m 02s)  33% completed  (66% total)
     Speed:     ev/sec=49587.1   simsec/sec=0.471476   ev/simsec=105174
     Messages:  created: 10448084   present: 5703   in FES: 155
** Event #8280832   t=169.613688890987   Elapsed: 244.6s (4m 04s)  33% completed  (66% total)
     Speed:     ev/sec=54292.7   simsec/sec=0.539737   ev/simsec=100591
     Messages:  created: 10593646   present: 5889   in FES: 186
** Event #8368896   t=170.498338729769   Elapsed: 246.603s (4m 06s)  34% completed  (67% total)
     Speed:     ev/sec=43967.7   simsec/sec=0.441679   ev/simsec=99546.7
     Messages:  created: 10713004   present: 5799   in FES: 147
** Event #8466176   t=171.460282799166   Elapsed: 248.605s (4m 08s)  34% completed  (67% total)
     Speed:     ev/sec=48597.4   simsec/sec=0.480551   ev/simsec=101129
     Messages:  created: 10843715   present: 5916   in FES: 154
** Event #8559616   t=172.360591307063   Elapsed: 250.606s (4m 10s)  34% completed  (67% total)
     Speed:     ev/sec=46699   simsec/sec=0.449952   ev/simsec=103787
     Messages:  created: 10969028   present: 5897   in FES: 131
** Event #8668160   t=173.443390240929   Elapsed: 252.609s (4m 12s)  34% completed  (67% total)
     Speed:     ev/sec=54171.8   simsec/sec=0.5404   ev/simsec=100244
     Messages:  created: 11115075   present: 5927   in FES: 129
** Event #8775680   t=174.44595052227   Elapsed: 254.613s (4m 14s)  34% completed  (67% total)
     Speed:     ev/sec=53649.9   simsec/sec=0.500253   ev/simsec=107245
     Messages:  created: 11259642   present: 6008   in FES: 127
** Event #8882944   t=175.444440470346   Elapsed: 256.616s (4m 16s)  35% completed  (67% total)
     Speed:     ev/sec=53572   simsec/sec=0.498686   ev/simsec=107426
     Messages:  created: 11403833   present: 6091   in FES: 138
** Event #8986368   t=176.356869357672   Elapsed: 258.618s (4m 18s)  35% completed  (67% total)
     Speed:     ev/sec=51658.9   simsec/sec=0.455746   ev/simsec=113350
     Messages:  created: 11542798   present: 6160   in FES: 156
** Event #9100800   t=177.319406440229   Elapsed: 260.621s (4m 20s)  35% completed  (67% total)
     Speed:     ev/sec=57131.1   simsec/sec=0.480554   ev/simsec=118886
     Messages:  created: 11696790   present: 6221   in FES: 156
** Event #9195520   t=178.129397698205   Elapsed: 262.628s (4m 22s)  35% completed  (67% total)
     Speed:     ev/sec=47178.4   simsec/sec=0.403442   ev/simsec=116940
     Messages:  created: 11823610   present: 6263   in FES: 155
** Event #9296896   t=178.997894176155   Elapsed: 264.631s (4m 24s)  35% completed  (67% total)
     Speed:     ev/sec=50612.5   simsec/sec=0.433602   ev/simsec=116726
     Messages:  created: 11961054   present: 6307   in FES: 139
** Event #9400064   t=179.857377890539   Elapsed: 266.634s (4m 26s)  35% completed  (67% total)
     Speed:     ev/sec=51514.5   simsec/sec=0.429162   ev/simsec=120035
     Messages:  created: 12099204   present: 6387   in FES: 182
** Event #9508352   t=180.730236624759   Elapsed: 268.637s (4m 28s)  36% completed  (68% total)
     Speed:     ev/sec=54057.7   simsec/sec=0.435734   ev/simsec=124061
     Messages:  created: 12244063   present: 6267   in FES: 125
** Event #9619968   t=181.615895415869   Elapsed: 270.641s (4m 30s)  36% completed  (68% total)
     Speed:     ev/sec=55711.7   simsec/sec=0.442065   ev/simsec=126026
     Messages:  created: 12393335   present: 6444   in FES: 167
** Event #9733120   t=182.530195611801   Elapsed: 272.642s (4m 32s)  36% completed  (68% total)
     Speed:     ev/sec=56535.8   simsec/sec=0.456825   ev/simsec=123758
     Messages:  created: 12546165   present: 6415   in FES: 145
** Event #9842176   t=183.455288238734   Elapsed: 274.643s (4m 34s)  36% completed  (68% total)
     Speed:     ev/sec=54495.7   simsec/sec=0.462272   ev/simsec=117887
     Messages:  created: 12691933   present: 6478   in FES: 145
** Event #9950464   t=184.282687880824   Elapsed: 276.646s (4m 36s)  36% completed  (68% total)
     Speed:     ev/sec=54071.1   simsec/sec=0.413143   ev/simsec=130878
     Messages:  created: 12836370   present: 6501   in FES: 147
** Event #10061056   t=185.24758407813   Elapsed: 278.65s (4m 38s)  37% completed  (68% total)
     Speed:     ev/sec=55190.5   simsec/sec=0.481528   ev/simsec=114615
     Messages:  created: 12984158   present: 6542   in FES: 154
** Event #10171904   t=186.201148999899   Elapsed: 280.65s (4m 40s)  37% completed  (68% total)
     Speed:     ev/sec=55412.6   simsec/sec=0.476684   ev/simsec=116246
     Messages:  created: 13132349   present: 6489   in FES: 124
** Event #10273536   t=187.02682652039   Elapsed: 282.651s (4m 42s)  37% completed  (68% total)
     Speed:     ev/sec=50793.8   simsec/sec=0.412658   ev/simsec=123089
     Messages:  created: 13269304   present: 6621   in FES: 156
** Event #10387968   t=188.004744132532   Elapsed: 284.652s (4m 44s)  37% completed  (68% total)
     Speed:     ev/sec=57177.1   simsec/sec=0.488627   ev/simsec=117016
     Messages:  created: 13422501   present: 6627   in FES: 165
** Event #10476800   t=188.729964771953   Elapsed: 286.655s (4m 46s)  37% completed  (68% total)
     Speed:     ev/sec=44355.9   simsec/sec=0.36212   ev/simsec=122490
     Messages:  created: 13539817   present: 6584   in FES: 154
** Event #10573824   t=189.514216967208   Elapsed: 288.657s (4m 48s)  37% completed  (68% total)
     Speed:     ev/sec=48476.2   simsec/sec=0.391837   ev/simsec=123715
     Messages:  created: 13669637   present: 6653   in FES: 154
** Event #10691072   t=190.475156898036   Elapsed: 290.661s (4m 50s)  38% completed  (69% total)
     Speed:     ev/sec=58487.3   simsec/sec=0.479349   ev/simsec=122014
     Messages:  created: 13826270   present: 6623   in FES: 156
** Event #10803200   t=191.359149305729   Elapsed: 292.662s (4m 52s)  38% completed  (69% total)
     Speed:     ev/sec=56031.7   simsec/sec=0.441742   ev/simsec=126843
     Messages:  created: 13975288   present: 6809   in FES: 196
** Event #10904064   t=192.12381447226   Elapsed: 294.663s (4m 54s)  38% completed  (69% total)
     Speed:     ev/sec=50431.4   simsec/sec=0.382328   ev/simsec=131906
     Messages:  created: 14108732   present: 6782   in FES: 157
** Event #11010816   t=192.995363306491   Elapsed: 296.664s (4m 56s)  38% completed  (69% total)
     Speed:     ev/sec=53347.1   simsec/sec=0.435538   ev/simsec=122485
     Messages:  created: 14252171   present: 6806   in FES: 165
** Event #11103488   t=193.431849146424   Elapsed: 298.67s (4m 58s)  38% completed  (69% total)
     Speed:     ev/sec=46187.6   simsec/sec=0.217544   ev/simsec=212314
     Messages:  created: 14377078   present: 6843   in FES: 172
** Event #11185152   t=193.777519277808   Elapsed: 300.672s (5m 00s)  38% completed  (69% total)
     Speed:     ev/sec=40782.8   simsec/sec=0.172627   ev/simsec=236248
     Messages:  created: 14487235   present: 6852   in FES: 161
** Event #11291136   t=194.742979851868   Elapsed: 302.674s (5m 02s)  38% completed  (69% total)
     Speed:     ev/sec=52963   simsec/sec=0.482466   ev/simsec=109776
     Messages:  created: 14627876   present: 6860   in FES: 155
** Event #11404544   t=195.618145507308   Elapsed: 304.674s (5m 04s)  39% completed  (69% total)
     Speed:     ev/sec=56677.6   simsec/sec=0.437379   ev/simsec=129585
     Messages:  created: 14778503   present: 6927   in FES: 152
** Event #11498496   t=196.373054747023   Elapsed: 306.676s (5m 06s)  39% completed  (69% total)
     Speed:     ev/sec=46948.1   simsec/sec=0.37723   ev/simsec=124455
     Messages:  created: 14904742   present: 6941   in FES: 155
** Event #11612416   t=197.277908162892   Elapsed: 308.676s (5m 08s)  39% completed  (69% total)
     Speed:     ev/sec=56958.1   simsec/sec=0.452412   ev/simsec=125899
     Messages:  created: 15057142   present: 6971   in FES: 155
** Event #11715072   t=198.280803345814   Elapsed: 310.679s (5m 10s)  39% completed  (69% total)
     Speed:     ev/sec=51238.7   simsec/sec=0.500575   ev/simsec=102360
     Messages:  created: 15193974   present: 6989   in FES: 125
** Event #11827712   t=199.504714444626   Elapsed: 312.681s (5m 12s)  39% completed  (69% total)
     Speed:     ev/sec=56278.6   simsec/sec=0.611505   ev/simsec=92032.8
     Messages:  created: 15344602   present: 7189   in FES: 154
** Event #11942912   t=200.709399249638   Elapsed: 314.683s (5m 14s)  40% completed  (70% total)
     Speed:     ev/sec=57536.3   simsec/sec=0.601677   ev/simsec=95626.7
     Messages:  created: 15497480   present: 7309   in FES: 155
** Event #12046336   t=201.768816920928   Elapsed: 316.683s (5m 16s)  40% completed  (70% total)
     Speed:     ev/sec=51701.2   simsec/sec=0.529598   ev/simsec=97623.4
     Messages:  created: 15635434   present: 7387   in FES: 148
** Event #12166656   t=203.023698873932   Elapsed: 318.687s (5m 18s)  40% completed  (70% total)
     Speed:     ev/sec=60036.4   simsec/sec=0.626152   ev/simsec=95881.5
     Messages:  created: 15796277   present: 7546   in FES: 155
** Event #12286720   t=204.269697817483   Elapsed: 320.69s (5m 20s)  40% completed  (70% total)
     Speed:     ev/sec=59958   simsec/sec=0.622231   ev/simsec=96359.6
     Messages:  created: 15955572   present: 7654   in FES: 156
** Event #12405504   t=205.516646616831   Elapsed: 322.694s (5m 22s)  41% completed  (70% total)
     Speed:     ev/sec=59258.4   simsec/sec=0.622072   ev/simsec=95259.7
     Messages:  created: 16113817   present: 7986   in FES: 216
** Event #12507392   t=206.582997047067   Elapsed: 324.696s (5m 24s)  41% completed  (70% total)
     Speed:     ev/sec=50895.8   simsec/sec=0.532671   ev/simsec=95548.3
     Messages:  created: 16249001   present: 7837   in FES: 142
** Event #12615168   t=207.737892400857   Elapsed: 326.698s (5m 26s)  41% completed  (70% total)
     Speed:     ev/sec=53843.1   simsec/sec=0.576967   ev/simsec=93321
     Messages:  created: 16392944   present: 7993   in FES: 154
** Event #12713472   t=208.746738136008   Elapsed: 328.702s (5m 28s)  41% completed  (70% total)
     Speed:     ev/sec=49046.8   simsec/sec=0.503343   ev/simsec=97442.1
     Messages:  created: 16524070   present: 8150   in FES: 154
** Event #12830208   t=209.993423883324   Elapsed: 330.702s (5m 30s)  41% completed  (70% total)
     Speed:     ev/sec=58367   simsec/sec=0.623332   ev/simsec=93637.1
     Messages:  created: 16680423   present: 8275   in FES: 154
** Event #12957696   t=211.271931468021   Elapsed: 332.705s (5m 32s)  42% completed  (71% total)
     Speed:     ev/sec=63663.8   simsec/sec=0.63845   ev/simsec=99716.3
     Messages:  created: 16849833   present: 8364   in FES: 146
** Event #13079808   t=212.543562784136   Elapsed: 334.705s (5m 34s)  42% completed  (71% total)
     Speed:     ev/sec=61036.3   simsec/sec=0.635611   ev/simsec=96027.8
     Messages:  created: 17013127   present: 8446   in FES: 135
** Event #13201408   t=213.865090311239   Elapsed: 336.708s (5m 36s)  42% completed  (71% total)
     Speed:     ev/sec=60720.8   simsec/sec=0.659903   ev/simsec=92014.7
     Messages:  created: 17176151   present: 8644   in FES: 138
** Event #13325824   t=215.197659337643   Elapsed: 338.709s (5m 38s)  43% completed  (71% total)
     Speed:     ev/sec=62178.8   simsec/sec=0.665972   ev/simsec=93365.5
     Messages:  created: 17342596   present: 8773   in FES: 156
** Event #13443840   t=216.452582110307   Elapsed: 340.71s (5m 40s)  43% completed  (71% total)
     Speed:     ev/sec=58970.9   simsec/sec=0.627067   ev/simsec=94042.4
     Messages:  created: 17502022   present: 8949   in FES: 155
** Event #13553152   t=217.543726902755   Elapsed: 342.718s (5m 42s)  43% completed  (71% total)
     Speed:     ev/sec=54454.6   simsec/sec=0.543562   ev/simsec=100181
     Messages:  created: 17648921   present: 9012   in FES: 151
** Event #13678848   t=218.949792381187   Elapsed: 344.718s (5m 44s)  43% completed  (71% total)
     Speed:     ev/sec=62831.1   simsec/sec=0.702843   ev/simsec=89395.6
     Messages:  created: 17818051   present: 9182   in FES: 147
** Event #13804032   t=220.242082263608   Elapsed: 346.719s (5m 46s)  44% completed  (72% total)
     Speed:     ev/sec=62578   simsec/sec=0.646001   ev/simsec=96869.9
     Messages:  created: 17985945   present: 9249   in FES: 135
** Event #13929472   t=221.528612502585   Elapsed: 348.719s (5m 48s)  44% completed  (72% total)
     Speed:     ev/sec=62707.6   simsec/sec=0.643137   ev/simsec=97502.6
     Messages:  created: 18155252   present: 9493   in FES: 165
** Event #14052608   t=222.868355126529   Elapsed: 350.72s (5m 50s)  44% completed  (72% total)
     Speed:     ev/sec=61539.5   simsec/sec=0.669561   ev/simsec=91910.2
     Messages:  created: 18320691   present: 9568   in FES: 134
** Event #14182400   t=224.24350530422   Elapsed: 352.723s (5m 52s)  44% completed  (72% total)
     Speed:     ev/sec=64786.6   simsec/sec=0.686416   ev/simsec=94383.9
     Messages:  created: 18494938   present: 9743   in FES: 147
** Event #14296064   t=225.459491756679   Elapsed: 354.728s (5m 54s)  45% completed  (72% total)
     Speed:     ev/sec=56708.2   simsec/sec=0.606669   ev/simsec=93474.7
     Messages:  created: 18648424   present: 9886   in FES: 154
** Event #14421504   t=226.759304465371   Elapsed: 356.73s (5m 56s)  45% completed  (72% total)
     Speed:     ev/sec=62646.7   simsec/sec=0.649147   ev/simsec=96506.2
     Messages:  created: 18816632   present: 9929   in FES: 129
** Event #14544896   t=228.032589133484   Elapsed: 358.73s (5m 58s)  45% completed  (72% total)
     Speed:     ev/sec=61685.6   simsec/sec=0.636535   ev/simsec=96908.4
     Messages:  created: 18982928   present: 10107   in FES: 135
** Event #14664704   t=229.360627408101   Elapsed: 360.733s (6m 00s)  45% completed  (72% total)
     Speed:     ev/sec=59816.2   simsec/sec=0.663046   ev/simsec=90214.3
     Messages:  created: 19143960   present: 10284   in FES: 165
** Event #14790144   t=230.035923821032   Elapsed: 362.736s (6m 02s)  46% completed  (73% total)
     Speed:     ev/sec=62643.4   simsec/sec=0.337236   ev/simsec=185755
     Messages:  created: 19314915   present: 9925   in FES: 154
** Event #14908928   t=230.531136175188   Elapsed: 364.739s (6m 04s)  46% completed  (73% total)
     Speed:     ev/sec=59293.8   simsec/sec=0.247197   ev/simsec=239865
     Messages:  created: 19477776   present: 9961   in FES: 165
** Event #15032320   t=231.869277233036   Elapsed: 366.742s (6m 06s)  46% completed  (73% total)
     Speed:     ev/sec=61609.7   simsec/sec=0.668135   ev/simsec=92211.5
     Messages:  created: 19643628   present: 10105   in FES: 175
** Event #15160576   t=232.645062107483   Elapsed: 368.743s (6m 08s)  46% completed  (73% total)
     Speed:     ev/sec=64085   simsec/sec=0.387633   ev/simsec=165324
     Messages:  created: 19817467   present: 8879   in FES: 174
** Event #15286784   t=232.94901898486   Elapsed: 370.746s (6m 10s)  46% completed  (73% total)
     Speed:     ev/sec=63019.8   simsec/sec=0.151776   ev/simsec=415217
     Messages:  created: 19991379   present: 7047   in FES: 173
** Event #15413760   t=233.293915319004   Elapsed: 372.747s (6m 12s)  46% completed  (73% total)
     Speed:     ev/sec=63443.8   simsec/sec=0.172328   ev/simsec=368157
     Messages:  created: 20165293   present: 6985   in FES: 171
** Event #15538688   t=233.631064533434   Elapsed: 374.751s (6m 14s)  46% completed  (73% total)
     Speed:     ev/sec=62352.9   simsec/sec=0.168275   ev/simsec=370542
     Messages:  created: 20336459   present: 7039   in FES: 165
** Event #15666432   t=233.98933401553   Elapsed: 376.752s (6m 16s)  46% completed  (73% total)
     Speed:     ev/sec=63824.8   simsec/sec=0.179002   ev/simsec=356558
     Messages:  created: 20512704   present: 7084   in FES: 166
** Event #15793920   t=234.334272970031   Elapsed: 378.754s (6m 18s)  46% completed  (73% total)
     Speed:     ev/sec=63685.5   simsec/sec=0.172311   ev/simsec=369596
     Messages:  created: 20687295   present: 7100   in FES: 162
** Event #15916544   t=234.661992430952   Elapsed: 380.755s (6m 20s)  46% completed  (73% total)
     Speed:     ev/sec=61296.7   simsec/sec=0.163819   ev/simsec=374174
     Messages:  created: 20855280   present: 6373   in FES: 172
** Event #16045312   t=235.014326274844   Elapsed: 382.756s (6m 22s)  47% completed  (73% total)
     Speed:     ev/sec=64345.5   simsec/sec=0.176061   ev/simsec=365472
     Messages:  created: 21032675   present: 4884   in FES: 178
** Event #16175104   t=235.369734103479   Elapsed: 384.758s (6m 24s)  47% completed  (73% total)
     Speed:     ev/sec=64814   simsec/sec=0.177479   ev/simsec=365192
     Messages:  created: 21210662   present: 4906   in FES: 170
** Event #16301568   t=235.71169232394   Elapsed: 386.759s (6m 26s)  47% completed  (73% total)
     Speed:     ev/sec=63207.2   simsec/sec=0.170912   ev/simsec=369823
     Messages:  created: 21383859   present: 4131   in FES: 160
** Event #16427776   t=236.057656639596   Elapsed: 388.761s (6m 28s)  47% completed  (73% total)
     Speed:     ev/sec=63034.3   simsec/sec=0.172791   ev/simsec=364801
     Messages:  created: 21557194   present: 3775   in FES: 164
** Event #16558592   t=236.416301919051   Elapsed: 390.762s (6m 30s)  47% completed  (73% total)
     Speed:     ev/sec=65398.9   simsec/sec=0.179298   ev/simsec=364750
     Messages:  created: 21737115   present: 3730   in FES: 148
** Event #16687104   t=236.768859312891   Elapsed: 392.765s (6m 32s)  47% completed  (73% total)
     Speed:     ev/sec=64157.5   simsec/sec=0.176009   ev/simsec=364514
     Messages:  created: 21913041   present: 3749   in FES: 154
** Event #16817664   t=237.125661006612   Elapsed: 394.768s (6m 34s)  47% completed  (73% total)
     Speed:     ev/sec=65158.1   simsec/sec=0.178068   ev/simsec=365918
     Messages:  created: 22092036   present: 3817   in FES: 176
** Event #16947712   t=237.629096062712   Elapsed: 396.769s (6m 36s)  47% completed  (73% total)
     Speed:     ev/sec=65005.1   simsec/sec=0.251644   ev/simsec=258321
     Messages:  created: 22269948   present: 3817   in FES: 162
** Event #17082368   t=238.155424860526   Elapsed: 398.771s (6m 38s)  47% completed  (73% total)
     Speed:     ev/sec=67258.9   simsec/sec=0.262894   ev/simsec=255840
     Messages:  created: 22454263   present: 3885   in FES: 164
** Event #17220608   t=238.711192822274   Elapsed: 400.772s (6m 40s)  47% completed  (73% total)
     Speed:     ev/sec=69075.8   simsec/sec=0.277706   ev/simsec=248737
     Messages:  created: 22643470   present: 3847   in FES: 144
** Event #17359360   t=239.101977370852   Elapsed: 402.775s (6m 42s)  47% completed  (73% total)
     Speed:     ev/sec=69287.5   simsec/sec=0.195143   ev/simsec=355060
     Messages:  created: 22833610   present: 3951   in FES: 165
** Event #17497088   t=239.543030758688   Elapsed: 404.776s (6m 44s)  47% completed  (73% total)
     Speed:     ev/sec=68843.3   simsec/sec=0.220461   ev/simsec=312271
     Messages:  created: 23022911   present: 3988   in FES: 163
** Event #17634304   t=240.039814015368   Elapsed: 406.776s (6m 46s)  48% completed  (74% total)
     Speed:     ev/sec=68589.4   simsec/sec=0.248324   ev/simsec=276209
     Messages:  created: 23210724   present: 4038   in FES: 165
** Event #17772544   t=240.541585979027   Elapsed: 408.776s (6m 48s)  48% completed  (74% total)
     Speed:     ev/sec=69118.1   simsec/sec=0.250879   ev/simsec=275504
     Messages:  created: 23400026   present: 3745   in FES: 159
** Event #17912832   t=241.046866850163   Elapsed: 410.778s (6m 50s)  48% completed  (74% total)
     Speed:     ev/sec=70071.5   simsec/sec=0.252379   ev/simsec=277644
     Messages:  created: 23591901   present: 1566   in FES: 155
** Event #18055168   t=241.567237670845   Elapsed: 412.783s (6m 52s)  48% completed  (74% total)
     Speed:     ev/sec=70990.3   simsec/sec=0.259536   ev/simsec=273528
     Messages:  created: 23786549   present: 1634   in FES: 185
** Event #18198016   t=242.090229701727   Elapsed: 414.786s (6m 54s)  48% completed  (74% total)
     Speed:     ev/sec=71324   simsec/sec=0.26113   ev/simsec=273136
     Messages:  created: 23981726   present: 1599   in FES: 156
** Event #18335232   t=242.586700308077   Elapsed: 416.788s (6m 56s)  48% completed  (74% total)
     Speed:     ev/sec=68545.7   simsec/sec=0.24801   ev/simsec=276383
     Messages:  created: 24169535   present: 1610   in FES: 148
** Event #18479360   t=243.105421111128   Elapsed: 418.79s (6m 58s)  48% completed  (74% total)
     Speed:     ev/sec=71980.9   simsec/sec=0.259061   ev/simsec=277853
     Messages:  created: 24366747   present: 1665   in FES: 148
** Event #18619136   t=243.611197872019   Elapsed: 420.792s (7m 00s)  48% completed  (74% total)
     Speed:     ev/sec=69836.3   simsec/sec=0.252701   ev/simsec=276359
     Messages:  created: 24558102   present: 1745   in FES: 154
** Event #18763008   t=244.130894604596   Elapsed: 422.792s (7m 02s)  48% completed  (74% total)
     Speed:     ev/sec=71909.6   simsec/sec=0.259753   ev/simsec=276838
     Messages:  created: 24755123   present: 1771   in FES: 155
** Event #18904320   t=244.637542748841   Elapsed: 424.795s (7m 04s)  48% completed  (74% total)
     Speed:     ev/sec=70560.1   simsec/sec=0.25298   ev/simsec=278915
     Messages:  created: 24948584   present: 1816   in FES: 155
** Event #19047424   t=245.153744903817   Elapsed: 426.798s (7m 06s)  49% completed  (74% total)
     Speed:     ev/sec=71438   simsec/sec=0.25769   ev/simsec=277225
     Messages:  created: 25144540   present: 1856   in FES: 154
** Event #19189248   t=245.6659282084   Elapsed: 428.799s (7m 08s)  49% completed  (74% total)
     Speed:     ev/sec=70870.2   simsec/sec=0.255941   ev/simsec=276901
     Messages:  created: 25338712   present: 1878   in FES: 166
** Event #19333376   t=246.193395443132   Elapsed: 430.801s (7m 10s)  49% completed  (74% total)
     Speed:     ev/sec=72020.4   simsec/sec=0.263574   ev/simsec=273245
     Messages:  created: 25535920   present: 1782   in FES: 124
** Event #19475200   t=246.707563431961   Elapsed: 432.803s (7m 12s)  49% completed  (74% total)
     Speed:     ev/sec=70821.8   simsec/sec=0.256757   ev/simsec=275832
     Messages:  created: 25730158   present: 1875   in FES: 139
** Event #19616768   t=247.233257864152   Elapsed: 434.806s (7m 14s)  49% completed  (74% total)
     Speed:     ev/sec=70668.5   simsec/sec=0.262418   ev/simsec=269297
     Messages:  created: 25923935   present: 1902   in FES: 140
** Event #19758336   t=247.742754863622   Elapsed: 436.81s (7m 16s)  49% completed  (74% total)
     Speed:     ev/sec=70666   simsec/sec=0.254324   ev/simsec=277858
     Messages:  created: 26117758   present: 1984   in FES: 134
** Event #19901696   t=248.257329438299   Elapsed: 438.81s (7m 18s)  49% completed  (74% total)
     Speed:     ev/sec=71672.7   simsec/sec=0.257261   ev/simsec=278599
     Messages:  created: 26314090   present: 2076   in FES: 154
** Event #20042752   t=248.76266733311   Elapsed: 440.81s (7m 20s)  49% completed  (74% total)
     Speed:     ev/sec=70512   simsec/sec=0.252611   ev/simsec=279132
     Messages:  created: 26507152   present: 2063   in FES: 145
** Event #20186112   t=249.279721395147   Elapsed: 442.812s (7m 22s)  49% completed  (74% total)
     Speed:     ev/sec=71608.7   simsec/sec=0.25827   ev/simsec=277263
     Messages:  created: 26703394   present: 2076   in FES: 138
** Event #20327168   t=249.787955833124   Elapsed: 444.815s (7m 24s)  49% completed  (74% total)
     Speed:     ev/sec=70446   simsec/sec=0.253822   ev/simsec=277541
     Messages:  created: 26896544   present: 2184   in FES: 150
** Event #20470016   t=250.301042519865   Elapsed: 446.816s (7m 26s)  50% completed  (75% total)
     Speed:     ev/sec=71372.1   simsec/sec=0.256357   ev/simsec=278409
     Messages:  created: 27092152   present: 2212   in FES: 155
** Event #20611072   t=250.809716370686   Elapsed: 448.819s (7m 28s)  50% completed  (75% total)
     Speed:     ev/sec=70431.3   simsec/sec=0.253988   ev/simsec=277301
     Messages:  created: 27285279   present: 2218   in FES: 140
** Event #20753920   t=251.34164246861   Elapsed: 450.82s (7m 30s)  50% completed  (75% total)
     Speed:     ev/sec=71403   simsec/sec=0.265885   ev/simsec=268549
     Messages:  created: 27480851   present: 2223   in FES: 131
** Event #20895232   t=251.848103987799   Elapsed: 452.82s (7m 32s)  50% completed  (75% total)
     Speed:     ev/sec=70639.5   simsec/sec=0.253172   ev/simsec=279018
     Messages:  created: 27674354   present: 2315   in FES: 148
** Event #21038336   t=252.364137565273   Elapsed: 454.821s (7m 34s)  50% completed  (75% total)
     Speed:     ev/sec=71518.9   simsec/sec=0.257897   ev/simsec=277315
     Messages:  created: 27870328   present: 2345   in FES: 141
** Event #21177600   t=252.866791170352   Elapsed: 456.822s (7m 36s)  50% completed  (75% total)
     Speed:     ev/sec=69599.2   simsec/sec=0.251208   ev/simsec=277058
     Messages:  created: 28060958   present: 2367   in FES: 138
** Event #21320704   t=253.38106627485   Elapsed: 458.824s (7m 38s)  50% completed  (75% total)
     Speed:     ev/sec=71491.2   simsec/sec=0.256919   ev/simsec=278264
     Messages:  created: 28256948   present: 2444   in FES: 166
** Event #21461760   t=253.890562023001   Elapsed: 460.824s (7m 40s)  50% completed  (75% total)
     Speed:     ev/sec=70500.2   simsec/sec=0.254648   ev/simsec=276854
     Messages:  created: 28450058   present: 2471   in FES: 155
** Event #21605120   t=254.403922779659   Elapsed: 462.825s (7m 42s)  50% completed  (75% total)
     Speed:     ev/sec=71657.9   simsec/sec=0.256601   ev/simsec=279258
     Messages:  created: 28646341   present: 2528   in FES: 154
** Event #21743616   t=254.902958431718   Elapsed: 464.828s (7m 44s)  50% completed  (75% total)
     Speed:     ev/sec=69147.3   simsec/sec=0.249155   ev/simsec=277527
     Messages:  created: 28835907   present: 2544   in FES: 155
** Event #21885952   t=255.417027508943   Elapsed: 466.829s (7m 46s)  51% completed  (75% total)
     Speed:     ev/sec=71136   simsec/sec=0.256919   ev/simsec=276881
     Messages:  created: 29030864   present: 2599   in FES: 156
** Event #22025216   t=255.921099422655   Elapsed: 468.832s (7m 48s)  51% completed  (75% total)
     Speed:     ev/sec=69521   simsec/sec=0.251634   ev/simsec=276278
     Messages:  created: 29221591   present: 2639   in FES: 160
** Event #22169600   t=256.508458980877   Elapsed: 470.833s (7m 50s)  51% completed  (75% total)
     Speed:     ev/sec=72162.1   simsec/sec=0.293558   ev/simsec=245819
     Messages:  created: 29419264   present: 2689   in FES: 155
** Event #22312448   t=257.08743885895   Elapsed: 472.835s (7m 52s)  51% completed  (75% total)
     Speed:     ev/sec=71333.3   simsec/sec=0.289122   ev/simsec=246724
     Messages:  created: 29613764   present: 2710   in FES: 166
** Event #22454272   t=257.641126178823   Elapsed: 474.836s (7m 54s)  51% completed  (75% total)
     Speed:     ev/sec=70886.7   simsec/sec=0.276745   ev/simsec=256145
     Messages:  created: 29807885   present: 2684   in FES: 138
** Event #22597888   t=258.212613935552   Elapsed: 476.839s (7m 56s)  51% completed  (75% total)
     Speed:     ev/sec=71699.3   simsec/sec=0.285311   ev/simsec=251302
     Messages:  created: 30004558   present: 2773   in FES: 167
** Event #22738944   t=258.766618045714   Elapsed: 478.843s (7m 58s)  51% completed  (75% total)
     Speed:     ev/sec=70405.5   simsec/sec=0.276521   ev/simsec=254612
     Messages:  created: 30197627   present: 2848   in FES: 158
** Event #22881792   t=259.351320680794   Elapsed: 480.843s (8m 00s)  51% completed  (75% total)
     Speed:     ev/sec=71412.5   simsec/sec=0.292304   ev/simsec=244309
     Messages:  created: 30393135   present: 2878   in FES: 156
** Event #23022080   t=259.892461697572   Elapsed: 482.845s (8m 02s)  51% completed  (75% total)
     Speed:     ev/sec=70083.4   simsec/sec=0.270337   ev/simsec=259245
     Messages:  created: 30585239   present: 2924   in FES: 167
** Event #23163392   t=260.428788974915   Elapsed: 484.846s (8m 04s)  52% completed  (76% total)
     Speed:     ev/sec=70617.1   simsec/sec=0.268016   ev/simsec=263481
     Messages:  created: 30778649   present: 2971   in FES: 166
** Event #23302656   t=260.801177458721   Elapsed: 486.849s (8m 06s)  52% completed  (76% total)
     Speed:     ev/sec=69523.2   simsec/sec=0.185903   ev/simsec=373975
     Messages:  created: 30969388   present: 2998   in FES: 157
** Event #23440128   t=261.173874489606   Elapsed: 488.852s (8m 08s)  52% completed  (76% total)
     Speed:     ev/sec=68624.3   simsec/sec=0.186046   ev/simsec=368857
     Messages:  created: 31157670   present: 3012   in FES: 149
** Event #23579136   t=261.603442991218   Elapsed: 490.853s (8m 10s)  52% completed  (76% total)
     Speed:     ev/sec=69487.1   simsec/sec=0.214732   ev/simsec=323599
     Messages:  created: 31348030   present: 3046   in FES: 154
** Event #23720448   t=262.111380702747   Elapsed: 492.854s (8m 12s)  52% completed  (76% total)
     Speed:     ev/sec=70590.5   simsec/sec=0.253733   ev/simsec=278207
     Messages:  created: 31541404   present: 3074   in FES: 166
** Event #23859968   t=262.61719712895   Elapsed: 494.856s (8m 14s)  52% completed  (76% total)
     Speed:     ev/sec=69721.5   simsec/sec=0.252769   ev/simsec=275831
     Messages:  created: 31732310   present: 3129   in FES: 154
** Event #24002048   t=263.131160536882   Elapsed: 496.858s (8m 16s)  52% completed  (76% total)
     Speed:     ev/sec=70964.3   simsec/sec=0.256708   ev/simsec=276440
     Messages:  created: 31926785   present: 3134   in FES: 166
** Event #24142336   t=263.636949471228   Elapsed: 498.86s (8m 18s)  52% completed  (76% total)
     Speed:     ev/sec=70057.8   simsec/sec=0.252584   ev/simsec=277365
     Messages:  created: 32118783   present: 3140   in FES: 148
** Event #24283648   t=264.145088381329   Elapsed: 500.862s (8m 20s)  52% completed  (76% total)
     Speed:     ev/sec=70582.4   simsec/sec=0.253805   ev/simsec=278097
     Messages:  created: 32312307   present: 3232   in FES: 162
** Event #24423424   t=264.650648679984   Elapsed: 502.865s (8m 22s)  52% completed  (76% total)
     Speed:     ev/sec=69805.8   simsec/sec=0.252483   ev/simsec=276477
     Messages:  created: 32503518   present: 3188   in FES: 138
** Event #24563712   t=265.157002814629   Elapsed: 504.868s (8m 24s)  53% completed  (76% total)
     Speed:     ev/sec=70017.4   simsec/sec=0.25272   ev/simsec=277055
     Messages:  created: 32695534   present: 3290   in FES: 166
** Event #24702720   t=265.663374642737   Elapsed: 506.869s (8m 26s)  53% completed  (76% total)
     Speed:     ev/sec=69474.6   simsec/sec=0.253079   ev/simsec=274518
     Messages:  created: 32885800   present: 3297   in FES: 156
** Event #24843520   t=266.168847279788   Elapsed: 508.871s (8m 28s)  53% completed  (76% total)
     Speed:     ev/sec=70321.7   simsec/sec=0.252455   ev/simsec=278551
     Messages:  created: 33078552   present: 3372   in FES: 154
** Event #24982272   t=266.672723991282   Elapsed: 510.872s (8m 30s)  53% completed  (76% total)
     Speed:     ev/sec=69367.1   simsec/sec=0.251906   ev/simsec=275369
     Messages:  created: 33268365   present: 3373   in FES: 142
** Event #25123328   t=267.192528355591   Elapsed: 512.872s (8m 32s)  53% completed  (76% total)
     Speed:     ev/sec=70505.4   simsec/sec=0.259819   ev/simsec=271364
     Messages:  created: 33461306   present: 3312   in FES: 145
** Event #25261824   t=267.694171531062   Elapsed: 514.874s (8m 34s)  53% completed  (76% total)
     Speed:     ev/sec=69197   simsec/sec=0.250637   ev/simsec=276085
     Messages:  created: 33650899   present: 3333   in FES: 124
** Event #25403648   t=268.206692537143   Elapsed: 516.877s (8m 36s)  53% completed  (76% total)
     Speed:     ev/sec=70785.4   simsec/sec=0.255803   ev/simsec=276718
     Messages:  created: 33845033   present: 3492   in FES: 167
** Event #25543936   t=268.704117346578   Elapsed: 518.879s (8m 38s)  53% completed  (76% total)
     Speed:     ev/sec=70093.4   simsec/sec=0.248533   ev/simsec=282029
     Messages:  created: 34036905   present: 3535   in FES: 154
** Event #25673216   t=269.145033748964   Elapsed: 520.881s (8m 40s)  53% completed  (76% total)
     Speed:     ev/sec=64556.9   simsec/sec=0.220175   ev/simsec=293208
     Messages:  created: 34213622   present: 3552   in FES: 156
** Event #25810432   t=269.618044120236   Elapsed: 522.882s (8m 42s)  53% completed  (76% total)
     Speed:     ev/sec=68580   simsec/sec=0.236409   ev/simsec=290091
     Messages:  created: 34401147   present: 3567   in FES: 149
** Event #25951488   t=270.127088844088   Elapsed: 524.883s (8m 44s)  54% completed  (77% total)
     Speed:     ev/sec=70485   simsec/sec=0.254367   ev/simsec=277099
     Messages:  created: 34594142   present: 3592   in FES: 156
** Event #26091776   t=270.624158663819   Elapsed: 526.885s (8m 46s)  54% completed  (77% total)
     Speed:     ev/sec=70082.3   simsec/sec=0.248316   ev/simsec=282230
     Messages:  created: 34786082   present: 3641   in FES: 155
** Event #26233856   t=271.112305261498   Elapsed: 528.888s (8m 48s)  54% completed  (77% total)
     Speed:     ev/sec=70922.9   simsec/sec=0.243671   ev/simsec=291060
     Messages:  created: 34980339   present: 3599   in FES: 129
** Event #26371584   t=271.588551742614   Elapsed: 530.89s (8m 50s)  54% completed  (77% total)
     Speed:     ev/sec=68815.8   simsec/sec=0.237957   ev/simsec=289195
     Messages:  created: 35168828   present: 3659   in FES: 154
** Event #26512896   t=272.069330702031   Elapsed: 532.893s (8m 52s)  54% completed  (77% total)
     Speed:     ev/sec=70538.1   simsec/sec=0.239988   ev/simsec=293923
     Messages:  created: 35362299   present: 3621   in FES: 146
** Event #26653440   t=272.533564833017   Elapsed: 534.894s (8m 54s)  54% completed  (77% total)
     Speed:     ev/sec=70251.7   simsec/sec=0.23205   ev/simsec=302744
     Messages:  created: 35554889   present: 3795   in FES: 164
** Event #26793216   t=273.017995998351   Elapsed: 536.896s (8m 56s)  54% completed  (77% total)
     Speed:     ev/sec=69821.8   simsec/sec=0.241986   ev/simsec=288536
     Messages:  created: 35746335   present: 3707   in FES: 153
** Event #26934528   t=273.505996384733   Elapsed: 538.898s (8m 58s)  54% completed  (77% total)
     Speed:     ev/sec=70578.6   simsec/sec=0.243733   ev/simsec=289574
     Messages:  created: 35939992   present: 3754   in FES: 168
** Event #27067648   t=273.935152525225   Elapsed: 540.898s (9m 00s)  54% completed  (77% total)
     Speed:     ev/sec=66559.6   simsec/sec=0.214577   ev/simsec=310190
     Messages:  created: 36121869   present: 3746   in FES: 154
** Event #27204608   t=274.396165170463   Elapsed: 542.899s (9m 02s)  54% completed  (77% total)
     Speed:     ev/sec=68441   simsec/sec=0.230375   ev/simsec=297085
     Messages:  created: 36308926   present: 3762   in FES: 152
** Event #27339776   t=274.848167595809   Elapsed: 544.901s (9m 04s)  54% completed  (77% total)
     Speed:     ev/sec=67500.9   simsec/sec=0.225723   ev/simsec=299043
     Messages:  created: 36493252   present: 3768   in FES: 155
** Event #27476224   t=275.285998788992   Elapsed: 546.903s (9m 06s)  55% completed  (77% total)
     Speed:     ev/sec=68171.4   simsec/sec=0.218747   ev/simsec=311645
     Messages:  created: 36679500   present: 3781   in FES: 156
** Event #27609600   t=275.703048700015   Elapsed: 548.906s (9m 08s)  55% completed  (77% total)
     Speed:     ev/sec=66571.3   simsec/sec=0.20816   ev/simsec=319808
     Messages:  created: 36861182   present: 3801   in FES: 166
** Event #27745792   t=276.047698723263   Elapsed: 550.907s (9m 10s)  55% completed  (77% total)
     Speed:     ev/sec=68069.6   simsec/sec=0.172258   ev/simsec=395160
     Messages:  created: 37048565   present: 3986   in FES: 194
** Event #27880448   t=276.342694672705   Elapsed: 552.909s (9m 12s)  55% completed  (77% total)
     Speed:     ev/sec=67253.2   simsec/sec=0.147334   ev/simsec=456467
     Messages:  created: 37233862   present: 3877   in FES: 173
** Event #28010496   t=276.637766667887   Elapsed: 554.913s (9m 14s)  55% completed  (77% total)
     Speed:     ev/sec=64923.1   simsec/sec=0.147307   ev/simsec=440733
     Messages:  created: 37411463   present: 3830   in FES: 143
** Event #28139008   t=278.355835919296   Elapsed: 556.916s (9m 16s)  55% completed  (77% total)
     Speed:     ev/sec=64157.3   simsec/sec=0.857715   ev/simsec=74800.2
     Messages:  created: 37579465   present: 3862   in FES: 154
** Event #28245248   t=280.844275047631   Elapsed: 558.918s (9m 18s)  56% completed  (78% total)
     Speed:     ev/sec=53055.4   simsec/sec=1.24271   ev/simsec=42693.4
     Messages:  created: 37710264   present: 3943   in FES: 152
** Event #28359168   t=283.512730294633   Elapsed: 560.92s (9m 20s)  56% completed  (78% total)
     Speed:     ev/sec=56912.7   simsec/sec=1.33312   ev/simsec=42691.4
     Messages:  created: 37851277   present: 4013   in FES: 142
** Event #28480256   t=286.356056011931   Elapsed: 562.922s (9m 22s)  57% completed  (78% total)
     Speed:     ev/sec=60478.3   simsec/sec=1.42012   ev/simsec=42586.7
     Messages:  created: 38001059   present: 4094   in FES: 155
** Event #28600832   t=289.147104395997   Elapsed: 564.923s (9m 24s)  57% completed  (78% total)
     Speed:     ev/sec=60254.3   simsec/sec=1.39474   ev/simsec=43201
     Messages:  created: 38149658   present: 4255   in FES: 158
** Event #28721920   t=292.029029149395   Elapsed: 566.926s (9m 26s)  58% completed  (79% total)
     Speed:     ev/sec=60461.2   simsec/sec=1.43899   ev/simsec=42016.4
     Messages:  created: 38300509   present: 4333   in FES: 154
** Event #28844032   t=294.988668459999   Elapsed: 568.927s (9m 28s)  58% completed  (79% total)
     Speed:     ev/sec=61030.5   simsec/sec=1.4792   ev/simsec=41259.1
     Messages:  created: 38451767   present: 4453   in FES: 169
** Event #28968704   t=298.485696325671   Elapsed: 570.93s (9m 30s)  59% completed  (79% total)
     Speed:     ev/sec=62226.1   simsec/sec=1.74543   ev/simsec=35650.8
     Messages:  created: 38605221   present: 4551   in FES: 140
** Event #29101312   t=301.397339099225   Elapsed: 572.933s (9m 32s)  60% completed  (80% total)
     Speed:     ev/sec=66224.3   simsec/sec=1.45407   ev/simsec=45544
     Messages:  created: 38774431   present: 4704   in FES: 156
** Event #29239808   t=304.442030509363   Elapsed: 574.936s (9m 34s)  60% completed  (80% total)
     Speed:     ev/sec=69122.5   simsec/sec=1.51959   ev/simsec=45487.7
     Messages:  created: 38952587   present: 4762   in FES: 154
** Event #29376768   t=307.739787762157   Elapsed: 576.938s (9m 36s)  61% completed  (80% total)
     Speed:     ev/sec=68403.8   simsec/sec=1.64704   ev/simsec=41531.3
     Messages:  created: 39127471   present: 4939   in FES: 148
** Event #29511424   t=311.071787809443   Elapsed: 578.939s (9m 38s)  62% completed  (81% total)
     Speed:     ev/sec=67295.6   simsec/sec=1.6652   ev/simsec=40413
     Messages:  created: 39298584   present: 5059   in FES: 155
** Event #29638400   t=314.055295317467   Elapsed: 580.941s (9m 40s)  62% completed  (81% total)
     Speed:     ev/sec=63442.2   simsec/sec=1.49068   ev/simsec=42559.3
     Messages:  created: 39459448   present: 5114   in FES: 130
** Event #29757440   t=316.725205056175   Elapsed: 582.942s (9m 42s)  63% completed  (81% total)
     Speed:     ev/sec=59496.5   simsec/sec=1.33443   ev/simsec=44585.8
     Messages:  created: 39608790   present: 5226   in FES: 139
** Event #29882368   t=319.536146578995   Elapsed: 584.95s (9m 44s)  63% completed  (81% total)
     Speed:     ev/sec=62214.6   simsec/sec=1.39986   ev/simsec=44443.5
     Messages:  created: 39766320   present: 5360   in FES: 139
** Event #30006784   t=322.269700870102   Elapsed: 586.951s (9m 46s)  64% completed  (82% total)
     Speed:     ev/sec=62166.7   simsec/sec=1.36587   ev/simsec=45514.4
     Messages:  created: 39922557   present: 5467   in FES: 150
** Event #30126592   t=324.606126471377   Elapsed: 588.951s (9m 48s)  64% completed  (82% total)
     Speed:     ev/sec=59903.9   simsec/sec=1.16821   ev/simsec=51278.3
     Messages:  created: 40074113   present: 5575   in FES: 155
** Event #30252288   t=327.442943069815   Elapsed: 590.953s (9m 50s)  65% completed  (82% total)
     Speed:     ev/sec=62797.4   simsec/sec=1.41727   ev/simsec=44308.8
     Messages:  created: 40233010   present: 5721   in FES: 154
** Event #30372864   t=330.157679711176   Elapsed: 592.954s (9m 52s)  66% completed  (83% total)
     Speed:     ev/sec=60256.8   simsec/sec=1.35667   ev/simsec=44415.4
     Messages:  created: 40383141   present: 5750   in FES: 124
** Event #30490880   t=332.976651459015   Elapsed: 594.955s (9m 54s)  66% completed  (83% total)
     Speed:     ev/sec=58964   simsec/sec=1.40844   ev/simsec=41864.9
     Messages:  created: 40531511   present: 5885   in FES: 147
** Event #30610432   t=335.713487545317   Elapsed: 596.957s (9m 56s)  67% completed  (83% total)
     Speed:     ev/sec=59727   simsec/sec=1.3673   ev/simsec=43682.6
     Messages:  created: 40679845   present: 6073   in FES: 152
** Event #30732544   t=338.5787879273   Elapsed: 598.957s (9m 58s)  67% completed  (83% total)
     Speed:     ev/sec=61032.7   simsec/sec=1.4321   ev/simsec=42617.5
     Messages:  created: 40832261   present: 6175   in FES: 155
** Event #30858240   t=341.519697355462   Elapsed: 600.964s (10m 00s)  68% completed  (84% total)
     Speed:     ev/sec=62630.3   simsec/sec=1.46536   ev/simsec=42740.5
     Messages:  created: 40990195   present: 6310   in FES: 155
** Event #30983680   t=344.391112682095   Elapsed: 602.966s (10m 02s)  68% completed  (84% total)
     Speed:     ev/sec=62684.3   simsec/sec=1.43489   ev/simsec=43685.8
     Messages:  created: 41147944   present: 6413   in FES: 174
** Event #31106816   t=347.141300018005   Elapsed: 604.966s (10m 04s)  69% completed  (84% total)
     Speed:     ev/sec=61543.8   simsec/sec=1.37455   ev/simsec=44773.7
     Messages:  created: 41301659   present: 6477   in FES: 145
** Event #31230464   t=350.006422910192   Elapsed: 606.967s (10m 06s)  70% completed  (85% total)
     Speed:     ev/sec=61798.8   simsec/sec=1.43198   ev/simsec=43156.3
     Messages:  created: 41458087   present: 6633   in FES: 138
** Event #31352320   t=352.725983774353   Elapsed: 608.967s (10m 08s)  70% completed  (85% total)
     Speed:     ev/sec=60923.1   simsec/sec=1.35967   ev/simsec=44807.2
     Messages:  created: 41609856   present: 6715   in FES: 125
** Event #31475200   t=355.512382468574   Elapsed: 610.97s (10m 10s)  71% completed  (85% total)
     Speed:     ev/sec=61349.1   simsec/sec=1.39114   ev/simsec=44099.9
     Messages:  created: 41763426   present: 6922   in FES: 153
** Event #31586304   t=357.96410720766   Elapsed: 612.971s (10m 12s)  71% completed  (85% total)
     Speed:     ev/sec=55541.6   simsec/sec=1.22563   ev/simsec=45316.7
     Messages:  created: 41900989   present: 6942   in FES: 123
** Event #31702784   t=360.518602865832   Elapsed: 614.98s (10m 14s)  72% completed  (86% total)
     Speed:     ev/sec=57963   simsec/sec=1.27117   ev/simsec=45598
     Messages:  created: 42044912   present: 7116   in FES: 147
** Event #31817216   t=363.033863943938   Elapsed: 616.983s (10m 16s)  72% completed  (86% total)
     Speed:     ev/sec=57127.7   simsec/sec=1.25569   ev/simsec=45495.1
     Messages:  created: 42186614   present: 7182   in FES: 133
** Event #31931136   t=365.525602591362   Elapsed: 618.985s (10m 18s)  73% completed  (86% total)
     Speed:     ev/sec=56923.8   simsec/sec=1.24508   ev/simsec=45719.1
     Messages:  created: 42327504   present: 7379   in FES: 155
** Event #32044800   t=368.06000860636   Elapsed: 620.987s (10m 20s)  73% completed  (86% total)
     Speed:     ev/sec=56755.6   simsec/sec=1.2655   ev/simsec=44848.4
     Messages:  created: 42468258   present: 2867   in FES: 142
** Event #32157952   t=370.517979095617   Elapsed: 622.99s (10m 22s)  74% completed  (87% total)
     Speed:     ev/sec=56491.4   simsec/sec=1.22715   ev/simsec=46034.7
     Messages:  created: 42609361   present: 2970   in FES: 136
** Event #32268544   t=372.930269782744   Elapsed: 624.994s (10m 24s)  74% completed  (87% total)
     Speed:     ev/sec=55206.3   simsec/sec=1.20419   ev/simsec=45845.2
     Messages:  created: 42746908   present: 3096   in FES: 154
** Event #32386304   t=375.442659009123   Elapsed: 626.996s (10m 26s)  75% completed  (87% total)
     Speed:     ev/sec=58803.4   simsec/sec=1.25456   ev/simsec=46871.7
     Messages:  created: 42893393   present: 3207   in FES: 154
** Event #32489728   t=377.601453370657   Elapsed: 628.999s (10m 28s)  75% completed  (87% total)
     Speed:     ev/sec=51643.2   simsec/sec=1.07796   ev/simsec=47908.2
     Messages:  created: 43020555   present: 3316   in FES: 156
** Event #32608768   t=380.102372570964   Elapsed: 631s (10m 31s)  76% completed  (88% total)
     Speed:     ev/sec=59476.9   simsec/sec=1.24955   ev/simsec=47598.5
     Messages:  created: 43168763   present: 3388   in FES: 152
** Event #32724736   t=382.519962582338   Elapsed: 633.001s (10m 33s)  76% completed  (88% total)
     Speed:     ev/sec=57966.8   simsec/sec=1.20844   ev/simsec=47968.4
     Messages:  created: 43314729   present: 3565   in FES: 156
** Event #32839680   t=384.915294730332   Elapsed: 635.003s (10m 35s)  76% completed  (88% total)
     Speed:     ev/sec=57419.7   simsec/sec=1.19658   ev/simsec=47986.7
     Messages:  created: 43458815   present: 3647   in FES: 164
** Event #32961024   t=387.41495627128   Elapsed: 637.004s (10m 37s)  77% completed  (88% total)
     Speed:     ev/sec=60637.8   simsec/sec=1.24913   ev/simsec=48544.2
     Messages:  created: 43610582   present: 3756   in FES: 163
** Event #33073152   t=389.676979226353   Elapsed: 639.007s (10m 39s)  77% completed  (88% total)
     Speed:     ev/sec=55977.6   simsec/sec=1.12927   ev/simsec=49569.8
     Messages:  created: 43750161   present: 3834   in FES: 154
** Event #33168896   t=391.641941750016   Elapsed: 641.01s (10m 41s)  78% completed  (89% total)
     Speed:     ev/sec=47790.2   simsec/sec=0.980802   ev/simsec=48725.6
     Messages:  created: 43869798   present: 3870   in FES: 126
** Event #33289984   t=394.106035670933   Elapsed: 643.011s (10m 43s)  78% completed  (89% total)
     Speed:     ev/sec=60510.7   simsec/sec=1.23137   ev/simsec=49141
     Messages:  created: 44021930   present: 4052   in FES: 174
** Event #33384192   t=396.559344585696   Elapsed: 645.02s (10m 45s)  79% completed  (89% total)
     Speed:     ev/sec=46906.1   simsec/sec=1.2215   ev/simsec=38400.4
     Messages:  created: 44138015   present: 4215   in FES: 155
** Event #33492992   t=399.517443926786   Elapsed: 647.026s (10m 47s)  79% completed  (89% total)
     Speed:     ev/sec=54246.4   simsec/sec=1.47487   ev/simsec=36780.4
     Messages:  created: 44271929   present: 4435   in FES: 146
** Event #33604608   t=402.521501519459   Elapsed: 649.026s (10m 49s)  80% completed  (90% total)
     Speed:     ev/sec=55806.9   simsec/sec=1.502   ev/simsec=37155.1
     Messages:  created: 44408131   present: 4536   in FES: 154
** Event #33714944   t=405.54616777562   Elapsed: 651.03s (10m 51s)  81% completed  (90% total)
     Speed:     ev/sec=55037.4   simsec/sec=1.50875   ev/simsec=36478.7
     Messages:  created: 44543043   present: 3402   in FES: 154
** Event #33833216   t=408.98850993635   Elapsed: 653.034s (10m 53s)  81% completed  (90% total)
     Speed:     ev/sec=59033.6   simsec/sec=1.71819   ev/simsec=34358
     Messages:  created: 44690153   present: 3694   in FES: 155
** Event #33953536   t=412.60665717889   Elapsed: 655.036s (10m 55s)  82% completed  (91% total)
     Speed:     ev/sec=60084.9   simsec/sec=1.80682   ev/simsec=33254.6
     Messages:  created: 44839840   present: 3994   in FES: 166
** Event #34089728   t=417.023987722028   Elapsed: 657.039s (10m 57s)  83% completed  (91% total)
     Speed:     ev/sec=68009.6   simsec/sec=2.20586   ev/simsec=30831.3
     Messages:  created: 45011946   present: 4321   in FES: 154
** Event #34229760   t=421.519673812678   Elapsed: 659.039s (10m 59s)  84% completed  (92% total)
     Speed:     ev/sec=70007   simsec/sec=2.24755   ev/simsec=31148.1
     Messages:  created: 45188906   present: 4679   in FES: 154
** Event #34368256   t=425.976529084745   Elapsed: 661.039s (11m 01s)  85% completed  (92% total)
     Speed:     ev/sec=69244.9   simsec/sec=2.22833   ev/simsec=31074.8
     Messages:  created: 45364038   present: 5038   in FES: 154
** Event #34496000   t=429.805964755398   Elapsed: 663.04s (11m 03s)  85% completed  (92% total)
     Speed:     ev/sec=63839.5   simsec/sec=1.91374   ev/simsec=33358.4
     Messages:  created: 45526024   present: 4972   in FES: 156
** Event #34636288   t=430.154354554261   Elapsed: 665.044s (11m 05s)  86% completed  (93% total)
     Speed:     ev/sec=70025.4   simsec/sec=0.1739   ev/simsec=402675
     Messages:  created: 45718584   present: 5020   in FES: 165
** Event #34776576   t=430.497453345231   Elapsed: 667.045s (11m 07s)  86% completed  (93% total)
     Speed:     ev/sec=70086.9   simsec/sec=0.17141   ev/simsec=408885
     Messages:  created: 45912225   present: 5018   in FES: 153
** Event #34916096   t=430.848376897956   Elapsed: 669.046s (11m 09s)  86% completed  (93% total)
     Speed:     ev/sec=69739.7   simsec/sec=0.175411   ev/simsec=397579
     Messages:  created: 46103657   present: 5053   in FES: 165
** Event #35057920   t=431.332170554968   Elapsed: 671.046s (11m 11s)  86% completed  (93% total)
     Speed:     ev/sec=70910.9   simsec/sec=0.241893   ev/simsec=293150
     Messages:  created: 46297944   present: 4957   in FES: 128
** Event #35198720   t=431.882299282623   Elapsed: 673.048s (11m 13s)  86% completed  (93% total)
     Speed:     ev/sec=70321.7   simsec/sec=0.274758   ev/simsec=255940
     Messages:  created: 46490863   present: 5119   in FES: 154
** Event #35341056   t=432.442624750634   Elapsed: 675.05s (11m 15s)  86% completed  (93% total)
     Speed:     ev/sec=71095.3   simsec/sec=0.279876   ev/simsec=254024
     Messages:  created: 46685722   present: 5080   in FES: 155
** Event #35482112   t=433.005124694238   Elapsed: 677.051s (11m 17s)  86% completed  (93% total)
     Speed:     ev/sec=70509.5   simsec/sec=0.281176   ev/simsec=250766
     Messages:  created: 46878958   present: 5279   in FES: 185
** Event #35622912   t=433.576449117132   Elapsed: 679.055s (11m 19s)  86% completed  (93% total)
     Speed:     ev/sec=70242.8   simsec/sec=0.285024   ev/simsec=246445
     Messages:  created: 47070696   present: 5138   in FES: 142
** Event #35764480   t=434.120230469927   Elapsed: 681.058s (11m 21s)  86% completed  (93% total)
     Speed:     ev/sec=70688.4   simsec/sec=0.271523   ev/simsec=260340
     Messages:  created: 47264126   present: 5274   in FES: 154
** Event #35904768   t=435.514303552131   Elapsed: 683.06s (11m 23s)  87% completed  (93% total)
     Speed:     ev/sec=70073.4   simsec/sec=0.696335   ev/simsec=100632
     Messages:  created: 47453493   present: 5237   in FES: 123
** Event #36032512   t=439.225712770216   Elapsed: 685.061s (11m 25s)  87% completed  (93% total)
     Speed:     ev/sec=63831.9   simsec/sec=1.85454   ev/simsec=34419.3
     Messages:  created: 47613774   present: 5569   in FES: 154
** Event #36149248   t=442.542253763919   Elapsed: 687.061s (11m 27s)  88% completed  (94% total)
     Speed:     ev/sec=58355.6   simsec/sec=1.65792   ev/simsec=35198.1
     Messages:  created: 47758952   present: 5840   in FES: 149
** Event #36269312   t=446.255123026312   Elapsed: 689.064s (11m 29s)  89% completed  (94% total)
     Speed:     ev/sec=59953.8   simsec/sec=1.85402   ev/simsec=32337.3
     Messages:  created: 47905326   present: 6202   in FES: 166
** Event #36410112   t=447.001441940673   Elapsed: 691.067s (11m 31s)  89% completed  (94% total)
     Speed:     ev/sec=70299.2   simsec/sec=0.372625   ev/simsec=188659
     Messages:  created: 48097395   present: 6262   in FES: 155
** Event #36552704   t=447.528988571332   Elapsed: 693.069s (11m 33s)  89% completed  (94% total)
     Speed:     ev/sec=71222.6   simsec/sec=0.263502   ev/simsec=270293
     Messages:  created: 48291776   present: 6298   in FES: 165
** Event #36692480   t=448.100574604454   Elapsed: 695.07s (11m 35s)  89% completed  (94% total)
     Speed:     ev/sec=69853.1   simsec/sec=0.28565   ev/simsec=244541
     Messages:  created: 48481628   present: 6319   in FES: 146
** Event #36834816   t=448.656443361239   Elapsed: 697.074s (11m 37s)  89% completed  (94% total)
     Speed:     ev/sec=71041.5   simsec/sec=0.277441   ev/simsec=256060
     Messages:  created: 48676642   present: 6375   in FES: 154
** Event #36979200   t=449.244624890208   Elapsed: 699.074s (11m 39s)  89% completed  (94% total)
     Speed:     ev/sec=72176.9   simsec/sec=0.294029   ev/simsec=245475
     Messages:  created: 48874152   present: 6428   in FES: 154
** Event #37120768   t=449.827342224008   Elapsed: 701.075s (11m 41s)  89% completed  (94% total)
     Speed:     ev/sec=70756.4   simsec/sec=0.291245   ev/simsec=242945
     Messages:  created: 49067916   present: 6339   in FES: 144
** Event #37264896   t=450.387403836843   Elapsed: 703.076s (11m 43s)  90% completed  (95% total)
     Speed:     ev/sec=72032.2   simsec/sec=0.279907   ev/simsec=257343
     Messages:  created: 49265068   present: 6494   in FES: 145
** Event #37406208   t=450.955311578011   Elapsed: 705.078s (11m 45s)  90% completed  (95% total)
     Speed:     ev/sec=70576.2   simsec/sec=0.283633   ev/simsec=248829
     Messages:  created: 49458721   present: 6535   in FES: 156
** Event #37548800   t=451.52259105889   Elapsed: 707.08s (11m 47s)  90% completed  (95% total)
     Speed:     ev/sec=71232.3   simsec/sec=0.283386   ev/simsec=251361
     Messages:  created: 49653590   present: 6608   in FES: 154
** Event #37689344   t=452.096272255812   Elapsed: 709.08s (11m 49s)  90% completed  (95% total)
     Speed:     ev/sec=70267.4   simsec/sec=0.286822   ev/simsec=244986
     Messages:  created: 49844539   present: 6611   in FES: 145
** Event #37829888   t=452.642210607125   Elapsed: 711.081s (11m 51s)  90% completed  (95% total)
     Speed:     ev/sec=70248   simsec/sec=0.272876   ev/simsec=257436
     Messages:  created: 50036831   present: 6670   in FES: 154
** Event #37973760   t=453.231187719096   Elapsed: 713.081s (11m 53s)  90% completed  (95% total)
     Speed:     ev/sec=71915   simsec/sec=0.294402   ev/simsec=244274
     Messages:  created: 50233440   present: 6693   in FES: 154
** Event #38115072   t=453.782971667311   Elapsed: 715.084s (11m 55s)  90% completed  (95% total)
     Speed:     ev/sec=70555.3   simsec/sec=0.275499   ev/simsec=256100
     Messages:  created: 50427093   present: 6785   in FES: 165
** Event #38259968   t=454.377311056321   Elapsed: 717.087s (11m 57s)  90% completed  (95% total)
     Speed:     ev/sec=72332.7   simsec/sec=0.296697   ev/simsec=243793
     Messages:  created: 50625265   present: 6820   in FES: 165
** Event #38393600   t=454.903942247408   Elapsed: 719.09s (11m 59s)  90% completed  (95% total)
     Speed:     ev/sec=66733.4   simsec/sec=0.26299   ev/simsec=253749
     Messages:  created: 50808225   present: 6843   in FES: 166
** Event #38538496   t=455.497066926582   Elapsed: 721.09s (12m 01s)  91% completed  (95% total)
     Speed:     ev/sec=72423.8   simsec/sec=0.296463   ev/simsec=244293
     Messages:  created: 51006135   present: 6874   in FES: 154
** Event #38678016   t=456.035721073313   Elapsed: 723.093s (12m 03s)  91% completed  (95% total)
     Speed:     ev/sec=69650.8   simsec/sec=0.268906   ev/simsec=259016
     Messages:  created: 51196389   present: 6941   in FES: 166
** Event #38819328   t=456.615656489397   Elapsed: 725.096s (12m 05s)  91% completed  (95% total)
     Speed:     ev/sec=70574.4   simsec/sec=0.289633   ev/simsec=243669
     Messages:  created: 51389226   present: 6969   in FES: 166
** Event #38962176   t=457.168808362457   Elapsed: 727.096s (12m 07s)  91% completed  (95% total)
     Speed:     ev/sec=71401.9   simsec/sec=0.27649   ev/simsec=258244
     Messages:  created: 51584666   present: 7021   in FES: 150
** Event #39100928   t=457.741557596478   Elapsed: 729.098s (12m 09s)  91% completed  (95% total)
     Speed:     ev/sec=69330.4   simsec/sec=0.286187   ev/simsec=242256
     Messages:  created: 51774305   present: 7061   in FES: 166
** Event #39244288   t=458.329788212432   Elapsed: 731.1s (12m 11s)  91% completed  (95% total)
     Speed:     ev/sec=71599.5   simsec/sec=0.293785   ev/simsec=243714
     Messages:  created: 51970218   present: 7062   in FES: 153
** Event #39382784   t=458.874328655877   Elapsed: 733.101s (12m 13s)  91% completed  (95% total)
     Speed:     ev/sec=69212.7   simsec/sec=0.272132   ev/simsec=254336
     Messages:  created: 52159645   present: 7146   in FES: 152
** Event #39524864   t=459.427624090809   Elapsed: 735.104s (12m 15s)  91% completed  (95% total)
     Speed:     ev/sec=70943.1   simsec/sec=0.27627   ev/simsec=256789
     Messages:  created: 52353807   present: 7121   in FES: 139
** Event #39664640   t=460.002680319449   Elapsed: 737.106s (12m 17s)  92% completed  (96% total)
     Speed:     ev/sec=69798.2   simsec/sec=0.287159   ev/simsec=243065
     Messages:  created: 52544833   present: 7243   in FES: 166
** Event #39805696   t=460.545197061761   Elapsed: 739.106s (12m 19s)  92% completed  (96% total)
     Speed:     ev/sec=70525.9   simsec/sec=0.27125   ev/simsec=260003
     Messages:  created: 52737286   present: 7365   in FES: 186
** Event #39948544   t=461.131166993264   Elapsed: 741.109s (12m 21s)  92% completed  (96% total)
     Speed:     ev/sec=71327.2   simsec/sec=0.292588   ev/simsec=243780
     Messages:  created: 52932055   present: 7317   in FES: 166
** Event #40088576   t=461.676571196671   Elapsed: 743.112s (12m 23s)  92% completed  (96% total)
     Speed:     ev/sec=69916.4   simsec/sec=0.272314   ev/simsec=256749
     Messages:  created: 53123828   present: 7327   in FES: 139
** Event #40230144   t=462.25913852295   Elapsed: 745.112s (12m 25s)  92% completed  (96% total)
     Speed:     ev/sec=70762.8   simsec/sec=0.291197   ev/simsec=243007
     Messages:  created: 53317294   present: 7377   in FES: 151
** Event #40369152   t=462.835202013522   Elapsed: 747.115s (12m 27s)  92% completed  (96% total)
     Speed:     ev/sec=69417   simsec/sec=0.287671   ev/simsec=241307
     Messages:  created: 53507495   present: 6935   in FES: 165
** Event #40509440   t=463.384310869107   Elapsed: 749.116s (12m 29s)  92% completed  (96% total)
     Speed:     ev/sec=70103.1   simsec/sec=0.274394   ev/simsec=255483
     Messages:  created: 53699341   present: 7000   in FES: 155
** Event #40645888   t=463.920400780915   Elapsed: 751.118s (12m 31s)  92% completed  (96% total)
     Speed:     ev/sec=68151.8   simsec/sec=0.267761   ev/simsec=254524
     Messages:  created: 53885980   present: 7022   in FES: 154
** Event #40786944   t=464.498895626052   Elapsed: 753.12s (12m 33s)  92% completed  (96% total)
     Speed:     ev/sec=70471.6   simsec/sec=0.289016   ev/simsec=243833
     Messages:  created: 54078910   present: 7049   in FES: 150
** Event #40924160   t=465.03214078142   Elapsed: 755.122s (12m 35s)  93% completed  (96% total)
     Speed:     ev/sec=68549.8   simsec/sec=0.266396   ev/simsec=257323
     Messages:  created: 54266161   present: 7045   in FES: 126
** Event #41062144   t=465.600695328277   Elapsed: 757.125s (12m 37s)  93% completed  (96% total)
     Speed:     ev/sec=68865.4   simsec/sec=0.283755   ev/simsec=242693
     Messages:  created: 54453877   present: 7084   in FES: 138
** Event #41198848   t=466.13568915566   Elapsed: 759.126s (12m 39s)  93% completed  (96% total)
     Speed:     ev/sec=68326.8   simsec/sec=0.267398   ev/simsec=255524
     Messages:  created: 54640522   present: 7118   in FES: 137
** Event #41337344   t=466.678004309581   Elapsed: 761.128s (12m 41s)  93% completed  (96% total)
     Speed:     ev/sec=69193.1   simsec/sec=0.270943   ev/simsec=255379
     Messages:  created: 54830021   present: 7157   in FES: 124
** Event #41478912   t=467.258553229717   Elapsed: 763.131s (12m 43s)  93% completed  (96% total)
     Speed:     ev/sec=70666   simsec/sec=0.289791   ev/simsec=243852
     Messages:  created: 55023487   present: 7209   in FES: 135
** Event #41617152   t=467.832268383627   Elapsed: 765.131s (12m 45s)  93% completed  (96% total)
     Speed:     ev/sec=69102.3   simsec/sec=0.286784   ev/simsec=240956
     Messages:  created: 55212658   present: 7291   in FES: 155
** Event #41758720   t=468.38374588824   Elapsed: 767.134s (12m 47s)  93% completed  (96% total)
     Speed:     ev/sec=70694.5   simsec/sec=0.27539   ev/simsec=256707
     Messages:  created: 55406184   present: 7360   in FES: 154
** Event #41896704   t=468.924974573483   Elapsed: 769.138s (12m 49s)  93% completed  (96% total)
     Speed:     ev/sec=68865   simsec/sec=0.270116   ev/simsec=254946
     Messages:  created: 55595529   present: 7399   in FES: 165
** Event #42038784   t=469.509295303036   Elapsed: 771.139s (12m 51s)  93% completed  (96% total)
     Speed:     ev/sec=70992.6   simsec/sec=0.291965   ev/simsec=243154
     Messages:  created: 55789725   present: 7457   in FES: 156
** Event #42177792   t=470.063288182927   Elapsed: 773.141s (12m 53s)  94% completed  (97% total)
     Speed:     ev/sec=69417.7   simsec/sec=0.276653   ev/simsec=250920
     Messages:  created: 55979137   present: 7393   in FES: 139
** Event #42315520   t=470.615208516938   Elapsed: 775.143s (12m 55s)  94% completed  (97% total)
     Speed:     ev/sec=68812.5   simsec/sec=0.275754   ev/simsec=249543
     Messages:  created: 56167023   present: 7534   in FES: 148
** Event #42457344   t=471.165684466652   Elapsed: 777.145s (12m 57s)  94% completed  (97% total)
     Speed:     ev/sec=70831.3   simsec/sec=0.274925   ev/simsec=257639
     Messages:  created: 56360792   present: 7594   in FES: 165
** Event #42595840   t=471.738516644585   Elapsed: 779.147s (12m 59s)  94% completed  (97% total)
     Speed:     ev/sec=69173.1   simsec/sec=0.286106   ev/simsec=241774
     Messages:  created: 56550162   present: 7580   in FES: 150
** Event #42738432   t=472.291488006137   Elapsed: 781.148s (13m 01s)  94% completed  (97% total)
     Speed:     ev/sec=71260.7   simsec/sec=0.276349   ev/simsec=257865
     Messages:  created: 56745205   present: 7660   in FES: 165
** Event #42876416   t=472.865846781197   Elapsed: 783.15s (13m 03s)  94% completed  (97% total)
     Speed:     ev/sec=68950.8   simsec/sec=0.287008   ev/simsec=240240
     Messages:  created: 56933767   present: 7664   in FES: 134
** Event #43018752   t=473.420004278782   Elapsed: 785.151s (13m 05s)  94% completed  (97% total)
     Speed:     ev/sec=71131.9   simsec/sec=0.276938   ev/simsec=256851
     Messages:  created: 57128265   present: 7726   in FES: 143
** Event #43156224   t=473.988150501066   Elapsed: 787.152s (13m 07s)  94% completed  (97% total)
     Speed:     ev/sec=68681.7   simsec/sec=0.283849   ev/simsec=241966
     Messages:  created: 57316060   present: 7794   in FES: 165
** Event #43298304   t=474.537167207884   Elapsed: 789.156s (13m 09s)  94% completed  (97% total)
     Speed:     ev/sec=70914.8   simsec/sec=0.274025   ev/simsec=258790
     Messages:  created: 57509634   present: 7758   in FES: 124
** Event #43438848   t=475.110657189508   Elapsed: 791.159s (13m 11s)  95% completed  (97% total)
     Speed:     ev/sec=70158.5   simsec/sec=0.286282   ev/simsec=245068
     Messages:  created: 57700501   present: 7821   in FES: 143
** Event #43577344   t=475.649741816283   Elapsed: 793.162s (13m 13s)  95% completed  (97% total)
     Speed:     ev/sec=69133.5   simsec/sec=0.269097   ev/simsec=256910
     Messages:  created: 57889954   present: 7915   in FES: 156
** Event #43719936   t=476.236048927168   Elapsed: 795.165s (13m 15s)  95% completed  (97% total)
     Speed:     ev/sec=71184.4   simsec/sec=0.292695   ev/simsec=243204
     Messages:  created: 58084910   present: 7956   in FES: 156
** Event #43858944   t=476.778563546883   Elapsed: 797.168s (13m 17s)  95% completed  (97% total)
     Speed:     ev/sec=69398.9   simsec/sec=0.270847   ev/simsec=256229
     Messages:  created: 58275032   present: 8011   in FES: 150
** Event #44002560   t=477.371061919571   Elapsed: 799.171s (13m 19s)  95% completed  (97% total)
     Speed:     ev/sec=71727.5   simsec/sec=0.295917   ev/simsec=242391
     Messages:  created: 58471394   present: 7971   in FES: 125
** Event #44140800   t=477.911187695445   Elapsed: 801.172s (13m 21s)  95% completed  (97% total)
     Speed:     ev/sec=69080.6   simsec/sec=0.269909   ev/simsec=255940
     Messages:  created: 58660375   present: 8095   in FES: 158
** Event #44283392   t=478.496241853049   Elapsed: 803.174s (13m 23s)  95% completed  (97% total)
     Speed:     ev/sec=71222.1   simsec/sec=0.292224   ev/simsec=243724
     Messages:  created: 58855322   present: 8127   in FES: 165
** Event #44420096   t=479.027779337528   Elapsed: 805.177s (13m 25s)  95% completed  (97% total)
     Speed:     ev/sec=68238.4   simsec/sec=0.265327   ev/simsec=257186
     Messages:  created: 59042025   present: 8202   in FES: 162
** Event #44557824   t=479.594313275087   Elapsed: 807.178s (13m 27s)  95% completed  (97% total)
     Speed:     ev/sec=68845.5   simsec/sec=0.283191   ev/simsec=243106
     Messages:  created: 59229580   present: 8140   in FES: 128
** Event #44695808   t=480.136066966464   Elapsed: 809.18s (13m 29s)  96% completed  (98% total)
     Speed:     ev/sec=68925.8   simsec/sec=0.270617   ev/simsec=254699
     Messages:  created: 59418103   present: 8250   in FES: 156
** Event #44834304   t=480.678763270624   Elapsed: 811.181s (13m 31s)  96% completed  (98% total)
     Speed:     ev/sec=69191.4   simsec/sec=0.271126   ev/simsec=255200
     Messages:  created: 59607193   present: 8306   in FES: 156
** Event #44977152   t=481.259299092688   Elapsed: 813.184s (13m 33s)  96% completed  (98% total)
     Speed:     ev/sec=71323.2   simsec/sec=0.289858   ev/simsec=246062
     Messages:  created: 59802523   present: 8357   in FES: 165
** Event #45115648   t=481.833398787726   Elapsed: 815.184s (13m 35s)  96% completed  (98% total)
     Speed:     ev/sec=69242.3   simsec/sec=0.287026   ev/simsec=241240
     Messages:  created: 59991760   present: 8373   in FES: 154
** Event #45259520   t=482.391576730901   Elapsed: 817.188s (13m 37s)  96% completed  (98% total)
     Speed:     ev/sec=71804.5   simsec/sec=0.278579   ev/simsec=257753
     Messages:  created: 60188792   present: 8418   in FES: 156
** Event #45398784   t=482.951271908759   Elapsed: 819.189s (13m 39s)  96% completed  (98% total)
     Speed:     ev/sec=69585   simsec/sec=0.279659   ev/simsec=248821
     Messages:  created: 60379260   present: 8439   in FES: 154
** Event #45540096   t=483.515229907105   Elapsed: 821.194s (13m 41s)  96% completed  (98% total)
     Speed:     ev/sec=70501.1   simsec/sec=0.281361   ev/simsec=250572
     Messages:  created: 60572424   present: 8515   in FES: 154
** Event #45680128   t=484.085823022156   Elapsed: 823.195s (13m 43s)  96% completed  (98% total)
     Speed:     ev/sec=69971.8   simsec/sec=0.285117   ev/simsec=245415
     Messages:  created: 60762737   present: 8544   in FES: 154
** Event #45820672   t=484.637509830518   Elapsed: 825.196s (13m 45s)  96% completed  (98% total)
     Speed:     ev/sec=70230.9   simsec/sec=0.275682   ev/simsec=254753
     Messages:  created: 60955175   present: 8566   in FES: 139
** Event #45964032   t=485.20564245554   Elapsed: 827.196s (13m 47s)  97% completed  (98% total)
     Speed:     ev/sec=71671   simsec/sec=0.284031   ev/simsec=252335
     Messages:  created: 61151176   present: 8639   in FES: 155
** Event #46103296   t=485.764367604522   Elapsed: 829.197s (13m 49s)  97% completed  (98% total)
     Speed:     ev/sec=69617.7   simsec/sec=0.279305   ev/simsec=249253
     Messages:  created: 61341906   present: 8695   in FES: 165
** Event #46247168   t=486.357280752774   Elapsed: 831.2s (13m 51s)  97% completed  (98% total)
     Speed:     ev/sec=71815   simsec/sec=0.295958   ev/simsec=242653
     Messages:  created: 61538507   present: 8659   in FES: 126
** Event #46386176   t=486.875205652779   Elapsed: 833.203s (13m 53s)  97% completed  (98% total)
     Speed:     ev/sec=69398.9   simsec/sec=0.258571   ev/simsec=268394
     Messages:  created: 61728695   present: 8767   in FES: 163
** Event #46529280   t=487.441806651652   Elapsed: 835.204s (13m 55s)  97% completed  (98% total)
     Speed:     ev/sec=71516.1   simsec/sec=0.283158   ev/simsec=252566
     Messages:  created: 61924076   present: 8668   in FES: 132
** Event #46669824   t=488.007038259925   Elapsed: 837.206s (13m 57s)  97% completed  (98% total)
     Speed:     ev/sec=70198.6   simsec/sec=0.282321   ev/simsec=248649
     Messages:  created: 62116921   present: 8982   in FES: 195
** Event #46810112   t=488.554417331849   Elapsed: 839.211s (13m 59s)  97% completed  (98% total)
     Speed:     ev/sec=69996.5   simsec/sec=0.273114   ev/simsec=256290
     Messages:  created: 62307630   present: 8813   in FES: 165
** Event #46951936   t=489.11646364196   Elapsed: 841.213s (14m 01s)  97% completed  (98% total)
     Speed:     ev/sec=70830.8   simsec/sec=0.280701   ev/simsec=252335
     Messages:  created: 62500903   present: 8967   in FES: 163
** Event #47090944   t=489.658737015004   Elapsed: 843.215s (14m 03s)  97% completed  (98% total)
     Speed:     ev/sec=69431.3   simsec/sec=0.270853   ev/simsec=256343
     Messages:  created: 62690853   present: 8918   in FES: 134
** Event #47232768   t=490.2408555105   Elapsed: 845.218s (14m 05s)  98% completed  (99% total)
     Speed:     ev/sec=70815.7   simsec/sec=0.290664   ev/simsec=243634
     Messages:  created: 62884600   present: 9050   in FES: 163
** Event #47372288   t=490.779190340355   Elapsed: 847.221s (14m 07s)  98% completed  (99% total)
     Speed:     ev/sec=69657.6   simsec/sec=0.268772   ev/simsec=259170
     Messages:  created: 63075748   present: 9099   in FES: 174
** Event #47515392   t=491.370635965537   Elapsed: 849.221s (14m 09s)  98% completed  (99% total)
     Speed:     ev/sec=71544.5   simsec/sec=0.295692   ev/simsec=241956
     Messages:  created: 63271416   present: 9125   in FES: 174
** Event #47655936   t=491.916877365908   Elapsed: 851.224s (14m 11s)  98% completed  (99% total)
     Speed:     ev/sec=70152.8   simsec/sec=0.272657   ev/simsec=257293
     Messages:  created: 63463860   present: 9146   in FES: 165
** Event #47798272   t=492.4979650531   Elapsed: 853.227s (14m 13s)  98% completed  (99% total)
     Speed:     ev/sec=71082.9   simsec/sec=0.290196   ev/simsec=244948
     Messages:  created: 63658301   present: 9225   in FES: 174
** Event #47933952   t=493.017051920544   Elapsed: 855.227s (14m 15s)  98% completed  (99% total)
     Speed:     ev/sec=67827.4   simsec/sec=0.259495   ev/simsec=261382
     Messages:  created: 63843457   present: 9261   in FES: 165
** Event #48074240   t=493.593141478895   Elapsed: 857.229s (14m 17s)  98% completed  (99% total)
     Speed:     ev/sec=70058.1   simsec/sec=0.287692   ev/simsec=243518
     Messages:  created: 64034291   present: 9289   in FES: 170
** Event #48213248   t=494.131672368101   Elapsed: 859.229s (14m 19s)  98% completed  (99% total)
     Speed:     ev/sec=69500.6   simsec/sec=0.269252   ev/simsec=258124
     Messages:  created: 64223731   present: 8824   in FES: 173
** Event #48347648   t=494.663098920465   Elapsed: 861.23s (14m 21s)  98% completed  (99% total)
     Speed:     ev/sec=67195.3   simsec/sec=0.265695   ev/simsec=252904
     Messages:  created: 64407819   present: 6315   in FES: 157
** Event #48482816   t=495.207770655597   Elapsed: 863.23s (14m 23s)  99% completed  (99% total)
     Speed:     ev/sec=67579.5   simsec/sec=0.272318   ev/simsec=248164
     Messages:  created: 64592362   present: 4833   in FES: 156
** Event #48613888   t=495.742312863704   Elapsed: 865.232s (14m 25s)  99% completed  (99% total)
     Speed:     ev/sec=65468.8   simsec/sec=0.266997   ev/simsec=245204
     Messages:  created: 64771532   present: 4867   in FES: 154
** Event #48749824   t=496.275222963199   Elapsed: 867.232s (14m 27s)  99% completed  (99% total)
     Speed:     ev/sec=67957.2   simsec/sec=0.266413   ev/simsec=255082
     Messages:  created: 64957251   present: 4895   in FES: 143
** Event #48880640   t=496.797186950721   Elapsed: 869.232s (14m 29s)  99% completed  (99% total)
     Speed:     ev/sec=65400.6   simsec/sec=0.260953   ev/simsec=250623
     Messages:  created: 65136285   present: 4925   in FES: 155
** Event #49017088   t=497.36396494123   Elapsed: 871.234s (14m 31s)  99% completed  (99% total)
     Speed:     ev/sec=68155.4   simsec/sec=0.283104   ev/simsec=240743
     Messages:  created: 65322715   present: 4998   in FES: 156
** Event #49150720   t=497.89061230087   Elapsed: 873.236s (14m 33s)  99% completed  (99% total)
     Speed:     ev/sec=66755.1   simsec/sec=0.263084   ev/simsec=253741
     Messages:  created: 65505736   present: 5043   in FES: 165
** Event #49287936   t=498.426947623353   Elapsed: 875.238s (14m 35s)  99% completed  (99% total)
     Speed:     ev/sec=68549.6   simsec/sec=0.267939   ev/simsec=255840
     Messages:  created: 65693229   present: 5078   in FES: 165
** Event #49423104   t=498.989303320285   Elapsed: 877.24s (14m 37s)  99% completed  (99% total)
     Speed:     ev/sec=67513.2   simsec/sec=0.280883   ev/simsec=240360
     Messages:  created: 65878283   present: 5101   in FES: 155
** Event #49559296   t=499.518536352232   Elapsed: 879.241s (14m 39s)  99% completed  (99% total)
     Speed:     ev/sec=68059.5   simsec/sec=0.264475   ev/simsec=257338
     Messages:  created: 66063934   present: 5197   in FES: 159
** Event #49676477   t=500   Elapsed: 880.968s (14m 40s)  100% completed  (100% total)
     Speed:     ev/sec=67857.4   simsec/sec=0.278708   ev/simsec=243471
     Messages:  created: 66224409   present: 5217   in FES: 154

<!> Simulation time limit reached -- at t=500s, event #49676477
undisposed object: (omnetpp::cMessage) FanetSarNetwork.groundStation.app.debugTimer -- check module destructor
undisposed object: (omnetpp::cMessage) FanetSarNetwork.uav[0].app.debugTimer -- check module destructor
undisposed object: (omnetpp::cMessage) FanetSarNetwork.uav[1].app.debugTimer -- check module destructor
undisposed object: (omnetpp::cMessage) FanetSarNetwork.uav[2].app.debugTimer -- check module destructor
undisposed object: (omnetpp::cMessage) FanetSarNetwork.uav[3].app.debugTimer -- check module destructor
undisposed object: (omnetpp::cMessage) FanetSarNetwork.uav[4].app.debugTimer -- check module destructor
undisposed object: (omnetpp::cMessage) FanetSarNetwork.uav[5].app.debugTimer -- check module destructor
undisposed object: (omnetpp::cMessage) FanetSarNetwork.uav[6].app.debugTimer -- check module destructor
undisposed object: (omnetpp::cMessage) FanetSarNetwork.uav[7].app.debugTimer -- check module destructor
undisposed object: (omnetpp::cMessage) FanetSarNetwork.uav[8].app.debugTimer -- check module destructor
undisposed object: (omnetpp::cMessage) FanetSarNetwork.uav[9].app.debugTimer -- check module destructor
undisposed object: (omnetpp::cMessage) FanetSarNetwork.uav[10].app.debugTimer -- check module destructor
undisposed object: (omnetpp::cMessage) FanetSarNetwork.uav[11].app.debugTimer -- check module destructor
undisposed object: (omnetpp::cMessage) FanetSarNetwork.uav[12].app.debugTimer -- check module destructor
undisposed object: (omnetpp::cMessage) FanetSarNetwork.uav[13].app.debugTimer -- check module destructor
undisposed object: (omnetpp::cMessage) FanetSarNetwork.uav[14].app.debugTimer -- check module destructor
undisposed object: (omnetpp::cMessage) FanetSarNetwork.uav[15].app.debugTimer -- check module destructor
undisposed object: (omnetpp::cMessage) FanetSarNetwork.uav[16].app.debugTimer -- check module destructor
undisposed object: (omnetpp::cMessage) FanetSarNetwork.uav[17].app.debugTimer -- check module destructor
undisposed object: (omnetpp::cMessage) FanetSarNetwork.uav[18].app.debugTimer -- check module destructor
undisposed object: (omnetpp::cMessage) FanetSarNetwork.uav[19].app.debugTimer -- check module destructor
undisposed object: (omnetpp::cMessage) FanetSarNetwork.uav[20].app.debugTimer -- check module destructor
undisposed object: (omnetpp::cMessage) FanetSarNetwork.uav[21].app.debugTimer -- check module destructor
undisposed object: (omnetpp::cMessage) FanetSarNetwork.uav[22].app.debugTimer -- check module destructor
undisposed object: (omnetpp::cMessage) FanetSarNetwork.uav[23].app.debugTimer -- check module destructor
undisposed object: (omnetpp::cMessage) FanetSarNetwork.uav[24].app.debugTimer -- check module destructor
undisposed object: (omnetpp::cMessage) FanetSarNetwork.uav[25].app.debugTimer -- check module destructor
undisposed object: (omnetpp::cMessage) FanetSarNetwork.uav[26].app.debugTimer -- check module destructor
undisposed object: (omnetpp::cMessage) FanetSarNetwork.uav[27].app.debugTimer -- check module destructor
undisposed object: (omnetpp::cMessage) FanetSarNetwork.uav[28].app.debugTimer -- check module destructor
undisposed object: (omnetpp::cMessage) FanetSarNetwork.uav[29].app.debugTimer -- check module destructor
