** Event #0   t=0   Elapsed: 9.4e-05s (0m 00s)  0% completed  (0% total)
     Speed:     ev/sec=0   simsec/sec=0   ev/simsec=0
     Messages:  created: 1781   present: 1781   in FES: 261
** Event #40448   t=1.558800879065   Elapsed: 2.03284s (0m 02s)  0% completed  (0% total)
     Speed:     ev/sec=19898.1   simsec/sec=0.76682   ev/simsec=25948.8
     Messages:  created: 39671   present: 1777   in FES: 188
** Event #72192   t=3.08144702614   Elapsed: 4.03358s (0m 04s)  0% completed  (0% total)
     Speed:     ev/sec=15866   simsec/sec=0.761035   ev/simsec=20847.9
     Messages:  created: 68060   present: 1818   in FES: 199
** Event #99840   t=4.546322731337   Elapsed: 6.04382s (0m 06s)  0% completed  (0% total)
     Speed:     ev/sec=13753.6   simsec/sec=0.728708   ev/simsec=18874
     Messages:  created: 93091   present: 1834   in FES: 205
** Event #123648   t=5.548854200268   Elapsed: 8.08189s (0m 08s)  1% completed  (0% total)
     Speed:     ev/sec=11681.7   simsec/sec=0.491903   ev/simsec=23747.9
     Messages:  created: 114179   present: 1782   in FES: 185
** Event #146944   t=6.558576278102   Elapsed: 10.097s (0m 10s)  1% completed  (0% total)
     Speed:     ev/sec=11560.5   simsec/sec=0.50107   ev/simsec=23071.7
     Messages:  created: 134889   present: 1804   in FES: 206
** Event #171008   t=7.578881654207   Elapsed: 12.1131s (0m 12s)  1% completed  (0% total)
     Speed:     ev/sec=11936.2   simsec/sec=0.506092   ev/simsec=23585.1
     Messages:  created: 156589   present: 1816   in FES: 206
** Event #194304   t=8.58250779461   Elapsed: 14.128s (0m 14s)  1% completed  (0% total)
     Speed:     ev/sec=11561.4   simsec/sec=0.498083   ev/simsec=23211.8
     Messages:  created: 177148   present: 1785   in FES: 186
** Event #218368   t=9.597115850028   Elapsed: 16.1504s (0m 16s)  1% completed  (0% total)
     Speed:     ev/sec=11899.3   simsec/sec=0.501707   ev/simsec=23717.5
     Messages:  created: 198498   present: 1815   in FES: 196
** Event #246272   t=11.053585766677   Elapsed: 18.1549s (0m 18s)  2% completed  (1% total)
     Speed:     ev/sec=13920   simsec/sec=0.726565   ev/simsec=19158.7
     Messages:  created: 223173   present: 1766   in FES: 181
** Event #273408   t=12.087058425532   Elapsed: 20.1658s (0m 20s)  2% completed  (1% total)
     Speed:     ev/sec=13494.6   simsec/sec=0.51394   ev/simsec=26257.1
     Messages:  created: 247125   present: 1746   in FES: 173
** Event #298496   t=13.521425340426   Elapsed: 22.2032s (0m 22s)  2% completed  (1% total)
     Speed:     ev/sec=12313.9   simsec/sec=0.704028   ev/simsec=17490.6
     Messages:  created: 269055   present: 1787   in FES: 206
** Event #323328   t=14.551058404454   Elapsed: 24.2251s (0m 24s)  2% completed  (1% total)
     Speed:     ev/sec=12281.6   simsec/sec=0.509246   ev/simsec=24117.3
     Messages:  created: 291052   present: 1773   in FES: 184
** Event #348160   t=15.574833543645   Elapsed: 26.2523s (0m 26s)  3% completed  (1% total)
     Speed:     ev/sec=12249   simsec/sec=0.505004   ev/simsec=24255.3
     Messages:  created: 313120   present: 1796   in FES: 191
** Event #371968   t=16.576422076845   Elapsed: 28.2592s (0m 28s)  3% completed  (1% total)
     Speed:     ev/sec=11863.2   simsec/sec=0.499076   ev/simsec=23770.2
     Messages:  created: 334177   present: 1819   in FES: 206
** Event #396544   t=17.593231879878   Elapsed: 30.2889s (0m 30s)  3% completed  (1% total)
     Speed:     ev/sec=12108.3   simsec/sec=0.50097   ev/simsec=24169.7
     Messages:  created: 355943   present: 1830   in FES: 201
** Event #424448   t=19.048730385607   Elapsed: 32.2926s (0m 32s)  3% completed  (1% total)
     Speed:     ev/sec=13926.6   simsec/sec=0.726424   ev/simsec=19171.4
     Messages:  created: 380616   present: 1827   in FES: 207
** Event #455168   t=20.536489385319   Elapsed: 34.3168s (0m 34s)  4% completed  (2% total)
     Speed:     ev/sec=15176.4   simsec/sec=0.734985   ev/simsec=20648.5
     Messages:  created: 407988   present: 1798   in FES: 206
** Event #480256   t=21.558977852684   Elapsed: 36.3257s (0m 36s)  4% completed  (2% total)
     Speed:     ev/sec=12488   simsec/sec=0.50896   ev/simsec=24536.2
     Messages:  created: 430580   present: 1827   in FES: 206
** Event #502784   t=22.556130397832   Elapsed: 38.346s (0m 38s)  4% completed  (2% total)
     Speed:     ev/sec=11150.9   simsec/sec=0.493572   ev/simsec=22592.3
     Messages:  created: 450120   present: 1787   in FES: 188
** Event #526336   t=23.552809437672   Elapsed: 40.368s (0m 40s)  4% completed  (2% total)
     Speed:     ev/sec=11647.9   simsec/sec=0.492921   ev/simsec=23630.5
     Messages:  created: 470766   present: 1823   in FES: 198
** Event #549376   t=24.553417980004   Elapsed: 42.3836s (0m 42s)  4% completed  (2% total)
     Speed:     ev/sec=11430.9   simsec/sec=0.496437   ev/simsec=23026
     Messages:  created: 490766   present: 1836   in FES: 203
** Event #572672   t=25.553869705456   Elapsed: 44.4023s (0m 44s)  5% completed  (2% total)
     Speed:     ev/sec=11540.3   simsec/sec=0.4956   ev/simsec=23285.5
     Messages:  created: 510830   present: 1755   in FES: 176
** Event #595968   t=26.547897537232   Elapsed: 46.4234s (0m 46s)  5% completed  (2% total)
     Speed:     ev/sec=11526.3   simsec/sec=0.491823   ev/simsec=23436
     Messages:  created: 530964   present: 1795   in FES: 190
** Event #619520   t=27.557978833522   Elapsed: 48.4307s (0m 48s)  5% completed  (2% total)
     Speed:     ev/sec=11732.7   simsec/sec=0.503183   ev/simsec=23316.9
     Messages:  created: 552091   present: 2010   in FES: 256
** Event #643840   t=28.562968883113   Elapsed: 50.4425s (0m 50s)  5% completed  (2% total)
     Speed:     ev/sec=12088.8   simsec/sec=0.499554   ev/simsec=24199.2
     Messages:  created: 573476   present: 1723   in FES: 156
** Event #666624   t=29.564815452959   Elapsed: 52.4511s (0m 52s)  5% completed  (2% total)
     Speed:     ev/sec=11343.3   simsec/sec=0.498781   ev/simsec=22742
     Messages:  created: 593373   present: 1786   in FES: 185
** Event #688896   t=30.559503303758   Elapsed: 54.4718s (0m 54s)  6% completed  (3% total)
     Speed:     ev/sec=11022   simsec/sec=0.492252   ev/simsec=22390.9
     Messages:  created: 612193   present: 1706   in FES: 159
** Event #711680   t=31.561473967699   Elapsed: 56.505s (0m 56s)  6% completed  (3% total)
     Speed:     ev/sec=11206.2   simsec/sec=0.492815   ev/simsec=22739.2
     Messages:  created: 631683   present: 1795   in FES: 188
** Event #733696   t=32.533565371262   Elapsed: 58.5147s (0m 58s)  6% completed  (3% total)
     Speed:     ev/sec=10954.8   simsec/sec=0.483695   ev/simsec=22648.1
     Messages:  created: 650090   present: 1760   in FES: 179
** Event #755456   t=33.507333226425   Elapsed: 60.5165s (1m 00s)  6% completed  (3% total)
     Speed:     ev/sec=10869.9   simsec/sec=0.486431   ev/simsec=22346.2
     Messages:  created: 668194   present: 1795   in FES: 194
** Event #766208   t=33.593698411312   Elapsed: 62.5287s (1m 02s)  6% completed  (3% total)
     Speed:     ev/sec=5343.58   simsec/sec=0.0429222   ev/simsec=124495
     Messages:  created: 677252   present: 1789   in FES: 206
** Event #788480   t=34.578496757265   Elapsed: 64.5315s (1m 04s)  6% completed  (3% total)
     Speed:     ev/sec=11120   simsec/sec=0.491691   ev/simsec=22615.8
     Messages:  created: 696166   present: 1789   in FES: 186
** Event #810496   t=35.57128132858   Elapsed: 66.5376s (1m 06s)  7% completed  (3% total)
     Speed:     ev/sec=10974.6   simsec/sec=0.494886   ev/simsec=22176
     Messages:  created: 714622   present: 1713   in FES: 164
** Event #832512   t=36.550996998269   Elapsed: 68.5726s (1m 08s)  7% completed  (3% total)
     Speed:     ev/sec=10818.6   simsec/sec=0.481429   ev/simsec=22471.8
     Messages:  created: 732834   present: 1788   in FES: 189
** Event #854784   t=37.522829137338   Elapsed: 70.5741s (1m 10s)  7% completed  (3% total)
     Speed:     ev/sec=11127.7   simsec/sec=0.485556   ev/simsec=22917.5
     Messages:  created: 751622   present: 1689   in FES: 156
** Event #877312   t=38.51282654248   Elapsed: 72.5945s (1m 12s)  7% completed  (3% total)
     Speed:     ev/sec=11150.5   simsec/sec=0.490009   ev/simsec=22755.6
     Messages:  created: 771056   present: 1829   in FES: 204
** Event #891648   t=39.039762381219   Elapsed: 74.5977s (1m 14s)  7% completed  (3% total)
     Speed:     ev/sec=7156.65   simsec/sec=0.263051   ev/simsec=27206.3
     Messages:  created: 783247   present: 1775   in FES: 186
** Event #911104   t=39.594810988525   Elapsed: 76.6325s (1m 16s)  7% completed  (3% total)
     Speed:     ev/sec=9561.51   simsec/sec=0.272775   ev/simsec=35052.8
     Messages:  created: 799905   present: 1812   in FES: 195
** Event #932864   t=40.567529274434   Elapsed: 78.6438s (1m 18s)  8% completed  (4% total)
     Speed:     ev/sec=10818.8   simsec/sec=0.483625   ev/simsec=22370.3
     Messages:  created: 817999   present: 1782   in FES: 185
** Event #955648   t=41.553676278277   Elapsed: 80.6474s (1m 20s)  8% completed  (4% total)
     Speed:     ev/sec=11371.8   simsec/sec=0.492201   ev/simsec=23104.1
     Messages:  created: 837192   present: 1700   in FES: 157
** Event #977664   t=42.538459326463   Elapsed: 82.6842s (1m 22s)  8% completed  (4% total)
     Speed:     ev/sec=10808.6   simsec/sec=0.483472   ev/simsec=22356.2
     Messages:  created: 855619   present: 1767   in FES: 180
** Event #999680   t=43.525332122573   Elapsed: 84.7161s (1m 24s)  8% completed  (4% total)
     Speed:     ev/sec=10835.5   simsec/sec=0.485705   ev/simsec=22308.9
     Messages:  created: 874412   present: 1832   in FES: 203
** Event #1022208   t=44.513807294808   Elapsed: 86.7531s (1m 26s)  8% completed  (4% total)
     Speed:     ev/sec=11059.5   simsec/sec=0.485265   ev/simsec=22790.7
     Messages:  created: 893570   present: 1793   in FES: 192
** Event #1041408   t=45.075422594346   Elapsed: 88.7551s (1m 28s)  9% completed  (4% total)
     Speed:     ev/sec=9590.16   simsec/sec=0.28052   ev/simsec=34187.1
     Messages:  created: 910191   present: 1822   in FES: 206
** Event #1057024   t=45.606038226817   Elapsed: 90.7776s (1m 30s)  9% completed  (4% total)
     Speed:     ev/sec=7721.2   simsec/sec=0.262359   ev/simsec=29430
     Messages:  created: 923473   present: 1789   in FES: 188
** Event #1081088   t=46.640826162049   Elapsed: 92.7947s (1m 32s)  9% completed  (4% total)
     Speed:     ev/sec=11929.8   simsec/sec=0.513   ev/simsec=23255
     Messages:  created: 943837   present: 1681   in FES: 155
** Event #1104896   t=47.936044091112   Elapsed: 94.8003s (1m 34s)  9% completed  (4% total)
     Speed:     ev/sec=11870.7   simsec/sec=0.645798   ev/simsec=18381.5
     Messages:  created: 964131   present: 1681   in FES: 155
** Event #1137152   t=49.081548690656   Elapsed: 96.8054s (1m 36s)  9% completed  (4% total)
     Speed:     ev/sec=16087.1   simsec/sec=0.571298   ev/simsec=28158.8
     Messages:  created: 991847   present: 1690   in FES: 157
** Event #1165312   t=50.525587713779   Elapsed: 98.8479s (1m 38s)  10% completed  (5% total)
     Speed:     ev/sec=13786.9   simsec/sec=0.706992   ev/simsec=19500.9
     Messages:  created: 1016068   present: 1798   in FES: 193
** Event #1190912   t=51.550837759947   Elapsed: 100.85s (1m 40s)  10% completed  (5% total)
     Speed:     ev/sec=12785.5   simsec/sec=0.512045   ev/simsec=24969.5
     Messages:  created: 1038133   present: 1791   in FES: 190
** Event #1217536   t=52.57744023011   Elapsed: 102.853s (1m 42s)  10% completed  (5% total)
     Speed:     ev/sec=13296.7   simsec/sec=0.512711   ev/simsec=25934.1
     Messages:  created: 1061596   present: 1823   in FES: 198
** Event #1243648   t=53.597220965684   Elapsed: 104.877s (1m 44s)  10% completed  (5% total)
     Speed:     ev/sec=12897.3   simsec/sec=0.503693   ev/simsec=25605.5
     Messages:  created: 1084234   present: 1778   in FES: 185
** Event #1271040   t=55.031432130615   Elapsed: 106.881s (1m 46s)  11% completed  (5% total)
     Speed:     ev/sec=13670   simsec/sec=0.715742   ev/simsec=19099
     Messages:  created: 1107489   present: 1836   in FES: 205
** Event #1305344   t=56.526937362393   Elapsed: 108.893s (1m 48s)  11% completed  (5% total)
     Speed:     ev/sec=17050.5   simsec/sec=0.743329   ev/simsec=22938.1
     Messages:  created: 1136697   present: 1742   in FES: 175
** Event #1331456   t=57.545746636835   Elapsed: 110.933s (1m 50s)  11% completed  (5% total)
     Speed:     ev/sec=12797.2   simsec/sec=0.499308   ev/simsec=25629.9
     Messages:  created: 1158828   present: 1805   in FES: 194
** Event #1357056   t=58.551629065791   Elapsed: 112.957s (1m 52s)  11% completed  (5% total)
     Speed:     ev/sec=12651.6   simsec/sec=0.497112   ev/simsec=25450.3
     Messages:  created: 1180816   present: 1987   in FES: 255
** Event #1383680   t=59.583411275211   Elapsed: 114.965s (1m 54s)  11% completed  (5% total)
     Speed:     ev/sec=13260.4   simsec/sec=0.513893   ev/simsec=25803.9
     Messages:  created: 1203814   present: 1985   in FES: 253
** Event #1410048   t=60.600396353218   Elapsed: 116.983s (1m 56s)  12% completed  (6% total)
     Speed:     ev/sec=13063.3   simsec/sec=0.503838   ev/simsec=25927.6
     Messages:  created: 1226392   present: 1839   in FES: 206
** Event #1442816   t=62.081446795738   Elapsed: 118.984s (1m 58s)  12% completed  (6% total)
     Speed:     ev/sec=16372.5   simsec/sec=0.740004   ev/simsec=22124.8
     Messages:  created: 1254658   present: 1819   in FES: 200
** Event #1471488   t=63.517480364465   Elapsed: 120.992s (2m 00s)  12% completed  (6% total)
     Speed:     ev/sec=14279.5   simsec/sec=0.715188   ev/simsec=19966.1
     Messages:  created: 1278513   present: 1686   in FES: 157
** Event #1496576   t=64.521597495431   Elapsed: 123.015s (2m 03s)  12% completed  (6% total)
     Speed:     ev/sec=12400.8   simsec/sec=0.496327   ev/simsec=24985.1
     Messages:  created: 1299653   present: 1809   in FES: 196
** Event #1522432   t=65.536263192584   Elapsed: 125.021s (2m 05s)  13% completed  (6% total)
     Speed:     ev/sec=12889.9   simsec/sec=0.505838   ev/simsec=25482.3
     Messages:  created: 1321606   present: 1824   in FES: 201
** Event #1547776   t=66.547702514526   Elapsed: 127.056s (2m 07s)  13% completed  (6% total)
     Speed:     ev/sec=12454.7   simsec/sec=0.497046   ev/simsec=25057.4
     Messages:  created: 1343149   present: 1806   in FES: 193
** Event #1573632   t=67.553893439045   Elapsed: 129.073s (2m 09s)  13% completed  (6% total)
     Speed:     ev/sec=12820.5   simsec/sec=0.498913   ev/simsec=25696.9
     Messages:  created: 1364941   present: 1791   in FES: 188
** Event #1598976   t=68.560747321184   Elapsed: 131.104s (2m 11s)  13% completed  (6% total)
     Speed:     ev/sec=12480.6   simsec/sec=0.495821   ev/simsec=25171.5
     Messages:  created: 1386210   present: 1758   in FES: 173
** Event #1624064   t=69.562676508878   Elapsed: 133.105s (2m 13s)  13% completed  (6% total)
     Speed:     ev/sec=12535.3   simsec/sec=0.500618   ev/simsec=25039.7
     Messages:  created: 1407221   present: 1851   in FES: 205
** Event #1649920   t=70.572971773172   Elapsed: 135.13s (2m 15s)  14% completed  (7% total)
     Speed:     ev/sec=12771.4   simsec/sec=0.499029   ev/simsec=25592.5
     Messages:  created: 1428931   present: 1841   in FES: 204
** Event #1674752   t=71.581476240634   Elapsed: 137.143s (2m 17s)  14% completed  (7% total)
     Speed:     ev/sec=12330.1   simsec/sec=0.500765   ev/simsec=24622.6
     Messages:  created: 1449610   present: 1774   in FES: 185
** Event #1699584   t=72.580865602574   Elapsed: 139.148s (2m 19s)  14% completed  (7% total)
     Speed:     ev/sec=12388.8   simsec/sec=0.498601   ev/simsec=24847.2
     Messages:  created: 1470466   present: 1770   in FES: 181
** Event #1725184   t=73.580864702472   Elapsed: 141.179s (2m 21s)  14% completed  (7% total)
     Speed:     ev/sec=12603.2   simsec/sec=0.492311   ev/simsec=25600
     Messages:  created: 1491628   present: 1814   in FES: 197
** Event #1749504   t=74.570056955552   Elapsed: 143.188s (2m 23s)  14% completed  (7% total)
     Speed:     ev/sec=12106.1   simsec/sec=0.492404   ev/simsec=24585.7
     Messages:  created: 1511553   present: 1772   in FES: 179
** Event #1774592   t=75.565930542245   Elapsed: 145.191s (2m 25s)  15% completed  (7% total)
     Speed:     ev/sec=12527.2   simsec/sec=0.49727   ev/simsec=25192
     Messages:  created: 1532342   present: 1910   in FES: 228
** Event #1798400   t=76.559414936014   Elapsed: 147.207s (2m 27s)  15% completed  (7% total)
     Speed:     ev/sec=11805.2   simsec/sec=0.492619   ev/simsec=23964.1
     Messages:  created: 1551790   present: 1708   in FES: 161
** Event #1823488   t=77.559681116719   Elapsed: 149.217s (2m 29s)  15% completed  (7% total)
     Speed:     ev/sec=12486.4   simsec/sec=0.497836   ev/simsec=25081.3
     Messages:  created: 1572776   present: 1970   in FES: 250
** Event #1848064   t=78.545710930679   Elapsed: 151.247s (2m 31s)  15% completed  (7% total)
     Speed:     ev/sec=12104.4   simsec/sec=0.48565   ev/simsec=24924.2
     Messages:  created: 1592891   present: 1766   in FES: 183
** Event #1873408   t=79.554680983966   Elapsed: 153.284s (2m 33s)  15% completed  (7% total)
     Speed:     ev/sec=12440.3   simsec/sec=0.495261   ev/simsec=25118.7
     Messages:  created: 1613781   present: 1830   in FES: 201
** Event #1898496   t=80.549838026863   Elapsed: 155.29s (2m 35s)  16% completed  (8% total)
     Speed:     ev/sec=12507.1   simsec/sec=0.496114   ev/simsec=25210.1
     Messages:  created: 1634488   present: 1797   in FES: 190
** Event #1922560   t=81.54550953939   Elapsed: 157.322s (2m 37s)  16% completed  (8% total)
     Speed:     ev/sec=11843.1   simsec/sec=0.490018   ev/simsec=24168.6
     Messages:  created: 1654385   present: 1754   in FES: 179
** Event #1946624   t=82.533702513999   Elapsed: 159.34s (2m 39s)  16% completed  (8% total)
     Speed:     ev/sec=11925.3   simsec/sec=0.489716   ev/simsec=24351.5
     Messages:  created: 1674405   present: 1817   in FES: 200
** Event #1971456   t=83.5455093543   Elapsed: 161.359s (2m 41s)  16% completed  (8% total)
     Speed:     ev/sec=12296.2   simsec/sec=0.501021   ev/simsec=24542.2
     Messages:  created: 1695201   present: 1761   in FES: 182
** Event #1995520   t=84.537196415909   Elapsed: 163.384s (2m 43s)  16% completed  (8% total)
     Speed:     ev/sec=11883.1   simsec/sec=0.489708   ev/simsec=24265.7
     Messages:  created: 1715493   present: 1787   in FES: 206
** Event #2017536   t=85.090848117227   Elapsed: 165.387s (2m 45s)  17% completed  (8% total)
     Speed:     ev/sec=10994.1   simsec/sec=0.276477   ev/simsec=39765.1
     Messages:  created: 1733583   present: 1764   in FES: 177
** Event #2034176   t=86.040005305452   Elapsed: 167.39s (2m 47s)  17% completed  (8% total)
     Speed:     ev/sec=8305.99   simsec/sec=0.473779   ev/simsec=17531.3
     Messages:  created: 1747472   present: 1828   in FES: 203
** Event #2055936   t=86.60532019468   Elapsed: 169.401s (2m 49s)  17% completed  (8% total)
     Speed:     ev/sec=10820.3   simsec/sec=0.281107   ev/simsec=38491.8
     Messages:  created: 1765306   present: 1686   in FES: 157
** Event #2080000   t=87.594849607668   Elapsed: 171.436s (2m 51s)  17% completed  (8% total)
     Speed:     ev/sec=11826.9   simsec/sec=0.486332   ev/simsec=24318.6
     Messages:  created: 1785148   present: 1819   in FES: 206
** Event #2104832   t=88.590293100523   Elapsed: 173.447s (2m 53s)  17% completed  (8% total)
     Speed:     ev/sec=12351.7   simsec/sec=0.495143   ev/simsec=24945.7
     Messages:  created: 1805714   present: 1823   in FES: 202
** Event #2130176   t=89.589169651602   Elapsed: 175.488s (2m 55s)  17% completed  (8% total)
     Speed:     ev/sec=12416.9   simsec/sec=0.489385   ev/simsec=25372.5
     Messages:  created: 1826525   present: 1758   in FES: 179
** Event #2154496   t=90.575508827442   Elapsed: 177.491s (2m 57s)  18% completed  (9% total)
     Speed:     ev/sec=12136.9   simsec/sec=0.492232   ev/simsec=24656.8
     Messages:  created: 1846309   present: 1820   in FES: 199
** Event #2178816   t=91.560698768341   Elapsed: 179.521s (2m 59s)  18% completed  (9% total)
     Speed:     ev/sec=11979.7   simsec/sec=0.485292   ev/simsec=24685.6
     Messages:  created: 1865974   present: 1791   in FES: 188
** Event #2202624   t=92.553861979245   Elapsed: 181.585s (3m 01s)  18% completed  (9% total)
     Speed:     ev/sec=11536.2   simsec/sec=0.481237   ev/simsec=23971.9
     Messages:  created: 1885200   present: 1688   in FES: 157
** Event #2227456   t=93.550929405688   Elapsed: 183.623s (3m 03s)  18% completed  (9% total)
     Speed:     ev/sec=12186.2   simsec/sec=0.489305   ev/simsec=24905
     Messages:  created: 1905813   present: 1735   in FES: 172
** Event #2251776   t=94.529269573475   Elapsed: 185.625s (3m 05s)  18% completed  (9% total)
     Speed:     ev/sec=12148.6   simsec/sec=0.48871   ev/simsec=24858.4
     Messages:  created: 1925652   present: 1812   in FES: 206
** Event #2272000   t=95.081870315308   Elapsed: 187.629s (3m 07s)  19% completed  (9% total)
     Speed:     ev/sec=10090.1   simsec/sec=0.275703   ev/simsec=36597.9
     Messages:  created: 1942202   present: 1813   in FES: 197
** Event #2287616   t=95.605636214683   Elapsed: 189.642s (3m 09s)  19% completed  (9% total)
     Speed:     ev/sec=7759.84   simsec/sec=0.260268   ev/simsec=29814.8
     Messages:  created: 1955120   present: 1830   in FES: 201
** Event #2311424   t=96.580422012229   Elapsed: 191.666s (3m 11s)  19% completed  (9% total)
     Speed:     ev/sec=11762.9   simsec/sec=0.481615   ev/simsec=24423.8
     Messages:  created: 1974356   present: 1827   in FES: 206
** Event #2335232   t=97.567480304368   Elapsed: 193.693s (3m 13s)  19% completed  (9% total)
     Speed:     ev/sec=11740.7   simsec/sec=0.486761   ev/simsec=24120.2
     Messages:  created: 1993558   present: 1808   in FES: 197
** Event #2359296   t=98.55693827464   Elapsed: 195.723s (3m 15s)  19% completed  (9% total)
     Speed:     ev/sec=11857   simsec/sec=0.487532   ev/simsec=24320.4
     Messages:  created: 2012938   present: 1930   in FES: 256
** Event #2383360   t=99.542576418565   Elapsed: 197.74s (3m 17s)  19% completed  (9% total)
     Speed:     ev/sec=11931.8   simsec/sec=0.488716   ev/simsec=24414.6
     Messages:  created: 2032591   present: 1819   in FES: 198
** Event #2409216   t=100.505337470965   Elapsed: 199.751s (3m 19s)  20% completed  (10% total)
     Speed:     ev/sec=12855.7   simsec/sec=0.478689   ev/simsec=26856.1
     Messages:  created: 2055164   present: 1783   in FES: 190
** Event #2421760   t=100.596187712618   Elapsed: 201.762s (3m 21s)  20% completed  (10% total)
     Speed:     ev/sec=6238.47   simsec/sec=0.0451823   ev/simsec=138073
     Messages:  created: 2066111   present: 1838   in FES: 205
** Event #2452736   t=101.556109951369   Elapsed: 203.768s (3m 23s)  20% completed  (10% total)
     Speed:     ev/sec=15437.1   simsec/sec=0.478384   ev/simsec=32269.3
     Messages:  created: 2096296   present: 1783   in FES: 180
** Event #2482432   t=102.52454572435   Elapsed: 205.78s (3m 25s)  20% completed  (10% total)
     Speed:     ev/sec=14759.6   simsec/sec=0.481333   ev/simsec=30663.9
     Messages:  created: 2125100   present: 1835   in FES: 206
** Event #2493696   t=102.59586788815   Elapsed: 207.797s (3m 27s)  20% completed  (10% total)
     Speed:     ev/sec=5586.3   simsec/sec=0.0353717   ev/simsec=157931
     Messages:  created: 2134628   present: 1760   in FES: 181
** Event #2523904   t=103.571524865442   Elapsed: 209.813s (3m 29s)  20% completed  (10% total)
     Speed:     ev/sec=14984.1   simsec/sec=0.483958   ev/simsec=30961.7
     Messages:  created: 2163589   present: 1842   in FES: 205
** Event #2553600   t=104.545658649439   Elapsed: 211.824s (3m 31s)  20% completed  (10% total)
     Speed:     ev/sec=14761.5   simsec/sec=0.48423   ev/simsec=30484.5
     Messages:  created: 2191497   present: 1688   in FES: 157
** Event #2571520   t=105.039761972615   Elapsed: 213.827s (3m 33s)  21% completed  (10% total)
     Speed:     ev/sec=8946.14   simsec/sec=0.24667   ev/simsec=36267.7
     Messages:  created: 2208182   present: 1770   in FES: 183
** Event #2594816   t=105.5744560465   Elapsed: 215.835s (3m 35s)  21% completed  (10% total)
     Speed:     ev/sec=11607.1   simsec/sec=0.266408   ev/simsec=43568.8
     Messages:  created: 2229367   present: 1836   in FES: 206
** Event #2624256   t=106.534528694613   Elapsed: 217.873s (3m 37s)  21% completed  (10% total)
     Speed:     ev/sec=14442   simsec/sec=0.470971   ev/simsec=30664.3
     Messages:  created: 2256960   present: 1821   in FES: 198
** Event #2643200   t=107.047939057803   Elapsed: 219.875s (3m 39s)  21% completed  (10% total)
     Speed:     ev/sec=9463.62   simsec/sec=0.256478   ev/simsec=36898.4
     Messages:  created: 2274892   present: 1803   in FES: 206
** Event #2666752   t=107.584692482477   Elapsed: 221.92s (3m 41s)  21% completed  (10% total)
     Speed:     ev/sec=11513.2   simsec/sec=0.262387   ev/simsec=43878.6
     Messages:  created: 2296409   present: 1736   in FES: 171
** Event #2696448   t=108.559888314869   Elapsed: 223.936s (3m 43s)  21% completed  (10% total)
     Speed:     ev/sec=14732.3   simsec/sec=0.4838   ev/simsec=30451.3
     Messages:  created: 2324842   present: 1815   in FES: 206
** Event #2725888   t=109.31150721304   Elapsed: 225.942s (3m 45s)  21% completed  (10% total)
     Speed:     ev/sec=14679.8   simsec/sec=0.374784   ev/simsec=39168.8
     Messages:  created: 2352476   present: 1779   in FES: 188
** Event #2739968   t=109.593873853335   Elapsed: 227.948s (3m 47s)  21% completed  (10% total)
     Speed:     ev/sec=7016.67   simsec/sec=0.140715   ev/simsec=49864.2
     Messages:  created: 2365753   present: 1832   in FES: 206
** Event #2769920   t=110.558835584394   Elapsed: 229.95s (3m 49s)  22% completed  (11% total)
     Speed:     ev/sec=14964.8   simsec/sec=0.48212   ev/simsec=31039.6
     Messages:  created: 2394781   present: 1755   in FES: 176
** Event #2802688   t=111.517595073411   Elapsed: 231.967s (3m 51s)  22% completed  (11% total)
     Speed:     ev/sec=16247   simsec/sec=0.475372   ev/simsec=34177.5
     Messages:  created: 2426903   present: 1821   in FES: 200
** Event #2813952   t=111.587563602332   Elapsed: 233.977s (3m 53s)  22% completed  (11% total)
     Speed:     ev/sec=5602.53   simsec/sec=0.0348012   ev/simsec=160987
     Messages:  created: 2436470   present: 1752   in FES: 177
** Event #2845184   t=112.560047245661   Elapsed: 235.997s (3m 55s)  22% completed  (11% total)
     Speed:     ev/sec=15461.7   simsec/sec=0.481439   ev/simsec=32115.7
     Messages:  created: 2466513   present: 1717   in FES: 162
** Event #2875648   t=113.519734966598   Elapsed: 238.019s (3m 58s)  22% completed  (11% total)
     Speed:     ev/sec=15065.9   simsec/sec=0.474612   ev/simsec=31743.7
     Messages:  created: 2496089   present: 1817   in FES: 200
** Event #2888448   t=113.624967930419   Elapsed: 240.027s (4m 00s)  22% completed  (11% total)
     Speed:     ev/sec=6375.12   simsec/sec=0.0524119   ev/simsec=121635
     Messages:  created: 2507362   present: 1800   in FES: 206
** Event #2919424   t=114.581592061491   Elapsed: 242.066s (4m 02s)  22% completed  (11% total)
     Speed:     ev/sec=15190   simsec/sec=0.46911   ev/simsec=32380.5
     Messages:  created: 2537683   present: 1738   in FES: 173
** Event #2949120   t=115.54683807644   Elapsed: 244.082s (4m 04s)  23% completed  (11% total)
     Speed:     ev/sec=14727.9   simsec/sec=0.47872   ev/simsec=30765.2
     Messages:  created: 2566423   present: 1727   in FES: 168
** Event #2981632   t=116.522079557706   Elapsed: 246.113s (4m 06s)  23% completed  (11% total)
     Speed:     ev/sec=16011.9   simsec/sec=0.4803   ev/simsec=33337.4
     Messages:  created: 2598328   present: 1809   in FES: 196
** Event #2996480   t=116.874967095442   Elapsed: 248.114s (4m 08s)  23% completed  (11% total)
     Speed:     ev/sec=7420.05   simsec/sec=0.17635   ev/simsec=42075.7
     Messages:  created: 2612457   present: 1783   in FES: 206
** Event #3025920   t=117.58459140903   Elapsed: 250.15s (4m 10s)  23% completed  (11% total)
     Speed:     ev/sec=14458.4   simsec/sec=0.348506   ev/simsec=41486.7
     Messages:  created: 2640315   present: 1796   in FES: 191
** Event #3056896   t=118.555104425035   Elapsed: 252.159s (4m 12s)  23% completed  (11% total)
     Speed:     ev/sec=15422.5   simsec/sec=0.483204   ev/simsec=31917.1
     Messages:  created: 2670428   present: 1843   in FES: 206
** Event #3087872   t=119.511907238501   Elapsed: 254.161s (4m 14s)  23% completed  (11% total)
     Speed:     ev/sec=15468.3   simsec/sec=0.477793   ev/simsec=32374.5
     Messages:  created: 2700700   present: 1727   in FES: 170
** Event #3102976   t=119.788041851167   Elapsed: 256.165s (4m 16s)  23% completed  (11% total)
     Speed:     ev/sec=7539.86   simsec/sec=0.137845   ev/simsec=54698
     Messages:  created: 2714569   present: 1826   in FES: 206
** Event #3134208   t=120.581978599371   Elapsed: 258.199s (4m 18s)  24% completed  (12% total)
     Speed:     ev/sec=15354.9   simsec/sec=0.39033   ev/simsec=39338.1
     Messages:  created: 2744968   present: 1780   in FES: 185
** Event #3166464   t=121.560684196503   Elapsed: 260.201s (4m 20s)  24% completed  (12% total)
     Speed:     ev/sec=16110.5   simsec/sec=0.488823   ev/simsec=32957.8
     Messages:  created: 2776914   present: 1838   in FES: 205
** Event #3198464   t=122.525372154034   Elapsed: 262.217s (4m 22s)  24% completed  (12% total)
     Speed:     ev/sec=15871   simsec/sec=0.478454   ev/simsec=33171.3
     Messages:  created: 2808590   present: 1782   in FES: 187
** Event #3222528   t=123.066725622955   Elapsed: 264.22s (4m 24s)  24% completed  (12% total)
     Speed:     ev/sec=12012.1   simsec/sec=0.27023   ev/simsec=44451.5
     Messages:  created: 2832201   present: 1829   in FES: 198
** Event #3244800   t=123.596647591275   Elapsed: 266.239s (4m 26s)  24% completed  (12% total)
     Speed:     ev/sec=11034.6   simsec/sec=0.262548   ev/simsec=42028.8
     Messages:  created: 2853890   present: 1924   in FES: 232
** Event #3275776   t=124.554963188839   Elapsed: 268.248s (4m 28s)  24% completed  (12% total)
     Speed:     ev/sec=15418.1   simsec/sec=0.476996   ev/simsec=32323.4
     Messages:  created: 2884542   present: 1828   in FES: 199
** Event #3307008   t=125.525001189849   Elapsed: 270.288s (4m 30s)  25% completed  (12% total)
     Speed:     ev/sec=15305.6   simsec/sec=0.475379   ev/simsec=32196.7
     Messages:  created: 2915540   present: 1704   in FES: 161
** Event #3333632   t=126.082505679137   Elapsed: 272.293s (4m 32s)  25% completed  (12% total)
     Speed:     ev/sec=13278.4   simsec/sec=0.278048   ev/simsec=47755.7
     Messages:  created: 2941429   present: 1804   in FES: 193
** Event #3353600   t=126.596894007247   Elapsed: 274.308s (4m 34s)  25% completed  (12% total)
     Speed:     ev/sec=9909.92   simsec/sec=0.255286   ev/simsec=38818.9
     Messages:  created: 2961026   present: 1746   in FES: 171
** Event #3387648   t=127.58147983548   Elapsed: 276.319s (4m 36s)  25% completed  (12% total)
     Speed:     ev/sec=16933.4   simsec/sec=0.489674   ev/simsec=34581
     Messages:  created: 2995373   present: 1783   in FES: 188
** Event #3420160   t=128.563094180427   Elapsed: 278.321s (4m 38s)  25% completed  (12% total)
     Speed:     ev/sec=16238.3   simsec/sec=0.490272   ev/simsec=33121
     Messages:  created: 3027784   present: 1762   in FES: 178
** Event #3453696   t=129.548122143285   Elapsed: 280.329s (4m 40s)  25% completed  (12% total)
     Speed:     ev/sec=16702.8   simsec/sec=0.490598   ev/simsec=34045.7
     Messages:  created: 3061220   present: 1783   in FES: 186
** Event #3487744   t=130.530563007854   Elapsed: 282.334s (4m 42s)  26% completed  (13% total)
     Speed:     ev/sec=16979.8   simsec/sec=0.489944   ev/simsec=34656.5
     Messages:  created: 3096034   present: 1832   in FES: 206
** Event #3510016   t=131.048780814528   Elapsed: 284.336s (4m 44s)  26% completed  (13% total)
     Speed:     ev/sec=11124.1   simsec/sec=0.258833   ev/simsec=42978.1
     Messages:  created: 3118086   present: 1822   in FES: 198
** Event #3536384   t=131.609426799252   Elapsed: 286.348s (4m 46s)  26% completed  (13% total)
     Speed:     ev/sec=13110.4   simsec/sec=0.278759   ev/simsec=47031.5
     Messages:  created: 3143834   present: 1826   in FES: 201
** Event #3573248   t=132.588909559841   Elapsed: 288.357s (4m 48s)  26% completed  (13% total)
     Speed:     ev/sec=18345.1   simsec/sec=0.487432   ev/simsec=37636.2
     Messages:  created: 3182710   present: 1810   in FES: 206
** Event #3604992   t=133.558084438905   Elapsed: 290.373s (4m 50s)  26% completed  (13% total)
     Speed:     ev/sec=15745   simsec/sec=0.48071   ev/simsec=32753.6
     Messages:  created: 3214779   present: 1814   in FES: 195
** Event #3638272   t=134.546027117351   Elapsed: 292.392s (4m 52s)  26% completed  (13% total)
     Speed:     ev/sec=16487.9   simsec/sec=0.489457   ev/simsec=33686.2
     Messages:  created: 3248852   present: 1770   in FES: 183
** Event #3674112   t=135.515201162426   Elapsed: 294.407s (4m 54s)  27% completed  (13% total)
     Speed:     ev/sec=17782   simsec/sec=0.480854   ev/simsec=36979.9
     Messages:  created: 3286305   present: 1835   in FES: 206
** Event #3696640   t=136.04878346201   Elapsed: 296.413s (4m 56s)  27% completed  (13% total)
     Speed:     ev/sec=11233   simsec/sec=0.266058   ev/simsec=42220.3
     Messages:  created: 3308195   present: 1801   in FES: 190
** Event #3721472   t=136.594180472521   Elapsed: 298.413s (4m 58s)  27% completed  (13% total)
     Speed:     ev/sec=12416   simsec/sec=0.272697   ev/simsec=45530.1
     Messages:  created: 3332717   present: 1830   in FES: 201
** Event #3754496   t=137.58224417543   Elapsed: 300.447s (5m 00s)  27% completed  (13% total)
     Speed:     ev/sec=16229.5   simsec/sec=0.485581   ev/simsec=33422.9
     Messages:  created: 3366094   present: 1825   in FES: 200
** Event #3786240   t=138.556865356315   Elapsed: 302.467s (5m 02s)  27% completed  (13% total)
     Speed:     ev/sec=15719.4   simsec/sec=0.482626   ev/simsec=32570.6
     Messages:  created: 3397483   present: 1786   in FES: 186
** Event #3817472   t=139.523218267156   Elapsed: 304.491s (5m 04s)  27% completed  (13% total)
     Speed:     ev/sec=15432.7   simsec/sec=0.477505   ev/simsec=32319.5
     Messages:  created: 3428632   present: 1816   in FES: 206
** Event #3847936   t=140.094799545953   Elapsed: 306.494s (5m 06s)  28% completed  (14% total)
     Speed:     ev/sec=15203.2   simsec/sec=0.28525   ev/simsec=53297.8
     Messages:  created: 3458731   present: 1806   in FES: 193
** Event #3866624   t=140.600081348726   Elapsed: 308.521s (5m 08s)  28% completed  (14% total)
     Speed:     ev/sec=9222.67   simsec/sec=0.24936   ev/simsec=36985.3
     Messages:  created: 3477363   present: 1764   in FES: 179
** Event #3899648   t=141.587356036862   Elapsed: 310.528s (5m 10s)  28% completed  (14% total)
     Speed:     ev/sec=16449.3   simsec/sec=0.491763   ev/simsec=33449.7
     Messages:  created: 3510366   present: 1774   in FES: 183
** Event #3932672   t=142.586568151558   Elapsed: 312.57s (5m 12s)  28% completed  (14% total)
     Speed:     ev/sec=16172.8   simsec/sec=0.489342   ev/simsec=33050
     Messages:  created: 3542966   present: 1734   in FES: 173
** Event #3965184   t=143.575532851514   Elapsed: 314.601s (5m 14s)  28% completed  (14% total)
     Speed:     ev/sec=16009.4   simsec/sec=0.486982   ev/simsec=32874.8
     Messages:  created: 3575005   present: 1776   in FES: 185
** Event #3997184   t=144.567113870033   Elapsed: 316.619s (5m 16s)  28% completed  (14% total)
     Speed:     ev/sec=15856.7   simsec/sec=0.491349   ev/simsec=32271.7
     Messages:  created: 3606524   present: 1845   in FES: 202
** Event #4028672   t=145.539110549534   Elapsed: 318.637s (5m 18s)  29% completed  (14% total)
     Speed:     ev/sec=15605.5   simsec/sec=0.481724   ev/simsec=32395.2
     Messages:  created: 3636862   present: 1795   in FES: 207
** Event #4060928   t=146.530587860772   Elapsed: 320.669s (5m 20s)  29% completed  (14% total)
     Speed:     ev/sec=15877.1   simsec/sec=0.488026   ev/simsec=32533.3
     Messages:  created: 3668454   present: 1789   in FES: 188
** Event #4092416   t=147.420823095599   Elapsed: 322.671s (5m 22s)  29% completed  (14% total)
     Speed:     ev/sec=15723.1   simsec/sec=0.444526   ev/simsec=35370.4
     Messages:  created: 3699366   present: 1684   in FES: 156
** Event #4110848   t=148.00381512245   Elapsed: 324.675s (5m 24s)  29% completed  (14% total)
     Speed:     ev/sec=9196.19   simsec/sec=0.290869   ev/simsec=31616.2
     Messages:  created: 3717402   present: 1685   in FES: 156
** Event #4139520   t=148.592247242339   Elapsed: 326.692s (5m 26s)  29% completed  (14% total)
     Speed:     ev/sec=14220.6   simsec/sec=0.291848   ev/simsec=48726.1
     Messages:  created: 3744842   present: 1829   in FES: 200
** Event #4171264   t=149.58316040367   Elapsed: 328.698s (5m 28s)  29% completed  (14% total)
     Speed:     ev/sec=15819   simsec/sec=0.493801   ev/simsec=32035.1
     Messages:  created: 3776200   present: 1759   in FES: 178
** Event #4203520   t=150.570882650198   Elapsed: 330.707s (5m 30s)  30% completed  (15% total)
     Speed:     ev/sec=16060.9   simsec/sec=0.491806   ev/simsec=32657
     Messages:  created: 3808163   present: 1827   in FES: 206
** Event #4234496   t=151.544027928401   Elapsed: 332.714s (5m 32s)  30% completed  (15% total)
     Speed:     ev/sec=15431.1   simsec/sec=0.484786   ev/simsec=31830.8
     Messages:  created: 3837856   present: 1768   in FES: 179
** Event #4267008   t=152.523067417982   Elapsed: 334.714s (5m 34s)  30% completed  (15% total)
     Speed:     ev/sec=16255.3   simsec/sec=0.489499   ev/simsec=33208.1
     Messages:  created: 3870085   present: 1815   in FES: 200
** Event #4292864   t=153.064938987604   Elapsed: 336.723s (5m 36s)  30% completed  (15% total)
     Speed:     ev/sec=12869.2   simsec/sec=0.269703   ev/simsec=47716.1
     Messages:  created: 3895674   present: 1739   in FES: 168
** Event #4315648   t=153.600940075145   Elapsed: 338.752s (5m 38s)  30% completed  (15% total)
     Speed:     ev/sec=11229   simsec/sec=0.264166   ev/simsec=42507.4
     Messages:  created: 3917495   present: 1744   in FES: 175
** Event #4345344   t=154.56572034655   Elapsed: 340.784s (5m 40s)  30% completed  (15% total)
     Speed:     ev/sec=14615.8   simsec/sec=0.474847   ev/simsec=30780.1
     Messages:  created: 3946747   present: 1800   in FES: 189
** Event #4377088   t=155.556926284407   Elapsed: 342.822s (5m 42s)  31% completed  (15% total)
     Speed:     ev/sec=15573.9   simsec/sec=0.486295   ev/simsec=32025.6
     Messages:  created: 3977953   present: 1842   in FES: 206
** Event #4407552   t=156.528731784577   Elapsed: 344.858s (5m 44s)  31% completed  (15% total)
     Speed:     ev/sec=14965.9   simsec/sec=0.477415   ev/simsec=31347.8
     Messages:  created: 4007741   present: 1765   in FES: 180
** Event #4425472   t=157.032143445657   Elapsed: 346.861s (5m 46s)  31% completed  (15% total)
     Speed:     ev/sec=8946.84   simsec/sec=0.251336   ev/simsec=35597.1
     Messages:  created: 4025008   present: 1829   in FES: 206
** Event #4451840   t=157.591209494632   Elapsed: 348.891s (5m 48s)  31% completed  (15% total)
     Speed:     ev/sec=12985.7   simsec/sec=0.275329   ev/simsec=47164.4
     Messages:  created: 4050158   present: 1827   in FES: 202
** Event #4483328   t=158.577938150964   Elapsed: 350.913s (5m 50s)  31% completed  (15% total)
     Speed:     ev/sec=15575.8   simsec/sec=0.488094   ev/simsec=31911.5
     Messages:  created: 4081122   present: 1840   in FES: 206
** Event #4514048   t=159.553277731367   Elapsed: 352.927s (5m 52s)  31% completed  (15% total)
     Speed:     ev/sec=15256.8   simsec/sec=0.484393   ev/simsec=31496.7
     Messages:  created: 4110961   present: 1823   in FES: 198
** Event #4545024   t=160.5255840421   Elapsed: 354.945s (5m 54s)  32% completed  (16% total)
     Speed:     ev/sec=15346.2   simsec/sec=0.481701   ev/simsec=31858.3
     Messages:  created: 4141299   present: 1750   in FES: 177
** Event #4577792   t=161.524715788218   Elapsed: 356.957s (5m 56s)  32% completed  (16% total)
     Speed:     ev/sec=16288.6   simsec/sec=0.496658   ev/simsec=32796.5
     Messages:  created: 4174040   present: 1738   in FES: 173
** Event #4608768   t=162.311508788836   Elapsed: 358.958s (5m 58s)  32% completed  (16% total)
     Speed:     ev/sec=15482.1   simsec/sec=0.393246   ev/simsec=39369.9
     Messages:  created: 4204461   present: 1727   in FES: 170
** Event #4623104   t=162.59990799668   Elapsed: 360.982s (6m 00s)  32% completed  (16% total)
     Speed:     ev/sec=7082.71   simsec/sec=0.142484   ev/simsec=49708.9
     Messages:  created: 4217921   present: 1802   in FES: 191
** Event #4654592   t=163.582153328994   Elapsed: 363.013s (6m 03s)  32% completed  (16% total)
     Speed:     ev/sec=15502   simsec/sec=0.483572   ev/simsec=32057.2
     Messages:  created: 4248810   present: 1815   in FES: 198
** Event #4686080   t=164.569256528302   Elapsed: 365.022s (6m 05s)  32% completed  (16% total)
     Speed:     ev/sec=15673   simsec/sec=0.491326   ev/simsec=31899.4
     Messages:  created: 4279822   present: 1801   in FES: 192
** Event #4717824   t=165.549358404095   Elapsed: 367.029s (6m 07s)  33% completed  (16% total)
     Speed:     ev/sec=15818.3   simsec/sec=0.488394   ev/simsec=32388.5
     Messages:  created: 4310837   present: 1740   in FES: 171
** Event #4749312   t=166.536482602902   Elapsed: 369.072s (6m 09s)  33% completed  (16% total)
     Speed:     ev/sec=15409   simsec/sec=0.483059   ev/simsec=31898.7
     Messages:  created: 4341919   present: 1819   in FES: 200
** Event #4781056   t=167.508891179048   Elapsed: 371.098s (6m 11s)  33% completed  (16% total)
     Speed:     ev/sec=15670.2   simsec/sec=0.480024   ev/simsec=32644.7
     Messages:  created: 4373044   present: 1756   in FES: 181
** Event #4808192   t=168.082505418204   Elapsed: 373.1s (6m 13s)  33% completed  (16% total)
     Speed:     ev/sec=13554.9   simsec/sec=0.28653   ev/simsec=47307.1
     Messages:  created: 4398822   present: 1798   in FES: 191
** Event #4834304   t=169.038879121378   Elapsed: 375.102s (6m 15s)  33% completed  (16% total)
     Speed:     ev/sec=13042.1   simsec/sec=0.47768   ev/simsec=27303.1
     Messages:  created: 4425100   present: 1825   in FES: 206
** Event #4859648   t=169.596378145074   Elapsed: 377.131s (6m 17s)  33% completed  (16% total)
     Speed:     ev/sec=12492.3   simsec/sec=0.274797   ev/simsec=45460.2
     Messages:  created: 4449149   present: 1837   in FES: 207
** Event #4891392   t=170.580761770491   Elapsed: 379.144s (6m 19s)  34% completed  (17% total)
     Speed:     ev/sec=15764.2   simsec/sec=0.48885   ev/simsec=32247.6
     Messages:  created: 4480279   present: 1834   in FES: 203
** Event #4922624   t=171.56605980321   Elapsed: 381.15s (6m 21s)  34% completed  (17% total)
     Speed:     ev/sec=15573.5   simsec/sec=0.491309   ev/simsec=31698
     Messages:  created: 4510903   present: 1807   in FES: 206
** Event #4953856   t=172.550025218292   Elapsed: 383.15s (6m 23s)  34% completed  (17% total)
     Speed:     ev/sec=15612   simsec/sec=0.491858   ev/simsec=31741
     Messages:  created: 4541292   present: 1761   in FES: 180
** Event #4984832   t=173.533650754112   Elapsed: 385.168s (6m 25s)  34% completed  (17% total)
     Speed:     ev/sec=15355.6   simsec/sec=0.487608   ev/simsec=31491.7
     Messages:  created: 4571796   present: 1819   in FES: 198
** Event #5016576   t=174.53056316948   Elapsed: 387.176s (6m 27s)  34% completed  (17% total)
     Speed:     ev/sec=15807.5   simsec/sec=0.496431   ev/simsec=31842.3
     Messages:  created: 4603500   present: 1824   in FES: 201
** Event #5046016   t=175.229238458866   Elapsed: 389.18s (6m 29s)  35% completed  (17% total)
     Speed:     ev/sec=14690.8   simsec/sec=0.348646   ev/simsec=42136.9
     Messages:  created: 4631993   present: 1688   in FES: 188
** Event #5068032   t=176.039091270292   Elapsed: 391.186s (6m 31s)  35% completed  (17% total)
     Speed:     ev/sec=10975.6   simsec/sec=0.403735   ev/simsec=27185.2
     Messages:  created: 4654403   present: 1822   in FES: 229
** Event #5097216   t=177.009979841616   Elapsed: 393.194s (6m 33s)  35% completed  (17% total)
     Speed:     ev/sec=14528.1   simsec/sec=0.48332   ev/simsec=30059.1
     Messages:  created: 4683144   present: 1780   in FES: 187
** Event #5125120   t=177.624968860825   Elapsed: 395.247s (6m 35s)  35% completed  (17% total)
     Speed:     ev/sec=13594.7   simsec/sec=0.299621   ev/simsec=45373.2
     Messages:  created: 4709221   present: 1798   in FES: 206
** Event #5156096   t=178.602133139908   Elapsed: 397.284s (6m 37s)  35% completed  (17% total)
     Speed:     ev/sec=15209.4   simsec/sec=0.479792   ev/simsec=31699.9
     Messages:  created: 4739638   present: 1803   in FES: 194
** Event #5187584   t=179.601467225545   Elapsed: 399.293s (6m 39s)  35% completed  (17% total)
     Speed:     ev/sec=15669.7   simsec/sec=0.49731   ev/simsec=31509
     Messages:  created: 4770595   present: 1781   in FES: 188
** Event #5218560   t=180.594698907198   Elapsed: 401.319s (6m 41s)  36% completed  (18% total)
     Speed:     ev/sec=15290.6   simsec/sec=0.490286   ev/simsec=31187.1
     Messages:  created: 4800908   present: 1802   in FES: 206
** Event #5250304   t=181.598464845605   Elapsed: 403.342s (6m 43s)  36% completed  (18% total)
     Speed:     ev/sec=15690.1   simsec/sec=0.49613   ev/simsec=31624.9
     Messages:  created: 4831584   present: 1694   in FES: 157
** Event #5282048   t=182.601108286035   Elapsed: 405.364s (6m 45s)  36% completed  (18% total)
     Speed:     ev/sec=15698.9   simsec/sec=0.495854   ev/simsec=31660.3
     Messages:  created: 4862584   present: 1833   in FES: 202
** Event #5313280   t=183.595652157777   Elapsed: 407.375s (6m 47s)  36% completed  (18% total)
     Speed:     ev/sec=15532.4   simsec/sec=0.494609   ev/simsec=31403.3
     Messages:  created: 4893398   present: 1844   in FES: 206
** Event #5346560   t=184.624968202736   Elapsed: 409.387s (6m 49s)  36% completed  (18% total)
     Speed:     ev/sec=16537.7   simsec/sec=0.511493   ev/simsec=32332.1
     Messages:  created: 4926589   present: 1789   in FES: 206
** Event #5379072   t=185.614711534017   Elapsed: 411.409s (6m 51s)  37% completed  (18% total)
     Speed:     ev/sec=16083.3   simsec/sec=0.489614   ev/simsec=32848.9
     Messages:  created: 4959339   present: 1808   in FES: 207
** Event #5419008   t=187.040313172492   Elapsed: 413.413s (6m 53s)  37% completed  (18% total)
     Speed:     ev/sec=19928.6   simsec/sec=0.711394   ev/simsec=28013.4
     Messages:  created: 5002184   present: 1825   in FES: 206
** Event #5450752   t=188.038264248257   Elapsed: 415.416s (6m 55s)  37% completed  (18% total)
     Speed:     ev/sec=15848.8   simsec/sec=0.498245   ev/simsec=31809.2
     Messages:  created: 5034119   present: 1695   in FES: 188
** Event #5477632   t=188.671047514432   Elapsed: 417.416s (6m 57s)  37% completed  (18% total)
     Speed:     ev/sec=13435.8   simsec/sec=0.316293   ev/simsec=42479
     Messages:  created: 5060176   present: 1727   in FES: 194
** Event #5508864   t=189.603320967809   Elapsed: 419.435s (6m 59s)  37% completed  (18% total)
     Speed:     ev/sec=15470.1   simsec/sec=0.461783   ev/simsec=33500.9
     Messages:  created: 5091277   present: 1804   in FES: 206
** Event #5541120   t=190.59641713083   Elapsed: 421.465s (7m 01s)  38% completed  (19% total)
     Speed:     ev/sec=15887.8   simsec/sec=0.489152   ev/simsec=32480.2
     Messages:  created: 5122822   present: 1783   in FES: 186
** Event #5572864   t=191.58997876382   Elapsed: 423.505s (7m 03s)  38% completed  (19% total)
     Speed:     ev/sec=15566.6   simsec/sec=0.487223   ev/simsec=31949.7
     Messages:  created: 5154178   present: 1778   in FES: 185
** Event #5604608   t=192.574064010135   Elapsed: 425.518s (7m 05s)  38% completed  (19% total)
     Speed:     ev/sec=15768.3   simsec/sec=0.488828   ev/simsec=32257.4
     Messages:  created: 5185369   present: 1782   in FES: 185
** Event #5636096   t=193.569873731536   Elapsed: 427.565s (7m 07s)  38% completed  (19% total)
     Speed:     ev/sec=15382.9   simsec/sec=0.486485   ev/simsec=31620.5
     Messages:  created: 5216126   present: 1752   in FES: 175
** Event #5666304   t=194.554800375366   Elapsed: 429.569s (7m 09s)  38% completed  (19% total)
     Speed:     ev/sec=15073.7   simsec/sec=0.491476   ev/simsec=30670.3
     Messages:  created: 5245727   present: 1815   in FES: 196
** Event #5698048   t=195.538263538095   Elapsed: 431.583s (7m 11s)  39% completed  (19% total)
     Speed:     ev/sec=15761.6   simsec/sec=0.488311   ev/simsec=32277.8
     Messages:  created: 5276760   present: 1740   in FES: 201
** Event #5728512   t=196.521686803995   Elapsed: 433.591s (7m 13s)  39% completed  (19% total)
     Speed:     ev/sec=15172.7   simsec/sec=0.489798   ev/simsec=30977.5
     Messages:  created: 5306647   present: 1785   in FES: 188
** Event #5761024   t=197.513273175141   Elapsed: 435.618s (7m 15s)  39% completed  (19% total)
     Speed:     ev/sec=16039.9   simsec/sec=0.489202   ev/simsec=32787.9
     Messages:  created: 5338723   present: 1824   in FES: 203
** Event #5784576   t=198.061673475502   Elapsed: 437.618s (7m 17s)  39% completed  (19% total)
     Speed:     ev/sec=11773.7   simsec/sec=0.274147   ev/simsec=42946.7
     Messages:  created: 5360704   present: 1719   in FES: 164
** Event #5807872   t=198.729247465543   Elapsed: 439.62s (7m 19s)  39% completed  (19% total)
     Speed:     ev/sec=11637.8   simsec/sec=0.333495   ev/simsec=34896.5
     Messages:  created: 5383727   present: 1804   in FES: 232
** Event #5838592   t=199.593248535505   Elapsed: 441.623s (7m 21s)  39% completed  (19% total)
     Speed:     ev/sec=15330.9   simsec/sec=0.431183   ev/simsec=35555.5
     Messages:  created: 5413564   present: 1797   in FES: 190
** Event #5869824   t=200.577308066071   Elapsed: 443.625s (7m 23s)  40% completed  (20% total)
     Speed:     ev/sec=15601.9   simsec/sec=0.491585   ev/simsec=31737.9
     Messages:  created: 5444051   present: 1771   in FES: 182
** Event #5901056   t=201.555650934875   Elapsed: 445.644s (7m 25s)  40% completed  (20% total)
     Speed:     ev/sec=15473.3   simsec/sec=0.484701   ev/simsec=31923.4
     Messages:  created: 5474565   present: 1801   in FES: 192
** Event #5933056   t=202.534059392687   Elapsed: 447.681s (7m 27s)  40% completed  (20% total)
     Speed:     ev/sec=15706   simsec/sec=0.480214   ev/simsec=32706.2
     Messages:  created: 5505355   present: 1800   in FES: 193
** Event #5964032   t=203.516739801385   Elapsed: 449.693s (7m 29s)  40% completed  (20% total)
     Speed:     ev/sec=15396.3   simsec/sec=0.488431   ev/simsec=31521.9
     Messages:  created: 5535452   present: 1687   in FES: 158
** Event #5979392   t=203.875770444465   Elapsed: 451.697s (7m 31s)  40% completed  (20% total)
     Speed:     ev/sec=7666.2   simsec/sec=0.179193   ev/simsec=42781.9
     Messages:  created: 5550627   present: 1838   in FES: 232
** Event #6007808   t=204.579516087446   Elapsed: 453.723s (7m 33s)  40% completed  (20% total)
     Speed:     ev/sec=14026.9   simsec/sec=0.347389   ev/simsec=40378.2
     Messages:  created: 5577272   present: 1809   in FES: 194
** Event #6038272   t=205.555936822598   Elapsed: 455.745s (7m 35s)  41% completed  (20% total)
     Speed:     ev/sec=15062.4   simsec/sec=0.482776   ev/simsec=31199.7
     Messages:  created: 5606811   present: 1774   in FES: 185
** Event #6069504   t=206.531677549936   Elapsed: 457.78s (7m 37s)  41% completed  (20% total)
     Speed:     ev/sec=15347.7   simsec/sec=0.479488   ev/simsec=32008.5
     Messages:  created: 5637108   present: 1685   in FES: 156
** Event #6089728   t=207.048781154003   Elapsed: 459.784s (7m 39s)  41% completed  (20% total)
     Speed:     ev/sec=10090.7   simsec/sec=0.258007   ev/simsec=39110.2
     Messages:  created: 5656298   present: 1807   in FES: 194
** Event #6112768   t=207.590452443381   Elapsed: 461.818s (7m 41s)  41% completed  (20% total)
     Speed:     ev/sec=11330.6   simsec/sec=0.266384   ev/simsec=42535
     Messages:  created: 5678157   present: 1828   in FES: 206
** Event #6144256   t=208.563803286151   Elapsed: 463.827s (7m 43s)  41% completed  (20% total)
     Speed:     ev/sec=15673.1   simsec/sec=0.484484   ev/simsec=32350.1
     Messages:  created: 5708461   present: 1826   in FES: 197
** Event #6175232   t=209.53540742344   Elapsed: 465.83s (7m 45s)  41% completed  (20% total)
     Speed:     ev/sec=15461.1   simsec/sec=0.48496   ev/simsec=31881.3
     Messages:  created: 5738349   present: 1786   in FES: 189
** Event #6199808   t=210.075475206706   Elapsed: 467.833s (7m 47s)  42% completed  (21% total)
     Speed:     ev/sec=12268.3   simsec/sec=0.269601   ev/simsec=45505.4
     Messages:  created: 5761297   present: 1838   in FES: 205
** Event #6219008   t=210.594221078763   Elapsed: 469.847s (7m 49s)  42% completed  (21% total)
     Speed:     ev/sec=9533.84   simsec/sec=0.257585   ev/simsec=37012.3
     Messages:  created: 5779444   present: 1786   in FES: 185
** Event #6249216   t=211.57497343046   Elapsed: 471.883s (7m 51s)  42% completed  (21% total)
     Speed:     ev/sec=14838.1   simsec/sec=0.481743   ev/simsec=30800.8
     Messages:  created: 5808242   present: 1843   in FES: 206
** Event #6281472   t=212.567751417657   Elapsed: 473.917s (7m 53s)  42% completed  (21% total)
     Speed:     ev/sec=15858.1   simsec/sec=0.488082   ev/simsec=32490.6
     Messages:  created: 5839721   present: 1817   in FES: 198
** Event #6311424   t=213.523855630356   Elapsed: 475.936s (7m 55s)  42% completed  (21% total)
     Speed:     ev/sec=14837.2   simsec/sec=0.47362   ev/simsec=31327.1
     Messages:  created: 5868214   present: 1841   in FES: 206
** Event #6338560   t=214.08910562141   Elapsed: 477.937s (7m 57s)  42% completed  (21% total)
     Speed:     ev/sec=13558.3   simsec/sec=0.282422   ev/simsec=48007.1
     Messages:  created: 5892847   present: 1761   in FES: 176
** Event #6357504   t=214.595503334821   Elapsed: 479.942s (7m 59s)  42% completed  (21% total)
     Speed:     ev/sec=9449.83   simsec/sec=0.252606   ev/simsec=37409.3
     Messages:  created: 5911383   present: 1774   in FES: 183
** Event #6390272   t=215.570729764983   Elapsed: 481.954s (8m 01s)  43% completed  (21% total)
     Speed:     ev/sec=16288.6   simsec/sec=0.484773   ev/simsec=33600.4
     Messages:  created: 5943847   present: 1831   in FES: 202
** Event #6422016   t=216.540845743688   Elapsed: 483.988s (8m 03s)  43% completed  (21% total)
     Speed:     ev/sec=15605.1   simsec/sec=0.476901   ev/simsec=32721.9
     Messages:  created: 5975135   present: 1812   in FES: 195
** Event #6445568   t=217.07093675474   Elapsed: 485.992s (8m 05s)  43% completed  (21% total)
     Speed:     ev/sec=11753   simsec/sec=0.264529   ev/simsec=44430.1
     Messages:  created: 5997087   present: 1713   in FES: 160
** Event #6465024   t=217.5731632506   Elapsed: 488.028s (8m 08s)  43% completed  (21% total)
     Speed:     ev/sec=9555   simsec/sec=0.246647   ev/simsec=38739.5
     Messages:  created: 6015907   present: 1843   in FES: 206
** Event #6497280   t=218.556113476664   Elapsed: 490.063s (8m 10s)  43% completed  (21% total)
     Speed:     ev/sec=15854   simsec/sec=0.483126   ev/simsec=32815.5
     Messages:  created: 6047482   present: 1836   in FES: 203
** Event #6528768   t=219.526163029461   Elapsed: 492.063s (8m 12s)  43% completed  (21% total)
     Speed:     ev/sec=15740.1   simsec/sec=0.484904   ev/simsec=32460.2
     Messages:  created: 6078340   present: 1830   in FES: 206
** Event #6543104   t=219.811462181228   Elapsed: 494.066s (8m 14s)  43% completed  (21% total)
     Speed:     ev/sec=7158.61   simsec/sec=0.142463   ev/simsec=50249
     Messages:  created: 6091928   present: 1811   in FES: 207
** Event #6573056   t=220.572801605154   Elapsed: 496.105s (8m 16s)  44% completed  (22% total)
     Speed:     ev/sec=14683.9   simsec/sec=0.373246   ev/simsec=39341.2
     Messages:  created: 6120299   present: 1810   in FES: 195
** Event #6603520   t=221.548178159625   Elapsed: 498.126s (8m 18s)  44% completed  (22% total)
     Speed:     ev/sec=15079.2   simsec/sec=0.482797   ev/simsec=31233.1
     Messages:  created: 6149481   present: 1723   in FES: 166
** Event #6635008   t=222.522364158185   Elapsed: 500.166s (8m 20s)  44% completed  (22% total)
     Speed:     ev/sec=15431.8   simsec/sec=0.477434   ev/simsec=32322.4
     Messages:  created: 6180020   present: 1785   in FES: 188
** Event #6654720   t=223.042862732348   Elapsed: 502.178s (8m 22s)  44% completed  (22% total)
     Speed:     ev/sec=9796.12   simsec/sec=0.258668   ev/simsec=37871.4
     Messages:  created: 6198833   present: 1806   in FES: 206
** Event #6678272   t=223.578989793022   Elapsed: 504.19s (8m 24s)  44% completed  (22% total)
     Speed:     ev/sec=11710.2   simsec/sec=0.266565   ev/simsec=43929.9
     Messages:  created: 6220430   present: 1704   in FES: 159
** Event #6709248   t=224.551886885699   Elapsed: 506.21s (8m 26s)  44% completed  (22% total)
     Speed:     ev/sec=15332.6   simsec/sec=0.481566   ev/simsec=31838.9
     Messages:  created: 6250505   present: 1835   in FES: 206
** Event #6741760   t=225.532595257811   Elapsed: 508.23s (8m 28s)  45% completed  (22% total)
     Speed:     ev/sec=16098   simsec/sec=0.485587   ev/simsec=33151.5
     Messages:  created: 6282152   present: 1813   in FES: 198
** Event #6764032   t=226.064332738373   Elapsed: 510.233s (8m 30s)  45% completed  (22% total)
     Speed:     ev/sec=11116.5   simsec/sec=0.265402   ev/simsec=41885.3
     Messages:  created: 6303203   present: 1827   in FES: 200
** Event #6784768   t=226.596053672633   Elapsed: 512.249s (8m 32s)  45% completed  (22% total)
     Speed:     ev/sec=10288.3   simsec/sec=0.263817   ev/simsec=38997.9
     Messages:  created: 6323178   present: 1831   in FES: 202
** Event #6817280   t=227.567576808758   Elapsed: 514.259s (8m 34s)  45% completed  (22% total)
     Speed:     ev/sec=16174.4   simsec/sec=0.483324   ev/simsec=33465
     Messages:  created: 6355223   present: 1830   in FES: 206
** Event #6849280   t=228.554089837304   Elapsed: 516.266s (8m 36s)  45% completed  (22% total)
     Speed:     ev/sec=15942.8   simsec/sec=0.491494   ev/simsec=32437.5
     Messages:  created: 6386808   present: 1773   in FES: 184
** Event #6885120   t=229.51992483967   Elapsed: 518.276s (8m 38s)  45% completed  (22% total)
     Speed:     ev/sec=17827.2   simsec/sec=0.480417   ev/simsec=37107.8
     Messages:  created: 6423679   present: 1694   in FES: 157
** Event #6905600   t=230.026323952103   Elapsed: 520.286s (8m 40s)  46% completed  (23% total)
     Speed:     ev/sec=10191.9   simsec/sec=0.252009   ev/simsec=40442.4
     Messages:  created: 6444620   present: 1797   in FES: 192
** Event #6933760   t=230.586653121041   Elapsed: 522.314s (8m 42s)  46% completed  (23% total)
     Speed:     ev/sec=13882.5   simsec/sec=0.276234   ev/simsec=50256.2
     Messages:  created: 6472247   present: 1723   in FES: 166
** Event #6964736   t=231.54991825726   Elapsed: 524.323s (8m 44s)  46% completed  (23% total)
     Speed:     ev/sec=15421.8   simsec/sec=0.479574   ev/simsec=32157.3
     Messages:  created: 6502744   present: 1803   in FES: 206
** Event #6996480   t=232.52131669589   Elapsed: 526.336s (8m 46s)  46% completed  (23% total)
     Speed:     ev/sec=15765.3   simsec/sec=0.482435   ev/simsec=32678.7
     Messages:  created: 6533821   present: 1776   in FES: 185
** Event #7025664   t=233.09537625834   Elapsed: 528.337s (8m 48s)  46% completed  (23% total)
     Speed:     ev/sec=14588.4   simsec/sec=0.286959   ev/simsec=50837.9
     Messages:  created: 6561149   present: 1734   in FES: 167
** Event #7045376   t=233.811474090923   Elapsed: 530.337s (8m 50s)  46% completed  (23% total)
     Speed:     ev/sec=9854.97   simsec/sec=0.358011   ev/simsec=27527
     Messages:  created: 6581588   present: 1805   in FES: 246
** Event #7077120   t=234.596909300649   Elapsed: 532.347s (8m 52s)  46% completed  (23% total)
     Speed:     ev/sec=15790.5   simsec/sec=0.390702   ev/simsec=40415.8
     Messages:  created: 6611928   present: 1775   in FES: 184
** Event #7110400   t=235.583117136207   Elapsed: 534.354s (8m 54s)  47% completed  (23% total)
     Speed:     ev/sec=16582.8   simsec/sec=0.491408   ev/simsec=33745.4
     Messages:  created: 6644747   present: 1768   in FES: 183
** Event #7143680   t=236.572888668665   Elapsed: 536.386s (8m 56s)  47% completed  (23% total)
     Speed:     ev/sec=16383.2   simsec/sec=0.48725   ev/simsec=33623.9
     Messages:  created: 6677222   present: 1830   in FES: 203
** Event #7177216   t=237.557908751929   Elapsed: 538.399s (8m 58s)  47% completed  (23% total)
     Speed:     ev/sec=16656.5   simsec/sec=0.489235   ev/simsec=34046
     Messages:  created: 6709673   present: 1837   in FES: 206
** Event #7212288   t=238.522616004098   Elapsed: 540.4s (9m 00s)  47% completed  (23% total)
     Speed:     ev/sec=17528.1   simsec/sec=0.482136   ev/simsec=36355.1
     Messages:  created: 6744625   present: 1795   in FES: 206
** Event #7247616   t=239.505303792034   Elapsed: 542.421s (9m 02s)  47% completed  (23% total)
     Speed:     ev/sec=17483.2   simsec/sec=0.486314   ev/simsec=35950.4
     Messages:  created: 6779861   present: 1818   in FES: 201
** Event #7272192   t=240.056936676972   Elapsed: 544.424s (9m 04s)  48% completed  (24% total)
     Speed:     ev/sec=12266.3   simsec/sec=0.27533   ev/simsec=44551.4
     Messages:  created: 6803518   present: 1767   in FES: 180
** Event #7298048   t=240.597527166582   Elapsed: 546.43s (9m 06s)  48% completed  (24% total)
     Speed:     ev/sec=12887.1   simsec/sec=0.269441   ev/simsec=47829.2
     Messages:  created: 6828288   present: 1765   in FES: 180
** Event #7333120   t=241.576030284805   Elapsed: 548.433s (9m 08s)  48% completed  (24% total)
     Speed:     ev/sec=17515   simsec/sec=0.488667   ev/simsec=35842.5
     Messages:  created: 6863087   present: 1842   in FES: 205
** Event #7369216   t=242.569530692243   Elapsed: 550.469s (9m 10s)  48% completed  (24% total)
     Speed:     ev/sec=17726.3   simsec/sec=0.487896   ev/simsec=36332.1
     Messages:  created: 6898975   present: 1770   in FES: 179
** Event #7404288   t=243.556191249261   Elapsed: 552.505s (9m 12s)  48% completed  (24% total)
     Speed:     ev/sec=17222.5   simsec/sec=0.484512   ev/simsec=35546.2
     Messages:  created: 6933710   present: 1759   in FES: 180
** Event #7439616   t=244.551183737533   Elapsed: 554.507s (9m 14s)  48% completed  (24% total)
     Speed:     ev/sec=17653.2   simsec/sec=0.497192   ev/simsec=35505.8
     Messages:  created: 6969349   present: 1811   in FES: 206
** Event #7474688   t=245.530325158214   Elapsed: 556.537s (9m 16s)  49% completed  (24% total)
     Speed:     ev/sec=17277.7   simsec/sec=0.482358   ev/simsec=35819.1
     Messages:  created: 7004396   present: 1822   in FES: 206
** Event #7511296   t=246.52230486951   Elapsed: 558.569s (9m 18s)  49% completed  (24% total)
     Speed:     ev/sec=18011.5   simsec/sec=0.488064   ev/simsec=36904
     Messages:  created: 7041163   present: 1767   in FES: 184
** Event #7539712   t=247.081447547588   Elapsed: 560.572s (9m 20s)  49% completed  (24% total)
     Speed:     ev/sec=14190   simsec/sec=0.279217   ev/simsec=50820.7
     Messages:  created: 7068550   present: 1756   in FES: 179
** Event #7561984   t=247.614970541898   Elapsed: 562.582s (9m 22s)  49% completed  (24% total)
     Speed:     ev/sec=11077   simsec/sec=0.265348   ev/simsec=41745.2
     Messages:  created: 7090001   present: 1768   in FES: 185
** Event #7599104   t=248.589992490145   Elapsed: 564.622s (9m 24s)  49% completed  (24% total)
     Speed:     ev/sec=18201.2   simsec/sec=0.478088   ev/simsec=38070.9
     Messages:  created: 7127488   present: 1789   in FES: 186
** Event #7634432   t=249.566713221211   Elapsed: 566.651s (9m 26s)  49% completed  (24% total)
     Speed:     ev/sec=17410.3   simsec/sec=0.481345   ev/simsec=36170
     Messages:  created: 7162627   present: 1723   in FES: 166
** Event #7669248   t=250.549577179676   Elapsed: 568.673s (9m 28s)  50% completed  (25% total)
     Speed:     ev/sec=17217.1   simsec/sec=0.486043   ev/simsec=35423
     Messages:  created: 7197070   present: 1844   in FES: 206
** Event #7704832   t=251.524825354514   Elapsed: 570.675s (9m 30s)  50% completed  (25% total)
     Speed:     ev/sec=17774.3   simsec/sec=0.487139   ev/simsec=36487.1
     Messages:  created: 7232749   present: 1792   in FES: 191
** Event #7728640   t=252.053585377323   Elapsed: 572.677s (9m 32s)  50% completed  (25% total)
     Speed:     ev/sec=11894.8   simsec/sec=0.264177   ev/simsec=45026.1
     Messages:  created: 7255486   present: 1780   in FES: 185
** Event #7755776   t=252.671723277125   Elapsed: 574.681s (9m 34s)  50% completed  (25% total)
     Speed:     ev/sec=13540.7   simsec/sec=0.308446   ev/simsec=43899.6
     Messages:  created: 7282081   present: 1749   in FES: 207
** Event #7791104   t=253.596051955454   Elapsed: 576.698s (9m 36s)  50% completed  (25% total)
     Speed:     ev/sec=17512.5   simsec/sec=0.4582   ev/simsec=38220.2
     Messages:  created: 7317258   present: 1977   in FES: 256
** Event #7826944   t=254.583404257311   Elapsed: 578.703s (9m 38s)  50% completed  (25% total)
     Speed:     ev/sec=17870.2   simsec/sec=0.492304   ev/simsec=36299.1
     Messages:  created: 7352792   present: 1811   in FES: 194
** Event #7862784   t=255.576461027872   Elapsed: 580.704s (9m 40s)  51% completed  (25% total)
     Speed:     ev/sec=17911.3   simsec/sec=0.496288   ev/simsec=36090.6
     Messages:  created: 7388446   present: 1838   in FES: 205
** Event #7900416   t=256.557889819502   Elapsed: 582.742s (9m 42s)  51% completed  (25% total)
     Speed:     ev/sec=18470.2   simsec/sec=0.481695   ev/simsec=38344.1
     Messages:  created: 7425795   present: 1732   in FES: 167
** Event #7938304   t=257.552066068901   Elapsed: 584.777s (9m 44s)  51% completed  (25% total)
     Speed:     ev/sec=18620.6   simsec/sec=0.488602   ev/simsec=38109.9
     Messages:  created: 7463725   present: 1820   in FES: 197
** Event #7974656   t=258.545373787462   Elapsed: 586.79s (9m 46s)  51% completed  (25% total)
     Speed:     ev/sec=18052.2   simsec/sec=0.493271   ev/simsec=36596.9
     Messages:  created: 7499529   present: 1828   in FES: 201
** Event #8010240   t=259.533605304137   Elapsed: 588.791s (9m 48s)  51% completed  (25% total)
     Speed:     ev/sec=17783.4   simsec/sec=0.493876   ev/simsec=36007.8
     Messages:  created: 7534248   present: 1724   in FES: 167
** Event #8039680   t=260.087192429855   Elapsed: 590.792s (9m 50s)  52% completed  (26% total)
     Speed:     ev/sec=14713   simsec/sec=0.276662   ev/simsec=53180.4
     Messages:  created: 7562189   present: 1811   in FES: 194
** Event #8069632   t=261.040543350536   Elapsed: 592.797s (9m 52s)  52% completed  (26% total)
     Speed:     ev/sec=14942.4   simsec/sec=0.475606   ev/simsec=31417.6
     Messages:  created: 7593000   present: 1765   in FES: 178
** Event #8115456   t=262.094799224935   Elapsed: 594.798s (9m 54s)  52% completed  (26% total)
     Speed:     ev/sec=22894.2   simsec/sec=0.526719   ev/simsec=43465.7
     Messages:  created: 7637682   present: 1828   in FES: 199
** Event #8152832   t=263.125200873903   Elapsed: 596.803s (9m 56s)  52% completed  (26% total)
     Speed:     ev/sec=18639.9   simsec/sec=0.513874   ev/simsec=36273.2
     Messages:  created: 7674798   present: 1820   in FES: 243
** Event #8183808   t=264.064278718968   Elapsed: 598.812s (9m 58s)  52% completed  (26% total)
     Speed:     ev/sec=15423.4   simsec/sec=0.467581   ev/simsec=32985.6
     Messages:  created: 7706276   present: 1810   in FES: 206
** Event #8210688   t=264.792247664443   Elapsed: 600.814s (10m 00s)  52% completed  (26% total)
     Speed:     ev/sec=13426.1   simsec/sec=0.363609   ev/simsec=36924.7
     Messages:  created: 7732564   present: 1731   in FES: 195
** Event #8245504   t=265.591979733792   Elapsed: 602.816s (10m 02s)  53% completed  (26% total)
     Speed:     ev/sec=17386.7   simsec/sec=0.399376   ev/simsec=43534.6
     Messages:  created: 7766255   present: 1758   in FES: 179
** Event #8282624   t=266.592926799312   Elapsed: 604.831s (10m 04s)  53% completed  (26% total)
     Speed:     ev/sec=18423.9   simsec/sec=0.496804   ev/simsec=37084.9
     Messages:  created: 7803306   present: 1836   in FES: 203
** Event #8321280   t=267.593102922201   Elapsed: 606.853s (10m 06s)  53% completed  (26% total)
     Speed:     ev/sec=19118.2   simsec/sec=0.494659   ev/simsec=38649.2
     Messages:  created: 7842232   present: 1804   in FES: 193
** Event #8360704   t=268.591788279873   Elapsed: 608.865s (10m 08s)  53% completed  (26% total)
     Speed:     ev/sec=19600.2   simsec/sec=0.496511   ev/simsec=39475.9
     Messages:  created: 7882377   present: 1813   in FES: 198
** Event #8397824   t=269.58782890624   Elapsed: 610.879s (10m 10s)  53% completed  (26% total)
     Speed:     ev/sec=18428.5   simsec/sec=0.494493   ev/simsec=37267.6
     Messages:  created: 7919650   present: 1742   in FES: 175
** Event #8435712   t=270.587871622055   Elapsed: 612.912s (10m 12s)  54% completed  (27% total)
     Speed:     ev/sec=18638   simsec/sec=0.491944   ev/simsec=37886.4
     Messages:  created: 7957777   present: 1791   in FES: 207
** Event #8473088   t=271.58634541836   Elapsed: 614.924s (10m 14s)  54% completed  (27% total)
     Speed:     ev/sec=18576.8   simsec/sec=0.496266   ev/simsec=37433.1
     Messages:  created: 7995495   present: 1813   in FES: 198
** Event #8511488   t=272.591100871279   Elapsed: 616.944s (10m 16s)  54% completed  (27% total)
     Speed:     ev/sec=19010.6   simsec/sec=0.497421   ev/simsec=38218.3
     Messages:  created: 8034302   present: 1843   in FES: 206
** Event #8549888   t=273.579421434157   Elapsed: 618.967s (10m 18s)  54% completed  (27% total)
     Speed:     ev/sec=18974.2   simsec/sec=0.48835   ev/simsec=38853.8
     Messages:  created: 8072903   present: 1810   in FES: 206
** Event #8586240   t=274.570309438334   Elapsed: 620.975s (10m 20s)  54% completed  (27% total)
     Speed:     ev/sec=18102.8   simsec/sec=0.493449   ev/simsec=36686.3
     Messages:  created: 8108603   present: 1790   in FES: 189
** Event #8622336   t=275.568383259838   Elapsed: 622.999s (10m 22s)  55% completed  (27% total)
     Speed:     ev/sec=17833.6   simsec/sec=0.493107   ev/simsec=36165.7
     Messages:  created: 8144181   present: 1809   in FES: 194
** Event #8658176   t=276.560887889099   Elapsed: 625.005s (10m 25s)  55% completed  (27% total)
     Speed:     ev/sec=17870.4   simsec/sec=0.494879   ev/simsec=36110.7
     Messages:  created: 8179087   present: 1739   in FES: 172
** Event #8695296   t=277.564790040776   Elapsed: 627.025s (10m 27s)  55% completed  (27% total)
     Speed:     ev/sec=18373.6   simsec/sec=0.496911   ev/simsec=36975.7
     Messages:  created: 8216110   present: 1805   in FES: 191
** Event #8733952   t=278.571036617877   Elapsed: 629.035s (10m 29s)  55% completed  (27% total)
     Speed:     ev/sec=19237.5   simsec/sec=0.500768   ev/simsec=38416
     Messages:  created: 8255342   present: 1808   in FES: 191
** Event #8769536   t=279.572383242578   Elapsed: 631.042s (10m 31s)  55% completed  (27% total)
     Speed:     ev/sec=17723.6   simsec/sec=0.498748   ev/simsec=35536.1
     Messages:  created: 8290024   present: 1812   in FES: 195
** Event #8805632   t=280.566555147832   Elapsed: 633.069s (10m 33s)  56% completed  (28% total)
     Speed:     ev/sec=17810.3   simsec/sec=0.490538   ev/simsec=36307.6
     Messages:  created: 8324874   present: 1764   in FES: 175
** Event #8841728   t=281.568391920247   Elapsed: 635.108s (10m 35s)  56% completed  (28% total)
     Speed:     ev/sec=17703.1   simsec/sec=0.491346   ev/simsec=36029.8
     Messages:  created: 8359699   present: 1732   in FES: 165
** Event #8875776   t=282.560681300801   Elapsed: 637.118s (10m 37s)  56% completed  (28% total)
     Speed:     ev/sec=16942.8   simsec/sec=0.493779   ev/simsec=34312.6
     Messages:  created: 8392781   present: 1791   in FES: 188
** Event #8911616   t=283.562457072697   Elapsed: 639.127s (10m 39s)  56% completed  (28% total)
     Speed:     ev/sec=17835   simsec/sec=0.498511   ev/simsec=35776.5
     Messages:  created: 8427575   present: 1795   in FES: 186
** Event #8946944   t=284.564452826814   Elapsed: 641.145s (10m 41s)  56% completed  (28% total)
     Speed:     ev/sec=17509.6   simsec/sec=0.496619   ev/simsec=35257.6
     Messages:  created: 8462123   present: 1793   in FES: 187
** Event #8982272   t=285.564387768745   Elapsed: 643.156s (10m 43s)  57% completed  (28% total)
     Speed:     ev/sec=17566.5   simsec/sec=0.497209   ev/simsec=35330.3
     Messages:  created: 8496430   present: 1762   in FES: 176
** Event #9019136   t=286.576217918193   Elapsed: 645.164s (10m 45s)  57% completed  (28% total)
     Speed:     ev/sec=18362   simsec/sec=0.503995   ev/simsec=36433
     Messages:  created: 8532947   present: 1833   in FES: 206
** Event #9056256   t=287.573381514892   Elapsed: 647.173s (10m 47s)  57% completed  (28% total)
     Speed:     ev/sec=18472.3   simsec/sec=0.496225   ev/simsec=37225.6
     Messages:  created: 8569740   present: 1730   in FES: 167
** Event #9093888   t=288.578571449864   Elapsed: 649.187s (10m 49s)  57% completed  (28% total)
     Speed:     ev/sec=18688   simsec/sec=0.499177   ev/simsec=37437.7
     Messages:  created: 8607227   present: 1804   in FES: 191
** Event #9131776   t=289.5998804956   Elapsed: 651.203s (10m 51s)  57% completed  (28% total)
     Speed:     ev/sec=18792.9   simsec/sec=0.506581   ev/simsec=37097.5
     Messages:  created: 8644931   present: 1825   in FES: 200
** Event #9174016   t=290.979838153355   Elapsed: 653.207s (10m 53s)  58% completed  (29% total)
     Speed:     ev/sec=21079.4   simsec/sec=0.688653   ev/simsec=30609.6
     Messages:  created: 8688742   present: 1838   in FES: 218
** Event #9216256   t=292.048109007475   Elapsed: 655.207s (10m 55s)  58% completed  (29% total)
     Speed:     ev/sec=21117.5   simsec/sec=0.534072   ev/simsec=39540.5
     Messages:  created: 8730610   present: 1848   in FES: 205
** Event #9259520   t=293.082505059487   Elapsed: 657.207s (10m 57s)  58% completed  (29% total)
     Speed:     ev/sec=21627.6   simsec/sec=0.517093   ev/simsec=41825.4
     Messages:  created: 8773099   present: 1825   in FES: 200
** Event #9296896   t=294.087031805335   Elapsed: 659.212s (10m 59s)  58% completed  (29% total)
     Speed:     ev/sec=18646.7   simsec/sec=0.501152   ev/simsec=37207.6
     Messages:  created: 8810175   present: 1819   in FES: 197
** Event #9334016   t=295.087477161961   Elapsed: 661.213s (11m 01s)  59% completed  (29% total)
     Speed:     ev/sec=18546.4   simsec/sec=0.499856   ev/simsec=37103.5
     Messages:  created: 8846865   present: 1828   in FES: 199
** Event #9372160   t=296.094744992499   Elapsed: 663.217s (11m 03s)  59% completed  (29% total)
     Speed:     ev/sec=19039.4   simsec/sec=0.502773   ev/simsec=37868.8
     Messages:  created: 8884401   present: 1808   in FES: 206
** Event #9415936   t=297.503307334238   Elapsed: 665.218s (11m 05s)  59% completed  (29% total)
     Speed:     ev/sec=21878.3   simsec/sec=0.703969   ev/simsec=31078.5
     Messages:  created: 8930064   present: 1692   in FES: 159
** Event #9449216   t=298.171848519067   Elapsed: 667.221s (11m 07s)  59% completed  (29% total)
     Speed:     ev/sec=16614.8   simsec/sec=0.333764   ev/simsec=49780
     Messages:  created: 8961447   present: 1806   in FES: 197
** Event #9492480   t=299.549935363581   Elapsed: 669.243s (11m 09s)  59% completed  (29% total)
     Speed:     ev/sec=21389.5   simsec/sec=0.68132   ev/simsec=31394.2
     Messages:  created: 9007630   present: 1787   in FES: 206
** Event #9529856   t=300.554242466578   Elapsed: 671.249s (11m 11s)  60% completed  (30% total)
     Speed:     ev/sec=18638.9   simsec/sec=0.500834   ev/simsec=37215.7
     Messages:  created: 9045544   present: 1747   in FES: 176
** Event #9567232   t=301.548788215038   Elapsed: 673.278s (11m 13s)  60% completed  (30% total)
     Speed:     ev/sec=18415.5   simsec/sec=0.490022   ev/simsec=37581
     Messages:  created: 9083185   present: 1832   in FES: 201
** Event #9604352   t=302.54128819994   Elapsed: 675.283s (11m 15s)  60% completed  (30% total)
     Speed:     ev/sec=18516.9   simsec/sec=0.495097   ev/simsec=37400.5
     Messages:  created: 9120786   present: 1766   in FES: 181
** Event #9641728   t=303.544660495481   Elapsed: 677.303s (11m 17s)  60% completed  (30% total)
     Speed:     ev/sec=18501.6   simsec/sec=0.496681   ev/simsec=37250.4
     Messages:  created: 9158863   present: 1799   in FES: 190
** Event #9680128   t=304.558803696408   Elapsed: 679.32s (11m 19s)  60% completed  (30% total)
     Speed:     ev/sec=19032.6   simsec/sec=0.502651   ev/simsec=37864.5
     Messages:  created: 9198115   present: 1784   in FES: 187
** Event #9718272   t=305.550603968305   Elapsed: 681.351s (11m 21s)  61% completed  (30% total)
     Speed:     ev/sec=18783.4   simsec/sec=0.488396   ev/simsec=38459.4
     Messages:  created: 9237016   present: 1764   in FES: 181
** Event #9757952   t=306.561463737568   Elapsed: 683.358s (11m 23s)  61% completed  (30% total)
     Speed:     ev/sec=19776.8   simsec/sec=0.503819   ev/simsec=39253.7
     Messages:  created: 9277909   present: 1773   in FES: 198
** Event #9795328   t=307.565776449037   Elapsed: 685.375s (11m 25s)  61% completed  (30% total)
     Speed:     ev/sec=18529.6   simsec/sec=0.4979   ev/simsec=37215.5
     Messages:  created: 9315489   present: 1937   in FES: 233
** Event #9834240   t=308.588928736392   Elapsed: 687.385s (11m 27s)  61% completed  (30% total)
     Speed:     ev/sec=19354.7   simsec/sec=0.508913   ev/simsec=38031.5
     Messages:  created: 9354921   present: 1818   in FES: 197
** Event #9874176   t=309.60152342293   Elapsed: 689.408s (11m 29s)  61% completed  (30% total)
     Speed:     ev/sec=19746.6   simsec/sec=0.500683   ev/simsec=39439.3
     Messages:  created: 9396062   present: 1841   in FES: 206
** Event #9918720   t=311.040490231906   Elapsed: 691.409s (11m 31s)  62% completed  (31% total)
     Speed:     ev/sec=22254.5   simsec/sec=0.718919   ev/simsec=30955.5
     Messages:  created: 9442203   present: 1826   in FES: 206
** Event #9966336   t=312.288307820214   Elapsed: 693.413s (11m 33s)  62% completed  (31% total)
     Speed:     ev/sec=23760.6   simsec/sec=0.622666   ev/simsec=38159.4
     Messages:  created: 9489712   present: 1737   in FES: 174
** Event #10006784   t=313.538262947711   Elapsed: 695.419s (11m 35s)  62% completed  (31% total)
     Speed:     ev/sec=20165.1   simsec/sec=0.623156   ev/simsec=32359.6
     Messages:  created: 9532008   present: 1748   in FES: 207
** Event #10044416   t=314.56003634515   Elapsed: 697.435s (11m 37s)  62% completed  (31% total)
     Speed:     ev/sec=18669.8   simsec/sec=0.506916   ev/simsec=36830.1
     Messages:  created: 9569731   present: 1805   in FES: 192
** Event #10081536   t=315.589004278674   Elapsed: 699.455s (11m 39s)  63% completed  (31% total)
     Speed:     ev/sec=18374.9   simsec/sec=0.509354   ev/simsec=36075
     Messages:  created: 9606792   present: 1820   in FES: 206
** Event #10126848   t=317.048781195139   Elapsed: 701.459s (11m 41s)  63% completed  (31% total)
     Speed:     ev/sec=22603.4   simsec/sec=0.728194   ev/simsec=31040.4
     Messages:  created: 9653216   present: 1816   in FES: 197
** Event #10174464   t=318.522532379718   Elapsed: 703.472s (11m 43s)  63% completed  (31% total)
     Speed:     ev/sec=23662.6   simsec/sec=0.732376   ev/simsec=32309.4
     Messages:  created: 9701122   present: 1785   in FES: 188
** Event #10212096   t=319.558237992174   Elapsed: 705.478s (11m 45s)  63% completed  (31% total)
     Speed:     ev/sec=18753.2   simsec/sec=0.516125   ev/simsec=36334.6
     Messages:  created: 9738497   present: 1751   in FES: 176
** Event #10250240   t=320.581327839586   Elapsed: 707.504s (11m 47s)  64% completed  (32% total)
     Speed:     ev/sec=18832.3   simsec/sec=0.505117   ev/simsec=37283.1
     Messages:  created: 9776446   present: 1783   in FES: 186
** Event #10290944   t=321.980198972354   Elapsed: 709.508s (11m 49s)  64% completed  (32% total)
     Speed:     ev/sec=20315.4   simsec/sec=0.698179   ev/simsec=29097.7
     Messages:  created: 9818312   present: 1820   in FES: 201
** Event #10342912   t=323.524642418631   Elapsed: 711.517s (11m 51s)  64% completed  (32% total)
     Speed:     ev/sec=25862.3   simsec/sec=0.768606   ev/simsec=33648.4
     Messages:  created: 9870307   present: 1765   in FES: 182
** Event #10380800   t=324.551784619891   Elapsed: 713.526s (11m 53s)  64% completed  (32% total)
     Speed:     ev/sec=18857.2   simsec/sec=0.511217   ev/simsec=36886.8
     Messages:  created: 9907856   present: 1821   in FES: 198
** Event #10419200   t=325.587477300118   Elapsed: 715.527s (11m 55s)  65% completed  (32% total)
     Speed:     ev/sec=19193.5   simsec/sec=0.517671   ev/simsec=37076.6
     Messages:  created: 9946307   present: 1802   in FES: 206
** Event #10466560   t=327.063271571803   Elapsed: 717.527s (11m 57s)  65% completed  (32% total)
     Speed:     ev/sec=23674   simsec/sec=0.737709   ev/simsec=32091.2
     Messages:  created: 9994815   present: 1798   in FES: 189
** Event #10512128   t=328.529219276037   Elapsed: 719.558s (11m 59s)  65% completed  (32% total)
     Speed:     ev/sec=22443.1   simsec/sec=0.722006   ev/simsec=31084.3
     Messages:  created: 10040692   present: 1825   in FES: 206
** Event #10551296   t=329.570770494417   Elapsed: 721.575s (12m 01s)  65% completed  (32% total)
     Speed:     ev/sec=19416.3   simsec/sec=0.516317   ev/simsec=37605.4
     Messages:  created: 10080161   present: 1767   in FES: 180
** Event #10589696   t=330.625190137811   Elapsed: 723.593s (12m 03s)  66% completed  (33% total)
     Speed:     ev/sec=19028.2   simsec/sec=0.522493   ev/simsec=36418.1
     Messages:  created: 10118698   present: 1805   in FES: 207
** Event #10646528   t=332.063271027128   Elapsed: 725.596s (12m 05s)  66% completed  (33% total)
     Speed:     ev/sec=28379.5   simsec/sec=0.718117   ev/simsec=39519.3
     Messages:  created: 10180997   present: 1824   in FES: 198
** Event #10697472   t=333.533271442672   Elapsed: 727.6s (12m 07s)  66% completed  (33% total)
     Speed:     ev/sec=25422.3   simsec/sec=0.733567   ev/simsec=34655.8
     Messages:  created: 10234456   present: 1819   in FES: 200
** Event #10737152   t=334.561508269946   Elapsed: 729.601s (12m 09s)  66% completed  (33% total)
     Speed:     ev/sec=19823.2   simsec/sec=0.513683   ev/simsec=38590.3
     Messages:  created: 10274841   present: 1759   in FES: 178
** Event #10776832   t=335.599609230418   Elapsed: 731.615s (12m 11s)  67% completed  (33% total)
     Speed:     ev/sec=19700.2   simsec/sec=0.515394   ev/simsec=38223.6
     Messages:  created: 10315005   present: 1772   in FES: 183
** Event #10835712   t=337.503795235731   Elapsed: 733.623s (12m 13s)  67% completed  (33% total)
     Speed:     ev/sec=29323.2   simsec/sec=0.948316   ev/simsec=30921.3
     Messages:  created: 10376826   present: 1803   in FES: 196
** Event #10877184   t=338.553996307643   Elapsed: 735.626s (12m 15s)  67% completed  (33% total)
     Speed:     ev/sec=20710   simsec/sec=0.524442   ev/simsec=39489.6
     Messages:  created: 10419709   present: 1842   in FES: 206
** Event #10914816   t=339.570308163386   Elapsed: 737.645s (12m 17s)  67% completed  (33% total)
     Speed:     ev/sec=18637.3   simsec/sec=0.503331   ev/simsec=37028
     Messages:  created: 10456789   present: 1767   in FES: 178
** Event #10952704   t=340.634609992962   Elapsed: 739.647s (12m 19s)  68% completed  (34% total)
     Speed:     ev/sec=18925.4   simsec/sec=0.531629   ev/simsec=35598.9
     Messages:  created: 10494758   present: 1685   in FES: 156
** Event #11005952   t=342.421045978377   Elapsed: 741.649s (12m 21s)  68% completed  (34% total)
     Speed:     ev/sec=26596.7   simsec/sec=0.892303   ev/simsec=29806.8
     Messages:  created: 10548688   present: 1802   in FES: 207
** Event #11044352   t=343.538580394734   Elapsed: 743.651s (12m 23s)  68% completed  (34% total)
     Speed:     ev/sec=19182.4   simsec/sec=0.558255   ev/simsec=34361.4
     Messages:  created: 10587055   present: 1772   in FES: 207
** Event #11082496   t=344.575074672459   Elapsed: 745.674s (12m 25s)  68% completed  (34% total)
     Speed:     ev/sec=18852.4   simsec/sec=0.51228   ev/simsec=36801
     Messages:  created: 10625005   present: 1815   in FES: 194
** Event #11119872   t=345.592944334648   Elapsed: 747.684s (12m 27s)  69% completed  (34% total)
     Speed:     ev/sec=18600.6   simsec/sec=0.506554   ev/simsec=36719.8
     Messages:  created: 10661895   present: 1801   in FES: 206
** Event #11165696   t=347.057629712033   Elapsed: 749.685s (12m 29s)  69% completed  (34% total)
     Speed:     ev/sec=22899.9   simsec/sec=0.731955   ev/simsec=31285.9
     Messages:  created: 10707703   present: 1841   in FES: 204
** Event #11212032   t=348.534325759256   Elapsed: 751.713s (12m 31s)  69% completed  (34% total)
     Speed:     ev/sec=22843.4   simsec/sec=0.728004   ev/simsec=31378.2
     Messages:  created: 10754603   present: 1820   in FES: 206
** Event #11250688   t=349.560131254326   Elapsed: 753.742s (12m 33s)  69% completed  (34% total)
     Speed:     ev/sec=19052.8   simsec/sec=0.5056   ev/simsec=37683.6
     Messages:  created: 10792999   present: 1818   in FES: 199
** Event #11289344   t=350.566843032549   Elapsed: 755.753s (12m 35s)  70% completed  (35% total)
     Speed:     ev/sec=19224.6   simsec/sec=0.500664   ev/simsec=38398.3
     Messages:  created: 10831671   present: 1791   in FES: 188
** Event #11326208   t=351.584277886589   Elapsed: 757.771s (12m 37s)  70% completed  (35% total)
     Speed:     ev/sec=18263.3   simsec/sec=0.50406   ev/simsec=36232.3
     Messages:  created: 10867720   present: 1814   in FES: 206
** Event #11369984   t=353.021543379548   Elapsed: 759.777s (12m 39s)  70% completed  (35% total)
     Speed:     ev/sec=21819.2   simsec/sec=0.716374   ev/simsec=30457.8
     Messages:  created: 10912876   present: 1797   in FES: 194
** Event #11421696   t=354.495769283143   Elapsed: 761.78s (12m 41s)  70% completed  (35% total)
     Speed:     ev/sec=25828.9   simsec/sec=0.73634   ev/simsec=35077.4
     Messages:  created: 10964945   present: 1812   in FES: 206
** Event #11458560   t=355.529702958773   Elapsed: 763.804s (12m 43s)  71% completed  (35% total)
     Speed:     ev/sec=18208.7   simsec/sec=0.510703   ev/simsec=35654.1
     Messages:  created: 11001016   present: 1774   in FES: 185
** Event #11495424   t=356.552086407461   Elapsed: 765.829s (12m 45s)  71% completed  (35% total)
     Speed:     ev/sec=18205   simsec/sec=0.504897   ev/simsec=36056.9
     Messages:  created: 11037038   present: 1761   in FES: 180
** Event #11535872   t=357.576388061458   Elapsed: 767.847s (12m 47s)  71% completed  (35% total)
     Speed:     ev/sec=20047.3   simsec/sec=0.507677   ev/simsec=39488.4
     Messages:  created: 11078207   present: 1706   in FES: 163
** Event #11572736   t=358.588172667969   Elapsed: 769.874s (12m 49s)  71% completed  (35% total)
     Speed:     ev/sec=18186.8   simsec/sec=0.499164   ev/simsec=36434.6
     Messages:  created: 11114633   present: 1697   in FES: 158
** Event #11609600   t=359.597848263921   Elapsed: 771.892s (12m 51s)  71% completed  (35% total)
     Speed:     ev/sec=18266.8   simsec/sec=0.500313   ev/simsec=36510.7
     Messages:  created: 11150799   present: 1767   in FES: 180
** Event #11654656   t=361.021543822803   Elapsed: 773.896s (12m 53s)  72% completed  (36% total)
     Speed:     ev/sec=22481.3   simsec/sec=0.710371   ev/simsec=31647.2
     Messages:  created: 11198260   present: 1751   in FES: 178
** Event #11706368   t=362.522981180993   Elapsed: 775.915s (12m 55s)  72% completed  (36% total)
     Speed:     ev/sec=25606.5   simsec/sec=0.743475   ev/simsec=34441.7
     Messages:  created: 11250287   present: 1795   in FES: 206
** Event #11742720   t=363.527782730894   Elapsed: 777.94s (12m 57s)  72% completed  (36% total)
     Speed:     ev/sec=17959.1   simsec/sec=0.496404   ev/simsec=36178.3
     Messages:  created: 11285922   present: 1829   in FES: 207
** Event #11779840   t=364.551761316944   Elapsed: 779.963s (12m 59s)  72% completed  (36% total)
     Speed:     ev/sec=18340.5   simsec/sec=0.505933   ev/simsec=36250.8
     Messages:  created: 11322774   present: 1745   in FES: 176
** Event #11814400   t=365.538916475969   Elapsed: 781.966s (13m 01s)  73% completed  (36% total)
     Speed:     ev/sec=17259.9   simsec/sec=0.493005   ev/simsec=35009.7
     Messages:  created: 11356854   present: 1815   in FES: 206
** Event #11851520   t=366.552265860049   Elapsed: 783.98s (13m 03s)  73% completed  (36% total)
     Speed:     ev/sec=18432.7   simsec/sec=0.5032   ev/simsec=36631
     Messages:  created: 11393572   present: 1699   in FES: 156
** Event #11888640   t=367.556944310343   Elapsed: 786.004s (13m 06s)  73% completed  (36% total)
     Speed:     ev/sec=18339.3   simsec/sec=0.496365   ev/simsec=36947.1
     Messages:  created: 11430252   present: 1799   in FES: 185
** Event #11926272   t=368.563787259141   Elapsed: 788.029s (13m 08s)  73% completed  (36% total)
     Speed:     ev/sec=18576.8   simsec/sec=0.497021   ev/simsec=37376.2
     Messages:  created: 11467751   present: 1841   in FES: 200
** Event #11963904   t=369.573334022686   Elapsed: 790.05s (13m 10s)  73% completed  (36% total)
     Speed:     ev/sec=18627.6   simsec/sec=0.49972   ev/simsec=37276.1
     Messages:  created: 11505722   present: 1806   in FES: 206
** Event #12000512   t=370.596699191126   Elapsed: 792.065s (13m 12s)  74% completed  (37% total)
     Speed:     ev/sec=18163.3   simsec/sec=0.507749   ev/simsec=35772.2
     Messages:  created: 11542315   present: 1804   in FES: 206
** Event #12039424   t=371.599963686582   Elapsed: 794.085s (13m 14s)  74% completed  (37% total)
     Speed:     ev/sec=19267.9   simsec/sec=0.496782   ev/simsec=38785.4
     Messages:  created: 11581985   present: 1785   in FES: 186
** Event #12088320   t=373.075420637615   Elapsed: 796.086s (13m 16s)  74% completed  (37% total)
     Speed:     ev/sec=24428.3   simsec/sec=0.737134   ev/simsec=33139.6
     Messages:  created: 11632142   present: 1695   in FES: 158
** Event #12132864   t=374.523941319979   Elapsed: 798.099s (13m 18s)  74% completed  (37% total)
     Speed:     ev/sec=22136.9   simsec/sec=0.719866   ev/simsec=30751.4
     Messages:  created: 11678235   present: 1786   in FES: 191
** Event #12169984   t=375.533395765889   Elapsed: 800.107s (13m 20s)  75% completed  (37% total)
     Speed:     ev/sec=18484.5   simsec/sec=0.502674   ev/simsec=36772.3
     Messages:  created: 11715620   present: 1787   in FES: 186
** Event #12209408   t=376.561472819724   Elapsed: 802.108s (13m 22s)  75% completed  (37% total)
     Speed:     ev/sec=19700.8   simsec/sec=0.513746   ev/simsec=38347.3
     Messages:  created: 11755728   present: 1806   in FES: 237
** Event #12250880   t=377.597883874018   Elapsed: 804.12s (13m 24s)  75% completed  (37% total)
     Speed:     ev/sec=20605.5   simsec/sec=0.514945   ev/simsec=40015
     Messages:  created: 11798291   present: 1850   in FES: 206
** Event #12311552   t=379.421664742218   Elapsed: 806.123s (13m 26s)  75% completed  (37% total)
     Speed:     ev/sec=30293.6   simsec/sec=0.910616   ev/simsec=33267.2
     Messages:  created: 11863487   present: 1737   in FES: 200
** Event #12351488   t=380.554782326535   Elapsed: 808.128s (13m 28s)  76% completed  (38% total)
     Speed:     ev/sec=19923.7   simsec/sec=0.565301   ev/simsec=35244.4
     Messages:  created: 11904497   present: 1816   in FES: 197
** Event #12391680   t=381.599465316503   Elapsed: 810.141s (13m 30s)  76% completed  (38% total)
     Speed:     ev/sec=19965.4   simsec/sec=0.518947   ev/simsec=38472.9
     Messages:  created: 11945238   present: 1797   in FES: 206
** Event #12450048   t=383.538261757818   Elapsed: 812.157s (13m 32s)  76% completed  (38% total)
     Speed:     ev/sec=28947.5   simsec/sec=0.961543   ev/simsec=30105.3
     Messages:  created: 12006736   present: 1837   in FES: 207
** Event #12491008   t=384.592593162506   Elapsed: 814.174s (13m 34s)  76% completed  (38% total)
     Speed:     ev/sec=20305.3   simsec/sec=0.522669   ev/simsec=38849.3
     Messages:  created: 12048413   present: 1790   in FES: 189
** Event #12549120   t=386.523771349647   Elapsed: 816.177s (13m 36s)  77% completed  (38% total)
     Speed:     ev/sec=29022.2   simsec/sec=0.964467   ev/simsec=30091.5
     Messages:  created: 12109648   present: 1840   in FES: 206
** Event #12591104   t=387.601571878515   Elapsed: 818.198s (13m 38s)  77% completed  (38% total)
     Speed:     ev/sec=20768.8   simsec/sec=0.533169   ev/simsec=38953.4
     Messages:  created: 12152458   present: 1786   in FES: 189
** Event #12649984   t=389.550773218322   Elapsed: 820.218s (13m 40s)  77% completed  (38% total)
     Speed:     ev/sec=29147.6   simsec/sec=0.964922   ev/simsec=30207.2
     Messages:  created: 12214719   present: 1763   in FES: 180
** Event #12696576   t=391.039707763252   Elapsed: 822.22s (13m 42s)  78% completed  (39% total)
     Speed:     ev/sec=23276.7   simsec/sec=0.74385   ev/simsec=31292.2
     Messages:  created: 12263237   present: 1806   in FES: 206
** Event #12748288   t=392.566576975565   Elapsed: 824.239s (13m 44s)  78% completed  (39% total)
     Speed:     ev/sec=25608.1   simsec/sec=0.756114   ev/simsec=33868
     Messages:  created: 12316729   present: 1828   in FES: 206
** Event #12805376   t=394.479282619689   Elapsed: 826.242s (13m 46s)  78% completed  (39% total)
     Speed:     ev/sec=28506.9   simsec/sec=0.955108   ev/simsec=29846.7
     Messages:  created: 12376647   present: 1713   in FES: 166
** Event #12846848   t=395.589549823718   Elapsed: 828.257s (13m 48s)  79% completed  (39% total)
     Speed:     ev/sec=20581.5   simsec/sec=0.550999   ev/simsec=37353.2
     Messages:  created: 12418841   present: 1796   in FES: 191
** Event #12903680   t=397.531594729982   Elapsed: 830.272s (13m 50s)  79% completed  (39% total)
     Speed:     ev/sec=28209   simsec/sec=0.96395   ev/simsec=29264
     Messages:  created: 12478238   present: 1826   in FES: 203
** Event #12944640   t=398.588547751189   Elapsed: 832.279s (13m 52s)  79% completed  (39% total)
     Speed:     ev/sec=20407.8   simsec/sec=0.526615   ev/simsec=38752.9
     Messages:  created: 12519477   present: 1772   in FES: 179
** Event #13001984   t=400.51198049181   Elapsed: 834.296s (13m 54s)  80% completed  (40% total)
     Speed:     ev/sec=28429.8   simsec/sec=0.953593   ev/simsec=29813.4
     Messages:  created: 12579195   present: 1688   in FES: 157
** Event #13041408   t=401.576055370375   Elapsed: 836.306s (13m 56s)  80% completed  (40% total)
     Speed:     ev/sec=19614.2   simsec/sec=0.529397   ev/simsec=37050
     Messages:  created: 12618527   present: 1843   in FES: 204
** Event #13092864   t=403.125659663772   Elapsed: 838.309s (13m 58s)  80% completed  (40% total)
     Speed:     ev/sec=25689   simsec/sec=0.773626   ev/simsec=33205.9
     Messages:  created: 12670281   present: 1814   in FES: 241
** Event #13133824   t=404.56352120318   Elapsed: 840.313s (14m 00s)  80% completed  (40% total)
     Speed:     ev/sec=20436.3   simsec/sec=0.717397   ev/simsec=28486.7
     Messages:  created: 12712407   present: 1799   in FES: 190
** Event #13180416   t=406.057630388116   Elapsed: 842.314s (14m 02s)  81% completed  (40% total)
     Speed:     ev/sec=23288.4   simsec/sec=0.746811   ev/simsec=31183.8
     Messages:  created: 12759538   present: 1802   in FES: 191
** Event #13228032   t=407.564670854843   Elapsed: 844.331s (14m 04s)  81% completed  (40% total)
     Speed:     ev/sec=23607.3   simsec/sec=0.747167   ev/simsec=31595.7
     Messages:  created: 12807637   present: 1822   in FES: 206
** Event #13266432   t=408.60490288499   Elapsed: 846.335s (14m 06s)  81% completed  (40% total)
     Speed:     ev/sec=19154.2   simsec/sec=0.518876   ev/simsec=36914.8
     Messages:  created: 12845253   present: 1834   in FES: 203
** Event #13321728   t=410.557743795758   Elapsed: 848.356s (14m 08s)  82% completed  (41% total)
     Speed:     ev/sec=27359.9   simsec/sec=0.966247   ev/simsec=28315.7
     Messages:  created: 12902120   present: 1793   in FES: 190
** Event #13360640   t=411.62519124007   Elapsed: 850.367s (14m 10s)  82% completed  (41% total)
     Speed:     ev/sec=19353.2   simsec/sec=0.530903   ev/simsec=36453.3
     Messages:  created: 12940678   present: 1749   in FES: 198
** Event #13416960   t=413.549490727938   Elapsed: 852.381s (14m 12s)  82% completed  (41% total)
     Speed:     ev/sec=27968.7   simsec/sec=0.955613   ev/simsec=29267.8
     Messages:  created: 12999300   present: 1833   in FES: 206
** Event #13457152   t=414.603109510498   Elapsed: 854.396s (14m 14s)  82% completed  (41% total)
     Speed:     ev/sec=19948.2   simsec/sec=0.522934   ev/simsec=38146.6
     Messages:  created: 13039733   present: 1799   in FES: 192
** Event #13514240   t=416.552592382241   Elapsed: 856.413s (14m 16s)  83% completed  (41% total)
     Speed:     ev/sec=28300.6   simsec/sec=0.966431   ev/simsec=29283.7
     Messages:  created: 13099443   present: 1831   in FES: 206
** Event #13554176   t=417.59813530211   Elapsed: 858.418s (14m 18s)  83% completed  (41% total)
     Speed:     ev/sec=19912.2   simsec/sec=0.521312   ev/simsec=38196.4
     Messages:  created: 13139619   present: 1754   in FES: 175
** Event #13612032   t=419.547455045968   Elapsed: 860.441s (14m 20s)  83% completed  (41% total)
     Speed:     ev/sec=28610.7   simsec/sec=0.963969   ev/simsec=29680.1
     Messages:  created: 13200383   present: 1810   in FES: 193
** Event #13651968   t=420.596238007959   Elapsed: 862.456s (14m 22s)  84% completed  (42% total)
     Speed:     ev/sec=19810.3   simsec/sec=0.520249   ev/simsec=38078.4
     Messages:  created: 13240354   present: 1696   in FES: 157
** Event #13706496   t=422.533392945464   Elapsed: 864.462s (14m 24s)  84% completed  (42% total)
     Speed:     ev/sec=27195.5   simsec/sec=0.966145   ev/simsec=28148.5
     Messages:  created: 13296350   present: 1761   in FES: 179
** Event #13745664   t=423.584527744332   Elapsed: 866.462s (14m 26s)  84% completed  (42% total)
     Speed:     ev/sec=19575.5   simsec/sec=0.525339   ev/simsec=37262.6
     Messages:  created: 13335396   present: 1803   in FES: 194
** Event #13800704   t=425.539066049715   Elapsed: 868.465s (14m 28s)  85% completed  (42% total)
     Speed:     ev/sec=27482.6   simsec/sec=0.975939   ev/simsec=28160.1
     Messages:  created: 13391974   present: 1745   in FES: 172
** Event #13839616   t=426.582600134601   Elapsed: 870.488s (14m 30s)  85% completed  (42% total)
     Speed:     ev/sec=19236.1   simsec/sec=0.51587   ev/simsec=37288.7
     Messages:  created: 13430444   present: 1759   in FES: 178
** Event #13889024   t=428.089104326913   Elapsed: 872.489s (14m 32s)  85% completed  (42% total)
     Speed:     ev/sec=24691   simsec/sec=0.752857   ev/simsec=32796.5
     Messages:  created: 13479887   present: 1828   in FES: 199
** Event #13929216   t=429.552776508332   Elapsed: 874.51s (14m 34s)  85% completed  (42% total)
     Speed:     ev/sec=19890.2   simsec/sec=0.724341   ev/simsec=27459.7
     Messages:  created: 13519771   present: 1802   in FES: 193
** Event #13965824   t=430.587115668782   Elapsed: 876.536s (14m 36s)  86% completed  (43% total)
     Speed:     ev/sec=18065.2   simsec/sec=0.510421   ev/simsec=35392.6
     Messages:  created: 13555152   present: 1831   in FES: 202
** Event #14014208   t=432.090924031118   Elapsed: 878.54s (14m 38s)  86% completed  (43% total)
     Speed:     ev/sec=24145.3   simsec/sec=0.750454   ev/simsec=32174.3
     Messages:  created: 13602556   present: 1822   in FES: 206
** Event #14054400   t=433.556646966621   Elapsed: 880.561s (14m 40s)  86% completed  (43% total)
     Speed:     ev/sec=19884.3   simsec/sec=0.725139   ev/simsec=27421.3
     Messages:  created: 13642958   present: 1818   in FES: 206
** Event #14090496   t=434.596558917923   Elapsed: 882.573s (14m 42s)  86% completed  (43% total)
     Speed:     ev/sec=17943.9   simsec/sec=0.516956   ev/simsec=34710.6
     Messages:  created: 13677845   present: 1802   in FES: 193
** Event #14142208   t=436.506854241953   Elapsed: 884.587s (14m 44s)  87% completed  (43% total)
     Speed:     ev/sec=25674.3   simsec/sec=0.948434   ev/simsec=27070.2
     Messages:  created: 13729320   present: 1817   in FES: 200
** Event #14179584   t=437.568113762298   Elapsed: 886.601s (14m 46s)  87% completed  (43% total)
     Speed:     ev/sec=18562.8   simsec/sec=0.527076   ev/simsec=35218.5
     Messages:  created: 13766340   present: 1959   in FES: 256
** Event #14221568   t=439.040226716189   Elapsed: 888.604s (14m 48s)  87% completed  (43% total)
     Speed:     ev/sec=20959.9   simsec/sec=0.734932   ev/simsec=28519.6
     Messages:  created: 13808423   present: 1804   in FES: 193
** Event #14267904   t=440.531547567198   Elapsed: 890.626s (14m 50s)  88% completed  (44% total)
     Speed:     ev/sec=22912.2   simsec/sec=0.737427   ev/simsec=31070.4
     Messages:  created: 13853650   present: 1822   in FES: 199
** Event #14303488   t=441.557776738211   Elapsed: 892.648s (14m 52s)  88% completed  (44% total)
     Speed:     ev/sec=17594.2   simsec/sec=0.507409   ev/simsec=34674.5
     Messages:  created: 13887841   present: 1789   in FES: 188
** Event #14340352   t=442.589393398282   Elapsed: 894.658s (14m 54s)  88% completed  (44% total)
     Speed:     ev/sec=18346.1   simsec/sec=0.513405   ev/simsec=35734.2
     Messages:  created: 13924088   present: 1815   in FES: 206
** Event #14383872   t=444.047645436864   Elapsed: 896.659s (14m 56s)  88% completed  (44% total)
     Speed:     ev/sec=21742.5   simsec/sec=0.728541   ev/simsec=29843.9
     Messages:  created: 13967797   present: 1766   in FES: 179
** Event #14430464   t=445.534358802137   Elapsed: 898.661s (14m 58s)  89% completed  (44% total)
     Speed:     ev/sec=23276   simsec/sec=0.742719   ev/simsec=31338.9
     Messages:  created: 14014394   present: 1820   in FES: 198
** Event #14467584   t=446.566770083229   Elapsed: 900.669s (15m 00s)  89% completed  (44% total)
     Speed:     ev/sec=18490.9   simsec/sec=0.514283   ev/simsec=35954.7
     Messages:  created: 14050873   present: 1785   in FES: 186
** Event #14504448   t=447.600930508825   Elapsed: 902.695s (15m 02s)  89% completed  (44% total)
     Speed:     ev/sec=18190.6   simsec/sec=0.510307   ev/simsec=35646.3
     Messages:  created: 14087034   present: 1835   in FES: 204
** Event #14558464   t=449.508200962946   Elapsed: 904.72s (15m 04s)  89% completed  (44% total)
     Speed:     ev/sec=26674.9   simsec/sec=0.941875   ev/simsec=28321.1
     Messages:  created: 14141813   present: 1822   in FES: 206
** Event #14595584   t=450.548645747764   Elapsed: 906.735s (15m 06s)  90% completed  (45% total)
     Speed:     ev/sec=18420.2   simsec/sec=0.516304   ev/simsec=35677
     Messages:  created: 14178140   present: 1794   in FES: 206
** Event #14632192   t=451.58116073443   Elapsed: 908.741s (15m 08s)  90% completed  (45% total)
     Speed:     ev/sec=18256.3   simsec/sec=0.514911   ev/simsec=35455.2
     Messages:  created: 14214160   present: 1701   in FES: 158
** Event #14683136   t=453.09352008581   Elapsed: 910.743s (15m 10s)  90% completed  (45% total)
     Speed:     ev/sec=25445.5   simsec/sec=0.755393   ev/simsec=33685.1
     Messages:  created: 14265334   present: 1785   in FES: 186
** Event #14724096   t=454.551865425019   Elapsed: 912.762s (15m 12s)  90% completed  (45% total)
     Speed:     ev/sec=20288.4   simsec/sec=0.722352   ev/simsec=28086.6
     Messages:  created: 14307015   present: 1816   in FES: 198
** Event #14760704   t=455.575738685864   Elapsed: 914.771s (15m 14s)  91% completed  (45% total)
     Speed:     ev/sec=18219.2   simsec/sec=0.509564   ev/simsec=35754.4
     Messages:  created: 14343057   present: 1698   in FES: 157
** Event #14797568   t=456.595845145745   Elapsed: 916.789s (15m 16s)  91% completed  (45% total)
     Speed:     ev/sec=18265.2   simsec/sec=0.505438   ev/simsec=36137.4
     Messages:  created: 14379054   present: 1826   in FES: 199
** Event #14843648   t=458.063271826142   Elapsed: 918.79s (15m 18s)  91% completed  (45% total)
     Speed:     ev/sec=23026.2   simsec/sec=0.733275   ev/simsec=31401.9
     Messages:  created: 14424851   present: 1751   in FES: 174
** Event #14886912   t=459.521352116902   Elapsed: 920.812s (15m 20s)  91% completed  (45% total)
     Speed:     ev/sec=21401.6   simsec/sec=0.721275   ev/simsec=29671.9
     Messages:  created: 14467879   present: 1802   in FES: 195
** Event #14922752   t=460.544537431643   Elapsed: 922.817s (15m 22s)  92% completed  (46% total)
     Speed:     ev/sec=17870.5   simsec/sec=0.510179   ev/simsec=35027.9
     Messages:  created: 14502860   present: 1765   in FES: 180
** Event #14959104   t=461.570597356258   Elapsed: 924.83s (15m 24s)  92% completed  (46% total)
     Speed:     ev/sec=18064.8   simsec/sec=0.509891   ev/simsec=35428.7
     Messages:  created: 14538386   present: 1769   in FES: 180
** Event #14995200   t=462.58466465644   Elapsed: 926.842s (15m 26s)  92% completed  (46% total)
     Speed:     ev/sec=17933   simsec/sec=0.503802   ev/simsec=35595.3
     Messages:  created: 14573764   present: 1807   in FES: 196
** Event #15030784   t=463.583244558636   Elapsed: 928.869s (15m 28s)  92% completed  (46% total)
     Speed:     ev/sec=17562.4   simsec/sec=0.492848   ev/simsec=35634.6
     Messages:  created: 14608180   present: 1801   in FES: 192
** Event #15070464   t=465.002196739949   Elapsed: 930.872s (15m 30s)  93% completed  (46% total)
     Speed:     ev/sec=19807.6   simsec/sec=0.708317   ev/simsec=27964.3
     Messages:  created: 14648641   present: 1828   in FES: 205
** Event #15113728   t=466.075420637615   Elapsed: 932.875s (15m 32s)  93% completed  (46% total)
     Speed:     ev/sec=21599.9   simsec/sec=0.535816   ev/simsec=40312.2
     Messages:  created: 14689977   present: 1692   in FES: 157
** Event #15155968   t=467.518143313958   Elapsed: 934.88s (15m 34s)  93% completed  (46% total)
     Speed:     ev/sec=21062.8   simsec/sec=0.719407   ev/simsec=29278
     Messages:  created: 14732260   present: 1807   in FES: 196
** Event #15191296   t=468.523023318985   Elapsed: 936.895s (15m 36s)  93% completed  (46% total)
     Speed:     ev/sec=17534.8   simsec/sec=0.498764   ev/simsec=35156.4
     Messages:  created: 14766571   present: 1831   in FES: 202
** Event #15227648   t=469.544275375528   Elapsed: 938.922s (15m 38s)  93% completed  (46% total)
     Speed:     ev/sec=17931.8   simsec/sec=0.503765   ev/simsec=35595.5
     Messages:  created: 14801914   present: 1811   in FES: 206
** Event #15263744   t=470.569545138778   Elapsed: 940.927s (15m 40s)  94% completed  (47% total)
     Speed:     ev/sec=18004.8   simsec/sec=0.511408   ev/simsec=35206.3
     Messages:  created: 14837113   present: 1815   in FES: 195
** Event #15300352   t=471.574336671742   Elapsed: 942.958s (15m 42s)  94% completed  (47% total)
     Speed:     ev/sec=18028.1   simsec/sec=0.494822   ev/simsec=36433.4
     Messages:  created: 14872738   present: 1849   in FES: 206
** Event #15337472   t=472.598209521716   Elapsed: 944.963s (15m 44s)  94% completed  (47% total)
     Speed:     ev/sec=18508.3   simsec/sec=0.51051   ev/simsec=36254.5
     Messages:  created: 14909446   present: 1763   in FES: 178
** Event #15380224   t=474.040005730191   Elapsed: 946.966s (15m 46s)  94% completed  (47% total)
     Speed:     ev/sec=21346.6   simsec/sec=0.719908   ev/simsec=29651.9
     Messages:  created: 14952916   present: 1808   in FES: 195
** Event #15426816   t=475.312179783447   Elapsed: 948.968s (15m 48s)  95% completed  (47% total)
     Speed:     ev/sec=23276.4   simsec/sec=0.635551   ev/simsec=36623.9
     Messages:  created: 14998627   present: 1781   in FES: 207
** Event #15462912   t=476.507886389224   Elapsed: 950.97s (15m 50s)  95% completed  (47% total)
     Speed:     ev/sec=18027.9   simsec/sec=0.597187   ev/simsec=30188
     Messages:  created: 15034105   present: 1813   in FES: 198
** Event #15499264   t=477.541519077648   Elapsed: 952.984s (15m 52s)  95% completed  (47% total)
     Speed:     ev/sec=18053.2   simsec/sec=0.513323   ev/simsec=35169.2
     Messages:  created: 15069661   present: 1694   in FES: 157
** Event #15535616   t=478.562588672144   Elapsed: 954.997s (15m 54s)  95% completed  (47% total)
     Speed:     ev/sec=18056.1   simsec/sec=0.507167   ev/simsec=35601.9
     Messages:  created: 15105479   present: 1809   in FES: 194
** Event #15571712   t=479.579761111754   Elapsed: 957.022s (15m 57s)  95% completed  (47% total)
     Speed:     ev/sec=17822.2   simsec/sec=0.502222   ev/simsec=35486.6
     Messages:  created: 15140648   present: 1827   in FES: 202
** Event #15613184   t=481.032143308831   Elapsed: 959.026s (15m 59s)  96% completed  (48% total)
     Speed:     ev/sec=20697.9   simsec/sec=0.724856   ev/simsec=28554.5
     Messages:  created: 15182561   present: 1824   in FES: 206
** Event #15662336   t=482.524626677256   Elapsed: 961.042s (16m 01s)  96% completed  (48% total)
     Speed:     ev/sec=24374.1   simsec/sec=0.740112   ev/simsec=32933
     Messages:  created: 15231708   present: 1834   in FES: 203
** Event #15698944   t=483.558749499076   Elapsed: 963.062s (16m 03s)  96% completed  (48% total)
     Speed:     ev/sec=18122.9   simsec/sec=0.511946   ev/simsec=35400.1
     Messages:  created: 15267547   present: 1794   in FES: 187
** Event #15736064   t=484.580877967371   Elapsed: 965.07s (16m 05s)  96% completed  (48% total)
     Speed:     ev/sec=18493.9   simsec/sec=0.509244   ev/simsec=36316.4
     Messages:  created: 15304172   present: 1787   in FES: 188
** Event #15773952   t=485.795108267061   Elapsed: 967.072s (16m 07s)  97% completed  (48% total)
     Speed:     ev/sec=18920.4   simsec/sec=0.60636   ev/simsec=31203.3
     Messages:  created: 15341563   present: 1685   in FES: 156
** Event #15825920   t=487.519332153735   Elapsed: 969.08s (16m 09s)  97% completed  (48% total)
     Speed:     ev/sec=25885.2   simsec/sec=0.858833   ev/simsec=30139.9
     Messages:  created: 15393821   present: 1811   in FES: 198
** Event #15862528   t=488.546633119917   Elapsed: 971.086s (16m 11s)  97% completed  (48% total)
     Speed:     ev/sec=18244.7   simsec/sec=0.511986   ev/simsec=35635.1
     Messages:  created: 15429756   present: 1783   in FES: 185
** Event #15899136   t=489.575726235454   Elapsed: 973.102s (16m 13s)  97% completed  (48% total)
     Speed:     ev/sec=18162   simsec/sec=0.510555   ev/simsec=35573.1
     Messages:  created: 15465705   present: 1692   in FES: 157
** Event #15936256   t=490.599431995314   Elapsed: 975.114s (16m 15s)  98% completed  (49% total)
     Speed:     ev/sec=18452.1   simsec/sec=0.508878   ev/simsec=36260.4
     Messages:  created: 15502149   present: 1694   in FES: 157
** Event #15985408   t=492.125189564813   Elapsed: 977.117s (16m 17s)  98% completed  (49% total)
     Speed:     ev/sec=24538.1   simsec/sec=0.761701   ev/simsec=32214.8
     Messages:  created: 15550159   present: 1816   in FES: 207
** Event #16025088   t=493.559881896828   Elapsed: 979.131s (16m 19s)  98% completed  (49% total)
     Speed:     ev/sec=19697.9   simsec/sec=0.712209   ev/simsec=27657.5
     Messages:  created: 15590310   present: 1800   in FES: 206
** Event #16062976   t=494.597899956308   Elapsed: 981.152s (16m 21s)  98% completed  (49% total)
     Speed:     ev/sec=18747.9   simsec/sec=0.513635   ev/simsec=36500.3
     Messages:  created: 15627756   present: 1732   in FES: 167
** Event #16108032   t=496.082505268821   Elapsed: 983.153s (16m 23s)  99% completed  (49% total)
     Speed:     ev/sec=22512.4   simsec/sec=0.741788   ev/simsec=30348.8
     Messages:  created: 15670707   present: 1804   in FES: 193
** Event #16145920   t=497.526941028367   Elapsed: 985.158s (16m 25s)  99% completed  (49% total)
     Speed:     ev/sec=18896.7   simsec/sec=0.720416   ev/simsec=26230.3
     Messages:  created: 15706764   present: 1775   in FES: 184
** Event #16180224   t=498.55862072687   Elapsed: 987.168s (16m 27s)  99% completed  (49% total)
     Speed:     ev/sec=17067.9   simsec/sec=0.513309   ev/simsec=33250.6
     Messages:  created: 15739251   present: 1688   in FES: 157
** Event #16214528   t=499.579789495   Elapsed: 989.189s (16m 29s)  99% completed  (49% total)
     Speed:     ev/sec=16976   simsec/sec=0.505345   ev/simsec=33592.9
     Messages:  created: 15771662   present: 1816   in FES: 197
** Event #16221051   t=500   Elapsed: 989.68s (16m 29s)  100% completed  (50% total)
     Speed:     ev/sec=13279.3   simsec/sec=0.850599   ev/simsec=15611.7
     Messages:  created: 15778197   present: 1681   in FES: 155

<!> Simulation time limit reached -- at t=500s, event #16221051
undisposed object: (omnetpp::cMessage) FanetStressNetwork.uav[0].app.debugTimer -- check module destructor
undisposed object: (omnetpp::cMessage) FanetStressNetwork.uav[1].app.debugTimer -- check module destructor
undisposed object: (omnetpp::cMessage) FanetStressNetwork.uav[2].app.debugTimer -- check module destructor
undisposed object: (omnetpp::cMessage) FanetStressNetwork.uav[3].app.debugTimer -- check module destructor
undisposed object: (omnetpp::cMessage) FanetStressNetwork.uav[4].app.debugTimer -- check module destructor
undisposed object: (omnetpp::cMessage) FanetStressNetwork.uav[5].app.debugTimer -- check module destructor
undisposed object: (omnetpp::cMessage) FanetStressNetwork.uav[6].app.debugTimer -- check module destructor
undisposed object: (omnetpp::cMessage) FanetStressNetwork.uav[7].app.debugTimer -- check module destructor
undisposed object: (omnetpp::cMessage) FanetStressNetwork.uav[8].app.debugTimer -- check module destructor
undisposed object: (omnetpp::cMessage) FanetStressNetwork.uav[9].app.debugTimer -- check module destructor
undisposed object: (omnetpp::cMessage) FanetStressNetwork.uav[10].app.debugTimer -- check module destructor
undisposed object: (omnetpp::cMessage) FanetStressNetwork.uav[11].app.debugTimer -- check module destructor
undisposed object: (omnetpp::cMessage) FanetStressNetwork.uav[12].app.debugTimer -- check module destructor
undisposed object: (omnetpp::cMessage) FanetStressNetwork.uav[13].app.debugTimer -- check module destructor
undisposed object: (omnetpp::cMessage) FanetStressNetwork.uav[14].app.debugTimer -- check module destructor
undisposed object: (omnetpp::cMessage) FanetStressNetwork.uav[15].app.debugTimer -- check module destructor
undisposed object: (omnetpp::cMessage) FanetStressNetwork.uav[16].app.debugTimer -- check module destructor
undisposed object: (omnetpp::cMessage) FanetStressNetwork.uav[17].app.debugTimer -- check module destructor
undisposed object: (omnetpp::cMessage) FanetStressNetwork.uav[18].app.debugTimer -- check module destructor
undisposed object: (omnetpp::cMessage) FanetStressNetwork.uav[19].app.debugTimer -- check module destructor
undisposed object: (omnetpp::cMessage) FanetStressNetwork.uav[20].app.debugTimer -- check module destructor
undisposed object: (omnetpp::cMessage) FanetStressNetwork.uav[21].app.debugTimer -- check module destructor
undisposed object: (omnetpp::cMessage) FanetStressNetwork.uav[22].app.debugTimer -- check module destructor
undisposed object: (omnetpp::cMessage) FanetStressNetwork.uav[23].app.debugTimer -- check module destructor
undisposed object: (omnetpp::cMessage) FanetStressNetwork.uav[24].app.debugTimer -- check module destructor
undisposed object: (omnetpp::cMessage) FanetStressNetwork.uav[25].app.debugTimer -- check module destructor
undisposed object: (omnetpp::cMessage) FanetStressNetwork.uav[26].app.debugTimer -- check module destructor
undisposed object: (omnetpp::cMessage) FanetStressNetwork.uav[27].app.debugTimer -- check module destructor
undisposed object: (omnetpp::cMessage) FanetStressNetwork.uav[28].app.debugTimer -- check module destructor
undisposed object: (omnetpp::cMessage) FanetStressNetwork.uav[29].app.debugTimer -- check module destructor
undisposed object: (omnetpp::cMessage) FanetStressNetwork.uav[30].app.debugTimer -- check module destructor
undisposed object: (omnetpp::cMessage) FanetStressNetwork.uav[31].app.debugTimer -- check module destructor
undisposed object: (omnetpp::cMessage) FanetStressNetwork.uav[32].app.debugTimer -- check module destructor
undisposed object: (omnetpp::cMessage) FanetStressNetwork.uav[33].app.debugTimer -- check module destructor
undisposed object: (omnetpp::cMessage) FanetStressNetwork.uav[34].app.debugTimer -- check module destructor
undisposed object: (omnetpp::cMessage) FanetStressNetwork.uav[35].app.debugTimer -- check module destructor
undisposed object: (omnetpp::cMessage) FanetStressNetwork.uav[36].app.debugTimer -- check module destructor
undisposed object: (omnetpp::cMessage) FanetStressNetwork.uav[37].app.debugTimer -- check module destructor
undisposed object: (omnetpp::cMessage) FanetStressNetwork.uav[38].app.debugTimer -- check module destructor
undisposed object: (omnetpp::cMessage) FanetStressNetwork.uav[39].app.debugTimer -- check module destructor
undisposed object: (omnetpp::cMessage) FanetStressNetwork.uav[40].app.debugTimer -- check module destructor
undisposed object: (omnetpp::cMessage) FanetStressNetwork.uav[41].app.debugTimer -- check module destructor
undisposed object: (omnetpp::cMessage) FanetStressNetwork.uav[42].app.debugTimer -- check module destructor
undisposed object: (omnetpp::cMessage) FanetStressNetwork.uav[43].app.debugTimer -- check module destructor
undisposed object: (omnetpp::cMessage) FanetStressNetwork.uav[44].app.debugTimer -- check module destructor
undisposed object: (omnetpp::cMessage) FanetStressNetwork.uav[45].app.debugTimer -- check module destructor
undisposed object: (omnetpp::cMessage) FanetStressNetwork.uav[46].app.debugTimer -- check module destructor
undisposed object: (omnetpp::cMessage) FanetStressNetwork.uav[47].app.debugTimer -- check module destructor
undisposed object: (omnetpp::cMessage) FanetStressNetwork.uav[48].app.debugTimer -- check module destructor
undisposed object: (omnetpp::cMessage) FanetStressNetwork.uav[49].app.debugTimer -- check module destructor
