** Event #0   t=0   Elapsed: 2.2e-05s (0m 00s)  0% completed  (0% total)
     Speed:     ev/sec=0   simsec/sec=0   ev/simsec=0
     Messages:  created: 1781   present: 1781   in FES: 261
** Event #40192   t=1.510243191066   Elapsed: 2.02497s (0m 02s)  0% completed  (0% total)
     Speed:     ev/sec=19848.9   simsec/sec=0.745819   ev/simsec=26613.6
     Messages:  created: 36529   present: 1809   in FES: 190
** Event #65792   t=2.512607889984   Elapsed: 4.04496s (0m 04s)  0% completed  (0% total)
     Speed:     ev/sec=12673.3   simsec/sec=0.496222   ev/simsec=25539.6
     Messages:  created: 58547   present: 1803   in FES: 186
** Event #88832   t=3.509965856895   Elapsed: 6.06883s (0m 06s)  0% completed  (0% total)
     Speed:     ev/sec=11384.1   simsec/sec=0.492797   ev/simsec=23101
     Messages:  created: 77671   present: 1752   in FES: 174
** Event #98816   t=3.596754443489   Elapsed: 8.10018s (0m 08s)  0% completed  (0% total)
     Speed:     ev/sec=4914.95   simsec/sec=0.0427245   ev/simsec=115038
     Messages:  created: 86031   present: 1734   in FES: 173
** Event #120320   t=4.551889329221   Elapsed: 10.1228s (0m 10s)  0% completed  (0% total)
     Speed:     ev/sec=10631.6   simsec/sec=0.472221   ev/simsec=22514.1
     Messages:  created: 103110   present: 1739   in FES: 172
** Event #141568   t=5.510478765928   Elapsed: 12.1507s (0m 12s)  1% completed  (0% total)
     Speed:     ev/sec=10478   simsec/sec=0.472708   ev/simsec=22165.9
     Messages:  created: 119922   present: 1809   in FES: 196
** Event #150272   t=5.572752342535   Elapsed: 14.1948s (0m 14s)  1% completed  (0% total)
     Speed:     ev/sec=4258.1   simsec/sec=0.0304649   ev/simsec=139770
     Messages:  created: 126892   present: 1819   in FES: 196
** Event #171264   t=6.524177403689   Elapsed: 16.2121s (0m 16s)  1% completed  (0% total)
     Speed:     ev/sec=10406.1   simsec/sec=0.471639   ev/simsec=22063.7
     Messages:  created: 143348   present: 1799   in FES: 206
** Event #179712   t=6.573995868644   Elapsed: 18.2596s (0m 18s)  1% completed  (0% total)
     Speed:     ev/sec=4126.02   simsec/sec=0.0243314   ev/simsec=169576
     Messages:  created: 150064   present: 1768   in FES: 181
** Event #200448   t=7.527860872289   Elapsed: 20.2624s (0m 20s)  1% completed  (0% total)
     Speed:     ev/sec=10353.2   simsec/sec=0.47625   ev/simsec=21738.9
     Messages:  created: 166506   present: 1834   in FES: 203
** Event #211200   t=8.018389699695   Elapsed: 22.271s (0m 22s)  1% completed  (0% total)
     Speed:     ev/sec=5352.94   simsec/sec=0.244212   ev/simsec=21919.2
     Messages:  created: 175062   present: 1791   in FES: 190
** Event #230144   t=8.5546615244   Elapsed: 24.2788s (0m 24s)  1% completed  (0% total)
     Speed:     ev/sec=9435.53   simsec/sec=0.267104   ev/simsec=35325.4
     Messages:  created: 190097   present: 1801   in FES: 206
** Event #250880   t=9.512075815814   Elapsed: 26.2839s (0m 26s)  1% completed  (0% total)
     Speed:     ev/sec=10341.6   simsec/sec=0.477487   ev/simsec=21658.3
     Messages:  created: 206392   present: 1826   in FES: 203
** Event #259840   t=9.570606404764   Elapsed: 28.3085s (0m 28s)  1% completed  (0% total)
     Speed:     ev/sec=4425.49   simsec/sec=0.0289092   ev/simsec=153082
     Messages:  created: 213611   present: 1749   in FES: 174
** Event #280832   t=10.529469433979   Elapsed: 30.3414s (0m 30s)  2% completed  (1% total)
     Speed:     ev/sec=10326.3   simsec/sec=0.47168   ev/simsec=21892.6
     Messages:  created: 230268   present: 1818   in FES: 197
** Event #289024   t=10.57495639227   Elapsed: 32.3492s (0m 32s)  2% completed  (1% total)
     Speed:     ev/sec=4080.12   simsec/sec=0.0226553   ev/simsec=180096
     Messages:  created: 236691   present: 1736   in FES: 169
** Event #310528   t=11.540721495003   Elapsed: 34.3835s (0m 34s)  2% completed  (1% total)
     Speed:     ev/sec=10570.6   simsec/sec=0.474735   ev/simsec=22266.3
     Messages:  created: 254046   present: 1800   in FES: 193
** Event #321024   t=12.021303459181   Elapsed: 36.3851s (0m 36s)  2% completed  (1% total)
     Speed:     ev/sec=5243.83   simsec/sec=0.2401   ev/simsec=21840.2
     Messages:  created: 262176   present: 1787   in FES: 189
** Event #339712   t=12.560827561887   Elapsed: 38.4035s (0m 38s)  2% completed  (1% total)
     Speed:     ev/sec=9258.75   simsec/sec=0.267301   ev/simsec=34637.9
     Messages:  created: 277138   present: 1812   in FES: 197
** Event #360704   t=13.508800088193   Elapsed: 40.4172s (0m 40s)  2% completed  (1% total)
     Speed:     ev/sec=10424.8   simsec/sec=0.47077   ev/simsec=22144.1
     Messages:  created: 293503   present: 1819   in FES: 206
** Event #369920   t=13.583792387314   Elapsed: 42.4722s (0m 42s)  2% completed  (1% total)
     Speed:     ev/sec=4484.57   simsec/sec=0.0364918   ev/simsec=122893
     Messages:  created: 301070   present: 1810   in FES: 195
** Event #390656   t=14.522750674182   Elapsed: 44.5045s (0m 44s)  2% completed  (1% total)
     Speed:     ev/sec=10203.1   simsec/sec=0.462014   ev/simsec=22084
     Messages:  created: 317123   present: 1767   in FES: 180
** Event #399872   t=14.586516749815   Elapsed: 46.5199s (0m 46s)  2% completed  (1% total)
     Speed:     ev/sec=4572.77   simsec/sec=0.0316393   ev/simsec=144528
     Messages:  created: 324400   present: 1770   in FES: 183
** Event #420608   t=15.541512858994   Elapsed: 48.5527s (0m 48s)  3% completed  (1% total)
     Speed:     ev/sec=10200.7   simsec/sec=0.469794   ev/simsec=21713.2
     Messages:  created: 340677   present: 1790   in FES: 191
** Event #430848   t=16.016559509374   Elapsed: 50.5534s (0m 50s)  3% completed  (1% total)
     Speed:     ev/sec=5118.19   simsec/sec=0.237439   ev/simsec=21555.8
     Messages:  created: 348752   present: 1694   in FES: 157
** Event #450304   t=16.548533192211   Elapsed: 52.6032s (0m 52s)  3% completed  (1% total)
     Speed:     ev/sec=9492.07   simsec/sec=0.259536   ev/simsec=36573.2
     Messages:  created: 364247   present: 1769   in FES: 184
** Event #471040   t=17.506800650911   Elapsed: 54.6593s (0m 54s)  3% completed  (1% total)
     Speed:     ev/sec=10085   simsec/sec=0.466058   ev/simsec=21639.1
     Messages:  created: 380405   present: 1737   in FES: 174
** Event #479744   t=17.577024925326   Elapsed: 56.6768s (0m 56s)  3% completed  (1% total)
     Speed:     ev/sec=4314.19   simsec/sec=0.0348071   ev/simsec=123946
     Messages:  created: 387651   present: 1789   in FES: 188
** Event #499968   t=18.515700736474   Elapsed: 58.7071s (0m 58s)  3% completed  (1% total)
     Speed:     ev/sec=9961.04   simsec/sec=0.462331   ev/simsec=21545.2
     Messages:  created: 403399   present: 1816   in FES: 197
** Event #509184   t=18.595627301366   Elapsed: 60.753s (1m 00s)  3% completed  (1% total)
     Speed:     ev/sec=4504.6   simsec/sec=0.0390665   ev/simsec=115306
     Messages:  created: 410936   present: 1785   in FES: 190
** Event #530176   t=19.545438879208   Elapsed: 62.7898s (1m 02s)  3% completed  (1% total)
     Speed:     ev/sec=10306.5   simsec/sec=0.466331   ev/simsec=22101.2
     Messages:  created: 427585   present: 1771   in FES: 186
** Event #542464   t=20.028396309436   Elapsed: 64.7899s (1m 04s)  4% completed  (2% total)
     Speed:     ev/sec=6143.63   simsec/sec=0.241464   ev/simsec=25443.2
     Messages:  created: 437483   present: 1837   in FES: 204
** Event #560128   t=20.574675180594   Elapsed: 66.7905s (1m 06s)  4% completed  (2% total)
     Speed:     ev/sec=8829.35   simsec/sec=0.273058   ev/simsec=32335.1
     Messages:  created: 451713   present: 1992   in FES: 255
** Event #581120   t=21.522614882534   Elapsed: 68.8108s (1m 08s)  4% completed  (2% total)
     Speed:     ev/sec=10390.5   simsec/sec=0.469205   ev/simsec=22144.9
     Messages:  created: 468515   present: 1810   in FES: 195
** Event #590336   t=21.594646995068   Elapsed: 70.8602s (1m 10s)  4% completed  (2% total)
     Speed:     ev/sec=4497.02   simsec/sec=0.0351486   ev/simsec=127943
     Messages:  created: 476154   present: 1824   in FES: 206
** Event #610816   t=22.55563515009   Elapsed: 72.8707s (1m 12s)  4% completed  (2% total)
     Speed:     ev/sec=10186.6   simsec/sec=0.477988   ev/simsec=21311.4
     Messages:  created: 492446   present: 1824   in FES: 202
** Event #630784   t=23.092427522347   Elapsed: 74.877s (1m 14s)  4% completed  (2% total)
     Speed:     ev/sec=9952.51   simsec/sec=0.26755   ev/simsec=37198.7
     Messages:  created: 508550   present: 1712   in FES: 163
** Event #640768   t=23.578628157216   Elapsed: 76.916s (1m 16s)  4% completed  (2% total)
     Speed:     ev/sec=4896.4   simsec/sec=0.238445   ev/simsec=20534.7
     Messages:  created: 516587   present: 1694   in FES: 157
** Event #662016   t=24.529821819021   Elapsed: 78.941s (1m 18s)  4% completed  (2% total)
     Speed:     ev/sec=10493.3   simsec/sec=0.469747   ev/simsec=22338.2
     Messages:  created: 533795   present: 1806   in FES: 193
** Event #671744   t=25.006756302332   Elapsed: 80.9441s (1m 20s)  5% completed  (2% total)
     Speed:     ev/sec=4856.29   simsec/sec=0.238089   ev/simsec=20396.9
     Messages:  created: 541609   present: 1812   in FES: 206
** Event #692992   t=25.567594392861   Elapsed: 82.9838s (1m 22s)  5% completed  (2% total)
     Speed:     ev/sec=10417.6   simsec/sec=0.274971   ev/simsec=37886.2
     Messages:  created: 558897   present: 1762   in FES: 177
** Event #714496   t=26.530742511063   Elapsed: 84.9918s (1m 24s)  5% completed  (2% total)
     Speed:     ev/sec=10708.7   simsec/sec=0.479634   ev/simsec=22326.8
     Messages:  created: 576410   present: 1785   in FES: 186
** Event #733952   t=27.080651732718   Elapsed: 86.9988s (1m 26s)  5% completed  (2% total)
     Speed:     ev/sec=9694.41   simsec/sec=0.274005   ev/simsec=35380.4
     Messages:  created: 592212   present: 1782   in FES: 185
** Event #746496   t=27.572687970055   Elapsed: 89.0251s (1m 29s)  5% completed  (2% total)
     Speed:     ev/sec=6190.58   simsec/sec=0.242824   ev/simsec=25494.1
     Messages:  created: 602368   present: 1833   in FES: 202
** Event #768256   t=28.539619530985   Elapsed: 91.0792s (1m 31s)  5% completed  (2% total)
     Speed:     ev/sec=10593.6   simsec/sec=0.470739   ev/simsec=22504.2
     Messages:  created: 619963   present: 1821   in FES: 206
** Event #790016   t=29.512684265859   Elapsed: 93.0929s (1m 33s)  5% completed  (2% total)
     Speed:     ev/sec=10805.8   simsec/sec=0.483216   ev/simsec=22362.3
     Messages:  created: 637415   present: 1825   in FES: 202
** Event #800768   t=29.594190798894   Elapsed: 95.1243s (1m 35s)  5% completed  (2% total)
     Speed:     ev/sec=5292.82   simsec/sec=0.0401227   ev/simsec=131916
     Messages:  created: 646262   present: 1800   in FES: 206
** Event #825088   t=30.586638857891   Elapsed: 97.1598s (1m 37s)  6% completed  (3% total)
     Speed:     ev/sec=11947.8   simsec/sec=0.487565   ev/simsec=24505.1
     Messages:  created: 666477   present: 1835   in FES: 204
** Event #848384   t=31.570887609055   Elapsed: 99.171s (1m 39s)  6% completed  (3% total)
     Speed:     ev/sec=11583.3   simsec/sec=0.489393   ev/simsec=23668.8
     Messages:  created: 685290   present: 1795   in FES: 192
** Event #871936   t=32.552759593463   Elapsed: 101.196s (1m 41s)  6% completed  (3% total)
     Speed:     ev/sec=11631.6   simsec/sec=0.484917   ev/simsec=23986.8
     Messages:  created: 704503   present: 1829   in FES: 204
** Event #895744   t=33.531665876506   Elapsed: 103.234s (1m 43s)  6% completed  (3% total)
     Speed:     ev/sec=11681.3   simsec/sec=0.480295   ev/simsec=24321
     Messages:  created: 723703   present: 1795   in FES: 192
** Event #919808   t=34.512751972258   Elapsed: 105.274s (1m 45s)  6% completed  (3% total)
     Speed:     ev/sec=11796   simsec/sec=0.480921   ev/simsec=24527.9
     Messages:  created: 743269   present: 1831   in FES: 204
** Event #931584   t=34.60218954281   Elapsed: 107.286s (1m 47s)  6% completed  (3% total)
     Speed:     ev/sec=5853.06   simsec/sec=0.0444534   ev/simsec=131667
     Messages:  created: 752866   present: 1835   in FES: 207
** Event #954624   t=35.58284353535   Elapsed: 109.304s (1m 49s)  7% completed  (3% total)
     Speed:     ev/sec=11414.5   simsec/sec=0.485835   ev/simsec=23494.5
     Messages:  created: 771377   present: 1838   in FES: 205
** Event #977664   t=36.554529536783   Elapsed: 111.324s (1m 51s)  7% completed  (3% total)
     Speed:     ev/sec=11409.4   simsec/sec=0.481178   ev/simsec=23711.4
     Messages:  created: 790169   present: 1740   in FES: 173
** Event #1001728   t=37.519296992766   Elapsed: 113.326s (1m 53s)  7% completed  (3% total)
     Speed:     ev/sec=12020   simsec/sec=0.481901   ev/simsec=24942.8
     Messages:  created: 809454   present: 1812   in FES: 206
** Event #1024256   t=38.093191118713   Elapsed: 115.328s (1m 55s)  7% completed  (3% total)
     Speed:     ev/sec=11249.3   simsec/sec=0.286572   ev/simsec=39254.6
     Messages:  created: 827553   present: 1809   in FES: 206
** Event #1036288   t=38.589169232782   Elapsed: 117.342s (1m 57s)  7% completed  (3% total)
     Speed:     ev/sec=5976.49   simsec/sec=0.24636   ev/simsec=24259.1
     Messages:  created: 837115   present: 1719   in FES: 166
** Event #1059584   t=39.557439613234   Elapsed: 119.365s (1m 59s)  7% completed  (3% total)
     Speed:     ev/sec=11516.2   simsec/sec=0.478659   ev/simsec=24059.4
     Messages:  created: 855395   present: 1813   in FES: 206
** Event #1082880   t=40.520335842474   Elapsed: 121.372s (2m 01s)  8% completed  (4% total)
     Speed:     ev/sec=11606.4   simsec/sec=0.479728   ev/simsec=24193.7
     Messages:  created: 874025   present: 1792   in FES: 187
** Event #1102848   t=41.072138300782   Elapsed: 123.374s (2m 03s)  8% completed  (4% total)
     Speed:     ev/sec=9971.64   simsec/sec=0.27556   ev/simsec=36186.9
     Messages:  created: 889967   present: 1758   in FES: 177
** Event #1118208   t=41.591112120144   Elapsed: 125.38s (2m 05s)  8% completed  (4% total)
     Speed:     ev/sec=7657.41   simsec/sec=0.258724   ev/simsec=29596.9
     Messages:  created: 902626   present: 1844   in FES: 205
** Event #1140736   t=42.553823534013   Elapsed: 127.392s (2m 07s)  8% completed  (4% total)
     Speed:     ev/sec=11196.6   simsec/sec=0.478475   ev/simsec=23400.6
     Messages:  created: 920333   present: 1816   in FES: 199
** Event #1163776   t=43.519418951118   Elapsed: 129.427s (2m 09s)  8% completed  (4% total)
     Speed:     ev/sec=11321.8   simsec/sec=0.474492   ev/simsec=23860.9
     Messages:  created: 938338   present: 1777   in FES: 186
** Event #1174528   t=43.593960009886   Elapsed: 131.46s (2m 11s)  8% completed  (4% total)
     Speed:     ev/sec=5289.31   simsec/sec=0.0366696   ev/simsec=144243
     Messages:  created: 947035   present: 1834   in FES: 203
** Event #1197824   t=44.562432102439   Elapsed: 133.472s (2m 13s)  8% completed  (4% total)
     Speed:     ev/sec=11576.2   simsec/sec=0.481249   ev/simsec=24054.4
     Messages:  created: 965373   present: 1780   in FES: 187
** Event #1220864   t=45.521157481364   Elapsed: 135.503s (2m 15s)  9% completed  (4% total)
     Speed:     ev/sec=11346   simsec/sec=0.47212   ev/simsec=24031.9
     Messages:  created: 983228   present: 1845   in FES: 206
** Event #1234176   t=46.022028021315   Elapsed: 137.504s (2m 17s)  9% completed  (4% total)
     Speed:     ev/sec=6654.18   simsec/sec=0.250367   ev/simsec=26577.7
     Messages:  created: 993750   present: 1800   in FES: 193
** Event #1255424   t=46.578095053537   Elapsed: 139.564s (2m 19s)  9% completed  (4% total)
     Speed:     ev/sec=10312.4   simsec/sec=0.269878   ev/simsec=38211.2
     Messages:  created: 1010760   present: 1738   in FES: 173
** Event #1278464   t=47.543323596268   Elapsed: 141.583s (2m 21s)  9% completed  (4% total)
     Speed:     ev/sec=11412.8   simsec/sec=0.478124   ev/simsec=23870
     Messages:  created: 1028728   present: 1799   in FES: 192
** Event #1301760   t=48.514057590255   Elapsed: 143.598s (2m 23s)  9% completed  (4% total)
     Speed:     ev/sec=11559   simsec/sec=0.48166   ev/simsec=23998.3
     Messages:  created: 1047295   present: 1769   in FES: 182
** Event #1312512   t=48.593776821861   Elapsed: 145.623s (2m 25s)  9% completed  (4% total)
     Speed:     ev/sec=5309.76   simsec/sec=0.0393685   ev/simsec=134873
     Messages:  created: 1056186   present: 1813   in FES: 196
** Event #1335552   t=49.56504858213   Elapsed: 147.634s (2m 27s)  9% completed  (4% total)
     Speed:     ev/sec=11457.5   simsec/sec=0.483002   ev/simsec=23721.5
     Messages:  created: 1074319   present: 1833   in FES: 204
** Event #1358080   t=50.519746886673   Elapsed: 149.675s (2m 29s)  10% completed  (5% total)
     Speed:     ev/sec=11039.3   simsec/sec=0.467829   ev/simsec=23597
     Messages:  created: 1091736   present: 1733   in FES: 168
** Event #1368576   t=50.597860873125   Elapsed: 151.717s (2m 31s)  10% completed  (5% total)
     Speed:     ev/sec=5139.34   simsec/sec=0.0382483   ev/simsec=134368
     Messages:  created: 1100209   present: 1791   in FES: 192
** Event #1392128   t=51.568949527899   Elapsed: 153.771s (2m 33s)  10% completed  (5% total)
     Speed:     ev/sec=11463.8   simsec/sec=0.472673   ev/simsec=24253.2
     Messages:  created: 1118632   present: 1700   in FES: 157
** Event #1415680   t=52.538544481915   Elapsed: 155.78s (2m 35s)  10% completed  (5% total)
     Speed:     ev/sec=11723.1   simsec/sec=0.482618   ev/simsec=24290.6
     Messages:  created: 1137479   present: 1804   in FES: 193
** Event #1436160   t=53.085404227411   Elapsed: 157.783s (2m 37s)  10% completed  (5% total)
     Speed:     ev/sec=10225.4   simsec/sec=0.273041   ev/simsec=37450.2
     Messages:  created: 1153702   present: 1832   in FES: 203
** Event #1448960   t=53.580193604733   Elapsed: 159.786s (2m 39s)  10% completed  (5% total)
     Speed:     ev/sec=6391.06   simsec/sec=0.247049   ev/simsec=25869.6
     Messages:  created: 1164263   present: 1798   in FES: 193
** Event #1471488   t=54.543381947627   Elapsed: 161.803s (2m 41s)  10% completed  (5% total)
     Speed:     ev/sec=11170.1   simsec/sec=0.477578   ev/simsec=23389
     Messages:  created: 1181678   present: 1697   in FES: 158
** Event #1495040   t=55.516962409443   Elapsed: 163.824s (2m 43s)  11% completed  (5% total)
     Speed:     ev/sec=11653.9   simsec/sec=0.481742   ev/simsec=24191.1
     Messages:  created: 1200233   present: 1724   in FES: 167
** Event #1504768   t=55.595406590169   Elapsed: 165.869s (2m 45s)  11% completed  (5% total)
     Speed:     ev/sec=4756.05   simsec/sec=0.0383516   ev/simsec=124012
     Messages:  created: 1208035   present: 1813   in FES: 206
** Event #1527808   t=56.549438083385   Elapsed: 167.873s (2m 47s)  11% completed  (5% total)
     Speed:     ev/sec=11496.5   simsec/sec=0.476044   ev/simsec=24150.1
     Messages:  created: 1226271   present: 2124   in FES: 299
** Event #1551104   t=57.519683043092   Elapsed: 169.895s (2m 49s)  11% completed  (5% total)
     Speed:     ev/sec=11524.6   simsec/sec=0.479982   ev/simsec=24010.4
     Messages:  created: 1244351   present: 1764   in FES: 179
** Event #1561088   t=57.602923962794   Elapsed: 171.918s (2m 51s)  11% completed  (5% total)
     Speed:     ev/sec=4933.59   simsec/sec=0.0411335   ev/simsec=119941
     Messages:  created: 1252617   present: 1825   in FES: 202
** Event #1585408   t=58.582540455524   Elapsed: 173.921s (2m 53s)  11% completed  (5% total)
     Speed:     ev/sec=12144.8   simsec/sec=0.489197   ev/simsec=24826
     Messages:  created: 1272368   present: 1787   in FES: 188
** Event #1607936   t=59.550903979904   Elapsed: 175.951s (2m 55s)  11% completed  (5% total)
     Speed:     ev/sec=11097.5   simsec/sec=0.477024   ev/simsec=23264
     Messages:  created: 1290077   present: 1832   in FES: 205
** Event #1631232   t=60.512698360418   Elapsed: 178s (2m 58s)  12% completed  (6% total)
     Speed:     ev/sec=11368.3   simsec/sec=0.46935   ev/simsec=24221.4
     Messages:  created: 1308541   present: 1755   in FES: 180
** Event #1642240   t=60.589707270318   Elapsed: 180.02s (3m 00s)  12% completed  (6% total)
     Speed:     ev/sec=5449.93   simsec/sec=0.0381262   ev/simsec=142944
     Messages:  created: 1317794   present: 1760   in FES: 181
** Event #1666048   t=61.565120896771   Elapsed: 182.053s (3m 02s)  12% completed  (6% total)
     Speed:     ev/sec=11711.5   simsec/sec=0.479821   ev/simsec=24408.1
     Messages:  created: 1336612   present: 1731   in FES: 168
** Event #1689344   t=62.537302176419   Elapsed: 184.065s (3m 04s)  12% completed  (6% total)
     Speed:     ev/sec=11580   simsec/sec=0.483253   ev/simsec=23962.6
     Messages:  created: 1355076   present: 1837   in FES: 203
** Event #1703168   t=63.028396703673   Elapsed: 186.066s (3m 06s)  12% completed  (6% total)
     Speed:     ev/sec=6906.94   simsec/sec=0.245368   ev/simsec=28149.4
     Messages:  created: 1366079   present: 1822   in FES: 199
** Event #1722112   t=63.575356365399   Elapsed: 188.075s (3m 08s)  12% completed  (6% total)
     Speed:     ev/sec=9430.86   simsec/sec=0.272292   ev/simsec=34635.1
     Messages:  created: 1381282   present: 1836   in FES: 206
** Event #1745408   t=64.546422344725   Elapsed: 190.14s (3m 10s)  12% completed  (6% total)
     Speed:     ev/sec=11282.5   simsec/sec=0.470297   ev/simsec=23990.1
     Messages:  created: 1399625   present: 1824   in FES: 201
** Event #1768704   t=65.512729636196   Elapsed: 192.157s (3m 12s)  13% completed  (6% total)
     Speed:     ev/sec=11546.8   simsec/sec=0.478957   ev/simsec=24108.3
     Messages:  created: 1418313   present: 1744   in FES: 173
** Event #1779712   t=65.597874141912   Elapsed: 194.185s (3m 14s)  13% completed  (6% total)
     Speed:     ev/sec=5427.97   simsec/sec=0.0419841   ev/simsec=129286
     Messages:  created: 1427178   present: 1800   in FES: 193
** Event #1803264   t=66.566524408618   Elapsed: 196.225s (3m 16s)  13% completed  (6% total)
     Speed:     ev/sec=11548.1   simsec/sec=0.474953   ev/simsec=24314.2
     Messages:  created: 1445958   present: 1759   in FES: 178
** Event #1826560   t=67.552873695296   Elapsed: 198.253s (3m 18s)  13% completed  (6% total)
     Speed:     ev/sec=11485.1   simsec/sec=0.486278   ev/simsec=23618.4
     Messages:  created: 1464500   present: 1701   in FES: 162
** Event #1850112   t=68.521562231854   Elapsed: 200.284s (3m 20s)  13% completed  (6% total)
     Speed:     ev/sec=11598.4   simsec/sec=0.477038   ev/simsec=24313.3
     Messages:  created: 1483282   present: 1834   in FES: 206
** Event #1860352   t=68.590981203468   Elapsed: 202.291s (3m 22s)  13% completed  (6% total)
     Speed:     ev/sec=5100.24   simsec/sec=0.0345755   ev/simsec=147510
     Messages:  created: 1491481   present: 1793   in FES: 206
** Event #1883904   t=69.565208514318   Elapsed: 204.292s (3m 24s)  13% completed  (6% total)
     Speed:     ev/sec=11772.7   simsec/sec=0.486977   ev/simsec=24175.1
     Messages:  created: 1510392   present: 1749   in FES: 174
** Event #1907456   t=70.536255752804   Elapsed: 206.311s (3m 26s)  14% completed  (7% total)
     Speed:     ev/sec=11666.4   simsec/sec=0.481003   ev/simsec=24254.2
     Messages:  created: 1529358   present: 1844   in FES: 205
** Event #1928704   t=71.091727901741   Elapsed: 208.311s (3m 28s)  14% completed  (7% total)
     Speed:     ev/sec=10620   simsec/sec=0.277632   ev/simsec=38252.1
     Messages:  created: 1546127   present: 1823   in FES: 206
** Event #1940992   t=71.580012012847   Elapsed: 210.348s (3m 30s)  14% completed  (7% total)
     Speed:     ev/sec=6034.21   simsec/sec=0.239779   ev/simsec=25165.7
     Messages:  created: 1555811   present: 1761   in FES: 176
** Event #1963520   t=72.558267556667   Elapsed: 212.392s (3m 32s)  14% completed  (7% total)
     Speed:     ev/sec=11021.3   simsec/sec=0.478588   ev/simsec=23028.7
     Messages:  created: 1573733   present: 1756   in FES: 178
** Event #1986048   t=73.512843369818   Elapsed: 214.413s (3m 34s)  14% completed  (7% total)
     Speed:     ev/sec=11144.1   simsec/sec=0.472209   ev/simsec=23600
     Messages:  created: 1591284   present: 1814   in FES: 199
** Event #1997056   t=73.588484642322   Elapsed: 216.421s (3m 36s)  14% completed  (7% total)
     Speed:     ev/sec=5483.02   simsec/sec=0.0376765   ev/simsec=145529
     Messages:  created: 1600184   present: 1704   in FES: 157
** Event #2020352   t=74.567535455658   Elapsed: 218.439s (3m 38s)  14% completed  (7% total)
     Speed:     ev/sec=11544.7   simsec/sec=0.485182   ev/simsec=23794.5
     Messages:  created: 1618751   present: 1759   in FES: 176
** Event #2042368   t=75.529335446909   Elapsed: 220.44s (3m 40s)  15% completed  (7% total)
     Speed:     ev/sec=11000.1   simsec/sec=0.480557   ev/simsec=22890.4
     Messages:  created: 1635962   present: 1803   in FES: 206
** Event #2056192   t=76.024203197559   Elapsed: 222.442s (3m 42s)  15% completed  (7% total)
     Speed:     ev/sec=6906.72   simsec/sec=0.247245   ev/simsec=27934.7
     Messages:  created: 1647530   present: 1751   in FES: 176
** Event #2076928   t=76.592048681036   Elapsed: 224.451s (3m 44s)  15% completed  (7% total)
     Speed:     ev/sec=10323.7   simsec/sec=0.28271   ev/simsec=36517
     Messages:  created: 1664509   present: 1811   in FES: 196
** Event #2100736   t=77.573530705595   Elapsed: 226.492s (3m 46s)  15% completed  (7% total)
     Speed:     ev/sec=11661   simsec/sec=0.480724   ev/simsec=24257.2
     Messages:  created: 1683590   present: 1817   in FES: 198
** Event #2124288   t=78.541214134434   Elapsed: 228.507s (3m 48s)  15% completed  (7% total)
     Speed:     ev/sec=11687   simsec/sec=0.480186   ev/simsec=24338.5
     Messages:  created: 1702457   present: 1838   in FES: 206
** Event #2146816   t=79.510707734662   Elapsed: 230.511s (3m 50s)  15% completed  (7% total)
     Speed:     ev/sec=11243.4   simsec/sec=0.483862   ev/simsec=23236.9
     Messages:  created: 1720321   present: 1832   in FES: 205
** Event #2158336   t=79.599125853293   Elapsed: 232.548s (3m 52s)  15% completed  (7% total)
     Speed:     ev/sec=5656.89   simsec/sec=0.0434177   ev/simsec=130290
     Messages:  created: 1730091   present: 1761   in FES: 178
** Event #2181376   t=80.578971549859   Elapsed: 234.558s (3m 54s)  16% completed  (8% total)
     Speed:     ev/sec=11457.6   simsec/sec=0.487267   ev/simsec=23513.9
     Messages:  created: 1748998   present: 1820   in FES: 197
** Event #2205440   t=81.568368121177   Elapsed: 236.584s (3m 56s)  16% completed  (8% total)
     Speed:     ev/sec=11878.8   simsec/sec=0.488399   ev/simsec=24321.9
     Messages:  created: 1768536   present: 1763   in FES: 180
** Event #2229760   t=82.559529842261   Elapsed: 238.601s (3m 58s)  16% completed  (8% total)
     Speed:     ev/sec=12056.4   simsec/sec=0.491357   ev/simsec=24536.9
     Messages:  created: 1788364   present: 1813   in FES: 206
** Event #2253568   t=83.526099899695   Elapsed: 240.631s (4m 00s)  16% completed  (8% total)
     Speed:     ev/sec=11730.7   simsec/sec=0.476248   ev/simsec=24631.4
     Messages:  created: 1807570   present: 1828   in FES: 201
** Event #2276864   t=84.505957744052   Elapsed: 242.657s (4m 02s)  16% completed  (8% total)
     Speed:     ev/sec=11499.6   simsec/sec=0.483686   ev/simsec=23774.9
     Messages:  created: 1826437   present: 1779   in FES: 188
** Event #2288640   t=84.603409184299   Elapsed: 244.689s (4m 04s)  16% completed  (8% total)
     Speed:     ev/sec=5794.48   simsec/sec=0.0479518   ev/simsec=120840
     Messages:  created: 1836465   present: 1803   in FES: 194
** Event #2312448   t=85.59271209726   Elapsed: 246.752s (4m 06s)  17% completed  (8% total)
     Speed:     ev/sec=11542.6   simsec/sec=0.479636   ev/simsec=24065.4
     Messages:  created: 1856015   present: 1802   in FES: 206
** Event #2336256   t=86.576519625631   Elapsed: 248.757s (4m 08s)  17% completed  (8% total)
     Speed:     ev/sec=11875   simsec/sec=0.490705   ev/simsec=24199.9
     Messages:  created: 1875387   present: 1764   in FES: 179
** Event #2359808   t=87.559233986058   Elapsed: 250.758s (4m 10s)  17% completed  (8% total)
     Speed:     ev/sec=11768   simsec/sec=0.491024   ev/simsec=23966.3
     Messages:  created: 1894757   present: 1756   in FES: 177
** Event #2382848   t=88.528785395315   Elapsed: 252.773s (4m 12s)  17% completed  (8% total)
     Speed:     ev/sec=11431.3   simsec/sec=0.481043   ev/simsec=23763.6
     Messages:  created: 1913318   present: 1748   in FES: 175
** Event #2406656   t=89.523916540371   Elapsed: 254.795s (4m 14s)  17% completed  (8% total)
     Speed:     ev/sec=11776.9   simsec/sec=0.492254   ev/simsec=23924.5
     Messages:  created: 1932988   present: 1770   in FES: 183
** Event #2430720   t=90.50988337337   Elapsed: 256.8s (4m 16s)  18% completed  (9% total)
     Speed:     ev/sec=12003.4   simsec/sec=0.491811   ev/simsec=24406.5
     Messages:  created: 1952971   present: 1706   in FES: 163
** Event #2447616   t=91.042382698159   Elapsed: 258.803s (4m 18s)  18% completed  (9% total)
     Speed:     ev/sec=8433.06   simsec/sec=0.265779   ev/simsec=31729.6
     Messages:  created: 1967131   present: 1795   in FES: 206
** Event #2467584   t=91.597093752003   Elapsed: 260.831s (4m 20s)  18% completed  (9% total)
     Speed:     ev/sec=9849.28   simsec/sec=0.273613   ev/simsec=35997.1
     Messages:  created: 1983594   present: 1789   in FES: 188
** Event #2492160   t=92.586866486257   Elapsed: 262.848s (4m 22s)  18% completed  (9% total)
     Speed:     ev/sec=12184.9   simsec/sec=0.490733   ev/simsec=24829.9
     Messages:  created: 2003586   present: 1777   in FES: 184
** Event #2515968   t=93.578135062692   Elapsed: 264.88s (4m 24s)  18% completed  (9% total)
     Speed:     ev/sec=11713.1   simsec/sec=0.487685   ev/simsec=24017.7
     Messages:  created: 2023195   present: 1815   in FES: 206
** Event #2539520   t=94.553932223166   Elapsed: 266.917s (4m 26s)  18% completed  (9% total)
     Speed:     ev/sec=11564.6   simsec/sec=0.479142   ev/simsec=24136.2
     Messages:  created: 2042343   present: 1769   in FES: 184
** Event #2563072   t=95.530302088798   Elapsed: 268.92s (4m 28s)  19% completed  (9% total)
     Speed:     ev/sec=11759.4   simsec/sec=0.487495   ev/simsec=24122
     Messages:  created: 2062192   present: 1845   in FES: 204
** Event #2587648   t=96.524536100658   Elapsed: 270.952s (4m 30s)  19% completed  (9% total)
     Speed:     ev/sec=12089.9   simsec/sec=0.489102   ev/simsec=24718.5
     Messages:  created: 2082391   present: 1912   in FES: 256
** Event #2612480   t=97.524674141605   Elapsed: 272.985s (4m 32s)  19% completed  (9% total)
     Speed:     ev/sec=12217.6   simsec/sec=0.49208   ev/simsec=24828.6
     Messages:  created: 2102848   present: 1828   in FES: 201
** Event #2636800   t=98.514253809355   Elapsed: 275.002s (4m 35s)  19% completed  (9% total)
     Speed:     ev/sec=12057.1   simsec/sec=0.490603   ev/simsec=24576.1
     Messages:  created: 2122454   present: 1763   in FES: 182
** Event #2648064   t=98.599208001182   Elapsed: 277.002s (4m 37s)  19% completed  (9% total)
     Speed:     ev/sec=5631.86   simsec/sec=0.0424761   ev/simsec=132589
     Messages:  created: 2131794   present: 1797   in FES: 192
** Event #2671616   t=99.586843948617   Elapsed: 279.009s (4m 39s)  19% completed  (9% total)
     Speed:     ev/sec=11733.8   simsec/sec=0.49205   ev/simsec=23846.8
     Messages:  created: 2151117   present: 1805   in FES: 194
** Event #2697472   t=100.561745980563   Elapsed: 281.025s (4m 41s)  20% completed  (10% total)
     Speed:     ev/sec=12825.9   simsec/sec=0.483602   ev/simsec=26521.6
     Messages:  created: 2173988   present: 1823   in FES: 206
** Event #2726912   t=101.524383405841   Elapsed: 283.051s (4m 43s)  20% completed  (10% total)
     Speed:     ev/sec=14533   simsec/sec=0.475204   ev/simsec=30582.6
     Messages:  created: 2202640   present: 1815   in FES: 194
** Event #2747136   t=102.042437583916   Elapsed: 285.056s (4m 45s)  20% completed  (10% total)
     Speed:     ev/sec=10087.5   simsec/sec=0.258401   ev/simsec=39038.4
     Messages:  created: 2221633   present: 1732   in FES: 171
** Event #2772224   t=102.591999995011   Elapsed: 287.066s (4m 47s)  20% completed  (10% total)
     Speed:     ev/sec=12481.7   simsec/sec=0.273416   ev/simsec=45650.9
     Messages:  created: 2245717   present: 1750   in FES: 173
** Event #2804224   t=103.57732748641   Elapsed: 289.104s (4m 49s)  20% completed  (10% total)
     Speed:     ev/sec=15701.5   simsec/sec=0.483473   ev/simsec=32476.5
     Messages:  created: 2277449   present: 1829   in FES: 202
** Event #2834944   t=104.554718223166   Elapsed: 291.124s (4m 51s)  20% completed  (10% total)
     Speed:     ev/sec=15201.6   simsec/sec=0.483655   ev/simsec=31430.6
     Messages:  created: 2307399   present: 1694   in FES: 157
** Event #2865920   t=105.524654619041   Elapsed: 293.169s (4m 53s)  21% completed  (10% total)
     Speed:     ev/sec=15152.1   simsec/sec=0.47445   ev/simsec=31936.1
     Messages:  created: 2337524   present: 1730   in FES: 165
** Event #2893312   t=106.092286438029   Elapsed: 295.173s (4m 55s)  21% completed  (10% total)
     Speed:     ev/sec=13670.3   simsec/sec=0.283282   ev/simsec=48256.6
     Messages:  created: 2363423   present: 1773   in FES: 184
** Event #2910720   t=106.585687186214   Elapsed: 297.187s (4m 57s)  21% completed  (10% total)
     Speed:     ev/sec=8643.66   simsec/sec=0.24499   ev/simsec=35281.7
     Messages:  created: 2380447   present: 1796   in FES: 191
** Event #2943232   t=107.566863780215   Elapsed: 299.235s (4m 59s)  21% completed  (10% total)
     Speed:     ev/sec=15874.2   simsec/sec=0.479066   ev/simsec=33135.7
     Messages:  created: 2412474   present: 1719   in FES: 164
** Event #2973440   t=108.530540986377   Elapsed: 301.253s (5m 01s)  21% completed  (10% total)
     Speed:     ev/sec=14969.1   simsec/sec=0.477534   ev/simsec=31346.6
     Messages:  created: 2441806   present: 1775   in FES: 180
** Event #3004416   t=109.516145865547   Elapsed: 303.29s (5m 03s)  21% completed  (10% total)
     Speed:     ev/sec=15202.3   simsec/sec=0.483711   ev/simsec=31428.4
     Messages:  created: 2471868   present: 1777   in FES: 186
** Event #3023104   t=110.013630212498   Elapsed: 305.292s (5m 05s)  22% completed  (11% total)
     Speed:     ev/sec=9338.32   simsec/sec=0.248591   ev/simsec=37565
     Messages:  created: 2489873   present: 1691   in FES: 156
** Event #3051264   t=110.594874228683   Elapsed: 307.318s (5m 07s)  22% completed  (11% total)
     Speed:     ev/sec=13894.5   simsec/sec=0.286792   ev/simsec=48447.8
     Messages:  created: 2517154   present: 1802   in FES: 193
** Event #3080704   t=111.557659735544   Elapsed: 309.335s (5m 09s)  22% completed  (11% total)
     Speed:     ev/sec=14595.1   simsec/sec=0.477307   ev/simsec=30577.9
     Messages:  created: 2545639   present: 1762   in FES: 181
** Event #3111424   t=112.523990550486   Elapsed: 311.36s (5m 11s)  22% completed  (11% total)
     Speed:     ev/sec=15172.5   simsec/sec=0.477266   ev/simsec=31790.4
     Messages:  created: 2575596   present: 1824   in FES: 206
** Event #3132416   t=113.052605353179   Elapsed: 313.368s (5m 13s)  22% completed  (11% total)
     Speed:     ev/sec=10455.4   simsec/sec=0.263284   ev/simsec=39711.3
     Messages:  created: 2595660   present: 1791   in FES: 206
** Event #3155456   t=113.585128637088   Elapsed: 315.395s (5m 15s)  22% completed  (11% total)
     Speed:     ev/sec=11368.1   simsec/sec=0.26275   ev/simsec=43265.7
     Messages:  created: 2616812   present: 1743   in FES: 174
** Event #3185664   t=114.561033301688   Elapsed: 317.413s (5m 17s)  22% completed  (11% total)
     Speed:     ev/sec=14969.5   simsec/sec=0.483606   ev/simsec=30953.8
     Messages:  created: 2645706   present: 1776   in FES: 181
** Event #3216896   t=115.536746773645   Elapsed: 319.434s (5m 19s)  23% completed  (11% total)
     Speed:     ev/sec=15450.8   simsec/sec=0.482697   ev/simsec=32009.4
     Messages:  created: 2676427   present: 1771   in FES: 184
** Event #3246336   t=116.268565515515   Elapsed: 321.435s (5m 21s)  23% completed  (11% total)
     Speed:     ev/sec=14712.3   simsec/sec=0.365718   ev/simsec=40228.5
     Messages:  created: 2704704   present: 1715   in FES: 166
** Event #3264512   t=116.770057005471   Elapsed: 323.436s (5m 23s)  23% completed  (11% total)
     Speed:     ev/sec=9083.97   simsec/sec=0.250634   ev/simsec=36243.9
     Messages:  created: 2723105   present: 1820   in FES: 199
** Event #3294976   t=117.568355398703   Elapsed: 325.447s (5m 25s)  23% completed  (11% total)
     Speed:     ev/sec=15147.6   simsec/sec=0.396938   ev/simsec=38161.2
     Messages:  created: 2753160   present: 1820   in FES: 199
** Event #3326208   t=118.555214245235   Elapsed: 327.467s (5m 27s)  23% completed  (11% total)
     Speed:     ev/sec=15464.1   simsec/sec=0.488628   ev/simsec=31647.9
     Messages:  created: 2784360   present: 1838   in FES: 206
** Event #3358464   t=119.525689917251   Elapsed: 329.5s (5m 29s)  23% completed  (11% total)
     Speed:     ev/sec=15862.3   simsec/sec=0.477244   ev/simsec=33237.3
     Messages:  created: 2816297   present: 1842   in FES: 203
** Event #3380224   t=120.049087758543   Elapsed: 331.505s (5m 31s)  24% completed  (12% total)
     Speed:     ev/sec=10855.6   simsec/sec=0.261112   ev/simsec=41574.5
     Messages:  created: 2837453   present: 1700   in FES: 157
** Event #3405824   t=120.598026121253   Elapsed: 333.512s (5m 33s)  24% completed  (12% total)
     Speed:     ev/sec=12750.2   simsec/sec=0.273401   ev/simsec=46635.5
     Messages:  created: 2862336   present: 1805   in FES: 206
** Event #3438080   t=121.573134578192   Elapsed: 335.544s (5m 35s)  24% completed  (12% total)
     Speed:     ev/sec=15880.4   simsec/sec=0.480069   ev/simsec=33079.4
     Messages:  created: 2894474   present: 1839   in FES: 203
** Event #3470080   t=122.55287246376   Elapsed: 337.559s (5m 37s)  24% completed  (12% total)
     Speed:     ev/sec=15875   simsec/sec=0.486042   ev/simsec=32661.8
     Messages:  created: 2926228   present: 1815   in FES: 194
** Event #3502592   t=123.524424908664   Elapsed: 339.591s (5m 39s)  24% completed  (12% total)
     Speed:     ev/sec=16003   simsec/sec=0.478215   ev/simsec=33464
     Messages:  created: 2958459   present: 1802   in FES: 187
** Event #3534848   t=124.515939282883   Elapsed: 341.594s (5m 41s)  24% completed  (12% total)
     Speed:     ev/sec=16101.7   simsec/sec=0.494948   ev/simsec=32532.1
     Messages:  created: 2990251   present: 1695   in FES: 160
** Event #3561728   t=125.063489661183   Elapsed: 343.599s (5m 43s)  25% completed  (12% total)
     Speed:     ev/sec=13409.6   simsec/sec=0.273155   ev/simsec=49091.4
     Messages:  created: 3017080   present: 1844   in FES: 203
** Event #3584000   t=125.597288170796   Elapsed: 345.611s (5m 45s)  25% completed  (12% total)
     Speed:     ev/sec=11066.4   simsec/sec=0.26523   ev/simsec=41723.6
     Messages:  created: 3038088   present: 1828   in FES: 203
** Event #3617280   t=126.585832442579   Elapsed: 347.622s (5m 47s)  25% completed  (12% total)
     Speed:     ev/sec=16548.3   simsec/sec=0.491547   ev/simsec=33665.7
     Messages:  created: 3071794   present: 1780   in FES: 187
** Event #3652608   t=127.568937276574   Elapsed: 349.647s (5m 49s)  25% completed  (12% total)
     Speed:     ev/sec=17447.5   simsec/sec=0.485528   ev/simsec=35935.1
     Messages:  created: 3108236   present: 1762   in FES: 177
** Event #3686400   t=128.530707238445   Elapsed: 351.679s (5m 51s)  25% completed  (12% total)
     Speed:     ev/sec=16629   simsec/sec=0.473285   ev/simsec=35135.2
     Messages:  created: 3142560   present: 1811   in FES: 186
** Event #3722496   t=129.537562563354   Elapsed: 353.692s (5m 53s)  25% completed  (12% total)
     Speed:     ev/sec=17937.4   simsec/sec=0.500344   ev/simsec=35850.2
     Messages:  created: 3180140   present: 1704   in FES: 157
** Event #3756800   t=130.526717232894   Elapsed: 355.724s (5m 55s)  26% completed  (13% total)
     Speed:     ev/sec=16878.3   simsec/sec=0.486686   ev/simsec=34680.1
     Messages:  created: 3215723   present: 1852   in FES: 205
** Event #3788288   t=131.295680224795   Elapsed: 357.729s (5m 57s)  26% completed  (13% total)
     Speed:     ev/sec=15708.3   simsec/sec=0.383609   ev/simsec=40948.7
     Messages:  created: 3247556   present: 1838   in FES: 238
** Event #3813888   t=132.04550045509   Elapsed: 359.731s (5m 59s)  26% completed  (13% total)
     Speed:     ev/sec=12786.5   simsec/sec=0.374516   ev/simsec=34141.5
     Messages:  created: 3274160   present: 1846   in FES: 234
** Event #3839744   t=132.644533974745   Elapsed: 361.737s (6m 01s)  26% completed  (13% total)
     Speed:     ev/sec=12888.8   simsec/sec=0.298609   ev/simsec=43162.9
     Messages:  created: 3300154   present: 1681   in FES: 155
** Event #3874048   t=133.585079737187   Elapsed: 363.742s (6m 03s)  26% completed  (13% total)
     Speed:     ev/sec=17106.9   simsec/sec=0.469035   ev/simsec=36472.4
     Messages:  created: 3335756   present: 1804   in FES: 206
** Event #3908608   t=134.575299712746   Elapsed: 365.783s (6m 05s)  26% completed  (13% total)
     Speed:     ev/sec=16936.4   simsec/sec=0.485265   ev/simsec=34901.3
     Messages:  created: 3371254   present: 1790   in FES: 206
** Event #3943168   t=135.569514547639   Elapsed: 367.793s (6m 07s)  27% completed  (13% total)
     Speed:     ev/sec=17190.2   simsec/sec=0.494524   ev/simsec=34761.1
     Messages:  created: 3406800   present: 1829   in FES: 202
** Event #3974400   t=136.531524312645   Elapsed: 369.821s (6m 09s)  27% completed  (13% total)
     Speed:     ev/sec=15400.3   simsec/sec=0.474362   ev/simsec=32465.4
     Messages:  created: 3437837   present: 1770   in FES: 181
** Event #4013312   t=137.503689500124   Elapsed: 371.832s (6m 11s)  27% completed  (13% total)
     Speed:     ev/sec=19356.3   simsec/sec=0.483592   ev/simsec=40026.1
     Messages:  created: 3480025   present: 1767   in FES: 184
** Event #4048640   t=137.963830329392   Elapsed: 373.836s (6m 13s)  27% completed  (13% total)
     Speed:     ev/sec=17627.3   simsec/sec=0.229592   ev/simsec=76776.5
     Messages:  created: 3524223   present: 1831   in FES: 206
** Event #4082944   t=139.003573734662   Elapsed: 375.842s (6m 15s)  27% completed  (13% total)
     Speed:     ev/sec=17096.9   simsec/sec=0.518202   ev/simsec=32992.8
     Messages:  created: 3559589   present: 1684   in FES: 157
** Event #4111360   t=139.588722256825   Elapsed: 377.843s (6m 17s)  27% completed  (13% total)
     Speed:     ev/sec=14203.5   simsec/sec=0.292481   ev/simsec=48562
     Messages:  created: 3586837   present: 1785   in FES: 188
** Event #4142848   t=140.56889563434   Elapsed: 379.863s (6m 19s)  28% completed  (14% total)
     Speed:     ev/sec=15585.6   simsec/sec=0.485155   ev/simsec=32124.9
     Messages:  created: 3617198   present: 1784   in FES: 187
** Event #4191744   t=141.545420979933   Elapsed: 381.866s (6m 21s)  28% completed  (14% total)
     Speed:     ev/sec=24406.7   simsec/sec=0.487438   ev/simsec=50071.4
     Messages:  created: 3674658   present: 1890   in FES: 241
** Event #4223232   t=142.51867490092   Elapsed: 383.868s (6m 23s)  28% completed  (14% total)
     Speed:     ev/sec=15734.2   simsec/sec=0.486324   ev/simsec=32353.3
     Messages:  created: 3705736   present: 1813   in FES: 206
** Event #4247808   t=143.063411337537   Elapsed: 385.874s (6m 25s)  28% completed  (14% total)
     Speed:     ev/sec=12251.5   simsec/sec=0.271558   ev/simsec=45115.4
     Messages:  created: 3729575   present: 1720   in FES: 163
** Event #4268544   t=143.590621143505   Elapsed: 387.896s (6m 27s)  28% completed  (14% total)
     Speed:     ev/sec=10254.4   simsec/sec=0.260715   ev/simsec=39331.6
     Messages:  created: 3749203   present: 1694   in FES: 157
** Event #4300288   t=144.565032477306   Elapsed: 389.917s (6m 29s)  28% completed  (14% total)
     Speed:     ev/sec=15705.5   simsec/sec=0.482095   ev/simsec=32577.6
     Messages:  created: 3780452   present: 1819   in FES: 198
** Event #4332032   t=145.540670175641   Elapsed: 391.93s (6m 31s)  29% completed  (14% total)
     Speed:     ev/sec=15768.2   simsec/sec=0.484628   ev/simsec=32536.7
     Messages:  created: 3811612   present: 1775   in FES: 186
** Event #4363520   t=146.526667735794   Elapsed: 393.974s (6m 33s)  29% completed  (14% total)
     Speed:     ev/sec=15410.2   simsec/sec=0.482548   ev/simsec=31935.2
     Messages:  created: 3842824   present: 1826   in FES: 206
** Event #4390656   t=147.091780881559   Elapsed: 395.978s (6m 35s)  29% completed  (14% total)
     Speed:     ev/sec=13535   simsec/sec=0.28187   ev/simsec=48018.7
     Messages:  created: 3868261   present: 1813   in FES: 198
** Event #4407296   t=147.594727203228   Elapsed: 397.988s (6m 37s)  29% completed  (14% total)
     Speed:     ev/sec=8278.34   simsec/sec=0.250214   ev/simsec=33085
     Messages:  created: 3884576   present: 1811   in FES: 206
** Event #4439040   t=148.576047790577   Elapsed: 400.021s (6m 40s)  29% completed  (14% total)
     Speed:     ev/sec=15615.8   simsec/sec=0.482741   ev/simsec=32348.2
     Messages:  created: 3915748   present: 1837   in FES: 204
** Event #4471040   t=149.527746286653   Elapsed: 402.061s (6m 42s)  29% completed  (14% total)
     Speed:     ev/sec=15690.4   simsec/sec=0.466642   ev/simsec=33624.1
     Messages:  created: 3948291   present: 1828   in FES: 189
** Event #4504832   t=150.531520607626   Elapsed: 404.086s (6m 44s)  30% completed  (15% total)
     Speed:     ev/sec=16682.7   simsec/sec=0.495552   ev/simsec=33664.9
     Messages:  created: 3982633   present: 1770   in FES: 179
** Event #4531456   t=151.088590525928   Elapsed: 406.088s (6m 46s)  30% completed  (15% total)
     Speed:     ev/sec=13298.1   simsec/sec=0.278244   ev/simsec=47792.9
     Messages:  created: 4007933   present: 1798   in FES: 191
** Event #4549376   t=151.590631943229   Elapsed: 408.101s (6m 48s)  30% completed  (15% total)
     Speed:     ev/sec=8905.3   simsec/sec=0.249488   ev/simsec=35694.3
     Messages:  created: 4025244   present: 1840   in FES: 206
** Event #4582144   t=152.551374781099   Elapsed: 410.123s (6m 50s)  30% completed  (15% total)
     Speed:     ev/sec=16206   simsec/sec=0.475151   ev/simsec=34106.9
     Messages:  created: 4058435   present: 1826   in FES: 201
** Event #4614656   t=153.520864522292   Elapsed: 412.125s (6m 52s)  30% completed  (15% total)
     Speed:     ev/sec=16241.1   simsec/sec=0.484301   ev/simsec=33535.2
     Messages:  created: 4090358   present: 1773   in FES: 176
** Event #4641024   t=154.079434256953   Elapsed: 414.13s (6m 54s)  30% completed  (15% total)
     Speed:     ev/sec=13145.2   simsec/sec=0.278464   ev/simsec=47206.3
     Messages:  created: 4115700   present: 1799   in FES: 192
** Event #4660992   t=154.604109997172   Elapsed: 416.15s (6m 56s)  30% completed  (15% total)
     Speed:     ev/sec=9884.73   simsec/sec=0.259729   ev/simsec=38057.8
     Messages:  created: 4135390   present: 1751   in FES: 178
** Event #4693504   t=155.563392014565   Elapsed: 418.169s (6m 58s)  31% completed  (15% total)
     Speed:     ev/sec=16103.6   simsec/sec=0.475145   ev/simsec=33892
     Messages:  created: 4168020   present: 1801   in FES: 190
** Event #4726528   t=156.538648805475   Elapsed: 420.187s (7m 00s)  31% completed  (15% total)
     Speed:     ev/sec=16364   simsec/sec=0.483258   ev/simsec=33861.9
     Messages:  created: 4201377   present: 1759   in FES: 178
** Event #4757248   t=157.511007819714   Elapsed: 422.206s (7m 02s)  31% completed  (15% total)
     Speed:     ev/sec=15222.8   simsec/sec=0.481835   ev/simsec=31593.3
     Messages:  created: 4231650   present: 1805   in FES: 206
** Event #4771072   t=157.600184621811   Elapsed: 424.237s (7m 04s)  31% completed  (15% total)
     Speed:     ev/sec=6805.66   simsec/sec=0.0439024   ev/simsec=155018
     Messages:  created: 4243822   present: 1744   in FES: 175
** Event #4804096   t=158.576025069289   Elapsed: 426.264s (7m 06s)  31% completed  (15% total)
     Speed:     ev/sec=16292   simsec/sec=0.481418   ev/simsec=33841.6
     Messages:  created: 4276778   present: 1758   in FES: 179
** Event #4837120   t=159.559731982924   Elapsed: 428.298s (7m 08s)  31% completed  (15% total)
     Speed:     ev/sec=16235.2   simsec/sec=0.483607   ev/simsec=33571
     Messages:  created: 4309322   present: 1803   in FES: 194
** Event #4869120   t=160.538691266044   Elapsed: 430.298s (7m 10s)  32% completed  (16% total)
     Speed:     ev/sec=15998.1   simsec/sec=0.489422   ev/simsec=32687.8
     Messages:  created: 4340532   present: 1757   in FES: 178
** Event #4900864   t=161.518959333873   Elapsed: 432.301s (7m 12s)  32% completed  (16% total)
     Speed:     ev/sec=15848.3   simsec/sec=0.489403   ev/simsec=32383
     Messages:  created: 4371833   present: 1850   in FES: 217
** Event #4913664   t=161.598448182086   Elapsed: 434.304s (7m 14s)  32% completed  (16% total)
     Speed:     ev/sec=6392.2   simsec/sec=0.039696   ev/simsec=161029
     Messages:  created: 4383081   present: 1830   in FES: 203
** Event #4964096   t=162.557666976614   Elapsed: 436.34s (7m 16s)  32% completed  (16% total)
     Speed:     ev/sec=24770.4   simsec/sec=0.471133   ev/simsec=52576.1
     Messages:  created: 4441968   present: 1831   in FES: 202
** Event #4997120   t=163.513157077017   Elapsed: 438.357s (7m 18s)  32% completed  (16% total)
     Speed:     ev/sec=16368.3   simsec/sec=0.473586   ev/simsec=34562.4
     Messages:  created: 4475029   present: 1831   in FES: 204
** Event #5022464   t=164.061353643919   Elapsed: 440.358s (7m 20s)  32% completed  (16% total)
     Speed:     ev/sec=12668   simsec/sec=0.274012   ev/simsec=46231.6
     Messages:  created: 4501180   present: 1827   in FES: 200
** Event #5044224   t=164.583792881888   Elapsed: 442.388s (7m 22s)  32% completed  (16% total)
     Speed:     ev/sec=10719.1   simsec/sec=0.257355   ev/simsec=41650.8
     Messages:  created: 4522033   present: 1786   in FES: 189
** Event #5076992   t=165.565899875581   Elapsed: 444.39s (7m 24s)  33% completed  (16% total)
     Speed:     ev/sec=16363.5   simsec/sec=0.490438   ev/simsec=33365
     Messages:  created: 4555317   present: 1763   in FES: 180
** Event #5116416   t=166.51463425725   Elapsed: 446.423s (7m 26s)  33% completed  (16% total)
     Speed:     ev/sec=19395.1   simsec/sec=0.466741   ev/simsec=41554.3
     Messages:  created: 4598516   present: 1818   in FES: 201
** Event #5138944   t=166.590730575101   Elapsed: 448.467s (7m 28s)  33% completed  (16% total)
     Speed:     ev/sec=11018.7   simsec/sec=0.0372196   ev/simsec=296046
     Messages:  created: 4624084   present: 1785   in FES: 186
** Event #5170432   t=167.5290982739   Elapsed: 450.475s (7m 30s)  33% completed  (16% total)
     Speed:     ev/sec=15684.5   simsec/sec=0.467411   ev/simsec=33556.1
     Messages:  created: 4655504   present: 1804   in FES: 187
** Event #5202432   t=168.522161468779   Elapsed: 452.479s (7m 32s)  33% completed  (16% total)
     Speed:     ev/sec=15970.9   simsec/sec=0.49563   ev/simsec=32223.5
     Messages:  created: 4686679   present: 1815   in FES: 194
** Event #5214720   t=168.612172248714   Elapsed: 454.523s (7m 34s)  33% completed  (16% total)
     Speed:     ev/sec=6009.72   simsec/sec=0.0440218   ev/simsec=136517
     Messages:  created: 4697245   present: 1778   in FES: 187
** Event #5246720   t=169.574432005247   Elapsed: 456.57s (7m 36s)  33% completed  (16% total)
     Speed:     ev/sec=15634.6   simsec/sec=0.470142   ev/simsec=33255.1
     Messages:  created: 4728550   present: 1722   in FES: 167
** Event #5277184   t=170.541626410406   Elapsed: 458.596s (7m 38s)  34% completed  (17% total)
     Speed:     ev/sec=15039.7   simsec/sec=0.477492   ev/simsec=31497.3
     Messages:  created: 4757702   present: 1822   in FES: 201
** Event #5307904   t=171.518297657603   Elapsed: 460.621s (7m 40s)  34% completed  (17% total)
     Speed:     ev/sec=15169.6   simsec/sec=0.482283   ev/simsec=31453.8
     Messages:  created: 4787160   present: 1688   in FES: 157
** Event #5332480   t=172.061740099402   Elapsed: 462.622s (7m 42s)  34% completed  (17% total)
     Speed:     ev/sec=12278.2   simsec/sec=0.271505   ev/simsec=45222.8
     Messages:  created: 4811627   present: 1794   in FES: 189
** Event #5356288   t=172.798128754599   Elapsed: 464.624s (7m 44s)  34% completed  (17% total)
     Speed:     ev/sec=11894.1   simsec/sec=0.367888   ev/simsec=32330.8
     Messages:  created: 4835907   present: 1756   in FES: 196
** Event #5404416   t=173.555031231355   Elapsed: 466.669s (7m 46s)  34% completed  (17% total)
     Speed:     ev/sec=23539.4   simsec/sec=0.370201   ev/simsec=63585.5
     Messages:  created: 4891563   present: 1799   in FES: 206
** Event #5435392   t=174.513910519039   Elapsed: 468.726s (7m 48s)  34% completed  (17% total)
     Speed:     ev/sec=15056.1   simsec/sec=0.466069   ev/simsec=32304.4
     Messages:  created: 4921508   present: 1727   in FES: 170
** Event #5463040   t=175.079434176278   Elapsed: 470.733s (7m 50s)  35% completed  (17% total)
     Speed:     ev/sec=13777.7   simsec/sec=0.281815   ev/simsec=48889.2
     Messages:  created: 4948726   present: 1790   in FES: 189
** Event #5481216   t=175.5782153959   Elapsed: 472.766s (7m 52s)  35% completed  (17% total)
     Speed:     ev/sec=8937.81   simsec/sec=0.245269   ev/simsec=36440.8
     Messages:  created: 4966321   present: 1835   in FES: 206
** Event #5511680   t=176.537881734363   Elapsed: 474.802s (7m 54s)  35% completed  (17% total)
     Speed:     ev/sec=14968.1   simsec/sec=0.47152   ev/simsec=31744.4
     Messages:  created: 4995037   present: 1842   in FES: 206
** Event #5538304   t=177.093591653662   Elapsed: 476.809s (7m 56s)  35% completed  (17% total)
     Speed:     ev/sec=13265.6   simsec/sec=0.276887   ev/simsec=47909.9
     Messages:  created: 5019433   present: 1828   in FES: 206
** Event #5571328   t=177.568855899517   Elapsed: 478.833s (7m 58s)  35% completed  (17% total)
     Speed:     ev/sec=16314.3   simsec/sec=0.234787   ev/simsec=69485.6
     Messages:  created: 5060545   present: 1771   in FES: 182
** Event #5609984   t=178.51853207818   Elapsed: 480.849s (8m 00s)  35% completed  (17% total)
     Speed:     ev/sec=19171.8   simsec/sec=0.471001   ev/simsec=40704.4
     Messages:  created: 5101572   present: 1799   in FES: 250
** Event #5622272   t=178.596406141482   Elapsed: 482.85s (8m 02s)  35% completed  (17% total)
     Speed:     ev/sec=6140.09   simsec/sec=0.0389123   ev/simsec=157793
     Messages:  created: 5112706   present: 1810   in FES: 206
** Event #5656064   t=179.570728014018   Elapsed: 484.888s (8m 04s)  35% completed  (17% total)
     Speed:     ev/sec=16587.6   simsec/sec=0.478268   ev/simsec=34682.6
     Messages:  created: 5146087   present: 1822   in FES: 199
** Event #5686016   t=180.519811656047   Elapsed: 486.889s (8m 06s)  36% completed  (18% total)
     Speed:     ev/sec=14968.1   simsec/sec=0.474291   ev/simsec=31558.9
     Messages:  created: 5174655   present: 1822   in FES: 206
** Event #5698560   t=180.601376310823   Elapsed: 488.918s (8m 08s)  36% completed  (18% total)
     Speed:     ev/sec=6181.48   simsec/sec=0.0401938   ev/simsec=153792
     Messages:  created: 5185277   present: 1781   in FES: 186
** Event #5729280   t=181.571662342008   Elapsed: 490.92s (8m 10s)  36% completed  (18% total)
     Speed:     ev/sec=15340.4   simsec/sec=0.484524   ev/simsec=31660.8
     Messages:  created: 5215137   present: 1833   in FES: 202
** Event #5758720   t=182.518297657603   Elapsed: 492.935s (8m 12s)  36% completed  (18% total)
     Speed:     ev/sec=14610.3   simsec/sec=0.469791   ev/simsec=31099.6
     Messages:  created: 5242466   present: 1684   in FES: 157
** Event #5771520   t=182.59365947853   Elapsed: 494.936s (8m 14s)  36% completed  (18% total)
     Speed:     ev/sec=6398.06   simsec/sec=0.0376695   ev/simsec=169847
     Messages:  created: 5254302   present: 1944   in FES: 240
** Event #5803264   t=183.534676329386   Elapsed: 496.961s (8m 16s)  36% completed  (18% total)
     Speed:     ev/sec=15676.1   simsec/sec=0.464702   ev/simsec=33733.7
     Messages:  created: 5285262   present: 1757   in FES: 168
** Event #5835264   t=184.522696926303   Elapsed: 498.97s (8m 18s)  36% completed  (18% total)
     Speed:     ev/sec=15931.9   simsec/sec=0.491908   ev/simsec=32388
     Messages:  created: 5316592   present: 1812   in FES: 190
** Event #5846272   t=184.598748992345   Elapsed: 500.982s (8m 20s)  36% completed  (18% total)
     Speed:     ev/sec=5469.9   simsec/sec=0.0377904   ev/simsec=144743
     Messages:  created: 5326232   present: 1809   in FES: 196
** Event #5877248   t=185.535369067428   Elapsed: 502.986s (8m 22s)  37% completed  (18% total)
     Speed:     ev/sec=15455.7   simsec/sec=0.467334   ev/simsec=33072.1
     Messages:  created: 5356070   present: 1822   in FES: 195
** Event #5908736   t=186.512728282408   Elapsed: 505.002s (8m 25s)  37% completed  (18% total)
     Speed:     ev/sec=15618.8   simsec/sec=0.484794   ev/simsec=32217.4
     Messages:  created: 5386733   present: 1816   in FES: 201
** Event #5922560   t=186.583970865942   Elapsed: 507.027s (8m 27s)  37% completed  (18% total)
     Speed:     ev/sec=6826.99   simsec/sec=0.0351832   ev/simsec=194041
     Messages:  created: 5400002   present: 1800   in FES: 191
** Event #5955328   t=187.5343252828   Elapsed: 509.054s (8m 29s)  37% completed  (18% total)
     Speed:     ev/sec=16170   simsec/sec=0.46897   ev/simsec=34479.8
     Messages:  created: 5432518   present: 1769   in FES: 180
** Event #5981696   t=188.081842562791   Elapsed: 511.058s (8m 31s)  37% completed  (18% total)
     Speed:     ev/sec=13153.4   simsec/sec=0.273124   ev/simsec=48159.2
     Messages:  created: 5456950   present: 1719   in FES: 164
** Event #5999872   t=188.566725059547   Elapsed: 513.063s (8m 33s)  37% completed  (18% total)
     Speed:     ev/sec=9066.56   simsec/sec=0.241869   ev/simsec=37485.4
     Messages:  created: 5475130   present: 1740   in FES: 173
** Event #6031104   t=189.529448679113   Elapsed: 515.103s (8m 35s)  37% completed  (18% total)
     Speed:     ev/sec=15309   simsec/sec=0.471897   ev/simsec=32441.3
     Messages:  created: 5505442   present: 1719   in FES: 156
** Event #6057728   t=190.08571208062   Elapsed: 517.109s (8m 37s)  38% completed  (19% total)
     Speed:     ev/sec=13273.5   simsec/sec=0.277327   ev/simsec=47862.2
     Messages:  created: 5530548   present: 1805   in FES: 206
** Event #6075136   t=190.567893127097   Elapsed: 519.152s (8m 39s)  38% completed  (19% total)
     Speed:     ev/sec=8519.65   simsec/sec=0.235984   ev/simsec=36102.6
     Messages:  created: 5547286   present: 1811   in FES: 194
** Event #6107392   t=191.527691117943   Elapsed: 521.191s (8m 41s)  38% completed  (19% total)
     Speed:     ev/sec=15820.5   simsec/sec=0.470749   ev/simsec=33607.1
     Messages:  created: 5578867   present: 1750   in FES: 169
** Event #6118912   t=191.607336588495   Elapsed: 523.192s (8m 43s)  38% completed  (19% total)
     Speed:     ev/sec=5756.12   simsec/sec=0.0397959   ev/simsec=144641
     Messages:  created: 5588783   present: 1780   in FES: 187
** Event #6151936   t=192.545139722783   Elapsed: 525.224s (8m 45s)  38% completed  (19% total)
     Speed:     ev/sec=16251.9   simsec/sec=0.461516   ev/simsec=35214.2
     Messages:  created: 5621695   present: 1800   in FES: 207
** Event #6181888   t=193.514890269644   Elapsed: 527.235s (8m 47s)  38% completed  (19% total)
     Speed:     ev/sec=14895.7   simsec/sec=0.482277   ev/simsec=30886.3
     Messages:  created: 5650012   present: 1764   in FES: 181
** Event #6194944   t=193.606033746869   Elapsed: 529.272s (8m 49s)  38% completed  (19% total)
     Speed:     ev/sec=6408.98   simsec/sec=0.0447409   ev/simsec=143247
     Messages:  created: 5662298   present: 1817   in FES: 200
** Event #6226432   t=194.563775970848   Elapsed: 531.279s (8m 51s)  38% completed  (19% total)
     Speed:     ev/sec=15693.9   simsec/sec=0.477346   ev/simsec=32877.3
     Messages:  created: 5692825   present: 1827   in FES: 206
** Event #6258176   t=195.527562563354   Elapsed: 533.284s (8m 53s)  39% completed  (19% total)
     Speed:     ev/sec=15830.3   simsec/sec=0.480627   ev/simsec=32936.8
     Messages:  created: 5722920   present: 1710   in FES: 157
** Event #6281728   t=196.029124553069   Elapsed: 535.287s (8m 55s)  39% completed  (19% total)
     Speed:     ev/sec=11756.1   simsec/sec=0.250358   ev/simsec=46957.3
     Messages:  created: 5747448   present: 1827   in FES: 178
** Event #6320384   t=196.561161610523   Elapsed: 537.3s (8m 57s)  39% completed  (19% total)
     Speed:     ev/sec=19203.8   simsec/sec=0.264309   ev/simsec=72656.6
     Messages:  created: 5790352   present: 1826   in FES: 199
** Event #6353408   t=197.522170828916   Elapsed: 539.301s (8m 59s)  39% completed  (19% total)
     Speed:     ev/sec=16503.8   simsec/sec=0.480265   ev/simsec=34363.9
     Messages:  created: 5822674   present: 1845   in FES: 206
** Event #6365440   t=197.603029353614   Elapsed: 541.316s (9m 01s)  39% completed  (19% total)
     Speed:     ev/sec=5971.69   simsec/sec=0.0401315   ev/simsec=148803
     Messages:  created: 5832841   present: 1832   in FES: 205
** Event #6398720   t=198.541484084639   Elapsed: 543.347s (9m 03s)  39% completed  (19% total)
     Speed:     ev/sec=16384.8   simsec/sec=0.462031   ev/simsec=35462.6
     Messages:  created: 5865201   present: 1796   in FES: 185
** Event #6432256   t=199.54075035966   Elapsed: 545.376s (9m 05s)  39% completed  (19% total)
     Speed:     ev/sec=16531.5   simsec/sec=0.492585   ev/simsec=33560.6
     Messages:  created: 5897675   present: 1814   in FES: 195
** Event #6464768   t=200.524500190494   Elapsed: 547.379s (9m 07s)  40% completed  (20% total)
     Speed:     ev/sec=16227.5   simsec/sec=0.491012   ev/simsec=33049.1
     Messages:  created: 5928912   present: 1791   in FES: 184
** Event #6493184   t=201.097027043466   Elapsed: 549.38s (9m 09s)  40% completed  (20% total)
     Speed:     ev/sec=14205.8   simsec/sec=0.286219   ev/simsec=49632.6
     Messages:  created: 5955327   present: 1840   in FES: 206
** Event #6510592   t=201.595872450563   Elapsed: 551.416s (9m 11s)  40% completed  (20% total)
     Speed:     ev/sec=8550.37   simsec/sec=0.24502   ev/simsec=34896.6
     Messages:  created: 5971656   present: 1741   in FES: 170
** Event #6546176   t=202.586241538557   Elapsed: 553.451s (9m 13s)  40% completed  (20% total)
     Speed:     ev/sec=17481.1   simsec/sec=0.486532   ev/simsec=35930
     Messages:  created: 6007292   present: 1783   in FES: 186
** Event #6579200   t=203.564716464918   Elapsed: 555.463s (9m 15s)  40% completed  (20% total)
     Speed:     ev/sec=16417.2   simsec/sec=0.48643   ev/simsec=33750.5
     Messages:  created: 6039445   present: 1796   in FES: 191
** Event #6612480   t=204.560628383538   Elapsed: 557.503s (9m 17s)  40% completed  (20% total)
     Speed:     ev/sec=16314.8   simsec/sec=0.488224   ev/simsec=33416.6
     Messages:  created: 6071534   present: 1736   in FES: 171
** Event #6645504   t=205.546679217048   Elapsed: 559.524s (9m 19s)  41% completed  (20% total)
     Speed:     ev/sec=16339.2   simsec/sec=0.487865   ev/simsec=33491.2
     Messages:  created: 6103212   present: 1783   in FES: 184
** Event #6691328   t=206.296060787438   Elapsed: 561.527s (9m 21s)  41% completed  (20% total)
     Speed:     ev/sec=22875.8   simsec/sec=0.374099   ev/simsec=61149.1
     Messages:  created: 6154938   present: 1854   in FES: 232
** Event #6711552   t=207.013535019362   Elapsed: 563.531s (9m 23s)  41% completed  (20% total)
     Speed:     ev/sec=10092.3   simsec/sec=0.35804   ev/simsec=28187.8
     Messages:  created: 6174154   present: 1765   in FES: 180
** Event #6740736   t=207.595372288381   Elapsed: 565.553s (9m 25s)  41% completed  (20% total)
     Speed:     ev/sec=14429.3   simsec/sec=0.287675   ev/simsec=50158.4
     Messages:  created: 6201806   present: 1965   in FES: 245
** Event #6774016   t=208.585574702583   Elapsed: 567.575s (9m 27s)  41% completed  (20% total)
     Speed:     ev/sec=16463.1   simsec/sec=0.489837   ev/simsec=33609.3
     Messages:  created: 6233823   present: 1836   in FES: 206
** Event #6807040   t=209.566779509996   Elapsed: 569.596s (9m 29s)  41% completed  (20% total)
     Speed:     ev/sec=16337.5   simsec/sec=0.485418   ev/simsec=33656.6
     Messages:  created: 6265569   present: 1752   in FES: 173
** Event #6840320   t=210.563189177541   Elapsed: 571.632s (9m 31s)  42% completed  (21% total)
     Speed:     ev/sec=16349.6   simsec/sec=0.48951   ev/simsec=33399.9
     Messages:  created: 6297638   present: 1787   in FES: 188
** Event #6873344   t=211.545151166513   Elapsed: 573.632s (9m 33s)  42% completed  (21% total)
     Speed:     ev/sec=16510.6   simsec/sec=0.49094   ev/simsec=33630.6
     Messages:  created: 6329260   present: 1816   in FES: 231
** Event #6907648   t=212.544918202601   Elapsed: 575.634s (9m 35s)  42% completed  (21% total)
     Speed:     ev/sec=17132.9   simsec/sec=0.499327   ev/simsec=34312
     Messages:  created: 6362783   present: 1817   in FES: 206
** Event #6941696   t=213.529908540809   Elapsed: 577.637s (9m 37s)  42% completed  (21% total)
     Speed:     ev/sec=17002.8   simsec/sec=0.491882   ev/simsec=34566.8
     Messages:  created: 6395787   present: 1756   in FES: 169
** Event #6973952   t=214.533499698649   Elapsed: 579.64s (9m 39s)  42% completed  (21% total)
     Speed:     ev/sec=16105   simsec/sec=0.501081   ev/simsec=32140.6
     Messages:  created: 6426732   present: 1844   in FES: 203
** Event #7006720   t=215.537726544636   Elapsed: 581.664s (9m 41s)  43% completed  (21% total)
     Speed:     ev/sec=16182.7   simsec/sec=0.495943   ev/simsec=32630.1
     Messages:  created: 6457981   present: 1823   in FES: 200
** Event #7042048   t=216.546820790956   Elapsed: 583.684s (9m 43s)  43% completed  (21% total)
     Speed:     ev/sec=17496.2   simsec/sec=0.499754   ev/simsec=35009.6
     Messages:  created: 6492375   present: 1758   in FES: 177
** Event #7077120   t=217.528668643203   Elapsed: 585.693s (9m 45s)  43% completed  (21% total)
     Speed:     ev/sec=17452   simsec/sec=0.488573   ev/simsec=35720.4
     Messages:  created: 6526239   present: 1765   in FES: 172
** Event #7111936   t=218.555623635226   Elapsed: 587.701s (9m 47s)  43% completed  (21% total)
     Speed:     ev/sec=17338.4   simsec/sec=0.511424   ev/simsec=33902.2
     Messages:  created: 6559971   present: 1784   in FES: 189
** Event #7146240   t=219.570440514059   Elapsed: 589.709s (9m 49s)  43% completed  (21% total)
     Speed:     ev/sec=17090.3   simsec/sec=0.505584   ev/simsec=33803.1
     Messages:  created: 6592978   present: 1782   in FES: 185
** Event #7180800   t=220.580933461615   Elapsed: 591.733s (9m 51s)  44% completed  (22% total)
     Speed:     ev/sec=17069.2   simsec/sec=0.499083   ev/simsec=34201.1
     Messages:  created: 6626277   present: 1707   in FES: 158
** Event #7217152   t=221.582284862478   Elapsed: 593.763s (9m 53s)  44% completed  (22% total)
     Speed:     ev/sec=17906.7   simsec/sec=0.493257   ev/simsec=36302.9
     Messages:  created: 6662154   present: 1820   in FES: 199
** Event #7253248   t=222.808202636837   Elapsed: 595.764s (9m 55s)  44% completed  (22% total)
     Speed:     ev/sec=18039.4   simsec/sec=0.612668   ev/simsec=29444.1
     Messages:  created: 6697449   present: 1773   in FES: 186
** Event #7284992   t=223.720661304997   Elapsed: 597.767s (9m 57s)  44% completed  (22% total)
     Speed:     ev/sec=15850.7   simsec/sec=0.455617   ev/simsec=34789.5
     Messages:  created: 6726786   present: 1685   in FES: 156
** Event #7319040   t=224.596591205498   Elapsed: 599.779s (9m 59s)  44% completed  (22% total)
     Speed:     ev/sec=16921.5   simsec/sec=0.435329   ev/simsec=38870.7
     Messages:  created: 6759210   present: 1692   in FES: 157
** Event #7353600   t=225.59121586566   Elapsed: 601.786s (10m 01s)  45% completed  (22% total)
     Speed:     ev/sec=17223.5   simsec/sec=0.495685   ev/simsec=34746.8
     Messages:  created: 6792543   present: 1803   in FES: 192
** Event #7388672   t=226.607792901604   Elapsed: 603.816s (10m 03s)  45% completed  (22% total)
     Speed:     ev/sec=17277.3   simsec/sec=0.500791   ev/simsec=34500.1
     Messages:  created: 6826364   present: 1778   in FES: 187
** Event #7424512   t=227.713334114648   Elapsed: 605.83s (10m 05s)  45% completed  (22% total)
     Speed:     ev/sec=17790   simsec/sec=0.548761   ev/simsec=32418.5
     Messages:  created: 6861449   present: 1800   in FES: 207
** Event #7469312   t=229.05880230204   Elapsed: 607.834s (10m 07s)  45% completed  (22% total)
     Speed:     ev/sec=22351.7   simsec/sec=0.671284   ev/simsec=33297
     Messages:  created: 6906026   present: 1794   in FES: 207
** Event #7513344   t=230.510551340116   Elapsed: 609.843s (10m 09s)  46% completed  (23% total)
     Speed:     ev/sec=21920.2   simsec/sec=0.722715   ev/simsec=30330.3
     Messages:  created: 6948947   present: 1781   in FES: 188
** Event #7549952   t=231.526561497413   Elapsed: 611.861s (10m 11s)  46% completed  (23% total)
     Speed:     ev/sec=18146.7   simsec/sec=0.503639   ev/simsec=36031.1
     Messages:  created: 6984635   present: 1830   in FES: 206
** Event #7584000   t=232.526560895949   Elapsed: 613.867s (10m 13s)  46% completed  (23% total)
     Speed:     ev/sec=16968.1   simsec/sec=0.498358   ev/simsec=34048
     Messages:  created: 7017397   present: 1816   in FES: 207
** Event #7619840   t=233.529568495034   Elapsed: 615.877s (10m 15s)  46% completed  (23% total)
     Speed:     ev/sec=17830.2   simsec/sec=0.498991   ev/simsec=35732.5
     Messages:  created: 7052292   present: 1805   in FES: 190
** Event #7655424   t=234.533198229719   Elapsed: 617.904s (10m 17s)  46% completed  (23% total)
     Speed:     ev/sec=17555.2   simsec/sec=0.495136   ev/simsec=35455.3
     Messages:  created: 7086833   present: 1829   in FES: 202
** Event #7691264   t=235.554379112383   Elapsed: 619.932s (10m 19s)  47% completed  (23% total)
     Speed:     ev/sec=17673.6   simsec/sec=0.503569   ev/simsec=35096.6
     Messages:  created: 7121790   present: 1789   in FES: 188
** Event #7726592   t=236.555541806324   Elapsed: 621.963s (10m 21s)  47% completed  (23% total)
     Speed:     ev/sec=17395.8   simsec/sec=0.492982   ev/simsec=35287
     Messages:  created: 7155890   present: 1707   in FES: 162
** Event #7761152   t=237.555541022104   Elapsed: 623.967s (10m 23s)  47% completed  (23% total)
     Speed:     ev/sec=17245.8   simsec/sec=0.499011   ev/simsec=34560
     Messages:  created: 7189242   present: 1788   in FES: 187
** Event #7797248   t=238.557096719836   Elapsed: 625.999s (10m 25s)  47% completed  (23% total)
     Speed:     ev/sec=17764.2   simsec/sec=0.492903   ev/simsec=36039.9
     Messages:  created: 7224487   present: 1811   in FES: 196
** Event #7831296   t=239.543473123147   Elapsed: 628.01s (10m 28s)  47% completed  (23% total)
     Speed:     ev/sec=16929.1   simsec/sec=0.490439   ev/simsec=34518.3
     Messages:  created: 7257071   present: 1797   in FES: 190
** Event #7866368   t=240.544617810654   Elapsed: 630.03s (10m 30s)  48% completed  (24% total)
     Speed:     ev/sec=17363.9   simsec/sec=0.49566   ev/simsec=35031.9
     Messages:  created: 7290896   present: 1757   in FES: 176
** Event #7901696   t=241.546076070263   Elapsed: 632.033s (10m 32s)  48% completed  (24% total)
     Speed:     ev/sec=17638.9   simsec/sec=0.500018   ev/simsec=35276.6
     Messages:  created: 7325170   present: 1825   in FES: 207
** Event #7937024   t=242.553212875341   Elapsed: 634.064s (10m 34s)  48% completed  (24% total)
     Speed:     ev/sec=17396   simsec/sec=0.495928   ev/simsec=35077.7
     Messages:  created: 7359336   present: 1807   in FES: 206
** Event #7972864   t=243.568093524682   Elapsed: 636.084s (10m 36s)  48% completed  (24% total)
     Speed:     ev/sec=17742   simsec/sec=0.502401   ev/simsec=35314.5
     Messages:  created: 7394375   present: 1743   in FES: 172
** Event #8009216   t=244.572628745936   Elapsed: 638.097s (10m 38s)  48% completed  (24% total)
     Speed:     ev/sec=18055.6   simsec/sec=0.498942   ev/simsec=36187.9
     Messages:  created: 7430513   present: 1798   in FES: 206
** Event #8045312   t=245.572628148936   Elapsed: 640.101s (10m 40s)  49% completed  (24% total)
     Speed:     ev/sec=18014.8   simsec/sec=0.499081   ev/simsec=36096
     Messages:  created: 7465786   present: 1798   in FES: 207
** Event #8081920   t=246.57182763325   Elapsed: 642.108s (10m 42s)  49% completed  (24% total)
     Speed:     ev/sec=18235.9   simsec/sec=0.49774   ev/simsec=36637.3
     Messages:  created: 7501840   present: 1818   in FES: 199
** Event #8118016   t=247.570969235624   Elapsed: 644.141s (10m 44s)  49% completed  (24% total)
     Speed:     ev/sec=17751.9   simsec/sec=0.491374   ev/simsec=36127
     Messages:  created: 7536995   present: 1775   in FES: 184
** Event #8153856   t=248.575237476936   Elapsed: 646.173s (10m 46s)  49% completed  (24% total)
     Speed:     ev/sec=17640.4   simsec/sec=0.494299   ev/simsec=35687.7
     Messages:  created: 7572017   present: 1773   in FES: 184
** Event #8189696   t=249.569964828296   Elapsed: 648.208s (10m 48s)  49% completed  (24% total)
     Speed:     ev/sec=17615.4   simsec/sec=0.48891   ev/simsec=36030
     Messages:  created: 7606898   present: 1836   in FES: 201
** Event #8225792   t=250.568634246623   Elapsed: 650.223s (10m 50s)  50% completed  (25% total)
     Speed:     ev/sec=17909.3   simsec/sec=0.495497   ev/simsec=36144.1
     Messages:  created: 7642293   present: 1821   in FES: 206
** Event #8261376   t=251.558616520519   Elapsed: 652.251s (10m 52s)  50% completed  (25% total)
     Speed:     ev/sec=17547.5   simsec/sec=0.48819   ev/simsec=35944.1
     Messages:  created: 7676726   present: 1730   in FES: 169
** Event #8298496   t=252.565839899713   Elapsed: 654.288s (10m 54s)  50% completed  (25% total)
     Speed:     ev/sec=18224.6   simsec/sec=0.494512   ev/simsec=36853.8
     Messages:  created: 7713485   present: 1759   in FES: 176
** Event #8333056   t=253.543532902049   Elapsed: 656.294s (10m 56s)  50% completed  (25% total)
     Speed:     ev/sec=17223   simsec/sec=0.487235   ev/simsec=35348.5
     Messages:  created: 7746857   present: 1783   in FES: 188
** Event #8369408   t=254.531950570737   Elapsed: 658.324s (10m 58s)  50% completed  (25% total)
     Speed:     ev/sec=17910.8   simsec/sec=0.486998   ev/simsec=36778
     Messages:  created: 7782436   present: 1717   in FES: 160
** Event #8405504   t=255.525483299706   Elapsed: 660.373s (11m 00s)  51% completed  (25% total)
     Speed:     ev/sec=17619.8   simsec/sec=0.484981   ev/simsec=36331
     Messages:  created: 7817619   present: 1760   in FES: 169
** Event #8439552   t=256.515536665884   Elapsed: 662.396s (11m 02s)  51% completed  (25% total)
     Speed:     ev/sec=16829.2   simsec/sec=0.489363   ev/simsec=34390.1
     Messages:  created: 7850033   present: 1798   in FES: 206
** Event #8475648   t=257.509784327532   Elapsed: 664.406s (11m 04s)  51% completed  (25% total)
     Speed:     ev/sec=17954.9   simsec/sec=0.494558   ev/simsec=36304.8
     Messages:  created: 7885369   present: 1776   in FES: 187
** Event #8498432   t=258.024202294179   Elapsed: 666.407s (11m 06s)  51% completed  (25% total)
     Speed:     ev/sec=11386.3   simsec/sec=0.257081   ev/simsec=44290.8
     Messages:  created: 7907743   present: 1851   in FES: 204
** Event #8527616   t=258.595062507056   Elapsed: 668.438s (11m 08s)  51% completed  (25% total)
     Speed:     ev/sec=14370.8   simsec/sec=0.281104   ev/simsec=51122.8
     Messages:  created: 7935082   present: 1743   in FES: 174
** Event #8563712   t=259.586551958597   Elapsed: 670.469s (11m 10s)  51% completed  (25% total)
     Speed:     ev/sec=17769.7   simsec/sec=0.4881   ev/simsec=36405.8
     Messages:  created: 7970535   present: 1822   in FES: 199
** Event #8598784   t=260.570045275603   Elapsed: 672.475s (11m 12s)  52% completed  (26% total)
     Speed:     ev/sec=17488.1   simsec/sec=0.490403   ev/simsec=35660.6
     Messages:  created: 8004590   present: 1759   in FES: 177
** Event #8633856   t=261.551004783948   Elapsed: 674.481s (11m 14s)  52% completed  (26% total)
     Speed:     ev/sec=17480.7   simsec/sec=0.488932   ev/simsec=35752.7
     Messages:  created: 8038700   present: 1790   in FES: 187
** Event #8668672   t=262.537359059437   Elapsed: 676.503s (11m 16s)  52% completed  (26% total)
     Speed:     ev/sec=17219.8   simsec/sec=0.487846   ev/simsec=35297.7
     Messages:  created: 8072233   present: 1744   in FES: 175
** Event #8701952   t=263.515954329802   Elapsed: 678.523s (11m 18s)  52% completed  (26% total)
     Speed:     ev/sec=16471.8   simsec/sec=0.484353   ev/simsec=34007.9
     Messages:  created: 8103838   present: 1743   in FES: 171
** Event #8732672   t=264.093244853613   Elapsed: 680.527s (11m 20s)  52% completed  (26% total)
     Speed:     ev/sec=15336.2   simsec/sec=0.288198   ev/simsec=53214.1
     Messages:  created: 8132349   present: 1799   in FES: 192
** Event #8753664   t=264.963112992431   Elapsed: 682.528s (11m 22s)  52% completed  (26% total)
     Speed:     ev/sec=10490.4   simsec/sec=0.434703   ev/simsec=24132.4
     Messages:  created: 8153352   present: 1821   in FES: 206
** Event #8785920   t=265.595736327676   Elapsed: 684.542s (11m 24s)  53% completed  (26% total)
     Speed:     ev/sec=16015.3   simsec/sec=0.314101   ev/simsec=50987.7
     Messages:  created: 8183545   present: 1833   in FES: 204
** Event #8820224   t=266.581727231604   Elapsed: 686.572s (11m 26s)  53% completed  (26% total)
     Speed:     ev/sec=16897.4   simsec/sec=0.485678   ev/simsec=34791.4
     Messages:  created: 8216299   present: 1798   in FES: 191
** Event #8854528   t=267.566935526427   Elapsed: 688.593s (11m 28s)  53% completed  (26% total)
     Speed:     ev/sec=16972   simsec/sec=0.487436   ev/simsec=34819
     Messages:  created: 8249266   present: 1836   in FES: 206
** Event #8888576   t=268.560747671281   Elapsed: 690.606s (11m 30s)  53% completed  (26% total)
     Speed:     ev/sec=16916.3   simsec/sec=0.493762   ev/simsec=34260
     Messages:  created: 8281885   present: 1846   in FES: 206
** Event #8922624   t=269.550384092441   Elapsed: 692.615s (11m 32s)  53% completed  (26% total)
     Speed:     ev/sec=16942   simsec/sec=0.492436   ev/simsec=34404.6
     Messages:  created: 8314390   present: 1830   in FES: 206
** Event #8956416   t=270.536447774926   Elapsed: 694.651s (11m 34s)  54% completed  (27% total)
     Speed:     ev/sec=16600.4   simsec/sec=0.484407   ev/simsec=34269.6
     Messages:  created: 8346332   present: 1739   in FES: 172
** Event #8990976   t=271.52295362699   Elapsed: 696.68s (11m 36s)  54% completed  (27% total)
     Speed:     ev/sec=17034.5   simsec/sec=0.486247   ev/simsec=35032.7
     Messages:  created: 8379433   present: 1794   in FES: 185
** Event #9024512   t=272.511913979248   Elapsed: 698.703s (11m 38s)  54% completed  (27% total)
     Speed:     ev/sec=16576.6   simsec/sec=0.488835   ev/simsec=33910.4
     Messages:  created: 8410973   present: 1760   in FES: 179
** Event #9057024   t=273.270229373342   Elapsed: 700.707s (11m 40s)  54% completed  (27% total)
     Speed:     ev/sec=16222.4   simsec/sec=0.378373   ev/simsec=42874
     Messages:  created: 8441458   present: 1802   in FES: 206
** Event #9088512   t=274.088591435834   Elapsed: 702.707s (11m 42s)  54% completed  (27% total)
     Speed:     ev/sec=15741.7   simsec/sec=0.409122   ev/simsec=38476.9
     Messages:  created: 8470958   present: 1782   in FES: 185
** Event #9117440   t=275.058326660032   Elapsed: 704.709s (11m 44s)  55% completed  (27% total)
     Speed:     ev/sec=14453.9   simsec/sec=0.484528   ev/simsec=29830.8
     Messages:  created: 8498799   present: 1734   in FES: 169
** Event #9149696   t=276.052607220245   Elapsed: 706.712s (11m 46s)  55% completed  (27% total)
     Speed:     ev/sec=16102.5   simsec/sec=0.496354   ev/simsec=32441.5
     Messages:  created: 8529476   present: 1835   in FES: 206
** Event #9176576   t=277.000743899829   Elapsed: 708.714s (11m 48s)  55% completed  (27% total)
     Speed:     ev/sec=13423.6   simsec/sec=0.473489   ev/simsec=28350.3
     Messages:  created: 8554956   present: 1790   in FES: 206
** Event #9210624   t=277.791926994889   Elapsed: 710.716s (11m 50s)  55% completed  (27% total)
     Speed:     ev/sec=17010.7   simsec/sec=0.395282   ev/simsec=43034.3
     Messages:  created: 8587357   present: 1681   in FES: 155
** Event #9246976   t=279.013534858825   Elapsed: 712.719s (11m 52s)  55% completed  (27% total)
     Speed:     ev/sec=18146.7   simsec/sec=0.609819   ev/simsec=29757.5
     Messages:  created: 8621902   present: 1786   in FES: 187
** Event #9281536   t=280.010905244674   Elapsed: 714.723s (11m 54s)  56% completed  (28% total)
     Speed:     ev/sec=17246.9   simsec/sec=0.497731   ev/simsec=34651.1
     Messages:  created: 8655103   present: 1803   in FES: 194
** Event #9317632   t=281.03658748405   Elapsed: 716.724s (11m 56s)  56% completed  (28% total)
     Speed:     ev/sec=18036.6   simsec/sec=0.512518   ev/simsec=35192.2
     Messages:  created: 8690109   present: 1754   in FES: 179
** Event #9352192   t=282.038721599756   Elapsed: 718.725s (11m 58s)  56% completed  (28% total)
     Speed:     ev/sec=17269.8   simsec/sec=0.500772   ev/simsec=34486.4
     Messages:  created: 8723603   present: 1684   in FES: 157
** Event #9389056   t=283.022149909194   Elapsed: 720.747s (12m 00s)  56% completed  (28% total)
     Speed:     ev/sec=18231.9   simsec/sec=0.486376   ev/simsec=37485.2
     Messages:  created: 8761065   present: 1807   in FES: 208
** Event #9438720   t=284.521804727477   Elapsed: 722.779s (12m 02s)  56% completed  (28% total)
     Speed:     ev/sec=24448   simsec/sec=0.738232   ev/simsec=33117
     Messages:  created: 8811213   present: 1712   in FES: 159
** Event #9474304   t=285.538761463356   Elapsed: 724.794s (12m 04s)  57% completed  (28% total)
     Speed:     ev/sec=17656   simsec/sec=0.504592   ev/simsec=34990.7
     Messages:  created: 8846175   present: 1781   in FES: 186
** Event #9509888   t=286.559832432414   Elapsed: 726.803s (12m 06s)  57% completed  (28% total)
     Speed:     ev/sec=17712   simsec/sec=0.508239   ev/simsec=34849.7
     Messages:  created: 8881222   present: 1738   in FES: 173
** Event #9545984   t=287.531521973214   Elapsed: 728.806s (12m 08s)  57% completed  (28% total)
     Speed:     ev/sec=18025.7   simsec/sec=0.485244   ev/simsec=37147.7
     Messages:  created: 8916836   present: 1856   in FES: 199
** Event #9581824   t=288.698559226974   Elapsed: 730.834s (12m 10s)  57% completed  (28% total)
     Speed:     ev/sec=17666.8   simsec/sec=0.575273   ev/simsec=30710.2
     Messages:  created: 8951908   present: 1681   in FES: 155
** Event #9622272   t=290.042437014259   Elapsed: 732.839s (12m 12s)  58% completed  (29% total)
     Speed:     ev/sec=20182.4   simsec/sec=0.670558   ev/simsec=30098
     Messages:  created: 8991904   present: 1807   in FES: 196
** Event #9665536   t=291.043143786705   Elapsed: 734.839s (12m 14s)  58% completed  (29% total)
     Speed:     ev/sec=21626.6   simsec/sec=0.500229   ev/simsec=43233.4
     Messages:  created: 9038416   present: 1886   in FES: 206
** Event #9720576   t=292.036587475811   Elapsed: 736.842s (12m 16s)  58% completed  (29% total)
     Speed:     ev/sec=27483.6   simsec/sec=0.496065   ev/simsec=55403.2
     Messages:  created: 9102644   present: 1721   in FES: 168
** Event #9759232   t=293.056744044641   Elapsed: 738.842s (12m 18s)  58% completed  (29% total)
     Speed:     ev/sec=19325.9   simsec/sec=0.510022   ev/simsec=37892.2
     Messages:  created: 9140710   present: 1764   in FES: 181
** Event #9807616   t=294.524431768841   Elapsed: 740.848s (12m 20s)  58% completed  (29% total)
     Speed:     ev/sec=24115.2   simsec/sec=0.731513   ev/simsec=32966.1
     Messages:  created: 9190463   present: 1837   in FES: 206
** Event #9843456   t=295.539488776578   Elapsed: 742.868s (12m 22s)  59% completed  (29% total)
     Speed:     ev/sec=17748.6   simsec/sec=0.502675   ev/simsec=35308.4
     Messages:  created: 9225590   present: 1810   in FES: 206
** Event #9880320   t=296.557675963059   Elapsed: 744.894s (12m 24s)  59% completed  (29% total)
     Speed:     ev/sec=18194.2   simsec/sec=0.502525   ev/simsec=36205.5
     Messages:  created: 9261680   present: 1735   in FES: 170
** Event #9916160   t=297.575594141036   Elapsed: 746.921s (12m 26s)  59% completed  (29% total)
     Speed:     ev/sec=17675.6   simsec/sec=0.502017   ev/simsec=35209.1
     Messages:  created: 9296747   present: 1835   in FES: 202
** Event #9952000   t=298.590686850882   Elapsed: 748.933s (12m 28s)  59% completed  (29% total)
     Speed:     ev/sec=17815.4   simsec/sec=0.504583   ev/simsec=35307.1
     Messages:  created: 9331930   present: 1815   in FES: 206
** Event #9999104   t=300.057948102537   Elapsed: 750.935s (12m 30s)  60% completed  (30% total)
     Speed:     ev/sec=23531.2   simsec/sec=0.732982   ev/simsec=32103.3
     Messages:  created: 9380583   present: 1833   in FES: 203
** Event #10042624   t=301.315600440302   Elapsed: 752.938s (12m 32s)  60% completed  (30% total)
     Speed:     ev/sec=21723.4   simsec/sec=0.627767   ev/simsec=34604.2
     Messages:  created: 9422960   present: 1687   in FES: 173
** Event #10078464   t=302.514064828458   Elapsed: 754.95s (12m 34s)  60% completed  (30% total)
     Speed:     ev/sec=17818.1   simsec/sec=0.595825   ev/simsec=29904.9
     Messages:  created: 9458152   present: 1819   in FES: 200
** Event #10114816   t=303.521932357697   Elapsed: 756.974s (12m 36s)  60% completed  (30% total)
     Speed:     ev/sec=17953.9   simsec/sec=0.497776   ev/simsec=36068.2
     Messages:  created: 9494370   present: 1832   in FES: 197
** Event #10150912   t=304.515364888458   Elapsed: 758.976s (12m 38s)  60% completed  (30% total)
     Speed:     ev/sec=18031.6   simsec/sec=0.496265   ev/simsec=36334.6
     Messages:  created: 9530245   present: 1820   in FES: 199
** Event #10188544   t=305.527627415384   Elapsed: 760.976s (12m 40s)  61% completed  (30% total)
     Speed:     ev/sec=18813.8   simsec/sec=0.506071   ev/simsec=37176.1
     Messages:  created: 9568282   present: 1794   in FES: 183
** Event #10226688   t=306.565449739329   Elapsed: 762.99s (12m 42s)  61% completed  (30% total)
     Speed:     ev/sec=18948.8   simsec/sec=0.51556   ev/simsec=36753.9
     Messages:  created: 9606859   present: 1832   in FES: 201
** Event #10268416   t=308.021271433817   Elapsed: 764.992s (12m 44s)  61% completed  (30% total)
     Speed:     ev/sec=20838.9   simsec/sec=0.727034   ev/simsec=28662.9
     Messages:  created: 9649574   present: 1972   in FES: 256
** Event #10315008   t=309.506745235028   Elapsed: 766.995s (12m 46s)  61% completed  (30% total)
     Speed:     ev/sec=23257.5   simsec/sec=0.741508   ev/simsec=31365.1
     Messages:  created: 9695162   present: 1826   in FES: 206
** Event #10351616   t=310.52069264231   Elapsed: 769.016s (12m 49s)  62% completed  (31% total)
     Speed:     ev/sec=18118.7   simsec/sec=0.501841   ev/simsec=36104.4
     Messages:  created: 9731044   present: 1827   in FES: 207
** Event #10389248   t=311.550932198722   Elapsed: 771.043s (12m 51s)  62% completed  (31% total)
     Speed:     ev/sec=18565.5   simsec/sec=0.508262   ev/simsec=36527.4
     Messages:  created: 9768328   present: 1792   in FES: 189
** Event #10427392   t=312.547504584274   Elapsed: 773.048s (12m 53s)  62% completed  (31% total)
     Speed:     ev/sec=19024.8   simsec/sec=0.497053   ev/simsec=38275.2
     Messages:  created: 9806826   present: 1828   in FES: 201
** Event #10472192   t=314.057948610289   Elapsed: 775.051s (12m 55s)  62% completed  (31% total)
     Speed:     ev/sec=22364.5   simsec/sec=0.754026   ev/simsec=29660.2
     Messages:  created: 9851931   present: 1817   in FES: 198
** Event #10525696   t=315.519136823827   Elapsed: 777.054s (12m 57s)  63% completed  (31% total)
     Speed:     ev/sec=26704.4   simsec/sec=0.729293   ev/simsec=36616.8
     Messages:  created: 9909655   present: 1830   in FES: 207
** Event #10573568   t=316.528389091356   Elapsed: 779.055s (12m 59s)  63% completed  (31% total)
     Speed:     ev/sec=23924.9   simsec/sec=0.504393   ev/simsec=47433.1
     Messages:  created: 9962761   present: 1817   in FES: 192
** Event #10609408   t=317.557934952201   Elapsed: 781.063s (13m 01s)  63% completed  (31% total)
     Speed:     ev/sec=17851.1   simsec/sec=0.512794   ev/simsec=34811.5
     Messages:  created: 9998019   present: 1804   in FES: 206
** Event #10645760   t=318.584630956992   Elapsed: 783.068s (13m 03s)  63% completed  (31% total)
     Speed:     ev/sec=18132.2   simsec/sec=0.51211   ev/simsec=35406.8
     Messages:  created: 10033554   present: 1957   in FES: 256
** Event #10681856   t=319.600027698286   Elapsed: 785.08s (13m 05s)  63% completed  (31% total)
     Speed:     ev/sec=17937.6   simsec/sec=0.504594   ev/simsec=35548.7
     Messages:  created: 10068683   present: 1823   in FES: 206
** Event #10724096   t=321.048474973094   Elapsed: 787.082s (13m 07s)  64% completed  (32% total)
     Speed:     ev/sec=21097.5   simsec/sec=0.723451   ev/simsec=29162.3
     Messages:  created: 10110510   present: 1835   in FES: 206
** Event #10767616   t=322.511917342573   Elapsed: 789.109s (13m 09s)  64% completed  (32% total)
     Speed:     ev/sec=21468.6   simsec/sec=0.721922   ev/simsec=29738.1
     Messages:  created: 10151923   present: 1817   in FES: 200
** Event #10803200   t=323.531619775547   Elapsed: 791.132s (13m 11s)  64% completed  (32% total)
     Speed:     ev/sec=17595.2   simsec/sec=0.504212   ev/simsec=34896.5
     Messages:  created: 10186344   present: 1825   in FES: 206
** Event #10837760   t=324.536753695538   Elapsed: 793.135s (13m 13s)  64% completed  (32% total)
     Speed:     ev/sec=17255.5   simsec/sec=0.501855   ev/simsec=34383.5
     Messages:  created: 10219221   present: 1767   in FES: 180
** Event #10873600   t=325.542764863752   Elapsed: 795.158s (13m 15s)  65% completed  (32% total)
     Speed:     ev/sec=17713.1   simsec/sec=0.497198   ev/simsec=35625.8
     Messages:  created: 10253951   present: 1819   in FES: 198
** Event #10910720   t=326.568414384672   Elapsed: 797.172s (13m 17s)  65% completed  (32% total)
     Speed:     ev/sec=18429   simsec/sec=0.509205   ev/simsec=36191.7
     Messages:  created: 10290240   present: 1815   in FES: 194
** Event #10946304   t=327.573553804466   Elapsed: 799.182s (13m 19s)  65% completed  (32% total)
     Speed:     ev/sec=17701.3   simsec/sec=0.500008   ev/simsec=35402.1
     Messages:  created: 10324670   present: 1770   in FES: 181
** Event #10981632   t=328.587135419698   Elapsed: 801.183s (13m 21s)  65% completed  (32% total)
     Speed:     ev/sec=17656.9   simsec/sec=0.506586   ev/simsec=34854.6
     Messages:  created: 10358888   present: 1810   in FES: 206
** Event #11017216   t=329.596506082252   Elapsed: 803.19s (13m 23s)  65% completed  (32% total)
     Speed:     ev/sec=17730   simsec/sec=0.502926   ev/simsec=35253.6
     Messages:  created: 10393773   present: 1714   in FES: 163
** Event #11056896   t=331.018868176378   Elapsed: 805.191s (13m 25s)  66% completed  (33% total)
     Speed:     ev/sec=19832.6   simsec/sec=0.710915   ev/simsec=27897.3
     Messages:  created: 10433198   present: 1834   in FES: 245
** Event #11095552   t=332.056743819978   Elapsed: 807.194s (13m 27s)  66% completed  (33% total)
     Speed:     ev/sec=19303.4   simsec/sec=0.518277   ev/simsec=37245.3
     Messages:  created: 10470906   present: 1791   in FES: 190
** Event #11142656   t=333.529335002609   Elapsed: 809.221s (13m 29s)  66% completed  (33% total)
     Speed:     ev/sec=23231.3   simsec/sec=0.726271   ev/simsec=31987.2
     Messages:  created: 10518687   present: 1790   in FES: 183
** Event #11177728   t=334.535094290739   Elapsed: 811.223s (13m 31s)  66% completed  (33% total)
     Speed:     ev/sec=17515.8   simsec/sec=0.502299   ev/simsec=34871.2
     Messages:  created: 10552916   present: 1724   in FES: 163
** Event #11213056   t=335.558158975013   Elapsed: 813.232s (13m 33s)  67% completed  (33% total)
     Speed:     ev/sec=17584.8   simsec/sec=0.509239   ev/simsec=34531.5
     Messages:  created: 10587451   present: 1757   in FES: 198
** Event #11247616   t=336.538335179478   Elapsed: 815.242s (13m 35s)  67% completed  (33% total)
     Speed:     ev/sec=17194.4   simsec/sec=0.487661   ev/simsec=35259
     Messages:  created: 10620936   present: 1763   in FES: 176
** Event #11284224   t=337.562879940734   Elapsed: 817.247s (13m 37s)  67% completed  (33% total)
     Speed:     ev/sec=18260.4   simsec/sec=0.511052   ev/simsec=35731
     Messages:  created: 10657283   present: 1759   in FES: 176
** Event #11319040   t=338.567776215453   Elapsed: 819.252s (13m 39s)  67% completed  (33% total)
     Speed:     ev/sec=17365.9   simsec/sec=0.501234   ev/simsec=34646.4
     Messages:  created: 10691064   present: 1781   in FES: 184
** Event #11353856   t=339.572582272097   Elapsed: 821.28s (13m 41s)  67% completed  (33% total)
     Speed:     ev/sec=17168   simsec/sec=0.495476   ev/simsec=34649.5
     Messages:  created: 10724742   present: 1810   in FES: 206
** Event #11388928   t=340.582491442274   Elapsed: 823.308s (13m 43s)  68% completed  (34% total)
     Speed:     ev/sec=17296.4   simsec/sec=0.498056   ev/simsec=34727.9
     Messages:  created: 10758598   present: 1734   in FES: 171
** Event #11424000   t=341.582490231895   Elapsed: 825.316s (13m 45s)  68% completed  (34% total)
     Speed:     ev/sec=17467.4   simsec/sec=0.498044   ev/simsec=35072
     Messages:  created: 10792831   present: 1816   in FES: 197
** Event #11459072   t=342.59459270151   Elapsed: 827.324s (13m 47s)  68% completed  (34% total)
     Speed:     ev/sec=17464.6   simsec/sec=0.50399   ev/simsec=34652.6
     Messages:  created: 10826647   present: 1837   in FES: 206
** Event #11500544   t=344.027617446105   Elapsed: 829.324s (13m 49s)  68% completed  (34% total)
     Speed:     ev/sec=20734.8   simsec/sec=0.71647   ev/simsec=28940.2
     Messages:  created: 10867762   present: 1801   in FES: 188
** Event #11541760   t=345.091782332904   Elapsed: 831.327s (13m 51s)  69% completed  (34% total)
     Speed:     ev/sec=20571.9   simsec/sec=0.531149   ev/simsec=38730.8
     Messages:  created: 10906682   present: 1704   in FES: 161
** Event #11580416   t=346.526406584828   Elapsed: 833.355s (13m 53s)  69% completed  (34% total)
     Speed:     ev/sec=19069.5   simsec/sec=0.707718   ev/simsec=26945
     Messages:  created: 10944817   present: 1842   in FES: 203
** Event #11617024   t=347.547813123822   Elapsed: 835.362s (13m 55s)  69% completed  (34% total)
     Speed:     ev/sec=18233.1   simsec/sec=0.508725   ev/simsec=35840.8
     Messages:  created: 10980777   present: 1807   in FES: 194
** Event #11655168   t=348.563034607585   Elapsed: 837.371s (13m 57s)  69% completed  (34% total)
     Speed:     ev/sec=18984.9   simsec/sec=0.505292   ev/simsec=37572.1
     Messages:  created: 11019325   present: 1844   in FES: 204
** Event #11690496   t=349.580164420404   Elapsed: 839.389s (13m 59s)  69% completed  (34% total)
     Speed:     ev/sec=17507.5   simsec/sec=0.504059   ev/simsec=34733
     Messages:  created: 11053839   present: 1827   in FES: 202
** Event #11726848   t=350.768565806704   Elapsed: 841.394s (14m 01s)  70% completed  (35% total)
     Speed:     ev/sec=18137.5   simsec/sec=0.592941   ev/simsec=30589
     Messages:  created: 11089133   present: 1727   in FES: 170
** Event #11778560   t=352.513882509603   Elapsed: 843.415s (14m 03s)  70% completed  (35% total)
     Speed:     ev/sec=25584.4   simsec/sec=0.863491   ev/simsec=29629
     Messages:  created: 11140773   present: 1761   in FES: 180
** Event #11817216   t=353.53729044757   Elapsed: 845.442s (14m 05s)  70% completed  (35% total)
     Speed:     ev/sec=19064.2   simsec/sec=0.504721   ev/simsec=37771.8
     Messages:  created: 11179524   present: 1826   in FES: 199
** Event #11853824   t=354.562177721967   Elapsed: 847.449s (14m 07s)  70% completed  (35% total)
     Speed:     ev/sec=18244.1   simsec/sec=0.510766   ev/simsec=35719.1
     Messages:  created: 11215756   present: 1824   in FES: 199
** Event #11889920   t=355.585576683794   Elapsed: 849.455s (14m 09s)  71% completed  (35% total)
     Speed:     ev/sec=17997.6   simsec/sec=0.510272   ev/simsec=35270.7
     Messages:  created: 11251062   present: 1808   in FES: 193
** Event #11929088   t=356.769660333072   Elapsed: 851.458s (14m 11s)  71% completed  (35% total)
     Speed:     ev/sec=19554.8   simsec/sec=0.591159   ev/simsec=33078.7
     Messages:  created: 11290893   present: 1769   in FES: 184
** Event #11981056   t=358.518530616007   Elapsed: 853.458s (14m 13s)  71% completed  (35% total)
     Speed:     ev/sec=25983.6   simsec/sec=0.874422   ev/simsec=29715.2
     Messages:  created: 11342927   present: 1801   in FES: 235
** Event #12017664   t=359.535537548113   Elapsed: 855.477s (14m 15s)  71% completed  (35% total)
     Speed:     ev/sec=18129.8   simsec/sec=0.503663   ev/simsec=35995.8
     Messages:  created: 11378881   present: 1730   in FES: 169
** Event #12054016   t=360.557934952201   Elapsed: 857.49s (14m 17s)  72% completed  (36% total)
     Speed:     ev/sec=18059.5   simsec/sec=0.507921   ev/simsec=35555.6
     Messages:  created: 11414571   present: 1797   in FES: 206
** Event #12089344   t=361.584152805853   Elapsed: 859.508s (14m 19s)  72% completed  (36% total)
     Speed:     ev/sec=17506.6   simsec/sec=0.508536   ev/simsec=34425.4
     Messages:  created: 11448465   present: 1807   in FES: 196
** Event #12123648   t=362.591407712848   Elapsed: 861.511s (14m 21s)  72% completed  (36% total)
     Speed:     ev/sec=17128.6   simsec/sec=0.502942   ev/simsec=34056.9
     Messages:  created: 11481190   present: 1825   in FES: 206
** Event #12164352   t=364.027618134348   Elapsed: 863.515s (14m 23s)  72% completed  (36% total)
     Speed:     ev/sec=20302.7   simsec/sec=0.716367   ev/simsec=28341.3
     Messages:  created: 11520982   present: 1777   in FES: 180
** Event #12211456   t=365.52119050939   Elapsed: 865.535s (14m 25s)  73% completed  (36% total)
     Speed:     ev/sec=23327.9   simsec/sec=0.73968   ev/simsec=31537.8
     Messages:  created: 11567474   present: 1831   in FES: 196
** Event #12245760   t=366.531556022279   Elapsed: 867.558s (14m 27s)  73% completed  (36% total)
     Speed:     ev/sec=16956.3   simsec/sec=0.499418   ev/simsec=33952.1
     Messages:  created: 11599916   present: 1824   in FES: 207
** Event #12280064   t=367.538678675269   Elapsed: 869.565s (14m 29s)  73% completed  (36% total)
     Speed:     ev/sec=17088.9   simsec/sec=0.501709   ev/simsec=34061.4
     Messages:  created: 11632476   present: 1805   in FES: 190
** Event #12315392   t=368.558167916678   Elapsed: 871.576s (14m 31s)  73% completed  (36% total)
     Speed:     ev/sec=17567.1   simsec/sec=0.506949   ev/simsec=34652.6
     Messages:  created: 11666801   present: 1796   in FES: 242
** Event #12351744   t=369.571947738171   Elapsed: 873.594s (14m 33s)  73% completed  (36% total)
     Speed:     ev/sec=18010.2   simsec/sec=0.502266   ev/simsec=35857.9
     Messages:  created: 11702823   present: 1800   in FES: 189
** Event #12387584   t=370.59400628373   Elapsed: 875.604s (14m 35s)  74% completed  (37% total)
     Speed:     ev/sec=17832.1   simsec/sec=0.508523   ev/simsec=35066.5
     Messages:  created: 11737874   present: 1838   in FES: 205
** Event #12424448   t=371.770094464251   Elapsed: 877.608s (14m 37s)  74% completed  (37% total)
     Speed:     ev/sec=18400.8   simsec/sec=0.587049   ev/simsec=31344.6
     Messages:  created: 11774177   present: 1842   in FES: 238
** Event #12469248   t=373.063719155282   Elapsed: 879.611s (14m 39s)  74% completed  (37% total)
     Speed:     ev/sec=22362.3   simsec/sec=0.645724   ev/simsec=34631.4
     Messages:  created: 11818759   present: 1837   in FES: 206
** Event #12511232   t=374.504873884187   Elapsed: 881.612s (14m 41s)  74% completed  (37% total)
     Speed:     ev/sec=20985.9   simsec/sec=0.720368   ev/simsec=29132.2
     Messages:  created: 11860124   present: 1804   in FES: 197
** Event #12547584   t=375.523335473461   Elapsed: 883.637s (14m 43s)  75% completed  (37% total)
     Speed:     ev/sec=17948.9   simsec/sec=0.502869   ev/simsec=35693
     Messages:  created: 11896225   present: 1828   in FES: 206
** Event #12583680   t=376.541683277705   Elapsed: 885.662s (14m 45s)  75% completed  (37% total)
     Speed:     ev/sec=17826.5   simsec/sec=0.502926   ev/simsec=35445.7
     Messages:  created: 11931555   present: 1760   in FES: 181
** Event #12621568   t=377.558158539015   Elapsed: 887.664s (14m 47s)  75% completed  (37% total)
     Speed:     ev/sec=18925.8   simsec/sec=0.507748   ev/simsec=37273.9
     Messages:  created: 11969623   present: 1756   in FES: 207
** Event #12661760   t=378.770391827171   Elapsed: 889.666s (14m 49s)  75% completed  (37% total)
     Speed:     ev/sec=20071.4   simsec/sec=0.605375   ev/simsec=33155.3
     Messages:  created: 12011257   present: 1816   in FES: 207
** Event #12715264   t=380.515749672799   Elapsed: 891.672s (14m 51s)  76% completed  (38% total)
     Speed:     ev/sec=26681.5   simsec/sec=0.870379   ev/simsec=30655
     Messages:  created: 12066039   present: 1707   in FES: 162
** Event #12752384   t=381.543343456713   Elapsed: 893.688s (14m 53s)  76% completed  (38% total)
     Speed:     ev/sec=18407.2   simsec/sec=0.509567   ev/simsec=36123.2
     Messages:  created: 12103939   present: 1809   in FES: 206
** Event #12788736   t=382.561076299989   Elapsed: 895.689s (14m 55s)  76% completed  (38% total)
     Speed:     ev/sec=18167.7   simsec/sec=0.508633   ev/simsec=35718.6
     Messages:  created: 12140614   present: 1809   in FES: 196
** Event #12826624   t=383.57522094591   Elapsed: 897.724s (14m 57s)  76% completed  (38% total)
     Speed:     ev/sec=18620.5   simsec/sec=0.498413   ev/simsec=37359.6
     Messages:  created: 12178518   present: 1808   in FES: 207
** Event #12871680   t=385.016614645045   Elapsed: 899.724s (14m 59s)  77% completed  (38% total)
     Speed:     ev/sec=22519.8   simsec/sec=0.720436   ev/simsec=31258.6
     Messages:  created: 12225678   present: 1790   in FES: 189
** Event #12921088   t=386.518521270596   Elapsed: 901.739s (15m 01s)  77% completed  (38% total)
     Speed:     ev/sec=24531.7   simsec/sec=0.745715   ev/simsec=32896.9
     Messages:  created: 12274962   present: 1789   in FES: 208
** Event #12957952   t=387.542671091835   Elapsed: 903.766s (15m 03s)  77% completed  (38% total)
     Speed:     ev/sec=18184   simsec/sec=0.505185   ev/simsec=35994.7
     Messages:  created: 12311580   present: 1789   in FES: 188
** Event #12995328   t=388.564945426905   Elapsed: 905.767s (15m 05s)  77% completed  (38% total)
     Speed:     ev/sec=18679.1   simsec/sec=0.510893   ev/simsec=36561.6
     Messages:  created: 12348744   present: 1792   in FES: 187
** Event #13034752   t=389.560724821763   Elapsed: 907.784s (15m 07s)  77% completed  (38% total)
     Speed:     ev/sec=19543.4   simsec/sec=0.49363   ev/simsec=39591.1
     Messages:  created: 12388989   present: 1792   in FES: 187
** Event #13072384   t=390.769876601541   Elapsed: 909.788s (15m 09s)  78% completed  (39% total)
     Speed:     ev/sec=18780.2   simsec/sec=0.603425   ev/simsec=31122.6
     Messages:  created: 12426784   present: 1756   in FES: 207
** Event #13119488   t=392.085405330253   Elapsed: 911.791s (15m 11s)  78% completed  (39% total)
     Speed:     ev/sec=23510.5   simsec/sec=0.656605   ev/simsec=35806.1
     Messages:  created: 12473166   present: 1741   in FES: 172
** Event #13161216   t=393.531757417728   Elapsed: 913.794s (15m 13s)  78% completed  (39% total)
     Speed:     ev/sec=20832   simsec/sec=0.722068   ev/simsec=28850.5
     Messages:  created: 12515805   present: 1774   in FES: 181
** Event #13198592   t=394.575220694387   Elapsed: 915.824s (15m 15s)  78% completed  (39% total)
     Speed:     ev/sec=18415.5   simsec/sec=0.514124   ev/simsec=35819.2
     Messages:  created: 12553018   present: 1766   in FES: 181
** Event #13233408   t=395.570384911835   Elapsed: 917.829s (15m 17s)  79% completed  (39% total)
     Speed:     ev/sec=17365.6   simsec/sec=0.49637   ev/simsec=34985.2
     Messages:  created: 12586936   present: 1788   in FES: 185
** Event #13276416   t=396.597727562387   Elapsed: 919.833s (15m 19s)  79% completed  (39% total)
     Speed:     ev/sec=21459.1   simsec/sec=0.512598   ev/simsec=41863.3
     Messages:  created: 12632231   present: 1820   in FES: 206
** Event #13330944   t=398.09324440101   Elapsed: 921.835s (15m 21s)  79% completed  (39% total)
     Speed:     ev/sec=27239.7   simsec/sec=0.747092   ev/simsec=36461
     Messages:  created: 12688738   present: 1814   in FES: 197
** Event #13371392   t=399.524347946215   Elapsed: 923.861s (15m 23s)  79% completed  (39% total)
     Speed:     ev/sec=19962.1   simsec/sec=0.706285   ev/simsec=28263.5
     Messages:  created: 12730103   present: 1819   in FES: 194
** Event #13408512   t=400.545185667285   Elapsed: 925.864s (15m 25s)  80% completed  (40% total)
     Speed:     ev/sec=18534   simsec/sec=0.509705   ev/simsec=36362.3
     Messages:  created: 12766963   present: 1731   in FES: 168
** Event #13444352   t=401.572001164479   Elapsed: 927.886s (15m 27s)  80% completed  (40% total)
     Speed:     ev/sec=17723   simsec/sec=0.507763   ev/simsec=34904
     Messages:  created: 12802318   present: 1779   in FES: 186
** Event #13479936   t=402.591632210082   Elapsed: 929.9s (15m 29s)  80% completed  (40% total)
     Speed:     ev/sec=17669.7   simsec/sec=0.506311   ev/simsec=34898.9
     Messages:  created: 12836898   present: 1712   in FES: 163
** Event #13516288   t=403.713896242189   Elapsed: 931.902s (15m 31s)  80% completed  (40% total)
     Speed:     ev/sec=18156.2   simsec/sec=0.56052   ev/simsec=32391.7
     Messages:  created: 12872947   present: 1831   in FES: 206
** Event #13560832   t=405.055989135166   Elapsed: 933.906s (15m 33s)  81% completed  (40% total)
     Speed:     ev/sec=22233.9   simsec/sec=0.669899   ev/simsec=33190
     Messages:  created: 12918034   present: 1756   in FES: 179
** Event #13605632   t=406.515043549558   Elapsed: 935.921s (15m 35s)  81% completed  (40% total)
     Speed:     ev/sec=22225.2   simsec/sec=0.723833   ev/simsec=30704.8
     Messages:  created: 12962141   present: 1810   in FES: 197
** Event #13641216   t=407.518574232809   Elapsed: 937.923s (15m 37s)  81% completed  (40% total)
     Speed:     ev/sec=17777.8   simsec/sec=0.501366   ev/simsec=35458.8
     Messages:  created: 12996669   present: 1752   in FES: 173
** Event #13678336   t=408.551335924021   Elapsed: 939.941s (15m 39s)  81% completed  (40% total)
     Speed:     ev/sec=18398.1   simsec/sec=0.511875   ev/simsec=35942.5
     Messages:  created: 13033546   present: 1773   in FES: 184
** Event #13713408   t=409.556241687511   Elapsed: 941.97s (15m 41s)  81% completed  (40% total)
     Speed:     ev/sec=17278.5   simsec/sec=0.495074   ev/simsec=34900.8
     Messages:  created: 13067338   present: 1780   in FES: 187
** Event #13749248   t=410.575270827323   Elapsed: 943.977s (15m 43s)  82% completed  (41% total)
     Speed:     ev/sec=17857.1   simsec/sec=0.507727   ev/simsec=35170.7
     Messages:  created: 13102331   present: 1828   in FES: 206
** Event #13783040   t=411.576534162156   Elapsed: 946.001s (15m 46s)  82% completed  (41% total)
     Speed:     ev/sec=16698.1   simsec/sec=0.494767   ev/simsec=33749.4
     Messages:  created: 13134213   present: 1754   in FES: 177
** Event #13818368   t=412.589521703185   Elapsed: 948.009s (15m 48s)  82% completed  (41% total)
     Speed:     ev/sec=17591.5   simsec/sec=0.504415   ev/simsec=34875.1
     Messages:  created: 13168478   present: 1818   in FES: 197
** Event #13853696   t=413.604738321996   Elapsed: 950.018s (15m 50s)  82% completed  (41% total)
     Speed:     ev/sec=17588.8   simsec/sec=0.505447   ev/simsec=34798.5
     Messages:  created: 13202738   present: 1758   in FES: 177
** Event #13893376   t=415.024202491392   Elapsed: 952.023s (15m 52s)  83% completed  (41% total)
     Speed:     ev/sec=19788.9   simsec/sec=0.707905   ev/simsec=27954.2
     Messages:  created: 13242236   present: 1813   in FES: 194
** Event #13936640   t=416.093244783459   Elapsed: 954.025s (15m 54s)  83% completed  (41% total)
     Speed:     ev/sec=21615.7   simsec/sec=0.534119   ev/simsec=40469.9
     Messages:  created: 13283212   present: 1778   in FES: 185
** Event #13974784   t=417.515020631904   Elapsed: 956.044s (15m 56s)  83% completed  (41% total)
     Speed:     ev/sec=18889.2   simsec/sec=0.704073   ev/simsec=26828.4
     Messages:  created: 13321038   present: 1822   in FES: 199
** Event #14010112   t=418.523479870277   Elapsed: 958.077s (15m 58s)  83% completed  (41% total)
     Speed:     ev/sec=17376.4   simsec/sec=0.496019   ev/simsec=35031.7
     Messages:  created: 13355302   present: 1722   in FES: 161
** Event #14045184   t=419.535750367926   Elapsed: 960.077s (16m 00s)  83% completed  (41% total)
     Speed:     ev/sec=17533.7   simsec/sec=0.50607   ev/simsec=34646.9
     Messages:  created: 13389410   present: 1739   in FES: 170
** Event #14080768   t=420.558056623434   Elapsed: 962.087s (16m 02s)  84% completed  (42% total)
     Speed:     ev/sec=17704.8   simsec/sec=0.508649   ev/simsec=34807.6
     Messages:  created: 13423872   present: 1792   in FES: 193
** Event #14116608   t=421.575917532227   Elapsed: 964.124s (16m 04s)  84% completed  (42% total)
     Speed:     ev/sec=17595.9   simsec/sec=0.499725   ev/simsec=35211.1
     Messages:  created: 13458481   present: 1692   in FES: 157
** Event #14151424   t=422.581451698208   Elapsed: 966.139s (16m 06s)  84% completed  (42% total)
     Speed:     ev/sec=17280.7   simsec/sec=0.499091   ev/simsec=34624.4
     Messages:  created: 13492078   present: 1844   in FES: 205
** Event #14185728   t=423.580596232018   Elapsed: 968.143s (16m 08s)  84% completed  (42% total)
     Speed:     ev/sec=17111.9   simsec/sec=0.498405   ev/simsec=34333.4
     Messages:  created: 13524842   present: 1694   in FES: 157
** Event #14221056   t=424.605704707692   Elapsed: 970.152s (16m 10s)  84% completed  (42% total)
     Speed:     ev/sec=17588.7   simsec/sec=0.510368   ev/simsec=34462.7
     Messages:  created: 13559041   present: 1822   in FES: 201
** Event #14263296   t=426.042436492472   Elapsed: 972.155s (16m 12s)  85% completed  (42% total)
     Speed:     ev/sec=21090.5   simsec/sec=0.717362   ev/simsec=29400.1
     Messages:  created: 13600897   present: 1828   in FES: 203
** Event #14309376   t=427.296057502542   Elapsed: 974.158s (16m 14s)  85% completed  (42% total)
     Speed:     ev/sec=22998.4   simsec/sec=0.62568   ev/simsec=36757.5
     Messages:  created: 13646340   present: 1719   in FES: 191
** Event #14345728   t=428.512631820525   Elapsed: 976.18s (16m 16s)  85% completed  (42% total)
     Speed:     ev/sec=17978.9   simsec/sec=0.601691   ev/simsec=29880.6
     Messages:  created: 13681825   present: 1836   in FES: 206
** Event #14380544   t=429.512630238348   Elapsed: 978.188s (16m 18s)  85% completed  (42% total)
     Speed:     ev/sec=17345.1   simsec/sec=0.498193   ev/simsec=34816.1
     Messages:  created: 13715118   present: 1802   in FES: 206
** Event #14415360   t=430.510784732346   Elapsed: 980.215s (16m 20s)  86% completed  (43% total)
     Speed:     ev/sec=17173.8   simsec/sec=0.492361   ev/simsec=34880.4
     Messages:  created: 13748485   present: 1740   in FES: 175
** Event #14450432   t=431.518258880254   Elapsed: 982.241s (16m 22s)  86% completed  (43% total)
     Speed:     ev/sec=17306.3   simsec/sec=0.497138   ev/simsec=34811.8
     Messages:  created: 13782422   present: 1797   in FES: 206
** Event #14484224   t=432.517988292919   Elapsed: 984.261s (16m 24s)  86% completed  (43% total)
     Speed:     ev/sec=16730.3   simsec/sec=0.494963   ev/simsec=33801.1
     Messages:  created: 13814194   present: 1833   in FES: 202
** Event #14517504   t=433.517630203716   Elapsed: 986.297s (16m 26s)  86% completed  (43% total)
     Speed:     ev/sec=16349.9   simsec/sec=0.491106   ev/simsec=33291.9
     Messages:  created: 13845340   present: 1804   in FES: 206
** Event #14550784   t=434.512630197745   Elapsed: 988.318s (16m 28s)  86% completed  (43% total)
     Speed:     ev/sec=16468.5   simsec/sec=0.492372   ev/simsec=33447.2
     Messages:  created: 13876635   present: 1803   in FES: 206
** Event #14584064   t=435.511121986346   Elapsed: 990.327s (16m 30s)  87% completed  (43% total)
     Speed:     ev/sec=16558.3   simsec/sec=0.496794   ev/simsec=33330.3
     Messages:  created: 13908029   present: 1749   in FES: 178
** Event #14617856   t=436.318496064313   Elapsed: 992.33s (16m 32s)  87% completed  (43% total)
     Speed:     ev/sec=16875.7   simsec/sec=0.403201   ev/simsec=41854.2
     Messages:  created: 13940301   present: 1796   in FES: 207
** Event #14648064   t=437.080651383715   Elapsed: 994.332s (16m 34s)  87% completed  (43% total)
     Speed:     ev/sec=15091.2   simsec/sec=0.380754   ev/simsec=39635
     Messages:  created: 13968778   present: 1815   in FES: 196
** Event #14681344   t=438.062864717885   Elapsed: 996.332s (16m 36s)  87% completed  (43% total)
     Speed:     ev/sec=16633.3   simsec/sec=0.490909   ev/simsec=33882.7
     Messages:  created: 14001858   present: 1830   in FES: 201
** Event #14718464   t=439.07206914227   Elapsed: 998.333s (16m 38s)  87% completed  (43% total)
     Speed:     ev/sec=18552.7   simsec/sec=0.504403   ev/simsec=36781.4
     Messages:  created: 14038131   present: 1809   in FES: 194
** Event #14756608   t=440.085990256074   Elapsed: 1000.33s (16m 40s)  88% completed  (44% total)
     Speed:     ev/sec=19063.3   simsec/sec=0.506728   ev/simsec=37620.3
     Messages:  created: 14075676   present: 1756   in FES: 177
** Event #14792960   t=441.08047215191   Elapsed: 1002.34s (16m 42s)  88% completed  (44% total)
     Speed:     ev/sec=18136.4   simsec/sec=0.496157   ev/simsec=36553.7
     Messages:  created: 14112306   present: 1777   in FES: 184
** Event #14828032   t=442.071856405909   Elapsed: 1004.34s (16m 44s)  88% completed  (44% total)
     Speed:     ev/sec=17490   simsec/sec=0.494392   ev/simsec=35376.8
     Messages:  created: 14147042   present: 1805   in FES: 192
** Event #14866944   t=443.093190932113   Elapsed: 1006.35s (16m 46s)  88% completed  (44% total)
     Speed:     ev/sec=19433.4   simsec/sec=0.510074   ev/simsec=38099.2
     Messages:  created: 14185067   present: 1817   in FES: 206
** Event #14903552   t=444.097080764206   Elapsed: 1008.35s (16m 48s)  88% completed  (44% total)
     Speed:     ev/sec=18275.4   simsec/sec=0.50116   ev/simsec=36466.2
     Messages:  created: 14220815   present: 1760   in FES: 179
** Event #14936320   t=445.08540527898   Elapsed: 1010.35s (16m 50s)  89% completed  (44% total)
     Speed:     ev/sec=16376.1   simsec/sec=0.493924   ev/simsec=33155.1
     Messages:  created: 14252948   present: 1745   in FES: 174
** Event #14975744   t=446.511953360394   Elapsed: 1012.35s (16m 52s)  89% completed  (44% total)
     Speed:     ev/sec=19673   simsec/sec=0.711863   ev/simsec=27635.9
     Messages:  created: 14292161   present: 1795   in FES: 192
** Event #15010560   t=447.51278984566   Elapsed: 1014.38s (16m 54s)  89% completed  (44% total)
     Speed:     ev/sec=17145   simsec/sec=0.492857   ev/simsec=34786.9
     Messages:  created: 14325880   present: 1815   in FES: 198
** Event #15044864   t=448.512621967258   Elapsed: 1016.39s (16m 56s)  89% completed  (44% total)
     Speed:     ev/sec=17106.4   simsec/sec=0.498586   ev/simsec=34309.8
     Messages:  created: 14359216   present: 1832   in FES: 205
** Event #15080448   t=449.517127391905   Elapsed: 1018.39s (16m 58s)  89% completed  (44% total)
     Speed:     ev/sec=17753.2   simsec/sec=0.501156   ev/simsec=35424.4
     Messages:  created: 14394276   present: 1778   in FES: 185
** Event #15116544   t=450.522798065799   Elapsed: 1020.42s (17m 00s)  90% completed  (45% total)
     Speed:     ev/sec=17796.1   simsec/sec=0.495819   ev/simsec=35892.5
     Messages:  created: 14429681   present: 1803   in FES: 190
** Event #15152384   t=451.536204044065   Elapsed: 1022.46s (17m 02s)  90% completed  (45% total)
     Speed:     ev/sec=17558.9   simsec/sec=0.496493   ev/simsec=35365.9
     Messages:  created: 14464752   present: 1797   in FES: 206
** Event #15187968   t=452.530364211373   Elapsed: 1024.47s (17m 04s)  90% completed  (45% total)
     Speed:     ev/sec=17697.2   simsec/sec=0.49443   ev/simsec=35793
     Messages:  created: 14499119   present: 1788   in FES: 183
** Event #15222528   t=453.53381006623   Elapsed: 1026.5s (17m 06s)  90% completed  (45% total)
     Speed:     ev/sec=17077.9   simsec/sec=0.495854   ev/simsec=34441.3
     Messages:  created: 14532000   present: 1786   in FES: 185
** Event #15256064   t=454.52285099517   Elapsed: 1028.5s (17m 08s)  90% completed  (45% total)
     Speed:     ev/sec=16766.5   simsec/sec=0.494477   ev/simsec=33907.6
     Messages:  created: 14563640   present: 1732   in FES: 163
** Event #15290880   t=455.532199253913   Elapsed: 1030.53s (17m 10s)  91% completed  (45% total)
     Speed:     ev/sec=17140.6   simsec/sec=0.496922   ev/simsec=34493.5
     Messages:  created: 14597253   present: 1753   in FES: 172
** Event #15325184   t=456.551730300856   Elapsed: 1032.54s (17m 12s)  91% completed  (45% total)
     Speed:     ev/sec=17105.5   simsec/sec=0.508383   ev/simsec=33646.8
     Messages:  created: 14630115   present: 1819   in FES: 198
** Event #15359488   t=457.562855669471   Elapsed: 1034.54s (17m 14s)  91% completed  (45% total)
     Speed:     ev/sec=17111.4   simsec/sec=0.504365   ev/simsec=33926.6
     Messages:  created: 14662887   present: 1798   in FES: 193
** Event #15393280   t=458.565774856126   Elapsed: 1036.56s (17m 16s)  91% completed  (45% total)
     Speed:     ev/sec=16687.6   simsec/sec=0.495276   ev/simsec=33693.6
     Messages:  created: 14694981   present: 1756   in FES: 177
** Event #15426304   t=459.553592996743   Elapsed: 1038.57s (17m 18s)  91% completed  (45% total)
     Speed:     ev/sec=16490.9   simsec/sec=0.493277   ev/simsec=33431.3
     Messages:  created: 14726113   present: 1749   in FES: 174
** Event #15459840   t=460.553592713908   Elapsed: 1040.58s (17m 20s)  92% completed  (46% total)
     Speed:     ev/sec=16622.4   simsec/sec=0.495659   ev/simsec=33536
     Messages:  created: 14757797   present: 1769   in FES: 182
** Event #15495424   t=461.558084718885   Elapsed: 1042.6s (17m 22s)  92% completed  (46% total)
     Speed:     ev/sec=17667.7   simsec/sec=0.498738   ev/simsec=35424.9
     Messages:  created: 14792277   present: 1820   in FES: 201
** Event #15531264   t=462.552505082105   Elapsed: 1044.6s (17m 24s)  92% completed  (46% total)
     Speed:     ev/sec=17917.8   simsec/sec=0.497149   ev/simsec=36041.1
     Messages:  created: 14827705   present: 1833   in FES: 202
** Event #15565824   t=463.551820726744   Elapsed: 1046.61s (17m 26s)  92% completed  (46% total)
     Speed:     ev/sec=17198.7   simsec/sec=0.497308   ev/simsec=34583.7
     Messages:  created: 14860984   present: 1812   in FES: 195
** Event #15601152   t=464.558168466785   Elapsed: 1048.62s (17m 28s)  92% completed  (46% total)
     Speed:     ev/sec=17583.5   simsec/sec=0.50088   ev/simsec=35105.2
     Messages:  created: 14895365   present: 1794   in FES: 240
** Event #15636992   t=465.564436244426   Elapsed: 1050.65s (17m 30s)  93% completed  (46% total)
     Speed:     ev/sec=17659   simsec/sec=0.495805   ev/simsec=35616.8
     Messages:  created: 14930184   present: 1814   in FES: 206
** Event #15671808   t=466.571976986032   Elapsed: 1052.66s (17m 32s)  93% completed  (46% total)
     Speed:     ev/sec=17315.4   simsec/sec=0.501092   ev/simsec=34555.4
     Messages:  created: 14963526   present: 1786   in FES: 187
** Event #15707392   t=467.579233399172   Elapsed: 1054.67s (17m 34s)  93% completed  (46% total)
     Speed:     ev/sec=17728.7   simsec/sec=0.501837   ev/simsec=35327.6
     Messages:  created: 14997877   present: 1718   in FES: 163
** Event #15742976   t=468.583889747533   Elapsed: 1056.67s (17m 36s)  93% completed  (46% total)
     Speed:     ev/sec=17745   simsec/sec=0.501001   ev/simsec=35419.1
     Messages:  created: 15032399   present: 1769   in FES: 180
** Event #15778304   t=469.586233730687   Elapsed: 1058.7s (17m 38s)  93% completed  (46% total)
     Speed:     ev/sec=17420.9   simsec/sec=0.494274   ev/simsec=35245.4
     Messages:  created: 15066408   present: 1793   in FES: 190
** Event #15821568   t=471.041267210686   Elapsed: 1060.7s (17m 40s)  94% completed  (47% total)
     Speed:     ev/sec=21588.9   simsec/sec=0.726066   ev/simsec=29734
     Messages:  created: 15109815   present: 1816   in FES: 199
** Event #15862272   t=472.085349776968   Elapsed: 1062.7s (17m 42s)  94% completed  (47% total)
     Speed:     ev/sec=20351.5   simsec/sec=0.522028   ev/simsec=38985.4
     Messages:  created: 15149179   present: 1695   in FES: 158
** Event #15902464   t=473.516537065744   Elapsed: 1064.71s (17m 44s)  94% completed  (47% total)
     Speed:     ev/sec=20027.7   simsec/sec=0.713161   ev/simsec=28083
     Messages:  created: 15189568   present: 1817   in FES: 206
** Event #15939072   t=474.53260055604   Elapsed: 1066.73s (17m 46s)  94% completed  (47% total)
     Speed:     ev/sec=18094.8   simsec/sec=0.502225   ev/simsec=36029.2
     Messages:  created: 15225870   present: 1834   in FES: 203
** Event #15975168   t=475.555274095581   Elapsed: 1068.74s (17m 48s)  95% completed  (47% total)
     Speed:     ev/sec=17980.5   simsec/sec=0.509425   ev/simsec=35295.7
     Messages:  created: 15262153   present: 1762   in FES: 179
** Event #16011776   t=476.582473379164   Elapsed: 1070.75s (17m 50s)  95% completed  (47% total)
     Speed:     ev/sec=18241   simsec/sec=0.511833   ev/simsec=35638.7
     Messages:  created: 15298326   present: 1809   in FES: 206
** Event #16047616   t=477.601288606484   Elapsed: 1072.76s (17m 52s)  95% completed  (47% total)
     Speed:     ev/sec=17815.3   simsec/sec=0.50643   ev/simsec=35178.1
     Messages:  created: 15333514   present: 1817   in FES: 198
** Event #16096512   t=479.085404384677   Elapsed: 1074.76s (17m 54s)  95% completed  (47% total)
     Speed:     ev/sec=24445   simsec/sec=0.741966   ev/simsec=32946.2
     Messages:  created: 15382352   present: 1816   in FES: 197
** Event #16138752   t=480.524647187983   Elapsed: 1076.79s (17m 56s)  96% completed  (48% total)
     Speed:     ev/sec=20835.1   simsec/sec=0.709914   ev/simsec=29348.8
     Messages:  created: 15425137   present: 1753   in FES: 172
** Event #16175104   t=481.544589888002   Elapsed: 1078.81s (17m 58s)  96% completed  (48% total)
     Speed:     ev/sec=17932.1   simsec/sec=0.50313   ev/simsec=35641.2
     Messages:  created: 15460443   present: 1836   in FES: 206
** Event #16211968   t=482.558157464096   Elapsed: 1080.83s (18m 00s)  96% completed  (48% total)
     Speed:     ev/sec=18256.6   simsec/sec=0.501962   ev/simsec=36370.5
     Messages:  created: 15496771   present: 1819   in FES: 207
** Event #16248576   t=483.581719828562   Elapsed: 1082.84s (18m 02s)  96% completed  (48% total)
     Speed:     ev/sec=18210.9   simsec/sec=0.509179   ev/simsec=35765.3
     Messages:  created: 15532716   present: 1765   in FES: 180
** Event #16290560   t=485.024203179594   Elapsed: 1084.85s (18m 04s)  97% completed  (48% total)
     Speed:     ev/sec=20966.8   simsec/sec=0.720375   ev/simsec=29105.4
     Messages:  created: 15575060   present: 1797   in FES: 186
** Event #16332288   t=486.079434666433   Elapsed: 1086.85s (18m 06s)  97% completed  (48% total)
     Speed:     ev/sec=20854.3   simsec/sec=0.527369   ev/simsec=39543.9
     Messages:  created: 15615075   present: 1757   in FES: 178
** Event #16372992   t=487.523136581185   Elapsed: 1088.86s (18m 08s)  97% completed  (48% total)
     Speed:     ev/sec=20215.9   simsec/sec=0.717025   ev/simsec=28194.2
     Messages:  created: 15655516   present: 1808   in FES: 191
** Event #16407808   t=488.542344913459   Elapsed: 1090.87s (18m 10s)  97% completed  (48% total)
     Speed:     ev/sec=17333.1   simsec/sec=0.507413   ev/simsec=34159.8
     Messages:  created: 15689210   present: 1987   in FES: 256
** Event #16443136   t=489.566918265385   Elapsed: 1092.89s (18m 12s)  97% completed  (48% total)
     Speed:     ev/sec=17468.7   simsec/sec=0.506623   ev/simsec=34480.7
     Messages:  created: 15723655   present: 1801   in FES: 206
** Event #16478720   t=490.574295203171   Elapsed: 1094.9s (18m 14s)  98% completed  (49% total)
     Speed:     ev/sec=17678.7   simsec/sec=0.50048   ev/simsec=35323.4
     Messages:  created: 15758207   present: 1828   in FES: 203
** Event #16515072   t=491.586901790408   Elapsed: 1096.92s (18m 16s)  98% completed  (49% total)
     Speed:     ev/sec=18045.9   simsec/sec=0.50268   ev/simsec=35899.4
     Messages:  created: 15793749   present: 1709   in FES: 164
** Event #16552960   t=493.016615206253   Elapsed: 1098.92s (18m 18s)  98% completed  (49% total)
     Speed:     ev/sec=18934.7   simsec/sec=0.714505   ev/simsec=26500.4
     Messages:  created: 15830662   present: 1741   in FES: 172
** Event #16599552   t=494.31481874706   Elapsed: 1100.92s (18m 20s)  98% completed  (49% total)
     Speed:     ev/sec=23273.9   simsec/sec=0.648486   ev/simsec=35889.6
     Messages:  created: 15876132   present: 1685   in FES: 156
** Event #16641280   t=495.522980994028   Elapsed: 1102.93s (18m 22s)  99% completed  (49% total)
     Speed:     ev/sec=20783.2   simsec/sec=0.60174   ev/simsec=34538.4
     Messages:  created: 15919549   present: 1808   in FES: 191
** Event #16677376   t=496.531565383421   Elapsed: 1104.95s (18m 24s)  99% completed  (49% total)
     Speed:     ev/sec=17877.5   simsec/sec=0.499528   ev/simsec=35788.8
     Messages:  created: 15954856   present: 2004   in FES: 256
** Event #16715520   t=497.589281600098   Elapsed: 1106.95s (18m 26s)  99% completed  (49% total)
     Speed:     ev/sec=19041   simsec/sec=0.528   ev/simsec=36062.6
     Messages:  created: 15993187   present: 1750   in FES: 177
** Event #16754944   t=499.01661420972   Elapsed: 1108.96s (18m 28s)  99% completed  (49% total)
     Speed:     ev/sec=19663.7   simsec/sec=0.711918   ev/simsec=27620.8
     Messages:  created: 16032377   present: 1823   in FES: 200
** Event #16786794   t=500   Elapsed: 1110.76s (18m 30s)  100% completed  (50% total)
     Speed:     ev/sec=17650.2   simsec/sec=0.541326   ev/simsec=32605.5
     Messages:  created: 16063447   present: 1681   in FES: 155

<!> Simulation time limit reached -- at t=500s, event #16786794
undisposed object: (omnetpp::cMessage) FanetStressNetwork.uav[0].app.debugTimer -- check module destructor
undisposed object: (omnetpp::cMessage) FanetStressNetwork.uav[1].app.debugTimer -- check module destructor
undisposed object: (omnetpp::cMessage) FanetStressNetwork.uav[2].app.debugTimer -- check module destructor
undisposed object: (omnetpp::cMessage) FanetStressNetwork.uav[3].app.debugTimer -- check module destructor
undisposed object: (omnetpp::cMessage) FanetStressNetwork.uav[4].app.debugTimer -- check module destructor
undisposed object: (omnetpp::cMessage) FanetStressNetwork.uav[5].app.debugTimer -- check module destructor
undisposed object: (omnetpp::cMessage) FanetStressNetwork.uav[6].app.debugTimer -- check module destructor
undisposed object: (omnetpp::cMessage) FanetStressNetwork.uav[7].app.debugTimer -- check module destructor
undisposed object: (omnetpp::cMessage) FanetStressNetwork.uav[8].app.debugTimer -- check module destructor
undisposed object: (omnetpp::cMessage) FanetStressNetwork.uav[9].app.debugTimer -- check module destructor
undisposed object: (omnetpp::cMessage) FanetStressNetwork.uav[10].app.debugTimer -- check module destructor
undisposed object: (omnetpp::cMessage) FanetStressNetwork.uav[11].app.debugTimer -- check module destructor
undisposed object: (omnetpp::cMessage) FanetStressNetwork.uav[12].app.debugTimer -- check module destructor
undisposed object: (omnetpp::cMessage) FanetStressNetwork.uav[13].app.debugTimer -- check module destructor
undisposed object: (omnetpp::cMessage) FanetStressNetwork.uav[14].app.debugTimer -- check module destructor
undisposed object: (omnetpp::cMessage) FanetStressNetwork.uav[15].app.debugTimer -- check module destructor
undisposed object: (omnetpp::cMessage) FanetStressNetwork.uav[16].app.debugTimer -- check module destructor
undisposed object: (omnetpp::cMessage) FanetStressNetwork.uav[17].app.debugTimer -- check module destructor
undisposed object: (omnetpp::cMessage) FanetStressNetwork.uav[18].app.debugTimer -- check module destructor
undisposed object: (omnetpp::cMessage) FanetStressNetwork.uav[19].app.debugTimer -- check module destructor
undisposed object: (omnetpp::cMessage) FanetStressNetwork.uav[20].app.debugTimer -- check module destructor
undisposed object: (omnetpp::cMessage) FanetStressNetwork.uav[21].app.debugTimer -- check module destructor
undisposed object: (omnetpp::cMessage) FanetStressNetwork.uav[22].app.debugTimer -- check module destructor
undisposed object: (omnetpp::cMessage) FanetStressNetwork.uav[23].app.debugTimer -- check module destructor
undisposed object: (omnetpp::cMessage) FanetStressNetwork.uav[24].app.debugTimer -- check module destructor
undisposed object: (omnetpp::cMessage) FanetStressNetwork.uav[25].app.debugTimer -- check module destructor
undisposed object: (omnetpp::cMessage) FanetStressNetwork.uav[26].app.debugTimer -- check module destructor
undisposed object: (omnetpp::cMessage) FanetStressNetwork.uav[27].app.debugTimer -- check module destructor
undisposed object: (omnetpp::cMessage) FanetStressNetwork.uav[28].app.debugTimer -- check module destructor
undisposed object: (omnetpp::cMessage) FanetStressNetwork.uav[29].app.debugTimer -- check module destructor
undisposed object: (omnetpp::cMessage) FanetStressNetwork.uav[30].app.debugTimer -- check module destructor
undisposed object: (omnetpp::cMessage) FanetStressNetwork.uav[31].app.debugTimer -- check module destructor
undisposed object: (omnetpp::cMessage) FanetStressNetwork.uav[32].app.debugTimer -- check module destructor
undisposed object: (omnetpp::cMessage) FanetStressNetwork.uav[33].app.debugTimer -- check module destructor
undisposed object: (omnetpp::cMessage) FanetStressNetwork.uav[34].app.debugTimer -- check module destructor
undisposed object: (omnetpp::cMessage) FanetStressNetwork.uav[35].app.debugTimer -- check module destructor
undisposed object: (omnetpp::cMessage) FanetStressNetwork.uav[36].app.debugTimer -- check module destructor
undisposed object: (omnetpp::cMessage) FanetStressNetwork.uav[37].app.debugTimer -- check module destructor
undisposed object: (omnetpp::cMessage) FanetStressNetwork.uav[38].app.debugTimer -- check module destructor
undisposed object: (omnetpp::cMessage) FanetStressNetwork.uav[39].app.debugTimer -- check module destructor
undisposed object: (omnetpp::cMessage) FanetStressNetwork.uav[40].app.debugTimer -- check module destructor
undisposed object: (omnetpp::cMessage) FanetStressNetwork.uav[41].app.debugTimer -- check module destructor
undisposed object: (omnetpp::cMessage) FanetStressNetwork.uav[42].app.debugTimer -- check module destructor
undisposed object: (omnetpp::cMessage) FanetStressNetwork.uav[43].app.debugTimer -- check module destructor
undisposed object: (omnetpp::cMessage) FanetStressNetwork.uav[44].app.debugTimer -- check module destructor
undisposed object: (omnetpp::cMessage) FanetStressNetwork.uav[45].app.debugTimer -- check module destructor
undisposed object: (omnetpp::cMessage) FanetStressNetwork.uav[46].app.debugTimer -- check module destructor
undisposed object: (omnetpp::cMessage) FanetStressNetwork.uav[47].app.debugTimer -- check module destructor
undisposed object: (omnetpp::cMessage) FanetStressNetwork.uav[48].app.debugTimer -- check module destructor
undisposed object: (omnetpp::cMessage) FanetStressNetwork.uav[49].app.debugTimer -- check module destructor
