** Event #0   t=0   Elapsed: 7e-06s (0m 00s)  0% completed  (50% total)
     Speed:     ev/sec=0   simsec/sec=0   ev/simsec=0
     Messages:  created: 1781   present: 1781   in FES: 261
** Event #59904   t=2.501770795814   Elapsed: 2.01085s (0m 02s)  0% completed  (50% total)
     Speed:     ev/sec=29790.9   simsec/sec=1.24414   ev/simsec=23945
     Messages:  created: 54259   present: 1773   in FES: 186
** Event #89344   t=3.534406913461   Elapsed: 4.02683s (0m 04s)  0% completed  (50% total)
     Speed:     ev/sec=14603.3   simsec/sec=0.512226   ev/simsec=28509.6
     Messages:  created: 79093   present: 1824   in FES: 201
** Event #116992   t=4.554551204436   Elapsed: 6.05972s (0m 06s)  0% completed  (50% total)
     Speed:     ev/sec=13600.4   simsec/sec=0.50182   ev/simsec=27102
     Messages:  created: 101553   present: 1745   in FES: 176
** Event #144640   t=5.567806402475   Elapsed: 8.07539s (0m 08s)  1% completed  (50% total)
     Speed:     ev/sec=13716.5   simsec/sec=0.502688   ev/simsec=27286.3
     Messages:  created: 124456   present: 1754   in FES: 175
** Event #171776   t=6.575374771362   Elapsed: 10.0808s (0m 10s)  1% completed  (50% total)
     Speed:     ev/sec=13531.2   simsec/sec=0.502417   ev/simsec=26932.2
     Messages:  created: 146679   present: 1834   in FES: 203
** Event #199680   t=7.602002371764   Elapsed: 12.1093s (0m 12s)  1% completed  (50% total)
     Speed:     ev/sec=13755.9   simsec/sec=0.506098   ev/simsec=27180.3
     Messages:  created: 169328   present: 1761   in FES: 180
** Event #239104   t=9.506990155791   Elapsed: 14.117s (0m 14s)  1% completed  (50% total)
     Speed:     ev/sec=19636.6   simsec/sec=0.948852   ev/simsec=20695.1
     Messages:  created: 201573   present: 1773   in FES: 186
** Event #267008   t=10.525825308714   Elapsed: 16.1456s (0m 16s)  2% completed  (51% total)
     Speed:     ev/sec=13755.5   simsec/sec=0.502245   ev/simsec=27388.1
     Messages:  created: 224309   present: 1792   in FES: 191
** Event #294912   t=11.54099148925   Elapsed: 18.1585s (0m 18s)  2% completed  (51% total)
     Speed:     ev/sec=13862.7   simsec/sec=0.504334   ev/simsec=27487.1
     Messages:  created: 247200   present: 1811   in FES: 194
** Event #323072   t=12.560988280678   Elapsed: 20.1663s (0m 20s)  2% completed  (51% total)
     Speed:     ev/sec=14025.2   simsec/sec=0.508015   ev/simsec=27607.9
     Messages:  created: 270648   present: 1750   in FES: 175
** Event #351488   t=13.591586281609   Elapsed: 22.1761s (0m 22s)  2% completed  (51% total)
     Speed:     ev/sec=14138.8   simsec/sec=0.512788   ev/simsec=27572.3
     Messages:  created: 294086   present: 1781   in FES: 188
** Event #381952   t=15.020576648155   Elapsed: 24.1781s (0m 24s)  3% completed  (51% total)
     Speed:     ev/sec=15216.9   simsec/sec=0.713786   ev/simsec=21318.5
     Messages:  created: 319071   present: 1839   in FES: 206
** Event #418816   t=16.512865060177   Elapsed: 26.2059s (0m 26s)  3% completed  (51% total)
     Speed:     ev/sec=18178.8   simsec/sec=0.735895   ev/simsec=24703
     Messages:  created: 349275   present: 1833   in FES: 206
** Event #447232   t=17.542440296294   Elapsed: 28.2162s (0m 28s)  3% completed  (51% total)
     Speed:     ev/sec=14135.5   simsec/sec=0.51216   ev/simsec=27599.7
     Messages:  created: 373172   present: 1793   in FES: 206
** Event #475648   t=18.568693515085   Elapsed: 30.2197s (0m 30s)  3% completed  (51% total)
     Speed:     ev/sec=14183.1   simsec/sec=0.512228   ev/simsec=27689.1
     Messages:  created: 396833   present: 1780   in FES: 183
** Event #503552   t=19.590154713639   Elapsed: 32.2364s (0m 32s)  3% completed  (51% total)
     Speed:     ev/sec=13836.6   simsec/sec=0.506505   ev/simsec=27317.7
     Messages:  created: 419777   present: 1821   in FES: 206
** Event #539648   t=21.065390435159   Elapsed: 34.2372s (0m 34s)  4% completed  (52% total)
     Speed:     ev/sec=18040.7   simsec/sec=0.73732   ev/simsec=24468
     Messages:  created: 449574   present: 1780   in FES: 183
** Event #570880   t=22.521853772324   Elapsed: 36.244s (0m 36s)  4% completed  (52% total)
     Speed:     ev/sec=15563   simsec/sec=0.725758   ev/simsec=21443.7
     Messages:  created: 475453   present: 1772   in FES: 185
** Event #599296   t=23.534625857126   Elapsed: 38.2606s (0m 38s)  4% completed  (52% total)
     Speed:     ev/sec=14091.4   simsec/sec=0.50223   ev/simsec=28057.6
     Messages:  created: 499064   present: 1812   in FES: 195
** Event #627200   t=24.562740101389   Elapsed: 40.2879s (0m 40s)  4% completed  (52% total)
     Speed:     ev/sec=13763.9   simsec/sec=0.507126   ev/simsec=27141
     Messages:  created: 522005   present: 1763   in FES: 178
** Event #655360   t=25.598578312219   Elapsed: 42.2906s (0m 42s)  5% completed  (52% total)
     Speed:     ev/sec=14061.2   simsec/sec=0.517229   ev/simsec=27185.7
     Messages:  created: 545327   present: 1798   in FES: 193
** Event #693760   t=27.093202736335   Elapsed: 44.2953s (0m 44s)  5% completed  (52% total)
     Speed:     ev/sec=19154.9   simsec/sec=0.745556   ev/simsec=25692.1
     Messages:  created: 576997   present: 1828   in FES: 201
** Event #722688   t=28.526781618557   Elapsed: 46.2979s (0m 46s)  5% completed  (52% total)
     Speed:     ev/sec=14445   simsec/sec=0.715848   ev/simsec=20178.9
     Messages:  created: 600918   present: 1811   in FES: 194
** Event #751872   t=29.566629078766   Elapsed: 48.3124s (0m 48s)  5% completed  (52% total)
     Speed:     ev/sec=14487   simsec/sec=0.516183   ev/simsec=28065.7
     Messages:  created: 625632   present: 1825   in FES: 206
** Event #779776   t=30.58923626688   Elapsed: 50.3313s (0m 50s)  6% completed  (53% total)
     Speed:     ev/sec=13821   simsec/sec=0.506504   ev/simsec=27287.1
     Messages:  created: 648648   present: 1776   in FES: 187
** Event #818432   t=32.093203552044   Elapsed: 52.3325s (0m 52s)  6% completed  (53% total)
     Speed:     ev/sec=19316.7   simsec/sec=0.751546   ev/simsec=25702.7
     Messages:  created: 680737   present: 1777   in FES: 184
** Event #847360   t=33.522781693833   Elapsed: 54.3449s (0m 54s)  6% completed  (53% total)
     Speed:     ev/sec=14375.2   simsec/sec=0.710402   ev/simsec=20235.3
     Messages:  created: 704604   present: 1819   in FES: 198
** Event #876544   t=34.574742649654   Elapsed: 56.3631s (0m 56s)  6% completed  (53% total)
     Speed:     ev/sec=14460.1   simsec/sec=0.521225   ev/simsec=27742.5
     Messages:  created: 729780   present: 1782   in FES: 187
** Event #907520   t=36.020256875132   Elapsed: 58.3704s (0m 58s)  7% completed  (53% total)
     Speed:     ev/sec=15431.8   simsec/sec=0.720135   ev/simsec=21429.1
     Messages:  created: 755634   present: 1725   in FES: 168
** Event #944128   t=37.5217656254   Elapsed: 60.3733s (1m 00s)  7% completed  (53% total)
     Speed:     ev/sec=18277.5   simsec/sec=0.749668   ev/simsec=24380.8
     Messages:  created: 786337   present: 1824   in FES: 201
** Event #973056   t=38.556930364106   Elapsed: 62.3923s (1m 02s)  7% completed  (53% total)
     Speed:     ev/sec=14327.5   simsec/sec=0.512696   ev/simsec=27945.3
     Messages:  created: 810606   present: 1824   in FES: 206
** Event #1001984   t=39.590524901182   Elapsed: 64.3972s (1m 04s)  7% completed  (53% total)
     Speed:     ev/sec=14429.2   simsec/sec=0.515555   ev/simsec=27987.8
     Messages:  created: 834768   present: 1714   in FES: 165
** Event #1041152   t=41.508740282892   Elapsed: 66.43s (1m 06s)  8% completed  (54% total)
     Speed:     ev/sec=19268   simsec/sec=0.943633   ev/simsec=20419
     Messages:  created: 867379   present: 1811   in FES: 206
** Event #1071104   t=42.560005534368   Elapsed: 68.434s (1m 08s)  8% completed  (54% total)
     Speed:     ev/sec=14946.1   simsec/sec=0.524583   ev/simsec=28491.4
     Messages:  created: 893179   present: 1716   in FES: 165
** Event #1105664   t=44.043367722028   Elapsed: 70.4376s (1m 10s)  8% completed  (54% total)
     Speed:     ev/sec=17248.5   simsec/sec=0.740329   ev/simsec=23298.4
     Messages:  created: 922368   present: 1743   in FES: 174
** Event #1142016   t=45.562889807342   Elapsed: 72.4445s (1m 12s)  9% completed  (54% total)
     Speed:     ev/sec=18113.5   simsec/sec=0.75715   ev/simsec=23923.3
     Messages:  created: 953556   present: 1690   in FES: 157
** Event #1183232   t=47.509271144193   Elapsed: 74.4545s (1m 14s)  9% completed  (54% total)
     Speed:     ev/sec=20505.7   simsec/sec=0.968358   ev/simsec=21175.7
     Messages:  created: 989147   present: 1789   in FES: 190
** Event #1214208   t=48.572406418857   Elapsed: 76.4753s (1m 16s)  9% completed  (54% total)
     Speed:     ev/sec=15328.2   simsec/sec=0.526083   ev/simsec=29136.5
     Messages:  created: 1016178   present: 1810   in FES: 193
** Event #1255680   t=50.530334803644   Elapsed: 78.4874s (1m 18s)  10% completed  (55% total)
     Speed:     ev/sec=20612.1   simsec/sec=0.973117   ev/simsec=21181.6
     Messages:  created: 1052016   present: 1806   in FES: 206
** Event #1286400   t=51.598705757217   Elapsed: 80.5016s (1m 20s)  10% completed  (55% total)
     Speed:     ev/sec=15251.7   simsec/sec=0.530421   ev/simsec=28754.1
     Messages:  created: 1078329   present: 1776   in FES: 185
** Event #1327872   t=53.542574457385   Elapsed: 82.5209s (1m 22s)  10% completed  (55% total)
     Speed:     ev/sec=20537.6   simsec/sec=0.962637   ev/simsec=21334.8
     Messages:  created: 1113897   present: 1774   in FES: 183
** Event #1361664   t=55.026406952127   Elapsed: 84.5245s (1m 24s)  11% completed  (55% total)
     Speed:     ev/sec=16865.7   simsec/sec=0.740584   ev/simsec=22773.5
     Messages:  created: 1142647   present: 1815   in FES: 196
** Event #1399552   t=56.543633934407   Elapsed: 86.547s (1m 26s)  11% completed  (55% total)
     Speed:     ev/sec=18732.9   simsec/sec=0.750158   ev/simsec=24971.9
     Messages:  created: 1175189   present: 1769   in FES: 182
** Event #1433600   t=58.029810273426   Elapsed: 88.5482s (1m 28s)  11% completed  (55% total)
     Speed:     ev/sec=17013.8   simsec/sec=0.742643   ev/simsec=22909.8
     Messages:  created: 1204178   present: 1826   in FES: 206
** Event #1470720   t=59.53383650705   Elapsed: 90.5759s (1m 30s)  11% completed  (55% total)
     Speed:     ev/sec=18306.9   simsec/sec=0.741759   ev/simsec=24680.4
     Messages:  created: 1235742   present: 1835   in FES: 206
** Event #1500160   t=60.568344730599   Elapsed: 92.6035s (1m 32s)  12% completed  (56% total)
     Speed:     ev/sec=14519.4   simsec/sec=0.510205   ev/simsec=28458
     Messages:  created: 1260274   present: 1764   in FES: 179
** Event #1533184   t=62.03570181154   Elapsed: 94.6039s (1m 34s)  12% completed  (56% total)
     Speed:     ev/sec=16508.5   simsec/sec=0.733525   ev/simsec=22505.8
     Messages:  created: 1287543   present: 1797   in FES: 206
** Event #1568512   t=63.514324051529   Elapsed: 96.6058s (1m 36s)  12% completed  (56% total)
     Speed:     ev/sec=17647.1   simsec/sec=0.738603   ev/simsec=23892.5
     Messages:  created: 1317035   present: 1829   in FES: 200
** Event #1596928   t=64.536062733102   Elapsed: 98.6301s (1m 38s)  12% completed  (56% total)
     Speed:     ev/sec=14037.9   simsec/sec=0.504754   ev/simsec=27811.4
     Messages:  created: 1340642   present: 1829   in FES: 202
** Event #1624576   t=65.568197302911   Elapsed: 100.645s (1m 40s)  13% completed  (56% total)
     Speed:     ev/sec=13724.2   simsec/sec=0.512342   ev/simsec=26787.2
     Messages:  created: 1363450   present: 1696   in FES: 157
** Event #1652736   t=66.593653598137   Elapsed: 102.649s (1m 42s)  13% completed  (56% total)
     Speed:     ev/sec=14048.4   simsec/sec=0.511578   ev/simsec=27460.9
     Messages:  created: 1386933   present: 1830   in FES: 206
** Event #1690880   t=68.088431301541   Elapsed: 104.652s (1m 44s)  13% completed  (56% total)
     Speed:     ev/sec=19047.9   simsec/sec=0.746443   ev/simsec=25518.2
     Messages:  created: 1418197   present: 1778   in FES: 185
** Event #1719552   t=69.522982689752   Elapsed: 106.659s (1m 46s)  13% completed  (56% total)
     Speed:     ev/sec=14282.8   simsec/sec=0.714613   ev/simsec=19986.7
     Messages:  created: 1441736   present: 1807   in FES: 206
** Event #1747712   t=70.549471721863   Elapsed: 108.677s (1m 48s)  14% completed  (57% total)
     Speed:     ev/sec=13958   simsec/sec=0.508799   ev/simsec=27433.3
     Messages:  created: 1465605   present: 1742   in FES: 173
** Event #1775616   t=71.573584412259   Elapsed: 110.683s (1m 50s)  14% completed  (57% total)
     Speed:     ev/sec=13907.6   simsec/sec=0.510427   ev/simsec=27247
     Messages:  created: 1488761   present: 1694   in FES: 157
** Event #1803776   t=72.596287247013   Elapsed: 112.683s (1m 52s)  14% completed  (57% total)
     Speed:     ev/sec=14080   simsec/sec=0.51135   ev/simsec=27534.9
     Messages:  created: 1512239   present: 1789   in FES: 206
** Event #1842944   t=74.508739964278   Elapsed: 114.691s (1m 54s)  14% completed  (57% total)
     Speed:     ev/sec=19506.9   simsec/sec=0.95246   ev/simsec=20480.5
     Messages:  created: 1545182   present: 1824   in FES: 206
** Event #1871360   t=75.530567447408   Elapsed: 116.702s (1m 56s)  15% completed  (57% total)
     Speed:     ev/sec=14130.2   simsec/sec=0.508116   ev/simsec=27809
     Messages:  created: 1568914   present: 1797   in FES: 190
** Event #1899008   t=76.543832571949   Elapsed: 118.708s (1m 58s)  15% completed  (57% total)
     Speed:     ev/sec=13780.4   simsec/sec=0.505034   ev/simsec=27286
     Messages:  created: 1591497   present: 1783   in FES: 186
** Event #1927680   t=77.573766669068   Elapsed: 120.711s (2m 00s)  15% completed  (57% total)
     Speed:     ev/sec=14315.3   simsec/sec=0.514223   ev/simsec=27838.7
     Messages:  created: 1615171   present: 1920   in FES: 232
** Event #1960192   t=79.029439216193   Elapsed: 122.712s (2m 02s)  15% completed  (57% total)
     Speed:     ev/sec=16248.9   simsec/sec=0.72752   ev/simsec=22334.7
     Messages:  created: 1642068   present: 1827   in FES: 200
** Event #1995264   t=80.508437060961   Elapsed: 124.746s (2m 04s)  16% completed  (58% total)
     Speed:     ev/sec=17243.9   simsec/sec=0.72718   ev/simsec=23713.4
     Messages:  created: 1670774   present: 1803   in FES: 206
** Event #2023936   t=81.531983130348   Elapsed: 126.775s (2m 06s)  16% completed  (58% total)
     Speed:     ev/sec=14130.8   simsec/sec=0.504448   ev/simsec=28012.4
     Messages:  created: 1694615   present: 1834   in FES: 203
** Event #2052096   t=82.546853499744   Elapsed: 128.78s (2m 08s)  16% completed  (58% total)
     Speed:     ev/sec=14046.3   simsec/sec=0.506221   ev/simsec=27747.4
     Messages:  created: 1717817   present: 1801   in FES: 206
** Event #2080768   t=83.581851664868   Elapsed: 130.797s (2m 10s)  16% completed  (58% total)
     Speed:     ev/sec=14216   simsec/sec=0.513166   ev/simsec=27702.5
     Messages:  created: 1741629   present: 1804   in FES: 206
** Event #2108416   t=84.591723857869   Elapsed: 132.797s (2m 12s)  16% completed  (58% total)
     Speed:     ev/sec=13823.1   simsec/sec=0.504903   ev/simsec=27377.7
     Messages:  created: 1764231   present: 1823   in FES: 200
** Event #2148096   t=86.505268838495   Elapsed: 134.804s (2m 14s)  17% completed  (58% total)
     Speed:     ev/sec=19771.3   simsec/sec=0.953461   ev/simsec=20736.4
     Messages:  created: 1796949   present: 1785   in FES: 190
** Event #2176256   t=87.534671206513   Elapsed: 136.807s (2m 16s)  17% completed  (58% total)
     Speed:     ev/sec=14054.9   simsec/sec=0.513784   ev/simsec=27355.7
     Messages:  created: 1820249   present: 1793   in FES: 206
** Event #2204672   t=88.559698734599   Elapsed: 138.811s (2m 18s)  17% completed  (58% total)
     Speed:     ev/sec=14183.6   simsec/sec=0.511632   ev/simsec=27722.2
     Messages:  created: 1843741   present: 1696   in FES: 157
** Event #2233344   t=89.591511502399   Elapsed: 140.833s (2m 20s)  17% completed  (58% total)
     Speed:     ev/sec=14179.5   simsec/sec=0.510275   ev/simsec=27788
     Messages:  created: 1867934   present: 1733   in FES: 172
** Event #2273280   t=91.507753963497   Elapsed: 142.857s (2m 22s)  18% completed  (59% total)
     Speed:     ev/sec=19732.6   simsec/sec=0.946827   ev/simsec=20840.8
     Messages:  created: 1901362   present: 1797   in FES: 192
** Event #2302208   t=92.545582052394   Elapsed: 144.875s (2m 24s)  18% completed  (59% total)
     Speed:     ev/sec=14334.1   simsec/sec=0.514253   ev/simsec=27873.6
     Messages:  created: 1925696   present: 1799   in FES: 194
** Event #2331648   t=93.593024840202   Elapsed: 146.894s (2m 26s)  18% completed  (59% total)
     Speed:     ev/sec=14582.1   simsec/sec=0.518815   ev/simsec=28106.5
     Messages:  created: 1950404   present: 1834   in FES: 203
** Event #2371584   t=95.511360276223   Elapsed: 148.92s (2m 28s)  19% completed  (59% total)
     Speed:     ev/sec=19711   simsec/sec=0.946822   ev/simsec=20818
     Messages:  created: 1983877   present: 1790   in FES: 189
** Event #2401024   t=96.563462336133   Elapsed: 150.932s (2m 30s)  19% completed  (59% total)
     Speed:     ev/sec=14628.9   simsec/sec=0.522797   ev/simsec=27982.1
     Messages:  created: 2008799   present: 1792   in FES: 191
** Event #2434048   t=98.026406403496   Elapsed: 152.932s (2m 32s)  19% completed  (59% total)
     Speed:     ev/sec=16511.2   simsec/sec=0.731437   ev/simsec=22573.7
     Messages:  created: 2036921   present: 1842   in FES: 205
** Event #2471424   t=99.544023714268   Elapsed: 154.941s (2m 34s)  19% completed  (59% total)
     Speed:     ev/sec=18604   simsec/sec=0.755398   ev/simsec=24628.1
     Messages:  created: 2068685   present: 1806   in FES: 195
** Event #2502144   t=100.599271932257   Elapsed: 156.958s (2m 36s)  20% completed  (60% total)
     Speed:     ev/sec=15231.9   simsec/sec=0.523223   ev/simsec=29111.6
     Messages:  created: 2095294   present: 1779   in FES: 188
** Event #2557440   t=102.506217539773   Elapsed: 158.962s (2m 38s)  20% completed  (60% total)
     Speed:     ev/sec=27592.7   simsec/sec=0.951565   ev/simsec=28997.2
     Messages:  created: 2151997   present: 1773   in FES: 186
** Event #2594816   t=103.546459022447   Elapsed: 160.981s (2m 40s)  20% completed  (60% total)
     Speed:     ev/sec=18514.8   simsec/sec=0.5153   ev/simsec=35930.1
     Messages:  created: 2188568   present: 1797   in FES: 192
** Event #2632192   t=104.590908908762   Elapsed: 162.995s (2m 42s)  20% completed  (60% total)
     Speed:     ev/sec=18554   simsec/sec=0.518482   ev/simsec=35785.3
     Messages:  created: 2225137   present: 1840   in FES: 206
** Event #2682112   t=106.095558435898   Elapsed: 164.997s (2m 44s)  21% completed  (60% total)
     Speed:     ev/sec=24936.6   simsec/sec=0.75162   ev/simsec=33177.2
     Messages:  created: 2274342   present: 1836   in FES: 205
** Event #2723328   t=107.531852323719   Elapsed: 167.021s (2m 47s)  21% completed  (60% total)
     Speed:     ev/sec=20368.3   simsec/sec=0.709792   ev/simsec=28696.1
     Messages:  created: 2316209   present: 1821   in FES: 202
** Event #2760192   t=108.564806584727   Elapsed: 169.038s (2m 49s)  21% completed  (60% total)
     Speed:     ev/sec=18277.1   simsec/sec=0.512136   ev/simsec=35687.9
     Messages:  created: 2352310   present: 1797   in FES: 207
** Event #2797312   t=109.61129620989   Elapsed: 171.054s (2m 51s)  21% completed  (60% total)
     Speed:     ev/sec=18408.8   simsec/sec=0.518983   ev/simsec=35471
     Messages:  created: 2388609   present: 1704   in FES: 163
** Event #2847744   t=111.165188928902   Elapsed: 173.054s (2m 53s)  22% completed  (61% total)
     Speed:     ev/sec=25214.5   simsec/sec=0.7769   ev/simsec=32455.3
     Messages:  created: 2438193   present: 1764   in FES: 183
** Event #2888192   t=112.526176216144   Elapsed: 175.078s (2m 55s)  22% completed  (61% total)
     Speed:     ev/sec=19989.4   simsec/sec=0.672599   ev/simsec=29719.6
     Messages:  created: 2479464   present: 1770   in FES: 183
** Event #2924800   t=113.55066989192   Elapsed: 177.107s (2m 57s)  22% completed  (61% total)
     Speed:     ev/sec=18038   simsec/sec=0.504804   ev/simsec=35732.8
     Messages:  created: 2515369   present: 1734   in FES: 171
** Event #2961408   t=114.574934708956   Elapsed: 179.129s (2m 59s)  22% completed  (61% total)
     Speed:     ev/sec=18107.8   simsec/sec=0.506642   ev/simsec=35740.8
     Messages:  created: 2551233   present: 1804   in FES: 191
** Event #3000576   t=115.985398885814   Elapsed: 181.129s (3m 01s)  23% completed  (61% total)
     Speed:     ev/sec=19583.8   simsec/sec=0.705226   ev/simsec=27769.6
     Messages:  created: 2590814   present: 1817   in FES: 206
** Event #3051008   t=117.507130194948   Elapsed: 183.147s (3m 03s)  23% completed  (61% total)
     Speed:     ev/sec=24985   simsec/sec=0.753897   ev/simsec=33141.2
     Messages:  created: 2640440   present: 1794   in FES: 191
** Event #3086336   t=118.533727890319   Elapsed: 185.167s (3m 05s)  23% completed  (61% total)
     Speed:     ev/sec=17493.7   simsec/sec=0.50835   ev/simsec=34412.7
     Messages:  created: 2674260   present: 1829   in FES: 206
** Event #3121920   t=119.565637672825   Elapsed: 187.193s (3m 07s)  23% completed  (61% total)
     Speed:     ev/sec=17559.6   simsec/sec=0.509215   ev/simsec=34483.6
     Messages:  created: 2708420   present: 1811   in FES: 206
** Event #3157504   t=120.6037155524   Elapsed: 189.226s (3m 09s)  24% completed  (62% total)
     Speed:     ev/sec=17507.4   simsec/sec=0.510736   ev/simsec=34278.7
     Messages:  created: 2742359   present: 1725   in FES: 168
** Event #3207424   t=122.235665625402   Elapsed: 191.228s (3m 11s)  24% completed  (62% total)
     Speed:     ev/sec=24930.6   simsec/sec=0.815013   ev/simsec=30589.2
     Messages:  created: 2791339   present: 1719   in FES: 166
** Event #3246848   t=123.532081368493   Elapsed: 193.245s (3m 13s)  24% completed  (62% total)
     Speed:     ev/sec=19548.1   simsec/sec=0.642819   ev/simsec=30410
     Messages:  created: 2831102   present: 1842   in FES: 206
** Event #3284480   t=124.586853190913   Elapsed: 195.258s (3m 15s)  24% completed  (62% total)
     Speed:     ev/sec=18691.3   simsec/sec=0.523892   ev/simsec=35677.9
     Messages:  created: 2868552   present: 1822   in FES: 206
** Event #3325696   t=126.001860798357   Elapsed: 197.261s (3m 17s)  25% completed  (62% total)
     Speed:     ev/sec=20584.4   simsec/sec=0.706695   ev/simsec=29127.8
     Messages:  created: 2910574   present: 1830   in FES: 203
** Event #3376640   t=127.511356429394   Elapsed: 199.283s (3m 19s)  25% completed  (62% total)
     Speed:     ev/sec=25189.1   simsec/sec=0.746365   ev/simsec=33749
     Messages:  created: 2961882   present: 1777   in FES: 186
** Event #3415296   t=128.55368384514   Elapsed: 201.286s (3m 21s)  25% completed  (62% total)
     Speed:     ev/sec=19301.1   simsec/sec=0.520438   ev/simsec=37086.2
     Messages:  created: 3000560   present: 1747   in FES: 176
** Event #3454464   t=129.605458251891   Elapsed: 203.294s (3m 23s)  25% completed  (62% total)
     Speed:     ev/sec=19503.9   simsec/sec=0.523737   ev/simsec=37239.9
     Messages:  created: 3040001   present: 1797   in FES: 192
** Event #3510528   t=131.518896778814   Elapsed: 205.309s (3m 25s)  26% completed  (63% total)
     Speed:     ev/sec=27823.1   simsec/sec=0.949588   ev/simsec=29300.1
     Messages:  created: 3098018   present: 1832   in FES: 203
** Event #3548416   t=132.564415769798   Elapsed: 207.334s (3m 27s)  26% completed  (63% total)
     Speed:     ev/sec=18713   simsec/sec=0.516386   ev/simsec=36238.5
     Messages:  created: 3135207   present: 1789   in FES: 190
** Event #3588096   t=133.915188114979   Elapsed: 209.335s (3m 29s)  26% completed  (63% total)
     Speed:     ev/sec=19830.4   simsec/sec=0.675059   ev/simsec=29375.8
     Messages:  created: 3174992   present: 1831   in FES: 206
** Event #3639552   t=135.520853024351   Elapsed: 211.348s (3m 31s)  27% completed  (63% total)
     Speed:     ev/sec=25563.2   simsec/sec=0.797691   ev/simsec=32046.5
     Messages:  created: 3227173   present: 1828   in FES: 203
** Event #3678720   t=136.564033057133   Elapsed: 213.364s (3m 33s)  27% completed  (63% total)
     Speed:     ev/sec=19422.6   simsec/sec=0.51729   ev/simsec=37546.7
     Messages:  created: 3266028   present: 1782   in FES: 185
** Event #3728128   t=138.066232103331   Elapsed: 215.364s (3m 35s)  27% completed  (63% total)
     Speed:     ev/sec=24701.9   simsec/sec=0.751036   ev/simsec=32890.4
     Messages:  created: 3316414   present: 1849   in FES: 204
** Event #3771392   t=139.533696462061   Elapsed: 217.37s (3m 37s)  27% completed  (63% total)
     Speed:     ev/sec=21570.2   simsec/sec=0.731637   ev/simsec=29482.1
     Messages:  created: 3360035   present: 1804   in FES: 195
** Event #3809792   t=140.576255597356   Elapsed: 219.371s (3m 39s)  28% completed  (64% total)
     Speed:     ev/sec=19188.8   simsec/sec=0.520976   ev/simsec=36832.4
     Messages:  created: 3398543   present: 1857   in FES: 206
** Event #3855616   t=142.051653497139   Elapsed: 221.374s (3m 41s)  28% completed  (64% total)
     Speed:     ev/sec=22877.8   simsec/sec=0.736597   ev/simsec=31058.7
     Messages:  created: 3444296   present: 1839   in FES: 206
** Event #3901184   t=143.519840974123   Elapsed: 223.378s (3m 43s)  28% completed  (64% total)
     Speed:     ev/sec=22740.2   simsec/sec=0.732682   ev/simsec=31036.9
     Messages:  created: 3490204   present: 1818   in FES: 197
** Event #3937792   t=144.540843986023   Elapsed: 225.384s (3m 45s)  28% completed  (64% total)
     Speed:     ev/sec=18247.5   simsec/sec=0.508927   ev/simsec=35854.9
     Messages:  created: 3525939   present: 1813   in FES: 194
** Event #3973888   t=145.556903399984   Elapsed: 227.406s (3m 47s)  29% completed  (64% total)
     Speed:     ev/sec=17856.5   simsec/sec=0.50264   ev/simsec=35525.5
     Messages:  created: 3561205   present: 1779   in FES: 186
** Event #4010240   t=146.568348453849   Elapsed: 229.432s (3m 49s)  29% completed  (64% total)
     Speed:     ev/sec=17942.3   simsec/sec=0.499221   ev/simsec=35940.7
     Messages:  created: 3596787   present: 1809   in FES: 194
** Event #4046336   t=147.600913651071   Elapsed: 231.447s (3m 51s)  29% completed  (64% total)
     Speed:     ev/sec=17915.7   simsec/sec=0.512499   ev/simsec=34957.6
     Messages:  created: 3631848   present: 1833   in FES: 206
** Event #4085760   t=149.000674841312   Elapsed: 233.451s (3m 53s)  29% completed  (64% total)
     Speed:     ev/sec=19673   simsec/sec=0.698495   ev/simsec=28164.8
     Messages:  created: 3671706   present: 1790   in FES: 191
** Event #4135680   t=150.426627602995   Elapsed: 235.455s (3m 55s)  30% completed  (65% total)
     Speed:     ev/sec=24909.6   simsec/sec=0.711536   ev/simsec=35008.2
     Messages:  created: 3720633   present: 1735   in FES: 172
** Event #4172032   t=151.508892983052   Elapsed: 237.485s (3m 57s)  30% completed  (65% total)
     Speed:     ev/sec=17904.7   simsec/sec=0.533057   ev/simsec=33588.8
     Messages:  created: 3756113   present: 1835   in FES: 204
** Event #4207360   t=152.518582030775   Elapsed: 239.504s (3m 59s)  30% completed  (65% total)
     Speed:     ev/sec=17496.4   simsec/sec=0.500054   ev/simsec=34989
     Messages:  created: 3790072   present: 1752   in FES: 179
** Event #4241920   t=153.522516544707   Elapsed: 241.513s (4m 01s)  30% completed  (65% total)
     Speed:     ev/sec=17206.2   simsec/sec=0.499824   ev/simsec=34424.6
     Messages:  created: 3823257   present: 1838   in FES: 205
** Event #4276480   t=154.518582349627   Elapsed: 243.532s (4m 03s)  30% completed  (65% total)
     Speed:     ev/sec=17111.2   simsec/sec=0.493168   ev/simsec=34696.5
     Messages:  created: 3856178   present: 1732   in FES: 171
** Event #4313344   t=155.485664784725   Elapsed: 245.535s (4m 05s)  31% completed  (65% total)
     Speed:     ev/sec=18404.5   simsec/sec=0.482819   ev/simsec=38118.8
     Messages:  created: 3892560   present: 1747   in FES: 178
** Event #4350720   t=156.509906028083   Elapsed: 247.543s (4m 07s)  31% completed  (65% total)
     Speed:     ev/sec=18618   simsec/sec=0.510201   ev/simsec=36491.4
     Messages:  created: 3929578   present: 1756   in FES: 179
** Event #4386304   t=157.444404641398   Elapsed: 249.543s (4m 09s)  31% completed  (65% total)
     Speed:     ev/sec=17790.6   simsec/sec=0.467213   ev/simsec=38078.2
     Messages:  created: 3964257   present: 1748   in FES: 179
** Event #4418304   t=158.07432362113   Elapsed: 251.544s (4m 11s)  31% completed  (65% total)
     Speed:     ev/sec=15989.5   simsec/sec=0.314754   ev/simsec=50800.2
     Messages:  created: 3995531   present: 1812   in FES: 195
** Event #4451328   t=159.024291305244   Elapsed: 253.546s (4m 13s)  31% completed  (65% total)
     Speed:     ev/sec=16494.2   simsec/sec=0.474472   ev/simsec=34763.3
     Messages:  created: 4029496   present: 1747   in FES: 174
** Event #4484608   t=160.006793129268   Elapsed: 255.547s (4m 15s)  32% completed  (66% total)
     Speed:     ev/sec=16638.1   simsec/sec=0.491195   ev/simsec=33872.7
     Messages:  created: 4062459   present: 1829   in FES: 202
** Event #4518912   t=160.966984832329   Elapsed: 257.549s (4m 17s)  32% completed  (66% total)
     Speed:     ev/sec=17130.3   simsec/sec=0.47949   ev/simsec=35726.2
     Messages:  created: 4095765   present: 1681   in FES: 155
** Event #4551680   t=161.675723136966   Elapsed: 259.551s (4m 19s)  32% completed  (66% total)
     Speed:     ev/sec=16371.1   simsec/sec=0.35409   ev/simsec=46234.3
     Messages:  created: 4126522   present: 1805   in FES: 206
** Event #4586752   t=162.665511709091   Elapsed: 261.553s (4m 21s)  32% completed  (66% total)
     Speed:     ev/sec=17520.5   simsec/sec=0.494458   ev/simsec=35433.8
     Messages:  created: 4160570   present: 1796   in FES: 227
** Event #4622080   t=163.664920456475   Elapsed: 263.587s (4m 23s)  32% completed  (66% total)
     Speed:     ev/sec=17368.8   simsec/sec=0.491353   ev/simsec=35348.9
     Messages:  created: 4194559   present: 1684   in FES: 156
** Event #4657408   t=164.603617664602   Elapsed: 265.588s (4m 25s)  32% completed  (66% total)
     Speed:     ev/sec=17655.5   simsec/sec=0.469123   ev/simsec=37635.1
     Messages:  created: 4228984   present: 1837   in FES: 206
** Event #4692224   t=165.597695517053   Elapsed: 267.61s (4m 27s)  33% completed  (66% total)
     Speed:     ev/sec=17218.2   simsec/sec=0.491619   ev/simsec=35023.4
     Messages:  created: 4262672   present: 1760   in FES: 179
** Event #4727296   t=166.601236730986   Elapsed: 269.641s (4m 29s)  33% completed  (66% total)
     Speed:     ev/sec=17268.1   simsec/sec=0.494104   ev/simsec=34948.2
     Messages:  created: 4296781   present: 1782   in FES: 187
** Event #4761344   t=167.597237129721   Elapsed: 271.668s (4m 31s)  33% completed  (66% total)
     Speed:     ev/sec=16794.3   simsec/sec=0.491281   ev/simsec=34184.7
     Messages:  created: 4329170   present: 1741   in FES: 174
** Event #4795648   t=168.597236406264   Elapsed: 273.68s (4m 33s)  33% completed  (66% total)
     Speed:     ev/sec=17050.2   simsec/sec=0.497033   ev/simsec=34304
     Messages:  created: 4361939   present: 1808   in FES: 195
** Event #4830208   t=169.595768881989   Elapsed: 275.68s (4m 35s)  33% completed  (66% total)
     Speed:     ev/sec=17275.3   simsec/sec=0.499129   ev/simsec=34610.8
     Messages:  created: 4395305   present: 1805   in FES: 194
** Event #4864000   t=170.571640998983   Elapsed: 277.682s (4m 37s)  34% completed  (67% total)
     Speed:     ev/sec=16884.8   simsec/sec=0.487612   ev/simsec=34627.5
     Messages:  created: 4427720   present: 2017   in FES: 256
** Event #4898560   t=171.571028944737   Elapsed: 279.718s (4m 39s)  34% completed  (67% total)
     Speed:     ev/sec=16971.7   simsec/sec=0.490779   ev/simsec=34581.2
     Messages:  created: 4460750   present: 1830   in FES: 197
** Event #4932096   t=172.569263396115   Elapsed: 281.725s (4m 41s)  34% completed  (67% total)
     Speed:     ev/sec=16707.6   simsec/sec=0.497319   ev/simsec=33595.3
     Messages:  created: 4492558   present: 1847   in FES: 206
** Event #4966400   t=173.565292657549   Elapsed: 283.732s (4m 43s)  34% completed  (67% total)
     Speed:     ev/sec=17095.1   simsec/sec=0.496363   ev/simsec=34440.8
     Messages:  created: 4525046   present: 1787   in FES: 188
** Event #5004544   t=174.564583921177   Elapsed: 285.776s (4m 45s)  34% completed  (67% total)
     Speed:     ev/sec=18657.8   simsec/sec=0.488793   ev/simsec=38171.1
     Messages:  created: 4563540   present: 1794   in FES: 206
** Event #5038080   t=175.554152975014   Elapsed: 287.796s (4m 47s)  35% completed  (67% total)
     Speed:     ev/sec=16604.4   simsec/sec=0.489958   ev/simsec=33889.5
     Messages:  created: 4595296   present: 1792   in FES: 191
** Event #5071104   t=176.553675066491   Elapsed: 289.833s (4m 49s)  35% completed  (67% total)
     Speed:     ev/sec=16213.7   simsec/sec=0.490734   ev/simsec=33039.8
     Messages:  created: 4626339   present: 1828   in FES: 206
** Event #5104128   t=177.547848112313   Elapsed: 291.852s (4m 51s)  35% completed  (67% total)
     Speed:     ev/sec=16352.8   simsec/sec=0.492295   ev/simsec=33217.6
     Messages:  created: 4657404   present: 1809   in FES: 198
** Event #5137408   t=178.533209323285   Elapsed: 293.878s (4m 53s)  35% completed  (67% total)
     Speed:     ev/sec=16430   simsec/sec=0.486463   ev/simsec=33774.4
     Messages:  created: 4688746   present: 1779   in FES: 182
** Event #5171200   t=179.536076046404   Elapsed: 295.898s (4m 55s)  35% completed  (67% total)
     Speed:     ev/sec=16729.7   simsec/sec=0.496499   ev/simsec=33695.4
     Messages:  created: 4720909   present: 1722   in FES: 163
** Event #5204736   t=180.545247224786   Elapsed: 297.916s (4m 57s)  36% completed  (68% total)
     Speed:     ev/sec=16614.3   simsec/sec=0.499961   ev/simsec=33231.2
     Messages:  created: 4752904   present: 1836   in FES: 205
** Event #5238016   t=181.535548279547   Elapsed: 299.945s (4m 59s)  36% completed  (68% total)
     Speed:     ev/sec=16401.4   simsec/sec=0.488052   ev/simsec=33605.9
     Messages:  created: 4784114   present: 1716   in FES: 161
** Event #5273088   t=182.549475119408   Elapsed: 301.979s (5m 01s)  36% completed  (68% total)
     Speed:     ev/sec=17243.4   simsec/sec=0.498504   ev/simsec=34590.3
     Messages:  created: 4817751   present: 1789   in FES: 190
** Event #5307904   t=183.555478973633   Elapsed: 304.001s (5m 04s)  36% completed  (68% total)
     Speed:     ev/sec=17220.6   simsec/sec=0.497588   ev/simsec=34608.2
     Messages:  created: 4851175   present: 1808   in FES: 196
** Event #5343232   t=184.56633681981   Elapsed: 306.014s (5m 06s)  36% completed  (68% total)
     Speed:     ev/sec=17554.7   simsec/sec=0.502301   ev/simsec=34948.5
     Messages:  created: 4885317   present: 1751   in FES: 176
** Event #5378560   t=185.574718642677   Elapsed: 308.017s (5m 08s)  37% completed  (68% total)
     Speed:     ev/sec=17632.6   simsec/sec=0.503294   ev/simsec=35034.3
     Messages:  created: 4919711   present: 1851   in FES: 204
** Event #5413632   t=186.597002268478   Elapsed: 310.021s (5m 10s)  37% completed  (68% total)
     Speed:     ev/sec=17500.3   simsec/sec=0.5101   ev/simsec=34307.5
     Messages:  created: 4953550   present: 1764   in FES: 183
** Event #5451776   t=187.916321605365   Elapsed: 312.022s (5m 12s)  37% completed  (68% total)
     Speed:     ev/sec=19063.3   simsec/sec=0.65936   ev/simsec=28911.9
     Messages:  created: 4991822   present: 1842   in FES: 225
** Event #5498368   t=189.093203014958   Elapsed: 314.026s (5m 14s)  37% completed  (68% total)
     Speed:     ev/sec=23249.9   simsec/sec=0.587277   ev/simsec=39589.4
     Messages:  created: 5036313   present: 1787   in FES: 188
** Event #5540096   t=190.519833670508   Elapsed: 316.027s (5m 16s)  38% completed  (69% total)
     Speed:     ev/sec=20854.9   simsec/sec=0.713006   ev/simsec=29249.3
     Messages:  created: 5079168   present: 1802   in FES: 193
** Event #5577216   t=191.544368752025   Elapsed: 318.044s (5m 18s)  38% completed  (69% total)
     Speed:     ev/sec=18403.5   simsec/sec=0.507949   ev/simsec=36231.1
     Messages:  created: 5115848   present: 1805   in FES: 206
** Event #5613568   t=192.555191976024   Elapsed: 320.054s (5m 20s)  38% completed  (69% total)
     Speed:     ev/sec=18087.3   simsec/sec=0.502945   ev/simsec=35962.8
     Messages:  created: 5151436   present: 1790   in FES: 189
** Event #5649920   t=193.567267638299   Elapsed: 322.074s (5m 22s)  38% completed  (69% total)
     Speed:     ev/sec=17990.6   simsec/sec=0.500877   ev/simsec=35918.3
     Messages:  created: 5186992   present: 1822   in FES: 199
** Event #5685504   t=194.589413282514   Elapsed: 324.074s (5m 24s)  38% completed  (69% total)
     Speed:     ev/sec=17791.4   simsec/sec=0.511056   ev/simsec=34813
     Messages:  created: 5221592   present: 1834   in FES: 205
** Event #5728000   t=196.029439403776   Elapsed: 326.079s (5m 26s)  39% completed  (69% total)
     Speed:     ev/sec=21197.1   simsec/sec=0.718288   ev/simsec=29510.6
     Messages:  created: 5263798   present: 1822   in FES: 199
** Event #5771008   t=197.087909878921   Elapsed: 328.084s (5m 28s)  39% completed  (69% total)
     Speed:     ev/sec=21452.2   simsec/sec=0.527959   ev/simsec=40632.2
     Messages:  created: 5305615   present: 1809   in FES: 196
** Event #5812480   t=198.51294916722   Elapsed: 330.102s (5m 30s)  39% completed  (69% total)
     Speed:     ev/sec=20550.5   simsec/sec=0.706146   ev/simsec=29102.4
     Messages:  created: 5347457   present: 1803   in FES: 196
** Event #5848064   t=199.507237174192   Elapsed: 332.108s (5m 32s)  39% completed  (69% total)
     Speed:     ev/sec=17742.7   simsec/sec=0.495768   ev/simsec=35788.4
     Messages:  created: 5382244   present: 1781   in FES: 188
** Event #5884928   t=200.520380090991   Elapsed: 334.132s (5m 34s)  40% completed  (70% total)
     Speed:     ev/sec=18205.8   simsec/sec=0.500355   ev/simsec=36385.8
     Messages:  created: 5418473   present: 1771   in FES: 182
** Event #5921536   t=201.540066319094   Elapsed: 336.135s (5m 36s)  40% completed  (70% total)
     Speed:     ev/sec=18279.5   simsec/sec=0.509161   ev/simsec=35901.2
     Messages:  created: 5454537   present: 1816   in FES: 206
** Event #5957632   t=202.548099751906   Elapsed: 338.141s (5m 38s)  40% completed  (70% total)
     Speed:     ev/sec=17998.7   simsec/sec=0.502639   ev/simsec=35808.3
     Messages:  created: 5489742   present: 1803   in FES: 192
** Event #5995008   t=203.567076763789   Elapsed: 340.143s (5m 40s)  40% completed  (70% total)
     Speed:     ev/sec=18664   simsec/sec=0.508833   ev/simsec=36679.9
     Messages:  created: 5526970   present: 1778   in FES: 183
** Event #6031872   t=204.583814333035   Elapsed: 342.16s (5m 42s)  40% completed  (70% total)
     Speed:     ev/sec=18281.3   simsec/sec=0.504211   ev/simsec=36257.1
     Messages:  created: 5563582   present: 1824   in FES: 201
** Event #6068736   t=205.608505149158   Elapsed: 344.16s (5m 44s)  41% completed  (70% total)
     Speed:     ev/sec=18426.5   simsec/sec=0.512194   ev/simsec=35975.7
     Messages:  created: 5600011   present: 1800   in FES: 206
** Event #6110208   t=206.985619292301   Elapsed: 346.16s (5m 46s)  41% completed  (70% total)
     Speed:     ev/sec=20734.9   simsec/sec=0.688521   ev/simsec=30115.2
     Messages:  created: 5642678   present: 1836   in FES: 208
** Event #6158336   t=208.088430967756   Elapsed: 348.162s (5m 48s)  41% completed  (70% total)
     Speed:     ev/sec=24046.2   simsec/sec=0.550999   ev/simsec=43641.2
     Messages:  created: 5690110   present: 1754   in FES: 177
** Event #6201088   t=209.510280448549   Elapsed: 350.166s (5m 50s)  41% completed  (70% total)
     Speed:     ev/sec=21333.8   simsec/sec=0.709521   ev/simsec=30067.9
     Messages:  created: 5734676   present: 1830   in FES: 203
** Event #6238208   t=210.519794310936   Elapsed: 352.186s (5m 52s)  42% completed  (71% total)
     Speed:     ev/sec=18373.3   simsec/sec=0.499678   ev/simsec=36770.2
     Messages:  created: 5771641   present: 1789   in FES: 206
** Event #6275584   t=211.537769511241   Elapsed: 354.199s (5m 54s)  42% completed  (71% total)
     Speed:     ev/sec=18568.2   simsec/sec=0.505725   ev/simsec=36716
     Messages:  created: 5809164   present: 1821   in FES: 200
** Event #6313728   t=212.564585801885   Elapsed: 356.209s (5m 56s)  42% completed  (71% total)
     Speed:     ev/sec=18974.3   simsec/sec=0.510778   ev/simsec=37147.8
     Messages:  created: 5847798   present: 1821   in FES: 206
** Event #6351616   t=213.567890598857   Elapsed: 358.226s (5m 58s)  42% completed  (71% total)
     Speed:     ev/sec=18790.5   simsec/sec=0.497587   ev/simsec=37763.2
     Messages:  created: 5885934   present: 1814   in FES: 206
** Event #6388992   t=214.576994347831   Elapsed: 360.237s (6m 00s)  42% completed  (71% total)
     Speed:     ev/sec=18581.5   simsec/sec=0.501675   ev/simsec=37038.8
     Messages:  created: 5923633   present: 1813   in FES: 194
** Event #6426624   t=215.596726929783   Elapsed: 362.241s (6m 02s)  43% completed  (71% total)
     Speed:     ev/sec=18781.1   simsec/sec=0.508919   ev/simsec=36903.8
     Messages:  created: 5961197   present: 1698   in FES: 159
** Event #6471424   t=217.02990524832   Elapsed: 364.242s (6m 04s)  43% completed  (71% total)
     Speed:     ev/sec=22383.4   simsec/sec=0.716059   ev/simsec=31259.2
     Messages:  created: 6006799   present: 1766   in FES: 179
** Event #6520320   t=218.41653768976   Elapsed: 366.245s (6m 06s)  43% completed  (71% total)
     Speed:     ev/sec=24410.3   simsec/sec=0.692248   ev/simsec=35262.4
     Messages:  created: 6056869   present: 1815   in FES: 207
** Event #6558464   t=219.517941650916   Elapsed: 368.276s (6m 08s)  43% completed  (71% total)
     Speed:     ev/sec=18782.1   simsec/sec=0.54233   ev/simsec=34632.2
     Messages:  created: 6095388   present: 1755   in FES: 176
** Event #6595328   t=220.529519746662   Elapsed: 370.291s (6m 10s)  44% completed  (72% total)
     Speed:     ev/sec=18296.7   simsec/sec=0.502077   ev/simsec=36442.1
     Messages:  created: 6131910   present: 1792   in FES: 187
** Event #6633216   t=221.568191919711   Elapsed: 372.307s (6m 12s)  44% completed  (72% total)
     Speed:     ev/sec=18796.6   simsec/sec=0.515295   ev/simsec=36477.3
     Messages:  created: 6169908   present: 1789   in FES: 188
** Event #6670848   t=222.665145443036   Elapsed: 374.315s (6m 14s)  44% completed  (72% total)
     Speed:     ev/sec=18739.3   simsec/sec=0.54624   ev/simsec=34305.9
     Messages:  created: 6207540   present: 1735   in FES: 182
** Event #6720768   t=224.062292481995   Elapsed: 376.317s (6m 16s)  44% completed  (72% total)
     Speed:     ev/sec=24939.9   simsec/sec=0.69801   ev/simsec=35730
     Messages:  created: 6258533   present: 1762   in FES: 179
** Event #6758656   t=225.088376127484   Elapsed: 378.322s (6m 18s)  45% completed  (72% total)
     Speed:     ev/sec=18897.7   simsec/sec=0.511787   ev/simsec=36924.9
     Messages:  created: 6295981   present: 1797   in FES: 206
** Event #6801152   t=226.513287476486   Elapsed: 380.333s (6m 20s)  45% completed  (72% total)
     Speed:     ev/sec=21122.4   simsec/sec=0.708244   ev/simsec=29823.6
     Messages:  created: 6339654   present: 1747   in FES: 174
** Event #6838016   t=227.529854959236   Elapsed: 382.338s (6m 22s)  45% completed  (72% total)
     Speed:     ev/sec=18389   simsec/sec=0.507098   ev/simsec=36263.2
     Messages:  created: 6376090   present: 1956   in FES: 242
** Event #6875648   t=228.553312199134   Elapsed: 384.367s (6m 24s)  45% completed  (72% total)
     Speed:     ev/sec=18547.2   simsec/sec=0.504418   ev/simsec=36769.5
     Messages:  created: 6413583   present: 1687   in FES: 158
** Event #6912512   t=229.571489222381   Elapsed: 386.377s (6m 26s)  45% completed  (72% total)
     Speed:     ev/sec=18344.3   simsec/sec=0.506666   ev/simsec=36205.9
     Messages:  created: 6450146   present: 1833   in FES: 204
** Event #6948864   t=230.586997126216   Elapsed: 388.398s (6m 28s)  46% completed  (73% total)
     Speed:     ev/sec=17983.8   simsec/sec=0.502385   ev/simsec=35796.9
     Messages:  created: 6485965   present: 1820   in FES: 201
** Event #6982912   t=231.573599475701   Elapsed: 390.408s (6m 30s)  46% completed  (73% total)
     Speed:     ev/sec=16935.9   simsec/sec=0.490748   ev/simsec=34510.4
     Messages:  created: 6519557   present: 1699   in FES: 156
** Event #7019264   t=232.58448718714   Elapsed: 392.412s (6m 32s)  46% completed  (73% total)
     Speed:     ev/sec=18139.1   simsec/sec=0.504417   ev/simsec=35960.5
     Messages:  created: 6555486   present: 1801   in FES: 194
** Event #7055872   t=233.645035234591   Elapsed: 394.425s (6m 34s)  46% completed  (73% total)
     Speed:     ev/sec=18192.7   simsec/sec=0.527049   ev/simsec=34518
     Messages:  created: 6591707   present: 1681   in FES: 155
** Event #7096064   t=234.925722768694   Elapsed: 396.427s (6m 36s)  46% completed  (73% total)
     Speed:     ev/sec=20073   simsec/sec=0.639611   ev/simsec=31383.1
     Messages:  created: 6632899   present: 1809   in FES: 206
** Event #7134976   t=236.00552952185   Elapsed: 398.427s (6m 38s)  47% completed  (73% total)
     Speed:     ev/sec=19454.4   simsec/sec=0.539858   ev/simsec=36036.1
     Messages:  created: 6671250   present: 1725   in FES: 168
** Event #7176704   t=237.05894518035   Elapsed: 400.428s (6m 40s)  47% completed  (73% total)
     Speed:     ev/sec=20860.4   simsec/sec=0.526618   ev/simsec=39612.1
     Messages:  created: 6711567   present: 1779   in FES: 186
** Event #7210496   t=238.043313633213   Elapsed: 402.432s (6m 42s)  47% completed  (73% total)
     Speed:     ev/sec=16858.8   simsec/sec=0.4911   ev/simsec=34328.6
     Messages:  created: 6745334   present: 1817   in FES: 206
** Event #7244032   t=239.020821318463   Elapsed: 404.433s (6m 44s)  47% completed  (73% total)
     Speed:     ev/sec=16762.8   simsec/sec=0.488603   ev/simsec=34307.7
     Messages:  created: 6778470   present: 1784   in FES: 187
** Event #7278848   t=240.016984041423   Elapsed: 406.434s (6m 46s)  48% completed  (74% total)
     Speed:     ev/sec=17393.5   simsec/sec=0.497666   ev/simsec=34950.1
     Messages:  created: 6813010   present: 1835   in FES: 206
** Event #7313920   t=241.006794005278   Elapsed: 408.437s (6m 48s)  48% completed  (74% total)
     Speed:     ev/sec=17514.1   simsec/sec=0.494286   ev/simsec=35433.1
     Messages:  created: 6847611   present: 1802   in FES: 193
** Event #7345408   t=241.731035663478   Elapsed: 410.439s (6m 50s)  48% completed  (74% total)
     Speed:     ev/sec=15724.5   simsec/sec=0.361672   ev/simsec=43477.2
     Messages:  created: 6877562   present: 1809   in FES: 244
** Event #7379712   t=242.607378453975   Elapsed: 412.445s (6m 52s)  48% completed  (74% total)
     Speed:     ev/sec=17098.4   simsec/sec=0.436802   ev/simsec=39144.5
     Messages:  created: 6910385   present: 1772   in FES: 185
** Event #7414528   t=243.598655013769   Elapsed: 414.465s (6m 54s)  48% completed  (74% total)
     Speed:     ev/sec=17240.8   simsec/sec=0.490878   ev/simsec=35122.4
     Messages:  created: 6943820   present: 1797   in FES: 192
** Event #7449088   t=244.585696694635   Elapsed: 416.49s (6m 56s)  48% completed  (74% total)
     Speed:     ev/sec=17068.1   simsec/sec=0.48747   ev/simsec=35013.7
     Messages:  created: 6976967   present: 1771   in FES: 184
** Event #7483648   t=245.56847767791   Elapsed: 418.492s (6m 58s)  49% completed  (74% total)
     Speed:     ev/sec=17259.9   simsec/sec=0.49082   ev/simsec=35165.5
     Messages:  created: 7010186   present: 1829   in FES: 198
** Event #7518208   t=246.565057659624   Elapsed: 420.493s (7m 00s)  49% completed  (74% total)
     Speed:     ev/sec=17271.6   simsec/sec=0.498049   ev/simsec=34678.6
     Messages:  created: 7043418   present: 1839   in FES: 248
** Event #7552768   t=247.561792501813   Elapsed: 422.511s (7m 02s)  49% completed  (74% total)
     Speed:     ev/sec=17128.2   simsec/sec=0.493989   ev/simsec=34673.2
     Messages:  created: 7076507   present: 1779   in FES: 184
** Event #7587328   t=248.563159373147   Elapsed: 424.513s (7m 04s)  49% completed  (74% total)
     Speed:     ev/sec=17259.1   simsec/sec=0.500078   ev/simsec=34512.8
     Messages:  created: 7109807   present: 1739   in FES: 174
** Event #7622144   t=249.549020482497   Elapsed: 426.542s (7m 06s)  49% completed  (74% total)
     Speed:     ev/sec=17160.2   simsec/sec=0.485913   ev/simsec=35315.3
     Messages:  created: 7143247   present: 1757   in FES: 180
** Event #7656192   t=250.527643176843   Elapsed: 428.556s (7m 08s)  50% completed  (75% total)
     Speed:     ev/sec=16903.7   simsec/sec=0.485852   ev/simsec=34791.8
     Messages:  created: 7175697   present: 1785   in FES: 188
** Event #7691264   t=251.516047024267   Elapsed: 430.593s (7m 10s)  50% completed  (75% total)
     Speed:     ev/sec=17215.9   simsec/sec=0.48518   ev/simsec=35483.5
     Messages:  created: 7209480   present: 1702   in FES: 157
** Event #7725824   t=252.5107943137   Elapsed: 432.621s (7m 12s)  50% completed  (75% total)
     Speed:     ev/sec=17046.2   simsec/sec=0.490643   ev/simsec=34742.5
     Messages:  created: 7242812   present: 1694   in FES: 157
** Event #7760640   t=253.508483275844   Elapsed: 434.634s (7m 14s)  50% completed  (75% total)
     Speed:     ev/sec=17290.6   simsec/sec=0.49548   ev/simsec=34896.6
     Messages:  created: 7276437   present: 1689   in FES: 158
** Event #7793664   t=254.314850831094   Elapsed: 436.635s (7m 16s)  50% completed  (75% total)
     Speed:     ev/sec=16507.1   simsec/sec=0.403063   ev/simsec=40954
     Messages:  created: 7307637   present: 1796   in FES: 203
** Event #7828992   t=255.415143934055   Elapsed: 438.636s (7m 18s)  51% completed  (75% total)
     Speed:     ev/sec=17657.4   simsec/sec=0.549942   ev/simsec=32107.8
     Messages:  created: 7342050   present: 1797   in FES: 208
** Event #7851264   t=256.018711589998   Elapsed: 440.639s (7m 20s)  51% completed  (75% total)
     Speed:     ev/sec=11119.9   simsec/sec=0.301348   ev/simsec=36900.6
     Messages:  created: 7363881   present: 1777   in FES: 186
** Event #7878656   t=256.575806976167   Elapsed: 442.665s (7m 22s)  51% completed  (75% total)
     Speed:     ev/sec=13515.5   simsec/sec=0.274877   ev/simsec=49169.3
     Messages:  created: 7388665   present: 1795   in FES: 186
** Event #7911936   t=257.561795819497   Elapsed: 444.668s (7m 24s)  51% completed  (75% total)
     Speed:     ev/sec=16618.3   simsec/sec=0.49235   ev/simsec=33752.9
     Messages:  created: 7419994   present: 1835   in FES: 204
** Event #7945984   t=258.538717336619   Elapsed: 446.686s (7m 26s)  51% completed  (75% total)
     Speed:     ev/sec=16868.6   simsec/sec=0.484001   ev/simsec=34852.3
     Messages:  created: 7452490   present: 1746   in FES: 173
** Event #7979264   t=259.513300294848   Elapsed: 448.687s (7m 28s)  51% completed  (75% total)
     Speed:     ev/sec=16636.3   simsec/sec=0.487184   ev/simsec=34147.9
     Messages:  created: 7484066   present: 1807   in FES: 196
** Event #7992064   t=259.607181132899   Elapsed: 450.698s (7m 30s)  51% completed  (75% total)
     Speed:     ev/sec=6363.52   simsec/sec=0.0466729   ev/simsec=136343
     Messages:  created: 7494412   present: 1820   in FES: 206
** Event #8025600   t=260.572928959986   Elapsed: 452.738s (7m 32s)  52% completed  (76% total)
     Speed:     ev/sec=16440.3   simsec/sec=0.473437   ev/simsec=34725.4
     Messages:  created: 7525945   present: 1694   in FES: 157
** Event #8058880   t=261.543555793718   Elapsed: 454.764s (7m 34s)  52% completed  (76% total)
     Speed:     ev/sec=16427.3   simsec/sec=0.479109   ev/simsec=34287.1
     Messages:  created: 7557220   present: 1742   in FES: 173
** Event #8091904   t=262.522721251709   Elapsed: 456.797s (7m 36s)  52% completed  (76% total)
     Speed:     ev/sec=16245   simsec/sec=0.481667   ev/simsec=33726.7
     Messages:  created: 7588080   present: 1731   in FES: 170
** Event #8115968   t=263.060585683936   Elapsed: 458.798s (7m 38s)  52% completed  (76% total)
     Speed:     ev/sec=12026.5   simsec/sec=0.268808   ev/simsec=44739.9
     Messages:  created: 7609702   present: 1827   in FES: 206
** Event #8137216   t=263.585753362494   Elapsed: 460.814s (7m 40s)  52% completed  (76% total)
     Speed:     ev/sec=10540.8   simsec/sec=0.260527   ev/simsec=40459.5
     Messages:  created: 7628826   present: 1727   in FES: 170
** Event #8168960   t=264.545459551611   Elapsed: 462.839s (7m 42s)  52% completed  (76% total)
     Speed:     ev/sec=15675.4   simsec/sec=0.47391   ev/simsec=33076.8
     Messages:  created: 7657984   present: 1770   in FES: 183
** Event #8200960   t=265.523152768525   Elapsed: 464.844s (7m 44s)  53% completed  (76% total)
     Speed:     ev/sec=15956.5   simsec/sec=0.487517   ev/simsec=32730.1
     Messages:  created: 7687530   present: 1733   in FES: 170
** Event #8230400   t=266.175723340974   Elapsed: 466.847s (7m 46s)  53% completed  (76% total)
     Speed:     ev/sec=14703   simsec/sec=0.325909   ev/simsec=45113.9
     Messages:  created: 7713852   present: 1820   in FES: 206
** Event #8246016   t=266.594328062637   Elapsed: 468.887s (7m 48s)  53% completed  (76% total)
     Speed:     ev/sec=7653.57   simsec/sec=0.205163   ev/simsec=37304.9
     Messages:  created: 7727943   present: 1715   in FES: 164
** Event #8278272   t=267.56583425726   Elapsed: 470.894s (7m 50s)  53% completed  (76% total)
     Speed:     ev/sec=16072.9   simsec/sec=0.484093   ev/simsec=33202.1
     Messages:  created: 7758048   present: 1759   in FES: 176
** Event #8311808   t=268.548930144604   Elapsed: 472.936s (7m 52s)  53% completed  (76% total)
     Speed:     ev/sec=16419   simsec/sec=0.481316   ev/simsec=34112.6
     Messages:  created: 7789747   present: 1824   in FES: 206
** Event #8345088   t=269.531798011923   Elapsed: 474.945s (7m 54s)  53% completed  (76% total)
     Speed:     ev/sec=16570.8   simsec/sec=0.48939   ev/simsec=33860.1
     Messages:  created: 7821543   present: 1691   in FES: 156
** Event #8380416   t=270.513741552551   Elapsed: 476.964s (7m 56s)  54% completed  (77% total)
     Speed:     ev/sec=17497.2   simsec/sec=0.486337   ev/simsec=35977.6
     Messages:  created: 7856242   present: 1842   in FES: 206
** Event #8398592   t=271.000706350758   Elapsed: 478.965s (7m 58s)  54% completed  (77% total)
     Speed:     ev/sec=9081.99   simsec/sec=0.243321   ev/simsec=37325.1
     Messages:  created: 7873592   present: 1821   in FES: 206
** Event #8428032   t=271.586831363095   Elapsed: 480.987s (8m 00s)  54% completed  (77% total)
     Speed:     ev/sec=14558.7   simsec/sec=0.289852   ev/simsec=50228.2
     Messages:  created: 7900427   present: 1743   in FES: 174
** Event #8463104   t=272.574784733783   Elapsed: 483.018s (8m 03s)  54% completed  (77% total)
     Speed:     ev/sec=17273   simsec/sec=0.486567   ev/simsec=35499.7
     Messages:  created: 7934896   present: 1828   in FES: 198
** Event #8497664   t=273.560447207614   Elapsed: 485.027s (8m 05s)  54% completed  (77% total)
     Speed:     ev/sec=17198.9   simsec/sec=0.490519   ev/simsec=35062.7
     Messages:  created: 7968291   present: 1713   in FES: 164
** Event #8532736   t=274.53485507567   Elapsed: 487.029s (8m 07s)  54% completed  (77% total)
     Speed:     ev/sec=17518.6   simsec/sec=0.486719   ev/simsec=35993.1
     Messages:  created: 8002735   present: 1841   in FES: 206
** Event #8567808   t=275.530407791902   Elapsed: 489.029s (8m 09s)  55% completed  (77% total)
     Speed:     ev/sec=17534.5   simsec/sec=0.497733   ev/simsec=35228.7
     Messages:  created: 8036826   present: 1692   in FES: 157
** Event #8603136   t=276.514919057676   Elapsed: 491.036s (8m 11s)  55% completed  (77% total)
     Speed:     ev/sec=17603.6   simsec/sec=0.490572   ev/simsec=35883.8
     Messages:  created: 8071257   present: 1705   in FES: 160
** Event #8633600   t=277.099234793047   Elapsed: 493.039s (8m 13s)  55% completed  (77% total)
     Speed:     ev/sec=15207.5   simsec/sec=0.291688   ev/simsec=52136.2
     Messages:  created: 8099155   present: 1804   in FES: 195
** Event #8653824   t=277.731068199578   Elapsed: 495.04s (8m 15s)  55% completed  (77% total)
     Speed:     ev/sec=10110.7   simsec/sec=0.315876   ev/simsec=32008.4
     Messages:  created: 8119442   present: 1820   in FES: 222
** Event #8687872   t=278.600304445282   Elapsed: 497.053s (8m 17s)  55% completed  (77% total)
     Speed:     ev/sec=16907.2   simsec/sec=0.431637   ev/simsec=39170
     Messages:  created: 8152043   present: 1701   in FES: 158
** Event #8723456   t=279.595271232488   Elapsed: 499.065s (8m 19s)  55% completed  (77% total)
     Speed:     ev/sec=17686.8   simsec/sec=0.494543   ev/simsec=35764
     Messages:  created: 8187123   present: 1786   in FES: 187
** Event #8758784   t=280.591399201303   Elapsed: 501.085s (8m 21s)  56% completed  (78% total)
     Speed:     ev/sec=17488.8   simsec/sec=0.493124   ev/simsec=35465.3
     Messages:  created: 8221769   present: 1752   in FES: 177
** Event #8793856   t=281.581958851513   Elapsed: 503.087s (8m 23s)  56% completed  (78% total)
     Speed:     ev/sec=17521.4   simsec/sec=0.494867   ev/simsec=35406.2
     Messages:  created: 8256190   present: 1747   in FES: 176
** Event #8829184   t=282.566097222301   Elapsed: 505.113s (8m 25s)  56% completed  (78% total)
     Speed:     ev/sec=17435.6   simsec/sec=0.485706   ev/simsec=35897.4
     Messages:  created: 8290825   present: 1726   in FES: 167
** Event #8863488   t=283.546479953155   Elapsed: 507.132s (8m 27s)  56% completed  (78% total)
     Speed:     ev/sec=16992.3   simsec/sec=0.485628   ev/simsec=34990.4
     Messages:  created: 8324223   present: 1766   in FES: 181
** Event #8898816   t=284.532507218921   Elapsed: 509.139s (8m 29s)  56% completed  (78% total)
     Speed:     ev/sec=17605   simsec/sec=0.491367   ev/simsec=35828.6
     Messages:  created: 8358831   present: 1844   in FES: 203
** Event #8934144   t=285.531658325314   Elapsed: 511.159s (8m 31s)  57% completed  (78% total)
     Speed:     ev/sec=17483.6   simsec/sec=0.494474   ev/simsec=35358
     Messages:  created: 8393314   present: 1832   in FES: 206
** Event #8969216   t=286.526817271596   Elapsed: 513.182s (8m 33s)  57% completed  (78% total)
     Speed:     ev/sec=17343.6   simsec/sec=0.492119   ev/simsec=35242.6
     Messages:  created: 8427332   present: 1826   in FES: 201
** Event #9006336   t=287.515332813423   Elapsed: 515.216s (8m 35s)  57% completed  (78% total)
     Speed:     ev/sec=18244.8   simsec/sec=0.485863   ev/simsec=37551.3
     Messages:  created: 8464082   present: 1775   in FES: 182
** Event #9042176   t=288.522188079276   Elapsed: 517.241s (8m 37s)  57% completed  (78% total)
     Speed:     ev/sec=17695.4   simsec/sec=0.497117   ev/simsec=35596
     Messages:  created: 8499067   present: 1772   in FES: 183
** Event #9076992   t=289.51533266835   Elapsed: 519.267s (8m 39s)  57% completed  (78% total)
     Speed:     ev/sec=17184.6   simsec/sec=0.4902   ev/simsec=35056.3
     Messages:  created: 8532531   present: 1779   in FES: 186
** Event #9111296   t=290.503610480532   Elapsed: 521.272s (8m 41s)  58% completed  (79% total)
     Speed:     ev/sec=17109.1   simsec/sec=0.492904   ev/simsec=34710.9
     Messages:  created: 8565435   present: 1789   in FES: 192
** Event #9139456   t=291.074322762005   Elapsed: 523.274s (8m 43s)  58% completed  (79% total)
     Speed:     ev/sec=14070.3   simsec/sec=0.28516   ev/simsec=49341.9
     Messages:  created: 8591138   present: 1839   in FES: 204
** Event #9166336   t=292.018659005379   Elapsed: 525.277s (8m 45s)  58% completed  (79% total)
     Speed:     ev/sec=13416.4   simsec/sec=0.471337   ev/simsec=28464.4
     Messages:  created: 8617679   present: 1830   in FES: 206
** Event #9202432   t=293.024009552696   Elapsed: 527.279s (8m 47s)  58% completed  (79% total)
     Speed:     ev/sec=18031.4   simsec/sec=0.502212   ev/simsec=35903.9
     Messages:  created: 8652659   present: 1822   in FES: 199
** Event #9237760   t=294.001861455314   Elapsed: 529.28s (8m 49s)  58% completed  (79% total)
     Speed:     ev/sec=17655   simsec/sec=0.488678   ev/simsec=36128.2
     Messages:  created: 8688919   present: 1801   in FES: 194
** Event #9269504   t=294.735631090262   Elapsed: 531.28s (8m 51s)  58% completed  (79% total)
     Speed:     ev/sec=15871.2   simsec/sec=0.366866   ev/simsec=43261.5
     Messages:  created: 8719069   present: 1820   in FES: 242
** Event #9307136   t=296.001861572096   Elapsed: 533.281s (8m 53s)  59% completed  (79% total)
     Speed:     ev/sec=18805.2   simsec/sec=0.632752   ev/simsec=29719.7
     Messages:  created: 8756146   present: 1789   in FES: 190
** Event #9345536   t=297.038513255763   Elapsed: 535.282s (8m 55s)  59% completed  (79% total)
     Speed:     ev/sec=19197.4   simsec/sec=0.518256   ev/simsec=37042.3
     Messages:  created: 8792817   present: 1821   in FES: 200
** Event #9383936   t=298.065755130119   Elapsed: 537.287s (8m 57s)  59% completed  (79% total)
     Speed:     ev/sec=19152.8   simsec/sec=0.512359   ev/simsec=37381.7
     Messages:  created: 8829621   present: 1831   in FES: 228
** Event #9423104   t=299.485397785869   Elapsed: 539.287s (8m 59s)  59% completed  (79% total)
     Speed:     ev/sec=19577.2   simsec/sec=0.709576   ev/simsec=27590
     Messages:  created: 8868557   present: 1791   in FES: 206
** Event #9456896   t=300.501234181258   Elapsed: 541.315s (9m 01s)  60% completed  (80% total)
     Speed:     ev/sec=16666.5   simsec/sec=0.501018   ev/simsec=33265.2
     Messages:  created: 8900790   present: 1703   in FES: 162
** Event #9490688   t=301.510973783791   Elapsed: 543.329s (9m 03s)  60% completed  (80% total)
     Speed:     ev/sec=16781.5   simsec/sec=0.501447   ev/simsec=33466.1
     Messages:  created: 8933271   present: 1801   in FES: 192
** Event #9523712   t=302.513709537651   Elapsed: 545.337s (9m 05s)  60% completed  (80% total)
     Speed:     ev/sec=16443.5   simsec/sec=0.499288   ev/simsec=32933.9
     Messages:  created: 8964677   present: 1747   in FES: 174
** Event #9558272   t=303.532607513418   Elapsed: 547.365s (9m 07s)  60% completed  (80% total)
     Speed:     ev/sec=17043   simsec/sec=0.502461   ev/simsec=33919
     Messages:  created: 8998328   present: 1774   in FES: 181
** Event #9593088   t=304.564807182028   Elapsed: 549.368s (9m 09s)  60% completed  (80% total)
     Speed:     ev/sec=17378.8   simsec/sec=0.515235   ev/simsec=33729.9
     Messages:  created: 9032011   present: 1773   in FES: 188
** Event #9628672   t=305.568782213816   Elapsed: 551.383s (9m 11s)  61% completed  (80% total)
     Speed:     ev/sec=17663   simsec/sec=0.498348   ev/simsec=35443.1
     Messages:  created: 9066480   present: 1756   in FES: 173
** Event #9663488   t=306.596619770339   Elapsed: 553.397s (9m 13s)  61% completed  (80% total)
     Speed:     ev/sec=17285.8   simsec/sec=0.510312   ev/simsec=33873.1
     Messages:  created: 9099847   present: 1776   in FES: 185
** Event #9703936   t=308.02062811969   Elapsed: 555.4s (9m 15s)  61% completed  (80% total)
     Speed:     ev/sec=20186.7   simsec/sec=0.710691   ev/simsec=28404.3
     Messages:  created: 9139402   present: 1818   in FES: 199
** Event #9744896   t=309.066874982424   Elapsed: 557.403s (9m 17s)  61% completed  (80% total)
     Speed:     ev/sec=20457.3   simsec/sec=0.522543   ev/simsec=39149.5
     Messages:  created: 9178260   present: 1736   in FES: 167
** Event #9785088   t=310.415520101045   Elapsed: 559.406s (9m 19s)  62% completed  (81% total)
     Speed:     ev/sec=20062.1   simsec/sec=0.673185   ev/simsec=29801.8
     Messages:  created: 9217868   present: 1820   in FES: 207
** Event #9820416   t=311.511878179219   Elapsed: 561.412s (9m 21s)  62% completed  (81% total)
     Speed:     ev/sec=17615.9   simsec/sec=0.546687   ev/simsec=32223
     Messages:  created: 9252224   present: 1767   in FES: 182
** Event #9853952   t=312.518789260186   Elapsed: 563.414s (9m 23s)  62% completed  (81% total)
     Speed:     ev/sec=16746.1   simsec/sec=0.502797   ev/simsec=33305.8
     Messages:  created: 9284335   present: 1830   in FES: 201
** Event #9889536   t=313.548585556414   Elapsed: 565.415s (9m 25s)  62% completed  (81% total)
     Speed:     ev/sec=17780.6   simsec/sec=0.51457   ev/simsec=34554.4
     Messages:  created: 9318894   present: 1804   in FES: 195
** Event #9924864   t=314.580483675421   Elapsed: 567.441s (9m 27s)  62% completed  (81% total)
     Speed:     ev/sec=17443.8   simsec/sec=0.509518   ev/simsec=34235.9
     Messages:  created: 9352720   present: 1726   in FES: 169
** Event #9971456   t=316.073620306677   Elapsed: 569.444s (9m 29s)  63% completed  (81% total)
     Speed:     ev/sec=23262.8   simsec/sec=0.745504   ev/simsec=31204.1
     Messages:  created: 9398367   present: 1793   in FES: 206
** Event #10014464   t=317.51905737472   Elapsed: 571.468s (9m 31s)  63% completed  (81% total)
     Speed:     ev/sec=21239.8   simsec/sec=0.713838   ev/simsec=29754.3
     Messages:  created: 9441324   present: 1802   in FES: 193
** Event #10050816   t=318.55070245643   Elapsed: 573.481s (9m 33s)  63% completed  (81% total)
     Speed:     ev/sec=18064.3   simsec/sec=0.512653   ev/simsec=35236.9
     Messages:  created: 9476584   present: 1811   in FES: 206
** Event #10087936   t=319.570272115627   Elapsed: 575.491s (9m 35s)  63% completed  (81% total)
     Speed:     ev/sec=18461.4   simsec/sec=0.507076   ev/simsec=36407.5
     Messages:  created: 9512722   present: 1757   in FES: 174
** Event #10131712   t=321.035755966564   Elapsed: 577.495s (9m 37s)  64% completed  (82% total)
     Speed:     ev/sec=21847.3   simsec/sec=0.731381   ev/simsec=29871.4
     Messages:  created: 9556576   present: 1818   in FES: 199
** Event #10178304   t=322.529530619006   Elapsed: 579.509s (9m 39s)  64% completed  (82% total)
     Speed:     ev/sec=23131.9   simsec/sec=0.741627   ev/simsec=31190.8
     Messages:  created: 9603293   present: 1800   in FES: 193
** Event #10214912   t=323.563425212064   Elapsed: 581.525s (9m 41s)  64% completed  (82% total)
     Speed:     ev/sec=18162.1   simsec/sec=0.512939   ev/simsec=35407.9
     Messages:  created: 9639154   present: 1801   in FES: 206
** Event #10252032   t=324.664923357499   Elapsed: 583.531s (9m 43s)  64% completed  (82% total)
     Speed:     ev/sec=18503.6   simsec/sec=0.549075   ev/simsec=33699.6
     Messages:  created: 9675414   present: 1822   in FES: 206
** Event #10306304   t=326.518132506261   Elapsed: 585.54s (9m 45s)  65% completed  (82% total)
     Speed:     ev/sec=27010.2   simsec/sec=0.922309   ev/simsec=29285.4
     Messages:  created: 9730774   present: 1766   in FES: 179
** Event #10345216   t=327.573474899586   Elapsed: 587.56s (9m 47s)  65% completed  (82% total)
     Speed:     ev/sec=19269.5   simsec/sec=0.522612   ev/simsec=36871.4
     Messages:  created: 9769367   present: 1743   in FES: 172
** Event #10400000   t=329.508476534702   Elapsed: 589.576s (9m 49s)  65% completed  (82% total)
     Speed:     ev/sec=27166.5   simsec/sec=0.959538   ev/simsec=28312.1
     Messages:  created: 9825722   present: 1830   in FES: 206
** Event #10439168   t=330.558067826315   Elapsed: 591.58s (9m 51s)  66% completed  (83% total)
     Speed:     ev/sec=19552.8   simsec/sec=0.523959   ev/simsec=37317.4
     Messages:  created: 9864702   present: 1800   in FES: 192
** Event #10486528   t=332.030063461266   Elapsed: 593.581s (9m 53s)  66% completed  (83% total)
     Speed:     ev/sec=23666   simsec/sec=0.735563   ev/simsec=32174
     Messages:  created: 9913887   present: 1836   in FES: 203
** Event #10535424   t=333.557527258578   Elapsed: 595.608s (9m 55s)  66% completed  (83% total)
     Speed:     ev/sec=24121.2   simsec/sec=0.753523   ev/simsec=32011.2
     Messages:  created: 9963184   present: 1740   in FES: 175
** Event #10575616   t=334.602667138768   Elapsed: 597.627s (9m 57s)  66% completed  (83% total)
     Speed:     ev/sec=19905.2   simsec/sec=0.517608   ev/simsec=38456.1
     Messages:  created: 10004354   present: 1793   in FES: 192
** Event #10630912   t=336.485397292301   Elapsed: 599.628s (9m 59s)  67% completed  (83% total)
     Speed:     ev/sec=27628.6   simsec/sec=0.940705   ev/simsec=29370.1
     Messages:  created: 10060693   present: 1690   in FES: 157
** Event #10668800   t=337.530007596851   Elapsed: 601.642s (10m 01s)  67% completed  (83% total)
     Speed:     ev/sec=18812.3   simsec/sec=0.518675   ev/simsec=36270
     Messages:  created: 10097911   present: 1796   in FES: 191
** Event #10705664   t=338.551685979931   Elapsed: 603.661s (10m 03s)  67% completed  (83% total)
     Speed:     ev/sec=18263.6   simsec/sec=0.506172   ev/simsec=36081.8
     Messages:  created: 10133645   present: 1714   in FES: 165
** Event #10742272   t=339.597363705284   Elapsed: 605.681s (10m 05s)  67% completed  (83% total)
     Speed:     ev/sec=18118.1   simsec/sec=0.517529   ev/simsec=35008.9
     Messages:  created: 10169622   present: 1772   in FES: 185
** Event #10788608   t=341.051655877124   Elapsed: 607.685s (10m 07s)  68% completed  (84% total)
     Speed:     ev/sec=23127.4   simsec/sec=0.725871   ev/simsec=31861.5
     Messages:  created: 10216524   present: 1706   in FES: 161
** Event #10833664   t=342.518676571395   Elapsed: 609.687s (10m 09s)  68% completed  (84% total)
     Speed:     ev/sec=22508.8   simsec/sec=0.732884   ev/simsec=30712.6
     Messages:  created: 10261482   present: 1801   in FES: 194
** Event #10869504   t=343.527119640997   Elapsed: 611.706s (10m 11s)  68% completed  (84% total)
     Speed:     ev/sec=17749.9   simsec/sec=0.499437   ev/simsec=35539.9
     Messages:  created: 10295765   present: 1825   in FES: 198
** Event #10905088   t=344.562797832279   Elapsed: 613.72s (10m 13s)  68% completed  (84% total)
     Speed:     ev/sec=17669.2   simsec/sec=0.514266   ev/simsec=34358.2
     Messages:  created: 10329715   present: 1805   in FES: 196
** Event #10940672   t=345.59759160428   Elapsed: 615.733s (10m 15s)  69% completed  (84% total)
     Speed:     ev/sec=17673.3   simsec/sec=0.513944   ev/simsec=34387.5
     Messages:  created: 10363852   present: 1811   in FES: 206
** Event #10976256   t=346.805734090815   Elapsed: 617.736s (10m 17s)  69% completed  (84% total)
     Speed:     ev/sec=17769   simsec/sec=0.603289   ev/simsec=29453.5
     Messages:  created: 10398048   present: 1681   in FES: 155
** Event #11022592   t=348.093202568722   Elapsed: 619.737s (10m 19s)  69% completed  (84% total)
     Speed:     ev/sec=23155.3   simsec/sec=0.64338   ev/simsec=35990
     Messages:  created: 10441897   present: 1835   in FES: 204
** Event #11060992   t=349.516669082475   Elapsed: 621.768s (10m 21s)  69% completed  (84% total)
     Speed:     ev/sec=18903.7   simsec/sec=0.70075   ev/simsec=26976.4
     Messages:  created: 10479599   present: 1829   in FES: 206
** Event #11095552   t=350.525259314641   Elapsed: 623.793s (10m 23s)  70% completed  (85% total)
     Speed:     ev/sec=17064.6   simsec/sec=0.49801   ev/simsec=34265.7
     Messages:  created: 10512342   present: 1837   in FES: 206
** Event #11130368   t=351.541554606151   Elapsed: 625.82s (10m 25s)  70% completed  (85% total)
     Speed:     ev/sec=17178   simsec/sec=0.501433   ev/simsec=34257.8
     Messages:  created: 10545355   present: 1836   in FES: 205
** Event #11165440   t=352.567762911525   Elapsed: 627.833s (10m 27s)  70% completed  (85% total)
     Speed:     ev/sec=17427.9   simsec/sec=0.50994   ev/simsec=34176.3
     Messages:  created: 10578885   present: 1811   in FES: 194
** Event #11202560   t=353.570695428372   Elapsed: 629.835s (10m 29s)  70% completed  (85% total)
     Speed:     ev/sec=18535   simsec/sec=0.500792   ev/simsec=37011.5
     Messages:  created: 10615913   present: 1932   in FES: 232
** Event #11238144   t=354.593638403481   Elapsed: 631.849s (10m 31s)  70% completed  (85% total)
     Speed:     ev/sec=17670.2   simsec/sec=0.507969   ev/simsec=34785.9
     Messages:  created: 10650235   present: 1843   in FES: 206
** Event #11278592   t=356.016983364   Elapsed: 633.852s (10m 33s)  71% completed  (85% total)
     Speed:     ev/sec=20193.2   simsec/sec=0.710588   ev/simsec=28417.6
     Messages:  created: 10690460   present: 1818   in FES: 206
** Event #11326976   t=357.503370291988   Elapsed: 635.876s (10m 35s)  71% completed  (85% total)
     Speed:     ev/sec=23908.7   simsec/sec=0.73449   ev/simsec=32551.4
     Messages:  created: 10738036   present: 1764   in FES: 183
** Event #11364352   t=358.53098249667   Elapsed: 637.893s (10m 37s)  71% completed  (85% total)
     Speed:     ev/sec=18533   simsec/sec=0.509543   ev/simsec=36371.7
     Messages:  created: 10774570   present: 1815   in FES: 207
** Event #11401216   t=359.564850649603   Elapsed: 639.897s (10m 39s)  71% completed  (85% total)
     Speed:     ev/sec=18395.1   simsec/sec=0.515898   ev/simsec=35656.4
     Messages:  created: 10810064   present: 1821   in FES: 201
** Event #11438848   t=360.601319245911   Elapsed: 641.918s (10m 41s)  72% completed  (86% total)
     Speed:     ev/sec=18612.1   simsec/sec=0.512619   ev/simsec=36307.9
     Messages:  created: 10846763   present: 1788   in FES: 187
** Event #11496448   t=362.506705334769   Elapsed: 643.943s (10m 43s)  72% completed  (86% total)
     Speed:     ev/sec=28444.3   simsec/sec=0.940925   ev/simsec=30230.1
     Messages:  created: 10905420   present: 1818   in FES: 201
** Event #11535360   t=363.511017279969   Elapsed: 645.967s (10m 45s)  72% completed  (86% total)
     Speed:     ev/sec=19232.5   simsec/sec=0.496387   ev/simsec=38744.9
     Messages:  created: 10943686   present: 1790   in FES: 185
** Event #11574784   t=364.525757084279   Elapsed: 647.969s (10m 47s)  72% completed  (86% total)
     Speed:     ev/sec=19690.9   simsec/sec=0.506827   ev/simsec=38851.3
     Messages:  created: 10982665   present: 1834   in FES: 206
** Event #11613184   t=365.547704036093   Elapsed: 649.98s (10m 49s)  73% completed  (86% total)
     Speed:     ev/sec=19098   simsec/sec=0.50826   ev/simsec=37575.3
     Messages:  created: 11020503   present: 1691   in FES: 156
** Event #11651328   t=366.564818640149   Elapsed: 651.982s (10m 51s)  73% completed  (86% total)
     Speed:     ev/sec=19044.9   simsec/sec=0.507833   ev/simsec=37502.2
     Messages:  created: 11058054   present: 1841   in FES: 233
** Event #11690496   t=367.603046037957   Elapsed: 653.995s (10m 53s)  73% completed  (86% total)
     Speed:     ev/sec=19461.6   simsec/sec=0.51587   ev/simsec=37725.8
     Messages:  created: 11097122   present: 1772   in FES: 185
** Event #11739904   t=369.060638872915   Elapsed: 655.998s (10m 55s)  73% completed  (86% total)
     Speed:     ev/sec=24662.3   simsec/sec=0.727567   ev/simsec=33897
     Messages:  created: 11147070   present: 1833   in FES: 203
** Event #11788288   t=370.503656941269   Elapsed: 658.011s (10m 58s)  74% completed  (87% total)
     Speed:     ev/sec=24035.6   simsec/sec=0.716843   ev/simsec=33529.7
     Messages:  created: 11196688   present: 1824   in FES: 203
** Event #11828480   t=371.527515026043   Elapsed: 660.03s (11m 00s)  74% completed  (87% total)
     Speed:     ev/sec=19913.4   simsec/sec=0.507276   ev/simsec=39255.4
     Messages:  created: 11237211   present: 1787   in FES: 190
** Event #11868416   t=372.553523465418   Elapsed: 662.033s (11m 02s)  74% completed  (87% total)
     Speed:     ev/sec=19938   simsec/sec=0.512234   ev/simsec=38923.7
     Messages:  created: 11277619   present: 1724   in FES: 167
** Event #11908608   t=373.574525861398   Elapsed: 664.052s (11m 04s)  74% completed  (87% total)
     Speed:     ev/sec=19904.3   simsec/sec=0.505632   ev/simsec=39365.2
     Messages:  created: 11318691   present: 1820   in FES: 195
** Event #11950336   t=374.814584226419   Elapsed: 666.053s (11m 06s)  74% completed  (87% total)
     Speed:     ev/sec=20858.3   simsec/sec=0.61986   ev/simsec=33650
     Messages:  created: 11361844   present: 1789   in FES: 206
** Event #12006656   t=376.236277767993   Elapsed: 668.055s (11m 08s)  75% completed  (87% total)
     Speed:     ev/sec=28122.7   simsec/sec=0.709905   ev/simsec=39614.7
     Messages:  created: 11419797   present: 1774   in FES: 207
** Event #12049408   t=377.511933424649   Elapsed: 670.073s (11m 10s)  75% completed  (87% total)
     Speed:     ev/sec=21188.2   simsec/sec=0.632224   ev/simsec=33513.7
     Messages:  created: 11463945   present: 1792   in FES: 189
** Event #12089600   t=378.532713317265   Elapsed: 672.091s (11m 12s)  75% completed  (87% total)
     Speed:     ev/sec=19912.3   simsec/sec=0.505724   ev/simsec=39373.8
     Messages:  created: 11504411   present: 1814   in FES: 206
** Event #12129536   t=379.557674373052   Elapsed: 674.102s (11m 14s)  75% completed  (87% total)
     Speed:     ev/sec=19860   simsec/sec=0.509708   ev/simsec=38963.4
     Messages:  created: 11544543   present: 1746   in FES: 175
** Event #12169984   t=380.585013667077   Elapsed: 676.115s (11m 16s)  76% completed  (88% total)
     Speed:     ev/sec=20096.4   simsec/sec=0.510428   ev/simsec=39371.6
     Messages:  created: 11585396   present: 1786   in FES: 189
** Event #12214272   t=382.001806516852   Elapsed: 678.117s (11m 18s)  76% completed  (88% total)
     Speed:     ev/sec=22126.8   simsec/sec=0.707847   ev/simsec=31259.3
     Messages:  created: 11631670   present: 1688   in FES: 157
** Event #12267264   t=383.485397292301   Elapsed: 680.117s (11m 20s)  76% completed  (88% total)
     Speed:     ev/sec=26493.3   simsec/sec=0.741719   ev/simsec=35718.7
     Messages:  created: 11684954   present: 1686   in FES: 157
** Event #12306688   t=384.529387602863   Elapsed: 682.146s (11m 22s)  76% completed  (88% total)
     Speed:     ev/sec=19430   simsec/sec=0.514528   ev/simsec=37762.8
     Messages:  created: 11724417   present: 1798   in FES: 191
** Event #12344064   t=385.54091938755   Elapsed: 684.16s (11m 24s)  77% completed  (88% total)
     Speed:     ev/sec=18559.7   simsec/sec=0.502295   ev/simsec=36949.9
     Messages:  created: 11760736   present: 1821   in FES: 200
** Event #12381440   t=386.553934008978   Elapsed: 686.189s (11m 26s)  77% completed  (88% total)
     Speed:     ev/sec=18414   simsec/sec=0.49908   ev/simsec=36895.8
     Messages:  created: 11797319   present: 1832   in FES: 204
** Event #12419072   t=387.554040067361   Elapsed: 688.213s (11m 28s)  77% completed  (88% total)
     Speed:     ev/sec=18594.1   simsec/sec=0.494156   ev/simsec=37628
     Messages:  created: 11834006   present: 1781   in FES: 188
** Event #12460800   t=388.981034281057   Elapsed: 690.215s (11m 30s)  77% completed  (88% total)
     Speed:     ev/sec=20845.6   simsec/sec=0.712869   ev/simsec=29241.9
     Messages:  created: 11875948   present: 1686   in FES: 190
** Event #12510208   t=390.165189379334   Elapsed: 692.217s (11m 32s)  78% completed  (89% total)
     Speed:     ev/sec=24680.5   simsec/sec=0.591513   ev/simsec=41724.3
     Messages:  created: 11922631   present: 1736   in FES: 173
** Event #12550144   t=391.512389513883   Elapsed: 694.223s (11m 34s)  78% completed  (89% total)
     Speed:     ev/sec=19909.9   simsec/sec=0.671639   ev/simsec=29643.7
     Messages:  created: 11962029   present: 1792   in FES: 189
** Event #12586240   t=392.528956319885   Elapsed: 696.248s (11m 36s)  78% completed  (89% total)
     Speed:     ev/sec=17822.7   simsec/sec=0.501939   ev/simsec=35507.7
     Messages:  created: 11996078   present: 1822   in FES: 206
** Event #12620800   t=393.526896457876   Elapsed: 698.249s (11m 38s)  78% completed  (89% total)
     Speed:     ev/sec=17270.7   simsec/sec=0.498703   ev/simsec=34631.3
     Messages:  created: 12028234   present: 1837   in FES: 204
** Event #12655104   t=394.535595164351   Elapsed: 700.253s (11m 40s)  78% completed  (89% total)
     Speed:     ev/sec=17115   simsec/sec=0.503261   ev/simsec=34008.2
     Messages:  created: 12059824   present: 1805   in FES: 192
** Event #12688896   t=395.53110834559   Elapsed: 702.27s (11m 42s)  79% completed  (89% total)
     Speed:     ev/sec=16758.7   simsec/sec=0.493712   ev/simsec=33944.3
     Messages:  created: 12090631   present: 1844   in FES: 206
** Event #12722688   t=396.545535064668   Elapsed: 704.285s (11m 44s)  79% completed  (89% total)
     Speed:     ev/sec=16764.9   simsec/sec=0.503278   ev/simsec=33311.4
     Messages:  created: 12121387   present: 1767   in FES: 184
** Event #12757504   t=397.556788004561   Elapsed: 706.3s (11m 46s)  79% completed  (89% total)
     Speed:     ev/sec=17280.4   simsec/sec=0.501921   ev/simsec=34428.6
     Messages:  created: 12153801   present: 1819   in FES: 199
** Event #12791040   t=398.549495623967   Elapsed: 708.328s (11m 48s)  79% completed  (89% total)
     Speed:     ev/sec=16537.5   simsec/sec=0.48953   ev/simsec=33782.4
     Messages:  created: 12184229   present: 1754   in FES: 179
** Event #12824576   t=399.540391115746   Elapsed: 710.352s (11m 50s)  79% completed  (89% total)
     Speed:     ev/sec=16568.6   simsec/sec=0.489556   ev/simsec=33844.1
     Messages:  created: 12214801   present: 1810   in FES: 206
** Event #12857856   t=400.528349382517   Elapsed: 712.356s (11m 52s)  80% completed  (90% total)
     Speed:     ev/sec=16608.3   simsec/sec=0.493038   ev/simsec=33685.6
     Messages:  created: 12245219   present: 1827   in FES: 206
** Event #12891136   t=401.531642660414   Elapsed: 714.363s (11m 54s)  80% completed  (90% total)
     Speed:     ev/sec=16583   simsec/sec=0.499928   ev/simsec=33170.8
     Messages:  created: 12275604   present: 1806   in FES: 206
** Event #12924416   t=402.524099013162   Elapsed: 716.378s (11m 56s)  80% completed  (90% total)
     Speed:     ev/sec=16512.8   simsec/sec=0.492436   ev/simsec=33533
     Messages:  created: 12305818   present: 1711   in FES: 162
** Event #12957184   t=403.5228936309   Elapsed: 718.395s (11m 58s)  80% completed  (90% total)
     Speed:     ev/sec=16245.5   simsec/sec=0.495176   ev/simsec=32807.5
     Messages:  created: 12335543   present: 1750   in FES: 177
** Event #12990464   t=404.520838364794   Elapsed: 720.411s (12m 00s)  80% completed  (90% total)
     Speed:     ev/sec=16506.1   simsec/sec=0.494956   ev/simsec=33348.5
     Messages:  created: 12366027   present: 1797   in FES: 192
** Event #13023232   t=405.506649137974   Elapsed: 722.424s (12m 02s)  81% completed  (90% total)
     Speed:     ev/sec=16280.2   simsec/sec=0.489782   ev/simsec=33239.6
     Messages:  created: 12395769   present: 1769   in FES: 184
** Event #13056256   t=406.503798045809   Elapsed: 724.457s (12m 04s)  81% completed  (90% total)
     Speed:     ev/sec=16248.3   simsec/sec=0.490611   ev/simsec=33118.4
     Messages:  created: 12425906   present: 1809   in FES: 198
** Event #13089792   t=407.51145523786   Elapsed: 726.479s (12m 06s)  81% completed  (90% total)
     Speed:     ev/sec=16579.3   simsec/sec=0.498158   ev/simsec=33281.2
     Messages:  created: 12456753   present: 1761   in FES: 180
** Event #13123584   t=408.523880934612   Elapsed: 728.484s (12m 08s)  81% completed  (90% total)
     Speed:     ev/sec=16855.8   simsec/sec=0.505007   ev/simsec=33377.3
     Messages:  created: 12488108   present: 1832   in FES: 205
** Event #13157120   t=409.528347170603   Elapsed: 730.492s (12m 10s)  81% completed  (90% total)
     Speed:     ev/sec=16704.3   simsec/sec=0.500324   ev/simsec=33386.9
     Messages:  created: 12518835   present: 1836   in FES: 203
** Event #13190656   t=410.529673576995   Elapsed: 732.499s (12m 12s)  82% completed  (91% total)
     Speed:     ev/sec=16707.1   simsec/sec=0.498846   ev/simsec=33491.6
     Messages:  created: 12549578   present: 1841   in FES: 206
** Event #13224448   t=411.531867050683   Elapsed: 734.5s (12m 14s)  82% completed  (91% total)
     Speed:     ev/sec=16891.9   simsec/sec=0.500974   ev/simsec=33718
     Messages:  created: 12580599   present: 1831   in FES: 206
** Event #13258240   t=412.538648651396   Elapsed: 736.507s (12m 16s)  82% completed  (91% total)
     Speed:     ev/sec=16831.5   simsec/sec=0.50147   ev/simsec=33564.4
     Messages:  created: 12611684   present: 1834   in FES: 203
** Event #13292032   t=413.55249049005   Elapsed: 738.508s (12m 18s)  82% completed  (91% total)
     Speed:     ev/sec=16886.7   simsec/sec=0.506641   ev/simsec=33330.6
     Messages:  created: 12642771   present: 1829   in FES: 202
** Event #13325824   t=414.553334254825   Elapsed: 740.522s (12m 20s)  82% completed  (91% total)
     Speed:     ev/sec=16780.1   simsec/sec=0.496991   ev/simsec=33763.5
     Messages:  created: 12673603   present: 1833   in FES: 206
** Event #13360128   t=415.568284026439   Elapsed: 742.547s (12m 22s)  83% completed  (91% total)
     Speed:     ev/sec=16943.3   simsec/sec=0.501301   ev/simsec=33798.7
     Messages:  created: 12705176   present: 1814   in FES: 206
** Event #13393664   t=416.575275034998   Elapsed: 744.551s (12m 24s)  83% completed  (91% total)
     Speed:     ev/sec=16737.4   simsec/sec=0.502576   ev/simsec=33303.2
     Messages:  created: 12735968   present: 1833   in FES: 202
** Event #13427712   t=417.594937585021   Elapsed: 746.553s (12m 26s)  83% completed  (91% total)
     Speed:     ev/sec=17007.1   simsec/sec=0.509326   ev/simsec=33391.4
     Messages:  created: 12767491   present: 1817   in FES: 200
** Event #13461504   t=418.665186812599   Elapsed: 748.557s (12m 28s)  83% completed  (91% total)
     Speed:     ev/sec=16860.2   simsec/sec=0.53399   ev/simsec=31574
     Messages:  created: 12798449   present: 1834   in FES: 238
** Event #13508864   t=420.093202204032   Elapsed: 750.557s (12m 30s)  84% completed  (92% total)
     Speed:     ev/sec=23673.4   simsec/sec=0.713809   ev/simsec=33164.9
     Messages:  created: 12842454   present: 1840   in FES: 205
** Event #13546752   t=421.512921696403   Elapsed: 752.573s (12m 32s)  84% completed  (92% total)
     Speed:     ev/sec=18799.9   simsec/sec=0.704462   ev/simsec=26687
     Messages:  created: 12878378   present: 1783   in FES: 186
** Event #13581056   t=422.532983877808   Elapsed: 754.597s (12m 34s)  84% completed  (92% total)
     Speed:     ev/sec=16949.3   simsec/sec=0.504004   ev/simsec=33629.3
     Messages:  created: 12909753   present: 1790   in FES: 189
** Event #13615104   t=423.538983536682   Elapsed: 756.597s (12m 36s)  84% completed  (92% total)
     Speed:     ev/sec=17016.4   simsec/sec=0.502776   ev/simsec=33844.9
     Messages:  created: 12941073   present: 1811   in FES: 194
** Event #13649152   t=424.563523265513   Elapsed: 758.615s (12m 38s)  84% completed  (92% total)
     Speed:     ev/sec=16872.8   simsec/sec=0.50772   ev/simsec=33232.5
     Messages:  created: 12972394   present: 1739   in FES: 174
** Event #13683456   t=425.572089525547   Elapsed: 760.633s (12m 40s)  85% completed  (92% total)
     Speed:     ev/sec=17001.9   simsec/sec=0.499871   ev/simsec=34012.6
     Messages:  created: 13004220   present: 1844   in FES: 205
** Event #13717760   t=426.595760023174   Elapsed: 762.635s (12m 42s)  85% completed  (92% total)
     Speed:     ev/sec=17136   simsec/sec=0.511358   ev/simsec=33510.8
     Messages:  created: 13035803   present: 1844   in FES: 206
** Event #13761536   t=428.060991152301   Elapsed: 764.635s (12m 44s)  85% completed  (92% total)
     Speed:     ev/sec=21882.4   simsec/sec=0.732428   ev/simsec=29876.5
     Messages:  created: 13076685   present: 1832   in FES: 206
** Event #13803520   t=429.524731598216   Elapsed: 766.639s (12m 46s)  85% completed  (92% total)
     Speed:     ev/sec=20949.2   simsec/sec=0.730379   ev/simsec=28682.7
     Messages:  created: 13116604   present: 1838   in FES: 205
** Event #13838080   t=430.544384711687   Elapsed: 768.666s (12m 48s)  86% completed  (93% total)
     Speed:     ev/sec=17053   simsec/sec=0.50313   ev/simsec=33893.9
     Messages:  created: 13148245   present: 1692   in FES: 157
** Event #13873664   t=431.579482143567   Elapsed: 770.682s (12m 50s)  86% completed  (93% total)
     Speed:     ev/sec=17649.9   simsec/sec=0.513416   ev/simsec=34377.4
     Messages:  created: 13181690   present: 1806   in FES: 195
** Event #13918464   t=433.064595477376   Elapsed: 772.685s (12m 52s)  86% completed  (93% total)
     Speed:     ev/sec=22371   simsec/sec=0.741596   ev/simsec=30166
     Messages:  created: 13223922   present: 1849   in FES: 207
** Event #13959936   t=434.531141374414   Elapsed: 774.697s (12m 54s)  86% completed  (93% total)
     Speed:     ev/sec=20610.1   simsec/sec=0.728821   ev/simsec=28278.7
     Messages:  created: 13264012   present: 1698   in FES: 157
** Event #13996544   t=435.594259525191   Elapsed: 776.718s (12m 56s)  87% completed  (93% total)
     Speed:     ev/sec=18116.9   simsec/sec=0.526127   ev/simsec=34434.6
     Messages:  created: 13298938   present: 1785   in FES: 188
** Event #14048000   t=437.520998473597   Elapsed: 778.72s (12m 58s)  87% completed  (93% total)
     Speed:     ev/sec=25694.2   simsec/sec=0.962103   ev/simsec=26706.3
     Messages:  created: 13349450   present: 1819   in FES: 206
** Event #14085120   t=438.591753230402   Elapsed: 780.739s (13m 00s)  87% completed  (93% total)
     Speed:     ev/sec=18386.9   simsec/sec=0.530384   ev/simsec=34667.1
     Messages:  created: 13384710   present: 1791   in FES: 190
** Event #14136832   t=440.524937992019   Elapsed: 782.752s (13m 02s)  88% completed  (94% total)
     Speed:     ev/sec=25690.5   simsec/sec=0.960407   ev/simsec=26749.6
     Messages:  created: 13435090   present: 1779   in FES: 186
** Event #14176000   t=441.598682602282   Elapsed: 784.762s (13m 04s)  88% completed  (94% total)
     Speed:     ev/sec=19482   simsec/sec=0.534075   ev/simsec=36477.9
     Messages:  created: 13472955   present: 1815   in FES: 198
** Event #14232064   t=443.558423952728   Elapsed: 786.78s (13m 06s)  88% completed  (94% total)
     Speed:     ev/sec=27788.3   simsec/sec=0.971352   ev/simsec=28607.9
     Messages:  created: 13529906   present: 1796   in FES: 206
** Event #14288896   t=445.507961820414   Elapsed: 788.783s (13m 08s)  89% completed  (94% total)
     Speed:     ev/sec=28377.2   simsec/sec=0.973437   ev/simsec=29151.5
     Messages:  created: 13588382   present: 1752   in FES: 179
** Event #14331136   t=446.589729320316   Elapsed: 790.785s (13m 10s)  89% completed  (94% total)
     Speed:     ev/sec=21097.3   simsec/sec=0.540302   ev/simsec=39047.2
     Messages:  created: 13630459   present: 1782   in FES: 187
** Event #14388736   t=448.538483017254   Elapsed: 792.799s (13m 12s)  89% completed  (94% total)
     Speed:     ev/sec=28605.2   simsec/sec=0.967785   ev/simsec=29557.4
     Messages:  created: 13689406   present: 1837   in FES: 202
** Event #14439936   t=450.065391129157   Elapsed: 794.801s (13m 14s)  90% completed  (95% total)
     Speed:     ev/sec=25565.8   simsec/sec=0.762433   ev/simsec=33531.8
     Messages:  created: 13740800   present: 1780   in FES: 181
** Event #14487552   t=451.571199102864   Elapsed: 796.821s (13m 16s)  90% completed  (95% total)
     Speed:     ev/sec=23580.4   simsec/sec=0.745706   ev/simsec=31621.6
     Messages:  created: 13789106   present: 1831   in FES: 206
** Event #14543872   t=453.50707143146   Elapsed: 798.83s (13m 18s)  90% completed  (95% total)
     Speed:     ev/sec=28028.3   simsec/sec=0.96341   ev/simsec=29092.8
     Messages:  created: 13846026   present: 1789   in FES: 188
** Event #14587392   t=454.731068941687   Elapsed: 800.831s (13m 20s)  90% completed  (95% total)
     Speed:     ev/sec=21742.7   simsec/sec=0.611513   ev/simsec=35555.6
     Messages:  created: 13890131   present: 1799   in FES: 199
** Event #14647296   t=456.531174156115   Elapsed: 802.839s (13m 22s)  91% completed  (95% total)
     Speed:     ev/sec=29838.3   simsec/sec=0.896636   ev/simsec=33278.1
     Messages:  created: 13952144   present: 1776   in FES: 183
** Event #14693376   t=458.000491575822   Elapsed: 804.841s (13m 24s)  91% completed  (95% total)
     Speed:     ev/sec=23017.2   simsec/sec=0.733933   ev/simsec=31361.5
     Messages:  created: 13999608   present: 1809   in FES: 206
** Event #14747904   t=459.541617535868   Elapsed: 806.852s (13m 26s)  91% completed  (95% total)
     Speed:     ev/sec=27116.2   simsec/sec=0.766385   ev/simsec=35381.9
     Messages:  created: 14054594   present: 1811   in FES: 198
** Event #14798592   t=461.04587593154   Elapsed: 808.855s (13m 28s)  92% completed  (96% total)
     Speed:     ev/sec=25312.3   simsec/sec=0.751189   ev/simsec=33696.3
     Messages:  created: 14106389   present: 1835   in FES: 206
** Event #14850816   t=462.536454339914   Elapsed: 810.877s (13m 30s)  92% completed  (96% total)
     Speed:     ev/sec=25821.4   simsec/sec=0.736994   ev/simsec=35036.1
     Messages:  created: 14159747   present: 1817   in FES: 196
** Event #14896640   t=464.000793982912   Elapsed: 812.88s (13m 32s)  92% completed  (96% total)
     Speed:     ev/sec=22877.5   simsec/sec=0.731069   ev/simsec=31293.3
     Messages:  created: 14206701   present: 1786   in FES: 189
** Event #14950656   t=465.523017503313   Elapsed: 814.902s (13m 34s)  93% completed  (96% total)
     Speed:     ev/sec=26720.4   simsec/sec=0.753007   ev/simsec=35484.9
     Messages:  created: 14260892   present: 1841   in FES: 206
** Event #14991616   t=466.574395363067   Elapsed: 816.919s (13m 36s)  93% completed  (96% total)
     Speed:     ev/sec=20301.4   simsec/sec=0.521105   ev/simsec=38958.4
     Messages:  created: 14301535   present: 1840   in FES: 201
** Event #15040512   t=468.05834644545   Elapsed: 818.921s (13m 38s)  93% completed  (96% total)
     Speed:     ev/sec=24426.6   simsec/sec=0.741327   ev/simsec=32949.9
     Messages:  created: 14350449   present: 1810   in FES: 197
** Event #15089664   t=469.533912281403   Elapsed: 820.944s (13m 40s)  93% completed  (96% total)
     Speed:     ev/sec=24292.8   simsec/sec=0.729282   ev/simsec=33310.6
     Messages:  created: 14400448   present: 1799   in FES: 192
** Event #15130368   t=470.583466267474   Elapsed: 822.957s (13m 42s)  94% completed  (97% total)
     Speed:     ev/sec=20227.1   simsec/sec=0.521556   ev/simsec=38782.2
     Messages:  created: 14440824   present: 1764   in FES: 181
** Event #15187712   t=472.314852280591   Elapsed: 824.957s (13m 44s)  94% completed  (97% total)
     Speed:     ev/sec=28661.4   simsec/sec=0.865374   ev/simsec=33120.3
     Messages:  created: 14499510   present: 1792   in FES: 193
** Event #15232000   t=473.541570036896   Elapsed: 826.962s (13m 46s)  94% completed  (97% total)
     Speed:     ev/sec=22094.8   simsec/sec=0.611995   ev/simsec=36102.8
     Messages:  created: 14545283   present: 1796   in FES: 191
** Event #15271936   t=474.57424706063   Elapsed: 828.971s (13m 48s)  94% completed  (97% total)
     Speed:     ev/sec=19880.9   simsec/sec=0.514087   ev/simsec=38672.3
     Messages:  created: 14584868   present: 1829   in FES: 196
** Event #15332352   t=476.50243365988   Elapsed: 830.993s (13m 50s)  95% completed  (97% total)
     Speed:     ev/sec=29877.4   simsec/sec=0.953543   ev/simsec=31333.1
     Messages:  created: 14647135   present: 1818   in FES: 206
** Event #15372032   t=477.544412069917   Elapsed: 832.995s (13m 52s)  95% completed  (97% total)
     Speed:     ev/sec=19811.9   simsec/sec=0.520252   ev/simsec=38081.4
     Messages:  created: 14685812   present: 1773   in FES: 182
** Event #15412480   t=478.600504882364   Elapsed: 835.014s (13m 55s)  95% completed  (97% total)
     Speed:     ev/sec=20036.3   simsec/sec=0.523145   ev/simsec=38299.7
     Messages:  created: 14725910   present: 1797   in FES: 206
** Event #15470336   t=480.506669159326   Elapsed: 837.03s (13m 57s)  96% completed  (98% total)
     Speed:     ev/sec=28700.5   simsec/sec=0.945588   ev/simsec=30352.1
     Messages:  created: 14784535   present: 1740   in FES: 175
** Event #15509504   t=481.538011055005   Elapsed: 839.045s (13m 59s)  96% completed  (98% total)
     Speed:     ev/sec=19436.7   simsec/sec=0.511793   ev/simsec=37977.7
     Messages:  created: 14822970   present: 1828   in FES: 201
** Event #15549440   t=482.57594414593   Elapsed: 841.06s (14m 01s)  96% completed  (98% total)
     Speed:     ev/sec=19817.4   simsec/sec=0.515052   ev/simsec=38476.5
     Messages:  created: 14862190   present: 1815   in FES: 196
** Event #15597312   t=484.043366523399   Elapsed: 843.062s (14m 03s)  96% completed  (98% total)
     Speed:     ev/sec=23917   simsec/sec=0.73313   ev/simsec=32623.2
     Messages:  created: 14910280   present: 1836   in FES: 205
** Event #15646720   t=485.512368482953   Elapsed: 845.064s (14m 05s)  97% completed  (98% total)
     Speed:     ev/sec=24674.2   simsec/sec=0.733615   ev/simsec=33633.7
     Messages:  created: 14959443   present: 1769   in FES: 182
** Event #15685376   t=486.544758038585   Elapsed: 847.077s (14m 07s)  97% completed  (98% total)
     Speed:     ev/sec=19204.8   simsec/sec=0.512904   ev/simsec=37443.2
     Messages:  created: 14997095   present: 1792   in FES: 206
** Event #15723008   t=487.567368252333   Elapsed: 849.098s (14m 09s)  97% completed  (98% total)
     Speed:     ev/sec=18626.8   simsec/sec=0.506163   ev/simsec=36799.9
     Messages:  created: 15033114   present: 1792   in FES: 187
** Event #15759104   t=488.591177126483   Elapsed: 851.119s (14m 11s)  97% completed  (98% total)
     Speed:     ev/sec=17858.2   simsec/sec=0.506522   ev/simsec=35256.6
     Messages:  created: 15066975   present: 1812   in FES: 197
** Event #15806976   t=490.066874329146   Elapsed: 853.12s (14m 13s)  98% completed  (99% total)
     Speed:     ev/sec=23917.4   simsec/sec=0.737274   ev/simsec=32440.3
     Messages:  created: 15112795   present: 1800   in FES: 187
** Event #15849984   t=491.512792053967   Elapsed: 855.122s (14m 15s)  98% completed  (99% total)
     Speed:     ev/sec=21491.1   simsec/sec=0.722524   ev/simsec=29744.4
     Messages:  created: 15154444   present: 1817   in FES: 198
** Event #15886336   t=492.530599443377   Elapsed: 857.124s (14m 17s)  98% completed  (99% total)
     Speed:     ev/sec=18154.3   simsec/sec=0.508295   ev/simsec=35716
     Messages:  created: 15188671   present: 1781   in FES: 186
** Event #15923456   t=493.55795022118   Elapsed: 859.144s (14m 19s)  98% completed  (99% total)
     Speed:     ev/sec=18374.8   simsec/sec=0.50855   ev/simsec=36131.8
     Messages:  created: 15223859   present: 1834   in FES: 205
** Event #15960832   t=494.56551875015   Elapsed: 861.161s (14m 21s)  98% completed  (99% total)
     Speed:     ev/sec=18536.1   simsec/sec=0.499689   ev/simsec=37095.2
     Messages:  created: 15259343   present: 1791   in FES: 188
** Event #15997952   t=495.578514431136   Elapsed: 863.184s (14m 23s)  99% completed  (99% total)
     Speed:     ev/sec=18341.6   simsec/sec=0.500536   ev/simsec=36643.8
     Messages:  created: 15294486   present: 1767   in FES: 182
** Event #16035328   t=496.599095430513   Elapsed: 865.207s (14m 25s)  99% completed  (99% total)
     Speed:     ev/sec=18476.2   simsec/sec=0.504507   ev/simsec=36622.3
     Messages:  created: 15329961   present: 1775   in FES: 184
** Event #16076544   t=498.001861329384   Elapsed: 867.21s (14m 27s)  99% completed  (99% total)
     Speed:     ev/sec=20579.5   simsec/sec=0.700414   ev/simsec=29382
     Messages:  created: 15370429   present: 1801   in FES: 194
** Event #16124416   t=499.176291515643   Elapsed: 869.213s (14m 29s)  99% completed  (99% total)
     Speed:     ev/sec=23901.4   simsec/sec=0.586366   ev/simsec=40761.9
     Messages:  created: 15414953   present: 1691   in FES: 187
** Event #16144845   t=500   Elapsed: 870.691s (14m 30s)  100% completed  (100% total)
     Speed:     ev/sec=13818.8   simsec/sec=0.55681   ev/simsec=24817.9
     Messages:  created: 15436001   present: 1681   in FES: 155

<!> Simulation time limit reached -- at t=500s, event #16144845
undisposed object: (omnetpp::cMessage) FanetStressNetwork.uav[0].app.debugTimer -- check module destructor
undisposed object: (omnetpp::cMessage) FanetStressNetwork.uav[1].app.debugTimer -- check module destructor
undisposed object: (omnetpp::cMessage) FanetStressNetwork.uav[2].app.debugTimer -- check module destructor
undisposed object: (omnetpp::cMessage) FanetStressNetwork.uav[3].app.debugTimer -- check module destructor
undisposed object: (omnetpp::cMessage) FanetStressNetwork.uav[4].app.debugTimer -- check module destructor
undisposed object: (omnetpp::cMessage) FanetStressNetwork.uav[5].app.debugTimer -- check module destructor
undisposed object: (omnetpp::cMessage) FanetStressNetwork.uav[6].app.debugTimer -- check module destructor
undisposed object: (omnetpp::cMessage) FanetStressNetwork.uav[7].app.debugTimer -- check module destructor
undisposed object: (omnetpp::cMessage) FanetStressNetwork.uav[8].app.debugTimer -- check module destructor
undisposed object: (omnetpp::cMessage) FanetStressNetwork.uav[9].app.debugTimer -- check module destructor
undisposed object: (omnetpp::cMessage) FanetStressNetwork.uav[10].app.debugTimer -- check module destructor
undisposed object: (omnetpp::cMessage) FanetStressNetwork.uav[11].app.debugTimer -- check module destructor
undisposed object: (omnetpp::cMessage) FanetStressNetwork.uav[12].app.debugTimer -- check module destructor
undisposed object: (omnetpp::cMessage) FanetStressNetwork.uav[13].app.debugTimer -- check module destructor
undisposed object: (omnetpp::cMessage) FanetStressNetwork.uav[14].app.debugTimer -- check module destructor
undisposed object: (omnetpp::cMessage) FanetStressNetwork.uav[15].app.debugTimer -- check module destructor
undisposed object: (omnetpp::cMessage) FanetStressNetwork.uav[16].app.debugTimer -- check module destructor
undisposed object: (omnetpp::cMessage) FanetStressNetwork.uav[17].app.debugTimer -- check module destructor
undisposed object: (omnetpp::cMessage) FanetStressNetwork.uav[18].app.debugTimer -- check module destructor
undisposed object: (omnetpp::cMessage) FanetStressNetwork.uav[19].app.debugTimer -- check module destructor
undisposed object: (omnetpp::cMessage) FanetStressNetwork.uav[20].app.debugTimer -- check module destructor
undisposed object: (omnetpp::cMessage) FanetStressNetwork.uav[21].app.debugTimer -- check module destructor
undisposed object: (omnetpp::cMessage) FanetStressNetwork.uav[22].app.debugTimer -- check module destructor
undisposed object: (omnetpp::cMessage) FanetStressNetwork.uav[23].app.debugTimer -- check module destructor
undisposed object: (omnetpp::cMessage) FanetStressNetwork.uav[24].app.debugTimer -- check module destructor
undisposed object: (omnetpp::cMessage) FanetStressNetwork.uav[25].app.debugTimer -- check module destructor
undisposed object: (omnetpp::cMessage) FanetStressNetwork.uav[26].app.debugTimer -- check module destructor
undisposed object: (omnetpp::cMessage) FanetStressNetwork.uav[27].app.debugTimer -- check module destructor
undisposed object: (omnetpp::cMessage) FanetStressNetwork.uav[28].app.debugTimer -- check module destructor
undisposed object: (omnetpp::cMessage) FanetStressNetwork.uav[29].app.debugTimer -- check module destructor
undisposed object: (omnetpp::cMessage) FanetStressNetwork.uav[30].app.debugTimer -- check module destructor
undisposed object: (omnetpp::cMessage) FanetStressNetwork.uav[31].app.debugTimer -- check module destructor
undisposed object: (omnetpp::cMessage) FanetStressNetwork.uav[32].app.debugTimer -- check module destructor
undisposed object: (omnetpp::cMessage) FanetStressNetwork.uav[33].app.debugTimer -- check module destructor
undisposed object: (omnetpp::cMessage) FanetStressNetwork.uav[34].app.debugTimer -- check module destructor
undisposed object: (omnetpp::cMessage) FanetStressNetwork.uav[35].app.debugTimer -- check module destructor
undisposed object: (omnetpp::cMessage) FanetStressNetwork.uav[36].app.debugTimer -- check module destructor
undisposed object: (omnetpp::cMessage) FanetStressNetwork.uav[37].app.debugTimer -- check module destructor
undisposed object: (omnetpp::cMessage) FanetStressNetwork.uav[38].app.debugTimer -- check module destructor
undisposed object: (omnetpp::cMessage) FanetStressNetwork.uav[39].app.debugTimer -- check module destructor
undisposed object: (omnetpp::cMessage) FanetStressNetwork.uav[40].app.debugTimer -- check module destructor
undisposed object: (omnetpp::cMessage) FanetStressNetwork.uav[41].app.debugTimer -- check module destructor
undisposed object: (omnetpp::cMessage) FanetStressNetwork.uav[42].app.debugTimer -- check module destructor
undisposed object: (omnetpp::cMessage) FanetStressNetwork.uav[43].app.debugTimer -- check module destructor
undisposed object: (omnetpp::cMessage) FanetStressNetwork.uav[44].app.debugTimer -- check module destructor
undisposed object: (omnetpp::cMessage) FanetStressNetwork.uav[45].app.debugTimer -- check module destructor
undisposed object: (omnetpp::cMessage) FanetStressNetwork.uav[46].app.debugTimer -- check module destructor
undisposed object: (omnetpp::cMessage) FanetStressNetwork.uav[47].app.debugTimer -- check module destructor
undisposed object: (omnetpp::cMessage) FanetStressNetwork.uav[48].app.debugTimer -- check module destructor
undisposed object: (omnetpp::cMessage) FanetStressNetwork.uav[49].app.debugTimer -- check module destructor
