** Event #0   t=0   Elapsed: 2e-05s (0m 00s)  0% completed  (0% total)
     Speed:     ev/sec=0   simsec/sec=0   ev/simsec=0
     Messages:  created: 1781   present: 1781   in FES: 261
** Event #37120   t=1.503639995717   Elapsed: 2.00927s (0m 02s)  0% completed  (0% total)
     Speed:     ev/sec=18475   simsec/sec=0.748358   ev/simsec=24687.4
     Messages:  created: 33620   present: 1788   in FES: 189
** Event #62208   t=2.514807118773   Elapsed: 4.02324s (0m 04s)  0% completed  (0% total)
     Speed:     ev/sec=12457   simsec/sec=0.502076   ev/simsec=24810.9
     Messages:  created: 56365   present: 1773   in FES: 176
** Event #86528   t=3.549867207779   Elapsed: 6.04067s (0m 06s)  0% completed  (0% total)
     Speed:     ev/sec=12054.9   simsec/sec=0.513059   ev/simsec=23496.2
     Messages:  created: 77418   present: 1703   in FES: 162
** Event #109824   t=4.524366795702   Elapsed: 8.05596s (0m 08s)  0% completed  (0% total)
     Speed:     ev/sec=11559.6   simsec/sec=0.483552   ev/simsec=23905.6
     Messages:  created: 97180   present: 1823   in FES: 206
** Event #132352   t=5.516000156512   Elapsed: 10.0882s (0m 10s)  1% completed  (0% total)
     Speed:     ev/sec=11085.5   simsec/sec=0.487961   ev/simsec=22718.1
     Messages:  created: 116039   present: 1740   in FES: 171
** Event #146688   t=6.040734478947   Elapsed: 12.0916s (0m 12s)  1% completed  (0% total)
     Speed:     ev/sec=7155.85   simsec/sec=0.261922   ev/simsec=27320.5
     Messages:  created: 128053   present: 1771   in FES: 184
** Event #165120   t=6.587009628752   Elapsed: 14.0964s (0m 14s)  1% completed  (0% total)
     Speed:     ev/sec=9193.68   simsec/sec=0.272476   ev/simsec=33741.2
     Messages:  created: 143274   present: 1736   in FES: 173
** Event #187136   t=7.563192412473   Elapsed: 16.111s (0m 16s)  1% completed  (0% total)
     Speed:     ev/sec=10928.1   simsec/sec=0.484547   ev/simsec=22553.2
     Messages:  created: 161373   present: 1790   in FES: 189
** Event #209664   t=8.532874571244   Elapsed: 18.134s (0m 18s)  1% completed  (0% total)
     Speed:     ev/sec=11136.1   simsec/sec=0.479337   ev/simsec=23232.4
     Messages:  created: 180194   present: 1804   in FES: 195
** Event #232192   t=9.514767187318   Elapsed: 20.1643s (0m 20s)  1% completed  (0% total)
     Speed:     ev/sec=11096.1   simsec/sec=0.483628   ev/simsec=22943.4
     Messages:  created: 198751   present: 1763   in FES: 180
** Event #250624   t=10.070235160151   Elapsed: 22.1752s (0m 22s)  2% completed  (1% total)
     Speed:     ev/sec=9166.12   simsec/sec=0.276231   ev/simsec=33182.8
     Messages:  created: 214324   present: 1778   in FES: 185
** Event #265472   t=10.595586181805   Elapsed: 24.2157s (0m 24s)  2% completed  (1% total)
     Speed:     ev/sec=7276.52   simsec/sec=0.257457   ev/simsec=28263
     Messages:  created: 226754   present: 1780   in FES: 187
** Event #286976   t=11.559434700645   Elapsed: 26.2193s (0m 26s)  2% completed  (1% total)
     Speed:     ev/sec=10732.8   simsec/sec=0.481066   ev/simsec=22310.6
     Messages:  created: 244584   present: 1785   in FES: 188
** Event #309248   t=12.543283066342   Elapsed: 28.2703s (0m 28s)  2% completed  (1% total)
     Speed:     ev/sec=10858.8   simsec/sec=0.479681   ev/simsec=22637.6
     Messages:  created: 263061   present: 1832   in FES: 205
** Event #330752   t=13.506782890669   Elapsed: 30.3191s (0m 30s)  2% completed  (1% total)
     Speed:     ev/sec=10496.2   simsec/sec=0.470286   ev/simsec=22318.6
     Messages:  created: 280935   present: 1721   in FES: 168
** Event #348928   t=14.068628641472   Elapsed: 32.3191s (0m 32s)  2% completed  (1% total)
     Speed:     ev/sec=9087.96   simsec/sec=0.280922   ev/simsec=32350.5
     Messages:  created: 296665   present: 1814   in FES: 206
** Event #364800   t=14.599756033616   Elapsed: 34.3594s (0m 34s)  2% completed  (1% total)
     Speed:     ev/sec=7779.24   simsec/sec=0.260318   ev/simsec=29883.6
     Messages:  created: 309956   present: 1778   in FES: 183
** Event #386048   t=15.557938882656   Elapsed: 36.3633s (0m 36s)  3% completed  (1% total)
     Speed:     ev/sec=10603.2   simsec/sec=0.478152   ev/simsec=22175.3
     Messages:  created: 327410   present: 1760   in FES: 179
** Event #407552   t=16.539917532003   Elapsed: 38.3663s (0m 38s)  3% completed  (1% total)
     Speed:     ev/sec=10735.9   simsec/sec=0.490253   ev/simsec=21898.6
     Messages:  created: 345307   present: 1834   in FES: 205
** Event #427264   t=17.089331018273   Elapsed: 40.3685s (0m 40s)  3% completed  (1% total)
     Speed:     ev/sec=9845.02   simsec/sec=0.274401   ev/simsec=35878.3
     Messages:  created: 361616   present: 1694   in FES: 157
** Event #440064   t=17.59176777588   Elapsed: 42.4179s (0m 42s)  3% completed  (1% total)
     Speed:     ev/sec=6245.78   simsec/sec=0.245165   ev/simsec=25475.8
     Messages:  created: 372379   present: 1771   in FES: 184
** Event #462336   t=18.563339526078   Elapsed: 44.4231s (0m 44s)  3% completed  (1% total)
     Speed:     ev/sec=11107   simsec/sec=0.484519   ev/simsec=22923.7
     Messages:  created: 390688   present: 1838   in FES: 206
** Event #484864   t=19.539914921155   Elapsed: 46.4275s (0m 46s)  3% completed  (1% total)
     Speed:     ev/sec=11239.6   simsec/sec=0.487231   ev/simsec=23068.4
     Messages:  created: 409417   present: 1754   in FES: 177
** Event #506368   t=20.517059504742   Elapsed: 48.4592s (0m 48s)  4% completed  (2% total)
     Speed:     ev/sec=10584.2   simsec/sec=0.480948   ev/simsec=22007
     Messages:  created: 426872   present: 1777   in FES: 186
** Event #518912   t=21.012946921827   Elapsed: 50.4622s (0m 50s)  4% completed  (2% total)
     Speed:     ev/sec=6262.59   simsec/sec=0.247572   ev/simsec=25296.1
     Messages:  created: 437630   present: 1827   in FES: 202
** Event #540416   t=21.598494364437   Elapsed: 52.4942s (0m 52s)  4% completed  (2% total)
     Speed:     ev/sec=10582.8   simsec/sec=0.288166   ev/simsec=36724.6
     Messages:  created: 455819   present: 1731   in FES: 172
** Event #562944   t=22.567469307708   Elapsed: 54.5439s (0m 54s)  4% completed  (2% total)
     Speed:     ev/sec=10990.8   simsec/sec=0.472739   ev/simsec=23249.3
     Messages:  created: 474438   present: 1795   in FES: 190
** Event #584192   t=23.535326031259   Elapsed: 56.5643s (0m 56s)  4% completed  (2% total)
     Speed:     ev/sec=10516.5   simsec/sec=0.479031   ev/simsec=21953.7
     Messages:  created: 491902   present: 1828   in FES: 201
** Event #605952   t=24.510725878541   Elapsed: 58.5745s (0m 58s)  4% completed  (2% total)
     Speed:     ev/sec=10825   simsec/sec=0.485234   ev/simsec=22308.8
     Messages:  created: 509902   present: 1817   in FES: 200
** Event #620288   t=25.03421526024   Elapsed: 60.5813s (1m 00s)  5% completed  (2% total)
     Speed:     ev/sec=7143.55   simsec/sec=0.260852   ev/simsec=27385.5
     Messages:  created: 522465   present: 1825   in FES: 202
** Event #638720   t=25.581968146991   Elapsed: 62.6249s (1m 02s)  5% completed  (2% total)
     Speed:     ev/sec=9019.62   simsec/sec=0.268041   ev/simsec=33650.2
     Messages:  created: 537736   present: 1745   in FES: 176
** Event #660480   t=26.541909870029   Elapsed: 64.6521s (1m 04s)  5% completed  (2% total)
     Speed:     ev/sec=10733.8   simsec/sec=0.47352   ev/simsec=22668
     Messages:  created: 555521   present: 1818   in FES: 199
** Event #682240   t=27.513460832243   Elapsed: 66.7003s (1m 06s)  5% completed  (2% total)
     Speed:     ev/sec=10624   simsec/sec=0.474345   ev/simsec=22397.2
     Messages:  created: 573290   present: 1803   in FES: 194
** Event #692736   t=27.608092326068   Elapsed: 68.7135s (1m 08s)  5% completed  (2% total)
     Speed:     ev/sec=5213.56   simsec/sec=0.0470052   ev/simsec=110914
     Messages:  created: 582106   present: 1781   in FES: 184
** Event #714496   t=28.588496205135   Elapsed: 70.7168s (1m 10s)  5% completed  (2% total)
     Speed:     ev/sec=10862   simsec/sec=0.489392   ev/simsec=22194.9
     Messages:  created: 600096   present: 1771   in FES: 184
** Event #735744   t=29.528674870923   Elapsed: 72.7306s (1m 12s)  5% completed  (2% total)
     Speed:     ev/sec=10551.4   simsec/sec=0.466876   ev/simsec=22600
     Messages:  created: 617498   present: 1765   in FES: 180
** Event #755712   t=30.093572924935   Elapsed: 74.734s (1m 14s)  6% completed  (3% total)
     Speed:     ev/sec=9966.91   simsec/sec=0.281965   ev/simsec=35348
     Messages:  created: 633879   present: 1755   in FES: 176
** Event #767744   t=30.595261746423   Elapsed: 76.7686s (1m 16s)  6% completed  (3% total)
     Speed:     ev/sec=5913.71   simsec/sec=0.246579   ev/simsec=23983
     Messages:  created: 643945   present: 1804   in FES: 193
** Event #789248   t=31.570682645886   Elapsed: 78.8064s (1m 18s)  6% completed  (3% total)
     Speed:     ev/sec=10552.8   simsec/sec=0.478676   ev/simsec=22045.9
     Messages:  created: 661717   present: 1684   in FES: 157
** Event #810496   t=32.527039892194   Elapsed: 80.8472s (1m 20s)  6% completed  (3% total)
     Speed:     ev/sec=10411.7   simsec/sec=0.468623   ev/simsec=22217.6
     Messages:  created: 678972   present: 1750   in FES: 177
** Event #820480   t=32.608096422163   Elapsed: 82.8575s (1m 22s)  6% completed  (3% total)
     Speed:     ev/sec=4966.39   simsec/sec=0.0403203   ev/simsec=123173
     Messages:  created: 687203   present: 1761   in FES: 180
** Event #843008   t=33.588927484514   Elapsed: 84.8754s (1m 24s)  6% completed  (3% total)
     Speed:     ev/sec=11164.1   simsec/sec=0.486065   ev/simsec=22968.3
     Messages:  created: 705564   present: 1819   in FES: 198
** Event #864768   t=34.551277440339   Elapsed: 86.8837s (1m 26s)  6% completed  (3% total)
     Speed:     ev/sec=10834.8   simsec/sec=0.479175   ev/simsec=22611.3
     Messages:  created: 723220   present: 1758   in FES: 179
** Event #886784   t=35.515104070558   Elapsed: 88.8962s (1m 28s)  7% completed  (3% total)
     Speed:     ev/sec=10939.7   simsec/sec=0.478921   ev/simsec=22842.3
     Messages:  created: 741320   present: 1753   in FES: 176
** Event #897536   t=35.605243198223   Elapsed: 90.9175s (1m 30s)  7% completed  (3% total)
     Speed:     ev/sec=5319.49   simsec/sec=0.0445958   ev/simsec=119282
     Messages:  created: 750349   present: 1811   in FES: 194
** Event #919808   t=36.564200841378   Elapsed: 92.9248s (1m 32s)  7% completed  (3% total)
     Speed:     ev/sec=11095   simsec/sec=0.477714   ev/simsec=23225.2
     Messages:  created: 768225   present: 1829   in FES: 202
** Event #942592   t=37.549347795955   Elapsed: 94.9384s (1m 34s)  7% completed  (3% total)
     Speed:     ev/sec=11315.3   simsec/sec=0.489259   ev/simsec=23127.5
     Messages:  created: 786936   present: 1783   in FES: 188
** Event #966144   t=38.535879037748   Elapsed: 96.9434s (1m 36s)  7% completed  (3% total)
     Speed:     ev/sec=11746.4   simsec/sec=0.492028   ev/simsec=23873.5
     Messages:  created: 806073   present: 1754   in FES: 179
** Event #990208   t=39.515752912425   Elapsed: 98.9842s (1m 38s)  7% completed  (3% total)
     Speed:     ev/sec=11791.4   simsec/sec=0.480142   ev/simsec=24558.3
     Messages:  created: 825528   present: 1733   in FES: 172
** Event #1011968   t=40.088135614852   Elapsed: 100.986s (1m 40s)  8% completed  (4% total)
     Speed:     ev/sec=10869.5   simsec/sec=0.285915   ev/simsec=38016.5
     Messages:  created: 843390   present: 1776   in FES: 183
** Event #1026816   t=40.601481784409   Elapsed: 103.016s (1m 43s)  8% completed  (4% total)
     Speed:     ev/sec=7314.17   simsec/sec=0.252876   ev/simsec=28924
     Messages:  created: 855550   present: 1807   in FES: 194
** Event #1050624   t=41.594866205649   Elapsed: 105.048s (1m 45s)  8% completed  (4% total)
     Speed:     ev/sec=11718.4   simsec/sec=0.488947   ev/simsec=23966.6
     Messages:  created: 875131   present: 1841   in FES: 204
** Event #1074432   t=42.581456585031   Elapsed: 107.058s (1m 47s)  8% completed  (4% total)
     Speed:     ev/sec=11846.5   simsec/sec=0.490914   ev/simsec=24131.6
     Messages:  created: 894467   present: 1817   in FES: 206
** Event #1099264   t=43.573804700366   Elapsed: 109.064s (1m 49s)  8% completed  (4% total)
     Speed:     ev/sec=12377.1   simsec/sec=0.494618   ev/simsec=25023.5
     Messages:  created: 914880   present: 1821   in FES: 206
** Event #1123328   t=44.549342506646   Elapsed: 111.091s (1m 51s)  8% completed  (4% total)
     Speed:     ev/sec=11868.6   simsec/sec=0.481146   ev/simsec=24667.4
     Messages:  created: 934410   present: 1792   in FES: 191
** Event #1147136   t=45.522490899797   Elapsed: 113.099s (1m 53s)  9% completed  (4% total)
     Speed:     ev/sec=11857.2   simsec/sec=0.484663   ev/simsec=24464.9
     Messages:  created: 953662   present: 1832   in FES: 200
** Event #1170944   t=46.51505190155   Elapsed: 115.104s (1m 55s)  9% completed  (4% total)
     Speed:     ev/sec=11879   simsec/sec=0.495237   ev/simsec=23986.4
     Messages:  created: 973013   present: 1813   in FES: 198
** Event #1196032   t=47.512862423127   Elapsed: 117.158s (1m 57s)  9% completed  (4% total)
     Speed:     ev/sec=12210   simsec/sec=0.48562   ev/simsec=25143.1
     Messages:  created: 993576   present: 1748   in FES: 177
** Event #1209856   t=48.013588905863   Elapsed: 119.162s (1m 59s)  9% completed  (4% total)
     Speed:     ev/sec=6899.89   simsec/sec=0.249924   ev/simsec=27607.9
     Messages:  created: 1005125   present: 1784   in FES: 187
** Event #1233152   t=48.606589568177   Elapsed: 121.199s (2m 01s)  9% completed  (4% total)
     Speed:     ev/sec=11437.2   simsec/sec=0.291135   ev/simsec=39284.9
     Messages:  created: 1024402   present: 1746   in FES: 175
** Event #1256704   t=49.58872839108   Elapsed: 123.222s (2m 03s)  9% completed  (4% total)
     Speed:     ev/sec=11638.3   simsec/sec=0.485327   ev/simsec=23980.3
     Messages:  created: 1043599   present: 1837   in FES: 206
** Event #1281536   t=50.580339003433   Elapsed: 125.25s (2m 05s)  10% completed  (5% total)
     Speed:     ev/sec=12248.4   simsec/sec=0.489111   ev/simsec=25042.1
     Messages:  created: 1063655   present: 1771   in FES: 184
** Event #1305344   t=51.555613456049   Elapsed: 127.286s (2m 07s)  10% completed  (5% total)
     Speed:     ev/sec=11690.9   simsec/sec=0.478907   ev/simsec=24411.6
     Messages:  created: 1082841   present: 1790   in FES: 191
** Event #1328896   t=52.526821801238   Elapsed: 129.302s (2m 09s)  10% completed  (5% total)
     Speed:     ev/sec=11680.5   simsec/sec=0.481668   ev/simsec=24250.2
     Messages:  created: 1101649   present: 1722   in FES: 165
** Event #1354496   t=53.529899052811   Elapsed: 131.334s (2m 11s)  10% completed  (5% total)
     Speed:     ev/sec=12604   simsec/sec=0.493858   ev/simsec=25521.5
     Messages:  created: 1123165   present: 1766   in FES: 179
** Event #1379072   t=54.521564238098   Elapsed: 133.37s (2m 13s)  10% completed  (5% total)
     Speed:     ev/sec=12067.4   simsec/sec=0.486933   ev/simsec=24782.6
     Messages:  created: 1143105   present: 1744   in FES: 173
** Event #1402368   t=55.094083890159   Elapsed: 135.371s (2m 15s)  11% completed  (5% total)
     Speed:     ev/sec=11645.6   simsec/sec=0.2862   ev/simsec=40690.3
     Messages:  created: 1162195   present: 1810   in FES: 193
** Event #1415680   t=55.607257105604   Elapsed: 137.393s (2m 17s)  11% completed  (5% total)
     Speed:     ev/sec=6580.75   simsec/sec=0.253686   ev/simsec=25940.6
     Messages:  created: 1172973   present: 1812   in FES: 194
** Event #1439488   t=56.586861992414   Elapsed: 139.416s (2m 19s)  11% completed  (5% total)
     Speed:     ev/sec=11771.6   simsec/sec=0.484353   ev/simsec=24303.7
     Messages:  created: 1192110   present: 1781   in FES: 186
** Event #1463040   t=57.563431157983   Elapsed: 141.417s (2m 21s)  11% completed  (5% total)
     Speed:     ev/sec=11771.3   simsec/sec=0.48809   ev/simsec=24117.1
     Messages:  created: 1211138   present: 1745   in FES: 176
** Event #1487104   t=58.545964334133   Elapsed: 143.425s (2m 23s)  11% completed  (5% total)
     Speed:     ev/sec=11984.3   simsec/sec=0.48932   ev/simsec=24491.8
     Messages:  created: 1230864   present: 1787   in FES: 190
** Event #1510656   t=59.530782552301   Elapsed: 145.464s (2m 25s)  11% completed  (5% total)
     Speed:     ev/sec=11550.2   simsec/sec=0.482969   ev/simsec=23915.1
     Messages:  created: 1250171   present: 1842   in FES: 206
** Event #1534208   t=60.524534377464   Elapsed: 147.514s (2m 27s)  12% completed  (6% total)
     Speed:     ev/sec=11488.6   simsec/sec=0.484751   ev/simsec=23700.1
     Messages:  created: 1269607   present: 1797   in FES: 206
** Event #1558272   t=61.514948150776   Elapsed: 149.539s (2m 29s)  12% completed  (6% total)
     Speed:     ev/sec=11881.8   simsec/sec=0.489025   ev/simsec=24296.9
     Messages:  created: 1289330   present: 1684   in FES: 157
** Event #1583104   t=62.501262796444   Elapsed: 151.544s (2m 31s)  12% completed  (6% total)
     Speed:     ev/sec=12383.6   simsec/sec=0.491871   ev/simsec=25176.6
     Messages:  created: 1310034   present: 1791   in FES: 192
** Event #1595392   t=62.606211887202   Elapsed: 153.583s (2m 33s)  12% completed  (6% total)
     Speed:     ev/sec=6027.11   simsec/sec=0.0514762   ev/simsec=117085
     Messages:  created: 1320158   present: 1758   in FES: 181
** Event #1619200   t=63.589891971017   Elapsed: 155.614s (2m 35s)  12% completed  (6% total)
     Speed:     ev/sec=11723.4   simsec/sec=0.484377   ev/simsec=24203
     Messages:  created: 1339725   present: 1804   in FES: 195
** Event #1644032   t=64.583984499889   Elapsed: 157.643s (2m 37s)  12% completed  (6% total)
     Speed:     ev/sec=12235.4   simsec/sec=0.489816   ev/simsec=24979.6
     Messages:  created: 1360243   present: 1823   in FES: 198
** Event #1667840   t=65.579749971905   Elapsed: 159.669s (2m 39s)  13% completed  (6% total)
     Speed:     ev/sec=11753.9   simsec/sec=0.491607   ev/simsec=23909.2
     Messages:  created: 1379878   present: 1790   in FES: 206
** Event #1691648   t=66.554079863708   Elapsed: 161.69s (2m 41s)  13% completed  (6% total)
     Speed:     ev/sec=11779.9   simsec/sec=0.482086   ev/simsec=24435.3
     Messages:  created: 1399142   present: 1754   in FES: 177
** Event #1716224   t=67.549838540044   Elapsed: 163.709s (2m 43s)  13% completed  (6% total)
     Speed:     ev/sec=12171.3   simsec/sec=0.49315   ev/simsec=24680.7
     Messages:  created: 1419525   present: 1792   in FES: 191
** Event #1740288   t=68.54173539305   Elapsed: 165.752s (2m 45s)  13% completed  (6% total)
     Speed:     ev/sec=11781.4   simsec/sec=0.485618   ev/simsec=24260.6
     Messages:  created: 1439343   present: 1790   in FES: 206
** Event #1764096   t=69.521058922567   Elapsed: 167.78s (2m 47s)  13% completed  (6% total)
     Speed:     ev/sec=11737.1   simsec/sec=0.482797   ev/simsec=24310.7
     Messages:  created: 1458893   present: 1831   in FES: 202
** Event #1788928   t=70.517700638493   Elapsed: 169.805s (2m 49s)  14% completed  (7% total)
     Speed:     ev/sec=12263.8   simsec/sec=0.492211   ev/simsec=24915.7
     Messages:  created: 1479401   present: 1811   in FES: 196
** Event #1812736   t=71.51475822559   Elapsed: 171.81s (2m 51s)  14% completed  (7% total)
     Speed:     ev/sec=11872.5   simsec/sec=0.497212   ev/simsec=23878.3
     Messages:  created: 1499077   present: 1795   in FES: 194
** Event #1824512   t=71.607833526907   Elapsed: 173.837s (2m 53s)  14% completed  (7% total)
     Speed:     ev/sec=5809.29   simsec/sec=0.0459156   ev/simsec=126521
     Messages:  created: 1509105   present: 1805   in FES: 194
** Event #1848576   t=72.594676134973   Elapsed: 175.855s (2m 55s)  14% completed  (7% total)
     Speed:     ev/sec=11925.1   simsec/sec=0.489038   ev/simsec=24384.8
     Messages:  created: 1528932   present: 1817   in FES: 200
** Event #1872128   t=73.589212137355   Elapsed: 177.86s (2m 57s)  14% completed  (7% total)
     Speed:     ev/sec=11747.3   simsec/sec=0.496057   ev/simsec=23681.4
     Messages:  created: 1548663   present: 1757   in FES: 176
** Event #1897472   t=74.595971249346   Elapsed: 179.879s (2m 59s)  14% completed  (7% total)
     Speed:     ev/sec=12556.6   simsec/sec=0.498795   ev/simsec=25173.8
     Messages:  created: 1570218   present: 1961   in FES: 256
** Event #1922816   t=75.609478973775   Elapsed: 181.881s (3m 01s)  15% completed  (7% total)
     Speed:     ev/sec=12656.4   simsec/sec=0.506131   ev/simsec=25006.2
     Messages:  created: 1591841   present: 1797   in FES: 206
** Event #1948672   t=77.001194998703   Elapsed: 183.882s (3m 03s)  15% completed  (7% total)
     Speed:     ev/sec=12921.9   simsec/sec=0.69553   ev/simsec=18578.5
     Messages:  created: 1613101   present: 1788   in FES: 191
** Event #1972224   t=77.594855497512   Elapsed: 185.897s (3m 05s)  15% completed  (7% total)
     Speed:     ev/sec=11689.9   simsec/sec=0.294659   ev/simsec=39672.5
     Messages:  created: 1632423   present: 1728   in FES: 169
** Event #1998592   t=78.870785773945   Elapsed: 187.915s (3m 07s)  15% completed  (7% total)
     Speed:     ev/sec=13065.2   simsec/sec=0.632216   ev/simsec=20665.7
     Messages:  created: 1654447   present: 1681   in FES: 155
** Event #2022912   t=79.593512115628   Elapsed: 189.921s (3m 09s)  15% completed  (7% total)
     Speed:     ev/sec=12121.5   simsec/sec=0.360218   ev/simsec=33650.4
     Messages:  created: 1674566   present: 1822   in FES: 206
** Event #2046208   t=80.581956643945   Elapsed: 191.948s (3m 11s)  16% completed  (8% total)
     Speed:     ev/sec=11492.7   simsec/sec=0.487631   ev/simsec=23568.3
     Messages:  created: 1693785   present: 1807   in FES: 196
** Event #2069760   t=81.563394554428   Elapsed: 193.953s (3m 13s)  16% completed  (8% total)
     Speed:     ev/sec=11750.5   simsec/sec=0.489656   ev/simsec=23997.4
     Messages:  created: 1713190   present: 1821   in FES: 206
** Event #2094336   t=82.555628649407   Elapsed: 195.953s (3m 15s)  16% completed  (8% total)
     Speed:     ev/sec=12285.3   simsec/sec=0.496009   ev/simsec=24768.3
     Messages:  created: 1733694   present: 1719   in FES: 166
** Event #2119168   t=83.556812537915   Elapsed: 197.964s (3m 17s)  16% completed  (8% total)
     Speed:     ev/sec=12348.5   simsec/sec=0.49787   ev/simsec=24802.6
     Messages:  created: 1754111   present: 1820   in FES: 206
** Event #2144000   t=84.556459762177   Elapsed: 200.002s (3m 20s)  16% completed  (8% total)
     Speed:     ev/sec=12182.7   simsec/sec=0.490433   ev/simsec=24840.8
     Messages:  created: 1774743   present: 1798   in FES: 191
** Event #2167552   t=85.539329026544   Elapsed: 202.021s (3m 22s)  17% completed  (8% total)
     Speed:     ev/sec=11667.1   simsec/sec=0.486891   ev/simsec=23962.5
     Messages:  created: 1794017   present: 1685   in FES: 156
** Event #2191104   t=86.531289493128   Elapsed: 204.039s (3m 24s)  17% completed  (8% total)
     Speed:     ev/sec=11673.1   simsec/sec=0.491645   ev/simsec=23742.9
     Messages:  created: 1813599   present: 1799   in FES: 192
** Event #2215680   t=87.522047932228   Elapsed: 206.072s (3m 26s)  17% completed  (8% total)
     Speed:     ev/sec=12088.3   simsec/sec=0.487328   ev/simsec=24805.2
     Messages:  created: 1833907   present: 1750   in FES: 175
** Event #2240256   t=88.520067160056   Elapsed: 208.109s (3m 28s)  17% completed  (8% total)
     Speed:     ev/sec=12064   simsec/sec=0.489914   ev/simsec=24624.8
     Messages:  created: 1854338   present: 1827   in FES: 200
** Event #2265088   t=89.519364963608   Elapsed: 210.136s (3m 30s)  17% completed  (8% total)
     Speed:     ev/sec=12249.2   simsec/sec=0.492935   ev/simsec=24849.4
     Messages:  created: 1875023   present: 1696   in FES: 157
** Event #2289664   t=90.518004128407   Elapsed: 212.171s (3m 32s)  18% completed  (9% total)
     Speed:     ev/sec=12078.8   simsec/sec=0.49082   ev/simsec=24609.5
     Messages:  created: 1895445   present: 1698   in FES: 157
** Event #2314752   t=91.526938403625   Elapsed: 214.178s (3m 34s)  18% completed  (9% total)
     Speed:     ev/sec=12496.7   simsec/sec=0.502564   ev/simsec=24865.8
     Messages:  created: 1916729   present: 1803   in FES: 194
** Event #2340096   t=92.549900763462   Elapsed: 216.183s (3m 36s)  18% completed  (9% total)
     Speed:     ev/sec=12642.7   simsec/sec=0.510299   ev/simsec=24775.1
     Messages:  created: 1938503   present: 1794   in FES: 206
** Event #2365696   t=93.562863599916   Elapsed: 218.201s (3m 38s)  18% completed  (9% total)
     Speed:     ev/sec=12686.8   simsec/sec=0.502003   ev/simsec=25272.4
     Messages:  created: 1960069   present: 1816   in FES: 199
** Event #2391552   t=94.577440690066   Elapsed: 220.211s (3m 40s)  18% completed  (9% total)
     Speed:     ev/sec=12862.6   simsec/sec=0.504721   ev/simsec=25484.5
     Messages:  created: 1981899   present: 1806   in FES: 206
** Event #2416640   t=95.571911303831   Elapsed: 222.231s (3m 42s)  19% completed  (9% total)
     Speed:     ev/sec=12417.5   simsec/sec=0.49222   ev/simsec=25227.5
     Messages:  created: 2003083   present: 1749   in FES: 176
** Event #2442496   t=96.588005570623   Elapsed: 224.256s (3m 44s)  19% completed  (9% total)
     Speed:     ev/sec=12770.3   simsec/sec=0.50185   ev/simsec=25446.5
     Messages:  created: 2024956   present: 1835   in FES: 206
** Event #2468608   t=97.601660898626   Elapsed: 226.296s (3m 46s)  19% completed  (9% total)
     Speed:     ev/sec=12797.1   simsec/sec=0.496779   ev/simsec=25760.2
     Messages:  created: 2047124   present: 1733   in FES: 168
** Event #2492672   t=98.598014861078   Elapsed: 228.323s (3m 48s)  19% completed  (9% total)
     Speed:     ev/sec=11876.4   simsec/sec=0.491733   ev/simsec=24152.1
     Messages:  created: 2067246   present: 1835   in FES: 204
** Event #2518016   t=99.608219702546   Elapsed: 230.36s (3m 50s)  19% completed  (9% total)
     Speed:     ev/sec=12436.9   simsec/sec=0.495731   ev/simsec=25088
     Messages:  created: 2088340   present: 1768   in FES: 183
** Event #2543872   t=100.607640560749   Elapsed: 232.405s (3m 52s)  20% completed  (10% total)
     Speed:     ev/sec=12643.2   simsec/sec=0.488702   ev/simsec=25871
     Messages:  created: 2111062   present: 1807   in FES: 196
** Event #2574336   t=101.60046918578   Elapsed: 234.418s (3m 54s)  20% completed  (10% total)
     Speed:     ev/sec=15140.7   simsec/sec=0.493439   ev/simsec=30684
     Messages:  created: 2140818   present: 1836   in FES: 205
** Event #2605056   t=102.585497309731   Elapsed: 236.45s (3m 56s)  20% completed  (10% total)
     Speed:     ev/sec=15114.7   simsec/sec=0.484647   ev/simsec=31186.9
     Messages:  created: 2170568   present: 1829   in FES: 206
** Event #2637056   t=103.584084529333   Elapsed: 238.467s (3m 58s)  20% completed  (10% total)
     Speed:     ev/sec=15865.9   simsec/sec=0.49511   ev/simsec=32045.3
     Messages:  created: 2201828   present: 1725   in FES: 168
** Event #2669312   t=104.581024417939   Elapsed: 240.492s (4m 00s)  20% completed  (10% total)
     Speed:     ev/sec=15927.9   simsec/sec=0.492285   ev/simsec=32355
     Messages:  created: 2234067   present: 1816   in FES: 199
** Event #2700032   t=105.558914767264   Elapsed: 242.529s (4m 02s)  21% completed  (10% total)
     Speed:     ev/sec=15084.1   simsec/sec=0.480164   ev/simsec=31414.6
     Messages:  created: 2264162   present: 1771   in FES: 184
** Event #2732544   t=106.554483248137   Elapsed: 244.558s (4m 04s)  21% completed  (10% total)
     Speed:     ev/sec=16024.3   simsec/sec=0.490689   ev/simsec=32656.7
     Messages:  created: 2295997   present: 1818   in FES: 197
** Event #2764544   t=107.55401480219   Elapsed: 246.578s (4m 06s)  21% completed  (10% total)
     Speed:     ev/sec=15835.4   simsec/sec=0.494626   ev/simsec=32015
     Messages:  created: 2327335   present: 1783   in FES: 187
** Event #2796800   t=108.553629488039   Elapsed: 248.595s (4m 08s)  21% completed  (10% total)
     Speed:     ev/sec=15996.5   simsec/sec=0.495733   ev/simsec=32268.4
     Messages:  created: 2359037   present: 1784   in FES: 189
** Event #2828544   t=109.549378437985   Elapsed: 250.632s (4m 10s)  21% completed  (10% total)
     Speed:     ev/sec=15580.9   simsec/sec=0.488744   ev/simsec=31879.5
     Messages:  created: 2390330   present: 1778   in FES: 187
** Event #2859776   t=110.531140594615   Elapsed: 252.649s (4m 12s)  22% completed  (11% total)
     Speed:     ev/sec=15481.8   simsec/sec=0.486661   ev/simsec=31812.2
     Messages:  created: 2421320   present: 1832   in FES: 206
** Event #2891008   t=111.515087427283   Elapsed: 254.665s (4m 14s)  22% completed  (11% total)
     Speed:     ev/sec=15494.6   simsec/sec=0.48815   ev/simsec=31741.6
     Messages:  created: 2451957   present: 1762   in FES: 181
** Event #2918912   t=112.201962978579   Elapsed: 256.666s (4m 16s)  22% completed  (11% total)
     Speed:     ev/sec=13944.7   simsec/sec=0.343259   ev/simsec=40624.5
     Messages:  created: 2477832   present: 1685   in FES: 157
** Event #2941184   t=113.011186443663   Elapsed: 258.668s (4m 18s)  22% completed  (11% total)
     Speed:     ev/sec=11127.6   simsec/sec=0.404305   ev/simsec=27522.7
     Messages:  created: 2500794   present: 1749   in FES: 176
** Event #2966528   t=113.59515294431   Elapsed: 260.682s (4m 20s)  22% completed  (11% total)
     Speed:     ev/sec=12583.1   simsec/sec=0.289935   ev/simsec=43399.7
     Messages:  created: 2524392   present: 1836   in FES: 206
** Event #2998784   t=114.591915903521   Elapsed: 262.702s (4m 22s)  22% completed  (11% total)
     Speed:     ev/sec=15965.4   simsec/sec=0.493358   ev/simsec=32360.8
     Messages:  created: 2556207   present: 1799   in FES: 192
** Event #3031296   t=115.580594565791   Elapsed: 264.724s (4m 24s)  23% completed  (11% total)
     Speed:     ev/sec=16082.2   simsec/sec=0.489054   ev/simsec=32884.3
     Messages:  created: 2588584   present: 1791   in FES: 190
** Event #3063296   t=116.567816322961   Elapsed: 266.759s (4m 26s)  23% completed  (11% total)
     Speed:     ev/sec=15721.1   simsec/sec=0.485008   ev/simsec=32414.2
     Messages:  created: 2620242   present: 1788   in FES: 191
** Event #3094528   t=117.556096017757   Elapsed: 268.776s (4m 28s)  23% completed  (11% total)
     Speed:     ev/sec=15485   simsec/sec=0.489994   ev/simsec=31602.4
     Messages:  created: 2651099   present: 1826   in FES: 206
** Event #3126016   t=118.51673138394   Elapsed: 270.8s (4m 30s)  23% completed  (11% total)
     Speed:     ev/sec=15561.4   simsec/sec=0.474748   ev/simsec=32778.3
     Messages:  created: 2682028   present: 1831   in FES: 206
** Event #3153152   t=119.095477454799   Elapsed: 272.803s (4m 32s)  23% completed  (11% total)
     Speed:     ev/sec=13544.6   simsec/sec=0.288873   ev/simsec=46887.6
     Messages:  created: 2706982   present: 1821   in FES: 196
** Event #3170304   t=119.708694243072   Elapsed: 274.808s (4m 34s)  23% completed  (11% total)
     Speed:     ev/sec=8553.53   simsec/sec=0.305805   ev/simsec=27970.5
     Messages:  created: 2723912   present: 1802   in FES: 238
** Event #3198976   t=120.593106378711   Elapsed: 276.823s (4m 36s)  24% completed  (12% total)
     Speed:     ev/sec=14231   simsec/sec=0.438968   ev/simsec=32419.3
     Messages:  created: 2750790   present: 1815   in FES: 198
** Event #3228672   t=121.56985657188   Elapsed: 278.832s (4m 38s)  24% completed  (12% total)
     Speed:     ev/sec=14785.5   simsec/sec=0.486318   ev/simsec=30402.9
     Messages:  created: 2778830   present: 1760   in FES: 179
** Event #3258112   t=122.545799689684   Elapsed: 280.845s (4m 40s)  24% completed  (12% total)
     Speed:     ev/sec=14619.3   simsec/sec=0.484632   ev/simsec=30165.7
     Messages:  created: 2806819   present: 1838   in FES: 206
** Event #3288832   t=123.517068554295   Elapsed: 282.895s (4m 42s)  24% completed  (12% total)
     Speed:     ev/sec=14990.3   simsec/sec=0.473945   ev/simsec=31628.7
     Messages:  created: 2836330   present: 1732   in FES: 167
** Event #3319296   t=124.507314244034   Elapsed: 284.897s (4m 44s)  24% completed  (12% total)
     Speed:     ev/sec=15213.7   simsec/sec=0.494528   ev/simsec=30764.1
     Messages:  created: 2865676   present: 1807   in FES: 196
** Event #3339008   t=125.04073599447   Elapsed: 286.899s (4m 46s)  25% completed  (12% total)
     Speed:     ev/sec=9844.83   simsec/sec=0.266409   ev/simsec=36953.9
     Messages:  created: 2883940   present: 1743   in FES: 174
** Event #3362816   t=125.603360843859   Elapsed: 288.917s (4m 48s)  25% completed  (12% total)
     Speed:     ev/sec=11801.5   simsec/sec=0.278889   ev/simsec=42315.9
     Messages:  created: 2905715   present: 1816   in FES: 197
** Event #3393024   t=126.577972114368   Elapsed: 290.918s (4m 50s)  25% completed  (12% total)
     Speed:     ev/sec=15094.3   simsec/sec=0.486993   ev/simsec=30994.9
     Messages:  created: 2934578   present: 1759   in FES: 180
** Event #3424256   t=127.550063785618   Elapsed: 292.942s (4m 52s)  25% completed  (12% total)
     Speed:     ev/sec=15428.2   simsec/sec=0.480199   ev/simsec=32128.7
     Messages:  created: 2964707   present: 1760   in FES: 181
** Event #3453696   t=128.526157231688   Elapsed: 294.966s (4m 54s)  25% completed  (12% total)
     Speed:     ev/sec=14545.5   simsec/sec=0.482262   ev/simsec=30161
     Messages:  created: 2993508   present: 1795   in FES: 206
** Event #3484928   t=129.516658374793   Elapsed: 296.992s (4m 56s)  25% completed  (12% total)
     Speed:     ev/sec=15416.7   simsec/sec=0.48893   ev/simsec=31531.5
     Messages:  created: 3023385   present: 1718   in FES: 165
** Event #3510784   t=130.089386570347   Elapsed: 298.994s (4m 58s)  26% completed  (13% total)
     Speed:     ev/sec=12915.2   simsec/sec=0.286081   ev/simsec=45145.3
     Messages:  created: 3046955   present: 1792   in FES: 189
** Event #3527424   t=130.602671775786   Elapsed: 301.004s (5m 01s)  26% completed  (13% total)
     Speed:     ev/sec=8279.69   simsec/sec=0.255399   ev/simsec=32418.6
     Messages:  created: 3062955   present: 1806   in FES: 206
** Event #3558912   t=131.580627272722   Elapsed: 303.018s (5m 03s)  26% completed  (13% total)
     Speed:     ev/sec=15633.9   simsec/sec=0.485559   ev/simsec=32197.8
     Messages:  created: 3093957   present: 1791   in FES: 206
** Event #3589632   t=132.549095609855   Elapsed: 305.051s (5m 05s)  26% completed  (13% total)
     Speed:     ev/sec=15113.1   simsec/sec=0.47645   ev/simsec=31720.2
     Messages:  created: 3124246   present: 1806   in FES: 195
** Event #3621632   t=133.52755978795   Elapsed: 307.075s (5m 07s)  26% completed  (13% total)
     Speed:     ev/sec=15810.6   simsec/sec=0.483442   ev/simsec=32704.3
     Messages:  created: 3155905   present: 1796   in FES: 189
** Event #3654400   t=134.527595752456   Elapsed: 309.097s (5m 09s)  26% completed  (13% total)
     Speed:     ev/sec=16201.2   simsec/sec=0.49444   ev/simsec=32766.8
     Messages:  created: 3188452   present: 1755   in FES: 176
** Event #3685888   t=135.517078659312   Elapsed: 311.107s (5m 11s)  27% completed  (13% total)
     Speed:     ev/sec=15666.9   simsec/sec=0.49232   ev/simsec=31822.7
     Messages:  created: 3219795   present: 1822   in FES: 201
** Event #3716352   t=136.458684072845   Elapsed: 313.109s (5m 13s)  27% completed  (13% total)
     Speed:     ev/sec=15219.5   simsec/sec=0.470415   ev/simsec=32353.3
     Messages:  created: 3249622   present: 1739   in FES: 207
** Event #3740928   t=137.068682029755   Elapsed: 315.113s (5m 15s)  27% completed  (13% total)
     Speed:     ev/sec=12262.7   simsec/sec=0.30437   ev/simsec=40288.7
     Messages:  created: 3273445   present: 1776   in FES: 185
** Event #3766016   t=137.955754990503   Elapsed: 317.113s (5m 17s)  27% completed  (13% total)
     Speed:     ev/sec=12542.2   simsec/sec=0.443472   ev/simsec=28281.8
     Messages:  created: 3298614   present: 1765   in FES: 207
** Event #3796224   t=138.602781204497   Elapsed: 319.166s (5m 19s)  27% completed  (13% total)
     Speed:     ev/sec=14718   simsec/sec=0.315246   ev/simsec=46687.4
     Messages:  created: 3328016   present: 1738   in FES: 171
** Event #3828736   t=139.602544941741   Elapsed: 321.185s (5m 21s)  27% completed  (13% total)
     Speed:     ev/sec=16096.6   simsec/sec=0.49498   ev/simsec=32519.7
     Messages:  created: 3360357   present: 1736   in FES: 171
** Event #3861248   t=140.597968295449   Elapsed: 323.201s (5m 23s)  28% completed  (14% total)
     Speed:     ev/sec=16129.2   simsec/sec=0.493828   ev/simsec=32661.5
     Messages:  created: 3392544   present: 1831   in FES: 206
** Event #3892992   t=141.583935819175   Elapsed: 325.241s (5m 25s)  28% completed  (14% total)
     Speed:     ev/sec=15562   simsec/sec=0.483356   ev/simsec=32195.8
     Messages:  created: 3424031   present: 1746   in FES: 171
** Event #3926784   t=142.596819216247   Elapsed: 327.259s (5m 27s)  28% completed  (14% total)
     Speed:     ev/sec=16742.2   simsec/sec=0.501831   ev/simsec=33362.2
     Messages:  created: 3457711   present: 1791   in FES: 188
** Event #3959808   t=143.594104843851   Elapsed: 329.27s (5m 29s)  28% completed  (14% total)
     Speed:     ev/sec=16424.1   simsec/sec=0.495987   ev/simsec=33113.9
     Messages:  created: 3490249   present: 1810   in FES: 195
** Event #3992576   t=144.593372301962   Elapsed: 331.284s (5m 31s)  28% completed  (14% total)
     Speed:     ev/sec=16268.7   simsec/sec=0.496118   ev/simsec=32792
     Messages:  created: 3522717   present: 1786   in FES: 189
** Event #4026112   t=145.581951049855   Elapsed: 333.294s (5m 33s)  29% completed  (14% total)
     Speed:     ev/sec=16685.1   simsec/sec=0.491845   ev/simsec=33923.4
     Messages:  created: 3556701   present: 1840   in FES: 203
** Event #4058112   t=146.562902531322   Elapsed: 335.31s (5m 35s)  29% completed  (14% total)
     Speed:     ev/sec=15871.6   simsec/sec=0.48654   ev/simsec=32621.4
     Messages:  created: 3588488   present: 1820   in FES: 197
** Event #4091392   t=147.568811235138   Elapsed: 337.317s (5m 37s)  29% completed  (14% total)
     Speed:     ev/sec=16582.4   simsec/sec=0.501214   ev/simsec=33084.5
     Messages:  created: 3621414   present: 1787   in FES: 206
** Event #4122880   t=148.538725876789   Elapsed: 339.317s (5m 39s)  29% completed  (14% total)
     Speed:     ev/sec=15742.5   simsec/sec=0.484911   ev/simsec=32464.7
     Messages:  created: 3652313   present: 1835   in FES: 206
** Event #4155136   t=149.523834168194   Elapsed: 341.368s (5m 41s)  29% completed  (14% total)
     Speed:     ev/sec=15731.2   simsec/sec=0.480435   ev/simsec=32743.6
     Messages:  created: 3683992   present: 1791   in FES: 188
** Event #4186880   t=150.507318256399   Elapsed: 343.397s (5m 43s)  30% completed  (15% total)
     Speed:     ev/sec=15646.5   simsec/sec=0.484757   ev/simsec=32277.1
     Messages:  created: 3715110   present: 1797   in FES: 194
** Event #4215552   t=151.137869956611   Elapsed: 345.397s (5m 45s)  30% completed  (15% total)
     Speed:     ev/sec=14332.3   simsec/sec=0.315193   ev/simsec=45471.3
     Messages:  created: 3741758   present: 1681   in FES: 155
** Event #4236288   t=151.980740185184   Elapsed: 347.4s (5m 47s)  30% completed  (15% total)
     Speed:     ev/sec=10354.8   simsec/sec=0.420899   ev/simsec=24601.7
     Messages:  created: 3763478   present: 1687   in FES: 183
** Event #4264192   t=152.578699105141   Elapsed: 349.443s (5m 49s)  30% completed  (15% total)
     Speed:     ev/sec=13655.9   simsec/sec=0.292635   ev/simsec=46665.4
     Messages:  created: 3789320   present: 1783   in FES: 188
** Event #4295680   t=153.558338748791   Elapsed: 351.453s (5m 51s)  30% completed  (15% total)
     Speed:     ev/sec=15663.6   simsec/sec=0.487319   ev/simsec=32142.4
     Messages:  created: 3820089   present: 1831   in FES: 206
** Event #4328192   t=154.547779496844   Elapsed: 353.479s (5m 53s)  30% completed  (15% total)
     Speed:     ev/sec=16052.7   simsec/sec=0.488535   ev/simsec=32859
     Messages:  created: 3851793   present: 1756   in FES: 179
** Event #4360448   t=155.517132694039   Elapsed: 355.501s (5m 55s)  31% completed  (15% total)
     Speed:     ev/sec=15952.4   simsec/sec=0.4794   ev/simsec=33275.8
     Messages:  created: 3883444   present: 1838   in FES: 206
** Event #4386304   t=156.08869485872   Elapsed: 357.506s (5m 57s)  31% completed  (15% total)
     Speed:     ev/sec=12893.5   simsec/sec=0.285019   ev/simsec=45237.4
     Messages:  created: 3907204   present: 1831   in FES: 202
** Event #4405504   t=156.670806228079   Elapsed: 359.507s (5m 59s)  31% completed  (15% total)
     Speed:     ev/sec=9593.88   simsec/sec=0.29087   ev/simsec=32983.4
     Messages:  created: 3925910   present: 1806   in FES: 197
** Event #4437760   t=157.587794143897   Elapsed: 361.527s (6m 01s)  31% completed  (15% total)
     Speed:     ev/sec=15970.8   simsec/sec=0.454024   ev/simsec=35176
     Messages:  created: 3957414   present: 1791   in FES: 190
** Event #4468224   t=158.549265663411   Elapsed: 363.539s (6m 03s)  31% completed  (15% total)
     Speed:     ev/sec=15139.7   simsec/sec=0.477821   ev/simsec=31684.8
     Messages:  created: 3987471   present: 1770   in FES: 182
** Event #4499200   t=159.518129614505   Elapsed: 365.582s (6m 05s)  31% completed  (15% total)
     Speed:     ev/sec=15167.6   simsec/sec=0.474411   ev/simsec=31971.5
     Messages:  created: 4017303   present: 1798   in FES: 206
** Event #4514816   t=160.000028700364   Elapsed: 367.584s (6m 07s)  32% completed  (16% total)
     Speed:     ev/sec=7799.87   simsec/sec=0.240699   ev/simsec=32405.1
     Messages:  created: 4032099   present: 1824   in FES: 206
** Event #4541184   t=160.581920430759   Elapsed: 369.637s (6m 09s)  32% completed  (16% total)
     Speed:     ev/sec=12838   simsec/sec=0.283311   ev/simsec=45314.3
     Messages:  created: 4056009   present: 1745   in FES: 174
** Event #4570112   t=161.539821015051   Elapsed: 371.668s (6m 11s)  32% completed  (16% total)
     Speed:     ev/sec=14244.6   simsec/sec=0.471685   ev/simsec=30199.4
     Messages:  created: 4083849   present: 1827   in FES: 206
** Event #4597248   t=162.202983857519   Elapsed: 373.669s (6m 13s)  32% completed  (16% total)
     Speed:     ev/sec=13564.2   simsec/sec=0.331489   ev/simsec=40919.1
     Messages:  created: 4108155   present: 1743   in FES: 207
** Event #4612096   t=162.60464784047   Elapsed: 375.708s (6m 15s)  32% completed  (16% total)
     Speed:     ev/sec=7280.93   simsec/sec=0.196962   ev/simsec=36966.2
     Messages:  created: 4122338   present: 1837   in FES: 206
** Event #4642048   t=163.558750811083   Elapsed: 377.73s (6m 17s)  32% completed  (16% total)
     Speed:     ev/sec=14813.7   simsec/sec=0.471881   ev/simsec=31392.8
     Messages:  created: 4150743   present: 1742   in FES: 169
** Event #4672256   t=164.522196383991   Elapsed: 379.75s (6m 19s)  32% completed  (16% total)
     Speed:     ev/sec=14955.6   simsec/sec=0.476988   ev/simsec=31354.1
     Messages:  created: 4179486   present: 1835   in FES: 206
** Event #4686080   t=164.958727114076   Elapsed: 381.753s (6m 21s)  32% completed  (16% total)
     Speed:     ev/sec=6902.24   simsec/sec=0.217957   ev/simsec=31667.9
     Messages:  created: 4192507   present: 1823   in FES: 235
** Event #4712960   t=165.570797587496   Elapsed: 383.775s (6m 23s)  33% completed  (16% total)
     Speed:     ev/sec=13290.8   simsec/sec=0.302637   ev/simsec=43916.5
     Messages:  created: 4216838   present: 1813   in FES: 196
** Event #4742912   t=166.544349949982   Elapsed: 385.802s (6m 25s)  33% completed  (16% total)
     Speed:     ev/sec=14774.4   simsec/sec=0.480224   ev/simsec=30765.7
     Messages:  created: 4245717   present: 1810   in FES: 197
** Event #4760576   t=167.040679961745   Elapsed: 387.803s (6m 27s)  33% completed  (16% total)
     Speed:     ev/sec=8828.01   simsec/sec=0.248053   ev/simsec=35589.2
     Messages:  created: 4262114   present: 1792   in FES: 206
** Event #4783104   t=167.574775197458   Elapsed: 389.836s (6m 29s)  33% completed  (16% total)
     Speed:     ev/sec=11082.7   simsec/sec=0.262749   ev/simsec=42179.7
     Messages:  created: 4282358   present: 1793   in FES: 190
** Event #4813056   t=168.525217407916   Elapsed: 391.865s (6m 31s)  33% completed  (16% total)
     Speed:     ev/sec=14766.4   simsec/sec=0.468571   ev/simsec=31513.8
     Messages:  created: 4310700   present: 1796   in FES: 191
** Event #4826624   t=168.958728081284   Elapsed: 393.867s (6m 33s)  33% completed  (16% total)
     Speed:     ev/sec=6774.39   simsec/sec=0.216448   ev/simsec=31298
     Messages:  created: 4323537   present: 1750   in FES: 180
** Event #4852736   t=169.570798137986   Elapsed: 395.895s (6m 35s)  33% completed  (16% total)
     Speed:     ev/sec=12877.9   simsec/sec=0.30186   ev/simsec=42661.8
     Messages:  created: 4347343   present: 1755   in FES: 176
** Event #4882688   t=170.537335548451   Elapsed: 397.924s (6m 37s)  34% completed  (17% total)
     Speed:     ev/sec=14762   simsec/sec=0.476364   ev/simsec=30989
     Messages:  created: 4376361   present: 1820   in FES: 201
** Event #4895744   t=170.958682537018   Elapsed: 399.928s (6m 39s)  34% completed  (17% total)
     Speed:     ev/sec=6515.23   simsec/sec=0.210261   ev/simsec=30986.3
     Messages:  created: 4388518   present: 1840   in FES: 208
** Event #4923136   t=171.579406972198   Elapsed: 401.95s (6m 41s)  34% completed  (17% total)
     Speed:     ev/sec=13545.1   simsec/sec=0.306943   ev/simsec=44129.1
     Messages:  created: 4413335   present: 1734   in FES: 171
** Event #4952832   t=172.537887809197   Elapsed: 403.963s (6m 43s)  34% completed  (17% total)
     Speed:     ev/sec=14751.4   simsec/sec=0.476122   ev/simsec=30982.4
     Messages:  created: 4441920   present: 1717   in FES: 166
** Event #4969984   t=173.02477904954   Elapsed: 405.969s (6m 45s)  34% completed  (17% total)
     Speed:     ev/sec=8550.98   simsec/sec=0.242735   ev/simsec=35227.6
     Messages:  created: 4458009   present: 1774   in FES: 185
** Event #4993280   t=173.578906846043   Elapsed: 407.99s (6m 47s)  34% completed  (17% total)
     Speed:     ev/sec=11526.2   simsec/sec=0.274167   ev/simsec=42040.8
     Messages:  created: 4479130   present: 1717   in FES: 164
** Event #5023488   t=174.548790800935   Elapsed: 410.041s (6m 50s)  34% completed  (17% total)
     Speed:     ev/sec=14730   simsec/sec=0.472935   ev/simsec=31146
     Messages:  created: 4508139   present: 1794   in FES: 189
** Event #5049344   t=175.170771724622   Elapsed: 412.046s (6m 52s)  35% completed  (17% total)
     Speed:     ev/sec=12896.7   simsec/sec=0.310238   ev/simsec=41570.4
     Messages:  created: 4531212   present: 1806   in FES: 246
** Event #5063680   t=175.59111854633   Elapsed: 414.056s (6m 54s)  35% completed  (17% total)
     Speed:     ev/sec=7132.65   simsec/sec=0.209137   ev/simsec=34105.2
     Messages:  created: 4544822   present: 1801   in FES: 194
** Event #5093120   t=176.550426491253   Elapsed: 416.068s (6m 56s)  35% completed  (17% total)
     Speed:     ev/sec=14632.4   simsec/sec=0.476798   ev/simsec=30688.8
     Messages:  created: 4573340   present: 1733   in FES: 170
** Event #5122816   t=177.511877779471   Elapsed: 418.068s (6m 58s)  35% completed  (17% total)
     Speed:     ev/sec=14847.4   simsec/sec=0.480706   ev/simsec=30886.6
     Messages:  created: 4601579   present: 1800   in FES: 193
** Event #5133568   t=177.602250975162   Elapsed: 420.089s (7m 00s)  35% completed  (17% total)
     Speed:     ev/sec=5319.09   simsec/sec=0.0447082   ev/simsec=118973
     Messages:  created: 4610503   present: 1792   in FES: 191
** Event #5163008   t=178.555483378513   Elapsed: 422.105s (7m 02s)  35% completed  (17% total)
     Speed:     ev/sec=14602   simsec/sec=0.472794   ev/simsec=30884.4
     Messages:  created: 4638473   present: 1805   in FES: 194
** Event #5193472   t=179.52531767761   Elapsed: 424.12s (7m 04s)  35% completed  (17% total)
     Speed:     ev/sec=15121.2   simsec/sec=0.481391   ev/simsec=31411.6
     Messages:  created: 4667813   present: 1790   in FES: 189
** Event #5212928   t=180.050513284248   Elapsed: 426.122s (7m 06s)  36% completed  (18% total)
     Speed:     ev/sec=9717.4   simsec/sec=0.262312   ev/simsec=37045.2
     Messages:  created: 4685742   present: 1809   in FES: 194
** Event #5233920   t=180.589456563639   Elapsed: 428.127s (7m 08s)  36% completed  (18% total)
     Speed:     ev/sec=10472.9   simsec/sec=0.268879   ev/simsec=38950.3
     Messages:  created: 4705101   present: 1836   in FES: 206
** Event #5263616   t=181.547794319821   Elapsed: 430.132s (7m 10s)  36% completed  (18% total)
     Speed:     ev/sec=14805.3   simsec/sec=0.477792   ev/simsec=30987
     Messages:  created: 4733366   present: 1778   in FES: 185
** Event #5292800   t=182.50629505516   Elapsed: 432.187s (7m 12s)  36% completed  (18% total)
     Speed:     ev/sec=14207   simsec/sec=0.466605   ev/simsec=30447.6
     Messages:  created: 4761190   present: 1738   in FES: 175
** Event #5303808   t=182.600243640983   Elapsed: 434.192s (7m 14s)  36% completed  (18% total)
     Speed:     ev/sec=5489.53   simsec/sec=0.0468508   ev/simsec=117170
     Messages:  created: 4770327   present: 1750   in FES: 177
** Event #5332992   t=183.56589431505   Elapsed: 436.231s (7m 16s)  36% completed  (18% total)
     Speed:     ev/sec=14313.2   simsec/sec=0.473601   ev/simsec=30222.1
     Messages:  created: 4798596   present: 1829   in FES: 204
** Event #5362688   t=184.514633967245   Elapsed: 438.255s (7m 18s)  36% completed  (18% total)
     Speed:     ev/sec=14673.2   simsec/sec=0.468785   ev/simsec=31300.5
     Messages:  created: 4826872   present: 1772   in FES: 181
** Event #5383936   t=185.064582704515   Elapsed: 440.257s (7m 20s)  37% completed  (18% total)
     Speed:     ev/sec=10611.4   simsec/sec=0.274647   ev/simsec=38636.3
     Messages:  created: 4846545   present: 1830   in FES: 206
** Event #5403904   t=185.593794998847   Elapsed: 442.263s (7m 22s)  37% completed  (18% total)
     Speed:     ev/sec=9956.98   simsec/sec=0.26389   ev/simsec=37731.5
     Messages:  created: 4864770   present: 1795   in FES: 190
** Event #5434368   t=186.580879415561   Elapsed: 444.288s (7m 24s)  37% completed  (18% total)
     Speed:     ev/sec=15040.6   simsec/sec=0.48734   ev/simsec=30862.6
     Messages:  created: 4894221   present: 1825   in FES: 204
** Event #5465088   t=187.540952378119   Elapsed: 446.308s (7m 26s)  37% completed  (18% total)
     Speed:     ev/sec=15206.5   simsec/sec=0.475239   ev/simsec=31997.6
     Messages:  created: 4923758   present: 1785   in FES: 188
** Event #5491968   t=188.202861013079   Elapsed: 448.311s (7m 28s)  37% completed  (18% total)
     Speed:     ev/sec=13422.2   simsec/sec=0.330516   ev/simsec=40609.8
     Messages:  created: 4948279   present: 1797   in FES: 206
** Event #5509120   t=188.731683627856   Elapsed: 450.315s (7m 30s)  37% completed  (18% total)
     Speed:     ev/sec=8556.97   simsec/sec=0.263824   ev/simsec=32434.3
     Messages:  created: 4965489   present: 1825   in FES: 206
** Event #5538048   t=189.592389229795   Elapsed: 452.342s (7m 32s)  37% completed  (18% total)
     Speed:     ev/sec=14270.4   simsec/sec=0.424594   ev/simsec=33609.6
     Messages:  created: 4992509   present: 1700   in FES: 161
** Event #5568000   t=190.555354234186   Elapsed: 454.393s (7m 34s)  38% completed  (19% total)
     Speed:     ev/sec=14607.7   simsec/sec=0.469641   ev/simsec=31103.9
     Messages:  created: 5021157   present: 1808   in FES: 195
** Event #5598464   t=191.520760320293   Elapsed: 456.395s (7m 36s)  38% completed  (19% total)
     Speed:     ev/sec=15217.9   simsec/sec=0.482256   ev/simsec=31555.6
     Messages:  created: 5050394   present: 1786   in FES: 187
** Event #5617664   t=192.046040220296   Elapsed: 458.395s (7m 38s)  38% completed  (19% total)
     Speed:     ev/sec=9596.62   simsec/sec=0.262547   ev/simsec=36551.9
     Messages:  created: 5068250   present: 1826   in FES: 206
** Event #5640192   t=192.585927203955   Elapsed: 460.404s (7m 40s)  38% completed  (19% total)
     Speed:     ev/sec=11213.8   simsec/sec=0.26874   ev/simsec=41727.3
     Messages:  created: 5088931   present: 1813   in FES: 206
** Event #5671936   t=193.556193351208   Elapsed: 462.446s (7m 42s)  38% completed  (19% total)
     Speed:     ev/sec=15546.7   simsec/sec=0.47519   ev/simsec=32716.8
     Messages:  created: 5119762   present: 1827   in FES: 200
** Event #5703168   t=194.518680568397   Elapsed: 464.493s (7m 44s)  38% completed  (19% total)
     Speed:     ev/sec=15261.6   simsec/sec=0.470323   ev/simsec=32449.3
     Messages:  created: 5149811   present: 1824   in FES: 199
** Event #5729024   t=195.093873611582   Elapsed: 466.495s (7m 46s)  39% completed  (19% total)
     Speed:     ev/sec=12911.3   simsec/sec=0.287224   ev/simsec=44951.9
     Messages:  created: 5173306   present: 1698   in FES: 157
** Event #5745408   t=195.602084428673   Elapsed: 468.508s (7m 48s)  39% completed  (19% total)
     Speed:     ev/sec=8140.26   simsec/sec=0.252501   ev/simsec=32238.6
     Messages:  created: 5188968   present: 1838   in FES: 205
** Event #5777664   t=196.57189091365   Elapsed: 470.554s (7m 50s)  39% completed  (19% total)
     Speed:     ev/sec=15768.1   simsec/sec=0.474083   ev/simsec=33260.2
     Messages:  created: 5220294   present: 1780   in FES: 187
** Event #5808640   t=197.542764366387   Elapsed: 472.577s (7m 52s)  39% completed  (19% total)
     Speed:     ev/sec=15308.1   simsec/sec=0.479797   ev/simsec=31905.3
     Messages:  created: 5250552   present: 1800   in FES: 206
** Event #5839872   t=198.513794412825   Elapsed: 474.585s (7m 54s)  39% completed  (19% total)
     Speed:     ev/sec=15555.2   simsec/sec=0.483624   ev/simsec=32163.8
     Messages:  created: 5280977   present: 1783   in FES: 188
** Event #5854464   t=198.952232376596   Elapsed: 476.588s (7m 56s)  39% completed  (19% total)
     Speed:     ev/sec=7285.18   simsec/sec=0.218894   ev/simsec=33281.8
     Messages:  created: 5294462   present: 1688   in FES: 157
** Event #5883392   t=199.590303902485   Elapsed: 478.631s (7m 58s)  39% completed  (19% total)
     Speed:     ev/sec=14156.5   simsec/sec=0.312254   ev/simsec=45336.6
     Messages:  created: 5321881   present: 1701   in FES: 160
** Event #5915392   t=200.569999771646   Elapsed: 480.646s (8m 00s)  40% completed  (20% total)
     Speed:     ev/sec=15886.6   simsec/sec=0.486377   ev/simsec=32663.2
     Messages:  created: 5353696   present: 1831   in FES: 204
** Event #5946112   t=201.522301010588   Elapsed: 482.648s (8m 02s)  40% completed  (20% total)
     Speed:     ev/sec=15339.5   simsec/sec=0.475515   ev/simsec=32258.7
     Messages:  created: 5383640   present: 1835   in FES: 202
** Event #5969408   t=202.077812272272   Elapsed: 484.652s (8m 04s)  40% completed  (20% total)
     Speed:     ev/sec=11625.6   simsec/sec=0.27722   ev/simsec=41936.1
     Messages:  created: 5405000   present: 1790   in FES: 189
** Event #5988864   t=202.59177621   Elapsed: 486.654s (8m 06s)  40% completed  (20% total)
     Speed:     ev/sec=9718.07   simsec/sec=0.25672   ev/simsec=37854.8
     Messages:  created: 5423196   present: 1757   in FES: 180
** Event #6019840   t=203.558185673744   Elapsed: 488.663s (8m 08s)  40% completed  (20% total)
     Speed:     ev/sec=15422.6   simsec/sec=0.481165   ev/simsec=32052.7
     Messages:  created: 5453529   present: 1798   in FES: 191
** Event #6051584   t=204.535724810689   Elapsed: 490.679s (8m 10s)  40% completed  (20% total)
     Speed:     ev/sec=15743.6   simsec/sec=0.484816   ev/simsec=32473.4
     Messages:  created: 5484499   present: 1805   in FES: 206
** Event #6082304   t=205.506769430355   Elapsed: 492.683s (8m 12s)  41% completed  (20% total)
     Speed:     ev/sec=15327.9   simsec/sec=0.484507   ev/simsec=31636
     Messages:  created: 5514289   present: 1816   in FES: 201
** Event #6098432   t=205.980774673302   Elapsed: 494.689s (8m 14s)  41% completed  (20% total)
     Speed:     ev/sec=8039.37   simsec/sec=0.236279   ev/simsec=34024.9
     Messages:  created: 5529715   present: 1771   in FES: 186
** Event #6127360   t=206.593304645521   Elapsed: 496.734s (8m 16s)  41% completed  (20% total)
     Speed:     ev/sec=14144.4   simsec/sec=0.299497   ev/simsec=47227.1
     Messages:  created: 5556732   present: 1837   in FES: 204
** Event #6158848   t=207.57587995699   Elapsed: 498.749s (8m 18s)  41% completed  (20% total)
     Speed:     ev/sec=15631.2   simsec/sec=0.487769   ev/simsec=32046.4
     Messages:  created: 5587453   present: 1735   in FES: 170
** Event #6190080   t=208.551798013544   Elapsed: 500.755s (8m 20s)  41% completed  (20% total)
     Speed:     ev/sec=15568.6   simsec/sec=0.486477   ev/simsec=32002.7
     Messages:  created: 5618019   present: 1830   in FES: 206
** Event #6222080   t=209.532317822449   Elapsed: 502.756s (8m 22s)  41% completed  (20% total)
     Speed:     ev/sec=15993.9   simsec/sec=0.490074   ev/simsec=32635.8
     Messages:  created: 5649544   present: 1773   in FES: 184
** Event #6253568   t=210.515071142784   Elapsed: 504.766s (8m 24s)  42% completed  (21% total)
     Speed:     ev/sec=15664.9   simsec/sec=0.488908   ev/simsec=32040.6
     Messages:  created: 5680248   present: 1832   in FES: 205
** Event #6268928   t=210.952232189324   Elapsed: 506.768s (8m 26s)  42% completed  (21% total)
     Speed:     ev/sec=7672.32   simsec/sec=0.218362   ev/simsec=35135.8
     Messages:  created: 5694489   present: 1727   in FES: 170
** Event #6297344   t=211.583004162124   Elapsed: 508.797s (8m 28s)  42% completed  (21% total)
     Speed:     ev/sec=14006.5   simsec/sec=0.310913   ev/simsec=45049.6
     Messages:  created: 5721197   present: 1805   in FES: 206
** Event #6329088   t=212.567794108298   Elapsed: 510.815s (8m 30s)  42% completed  (21% total)
     Speed:     ev/sec=15728.6   simsec/sec=0.487945   ev/simsec=32234.3
     Messages:  created: 5752977   present: 1698   in FES: 157
** Event #6360832   t=213.553012466344   Elapsed: 512.828s (8m 32s)  42% completed  (21% total)
     Speed:     ev/sec=15766.1   simsec/sec=0.489322   ev/simsec=32220.3
     Messages:  created: 5784229   present: 1731   in FES: 168
** Event #6392320   t=214.5408618599   Elapsed: 514.845s (8m 34s)  42% completed  (21% total)
     Speed:     ev/sec=15616.5   simsec/sec=0.489924   ev/simsec=31875.3
     Messages:  created: 5815228   present: 1802   in FES: 195
** Event #6425600   t=215.507306583111   Elapsed: 516.846s (8m 36s)  43% completed  (21% total)
     Speed:     ev/sec=16630.8   simsec/sec=0.482955   ev/simsec=34435.5
     Messages:  created: 5848817   present: 1799   in FES: 194
** Event #6444288   t=216.008952248735   Elapsed: 518.851s (8m 38s)  43% completed  (21% total)
     Speed:     ev/sec=9317.8   simsec/sec=0.25012   ev/simsec=37253.4
     Messages:  created: 5867049   present: 1753   in FES: 178
** Event #6471936   t=216.597989123083   Elapsed: 520.868s (8m 40s)  43% completed  (21% total)
     Speed:     ev/sec=13713   simsec/sec=0.292154   ev/simsec=46937.6
     Messages:  created: 5892827   present: 1839   in FES: 206
** Event #6504704   t=217.580382667634   Elapsed: 522.87s (8m 42s)  43% completed  (21% total)
     Speed:     ev/sec=16362.9   simsec/sec=0.490563   ev/simsec=33355.3
     Messages:  created: 5925460   present: 1770   in FES: 183
** Event #6536192   t=218.552499801625   Elapsed: 524.917s (8m 44s)  43% completed  (21% total)
     Speed:     ev/sec=15381.8   simsec/sec=0.474876   ev/simsec=32391.2
     Messages:  created: 5956799   present: 1753   in FES: 176
** Event #6568192   t=219.528269678206   Elapsed: 526.966s (8m 46s)  43% completed  (21% total)
     Speed:     ev/sec=15620.6   simsec/sec=0.476317   ev/simsec=32794.6
     Messages:  created: 5988129   present: 1806   in FES: 193
** Event #6600192   t=220.517696878438   Elapsed: 528.992s (8m 48s)  44% completed  (22% total)
     Speed:     ev/sec=15789.3   simsec/sec=0.488198   ev/simsec=32341.9
     Messages:  created: 6019083   present: 1785   in FES: 188
** Event #6611968   t=220.670539495474   Elapsed: 531.001s (8m 51s)  44% completed  (22% total)
     Speed:     ev/sec=5863.9   simsec/sec=0.0761085   ev/simsec=77046.6
     Messages:  created: 6028663   present: 1816   in FES: 206
** Event #6644480   t=221.593735932184   Elapsed: 533.036s (8m 53s)  44% completed  (22% total)
     Speed:     ev/sec=15973.1   simsec/sec=0.453564   ev/simsec=35216.8
     Messages:  created: 6059887   present: 1823   in FES: 200
** Event #6676992   t=222.573937178201   Elapsed: 535.054s (8m 55s)  44% completed  (22% total)
     Speed:     ev/sec=16113   simsec/sec=0.48579   ev/simsec=33168.7
     Messages:  created: 6091231   present: 1713   in FES: 164
** Event #6709248   t=223.550890562526   Elapsed: 537.058s (8m 57s)  44% completed  (22% total)
     Speed:     ev/sec=16098   simsec/sec=0.487568   ev/simsec=33016.9
     Messages:  created: 6122068   present: 1729   in FES: 168
** Event #6743040   t=224.535300310955   Elapsed: 539.067s (8m 59s)  44% completed  (22% total)
     Speed:     ev/sec=16816   simsec/sec=0.489875   ev/simsec=34327.2
     Messages:  created: 6155022   present: 1765   in FES: 182
** Event #6775552   t=225.458728804116   Elapsed: 541.07s (9m 01s)  45% completed  (22% total)
     Speed:     ev/sec=16236.1   simsec/sec=0.461148   ev/simsec=35207.9
     Messages:  created: 6186242   present: 1748   in FES: 177
** Event #6793216   t=225.959632230952   Elapsed: 543.071s (9m 03s)  45% completed  (22% total)
     Speed:     ev/sec=8826.81   simsec/sec=0.250305   ev/simsec=35264.3
     Messages:  created: 6204035   present: 1807   in FES: 247
** Event #6823424   t=226.590951921684   Elapsed: 545.094s (9m 05s)  45% completed  (22% total)
     Speed:     ev/sec=14932.7   simsec/sec=0.312079   ev/simsec=47849
     Messages:  created: 6231809   present: 1774   in FES: 185
** Event #6859776   t=227.581040700069   Elapsed: 547.115s (9m 07s)  45% completed  (22% total)
     Speed:     ev/sec=17988.2   simsec/sec=0.48993   ev/simsec=36715.9
     Messages:  created: 6268035   present: 1790   in FES: 191
** Event #6897408   t=228.550193286819   Elapsed: 549.149s (9m 09s)  45% completed  (22% total)
     Speed:     ev/sec=18496.2   simsec/sec=0.47634   ev/simsec=38829.8
     Messages:  created: 6306562   present: 1816   in FES: 199
** Event #6933760   t=229.515027579639   Elapsed: 551.167s (9m 11s)  45% completed  (22% total)
     Speed:     ev/sec=18013.8   simsec/sec=0.478113   ev/simsec=37676.9
     Messages:  created: 6343177   present: 1798   in FES: 192
** Event #6951936   t=230.005641338889   Elapsed: 553.171s (9m 13s)  46% completed  (23% total)
     Speed:     ev/sec=9069.95   simsec/sec=0.24482   ev/simsec=37047.5
     Messages:  created: 6360993   present: 1834   in FES: 205
** Event #6980864   t=230.577766433015   Elapsed: 555.19s (9m 15s)  46% completed  (23% total)
     Speed:     ev/sec=14329.6   simsec/sec=0.283404   ev/simsec=50562.4
     Messages:  created: 6387347   present: 1768   in FES: 183
** Event #7015936   t=231.558205916311   Elapsed: 557.208s (9m 17s)  46% completed  (23% total)
     Speed:     ev/sec=17380.6   simsec/sec=0.485875   ev/simsec=35771.7
     Messages:  created: 6422319   present: 1766   in FES: 181
** Event #7050496   t=232.536291644478   Elapsed: 559.222s (9m 19s)  46% completed  (23% total)
     Speed:     ev/sec=17161.2   simsec/sec=0.48568   ev/simsec=35334.3
     Messages:  created: 6456560   present: 1817   in FES: 198
** Event #7084288   t=233.517023666918   Elapsed: 561.226s (9m 21s)  46% completed  (23% total)
     Speed:     ev/sec=16857.5   simsec/sec=0.489248   ev/simsec=34455.9
     Messages:  created: 6489704   present: 1779   in FES: 186
** Event #7112960   t=234.093507571273   Elapsed: 563.228s (9m 23s)  46% completed  (23% total)
     Speed:     ev/sec=14320.2   simsec/sec=0.287925   ev/simsec=49736
     Messages:  created: 6516235   present: 1832   in FES: 206
** Event #7138560   t=235.008952165942   Elapsed: 565.233s (9m 25s)  47% completed  (23% total)
     Speed:     ev/sec=12773.5   simsec/sec=0.456776   ev/simsec=27964.6
     Messages:  created: 6544024   present: 1771   in FES: 184
** Event #7167488   t=235.594898454255   Elapsed: 567.236s (9m 27s)  47% completed  (23% total)
     Speed:     ev/sec=14438.6   simsec/sec=0.292459   ev/simsec=49369.7
     Messages:  created: 6570491   present: 1697   in FES: 156
** Event #7203328   t=236.57487022674   Elapsed: 569.278s (9m 29s)  47% completed  (23% total)
     Speed:     ev/sec=17554.4   simsec/sec=0.479988   ev/simsec=36572.5
     Messages:  created: 6606149   present: 1800   in FES: 206
** Event #7241216   t=237.546038816124   Elapsed: 571.289s (9m 31s)  47% completed  (23% total)
     Speed:     ev/sec=18842.1   simsec/sec=0.482973   ev/simsec=39012.8
     Messages:  created: 6645092   present: 1685   in FES: 157
** Event #7276544   t=238.517151962682   Elapsed: 573.324s (9m 33s)  47% completed  (23% total)
     Speed:     ev/sec=17358.4   simsec/sec=0.477156   ev/simsec=36378.9
     Messages:  created: 6680502   present: 1793   in FES: 188
** Event #7310592   t=239.516583650519   Elapsed: 575.357s (9m 35s)  47% completed  (23% total)
     Speed:     ev/sec=16746.7   simsec/sec=0.491576   ev/simsec=34067.4
     Messages:  created: 6713451   present: 1772   in FES: 183
** Event #7341312   t=240.230775014584   Elapsed: 577.359s (9m 37s)  48% completed  (24% total)
     Speed:     ev/sec=15342.5   simsec/sec=0.356689   ev/simsec=43013.7
     Messages:  created: 6741744   present: 1789   in FES: 192
** Event #7364096   t=241.019193305483   Elapsed: 579.362s (9m 39s)  48% completed  (24% total)
     Speed:     ev/sec=11377.5   simsec/sec=0.393708   ev/simsec=28898.4
     Messages:  created: 6764487   present: 1820   in FES: 199
** Event #7391744   t=241.602634974458   Elapsed: 581.386s (9m 41s)  48% completed  (24% total)
     Speed:     ev/sec=13657.7   simsec/sec=0.288212   ev/simsec=47387.8
     Messages:  created: 6789489   present: 1731   in FES: 166
** Event #7425792   t=242.601356442648   Elapsed: 583.413s (9m 43s)  48% completed  (24% total)
     Speed:     ev/sec=16799.7   simsec/sec=0.492783   ev/simsec=34091.6
     Messages:  created: 6821745   present: 1753   in FES: 176
** Event #7459072   t=243.590916356743   Elapsed: 585.431s (9m 45s)  48% completed  (24% total)
     Speed:     ev/sec=16492.9   simsec/sec=0.490407   ev/simsec=33631.1
     Messages:  created: 6852898   present: 1762   in FES: 179
** Event #7492352   t=244.590004552884   Elapsed: 587.443s (9m 47s)  48% completed  (24% total)
     Speed:     ev/sec=16539.4   simsec/sec=0.496525   ev/simsec=33310.4
     Messages:  created: 6884153   present: 1820   in FES: 206
** Event #7525888   t=245.586024395076   Elapsed: 589.455s (9m 49s)  49% completed  (24% total)
     Speed:     ev/sec=16667.1   simsec/sec=0.495014   ev/simsec=33670
     Messages:  created: 6915860   present: 1808   in FES: 195
** Event #7558912   t=246.582710878193   Elapsed: 591.464s (9m 51s)  49% completed  (24% total)
     Speed:     ev/sec=16433.4   simsec/sec=0.495972   ev/simsec=33133.8
     Messages:  created: 6947261   present: 1816   in FES: 195
** Event #7592192   t=247.581585657829   Elapsed: 593.478s (9m 53s)  49% completed  (24% total)
     Speed:     ev/sec=16527.4   simsec/sec=0.496057   ev/simsec=33317.5
     Messages:  created: 6978557   present: 1843   in FES: 206
** Event #7625984   t=248.59336873489   Elapsed: 595.49s (9m 55s)  49% completed  (24% total)
     Speed:     ev/sec=16798.9   simsec/sec=0.502984   ev/simsec=33398.5
     Messages:  created: 7010997   present: 1806   in FES: 193
** Event #7660544   t=249.591276625732   Elapsed: 597.511s (9m 57s)  49% completed  (24% total)
     Speed:     ev/sec=17093.2   simsec/sec=0.49356   ev/simsec=34632.5
     Messages:  created: 7044165   present: 1694   in FES: 157
** Event #7693312   t=250.580197972751   Elapsed: 599.542s (9m 59s)  50% completed  (25% total)
     Speed:     ev/sec=16137   simsec/sec=0.487006   ev/simsec=33135.1
     Messages:  created: 7075094   present: 1807   in FES: 194
** Event #7726848   t=251.585052852456   Elapsed: 601.565s (10m 01s)  50% completed  (25% total)
     Speed:     ev/sec=16580.2   simsec/sec=0.496801   ev/simsec=33374
     Messages:  created: 7106612   present: 1778   in FES: 187
** Event #7762176   t=252.570805405557   Elapsed: 603.59s (10m 03s)  50% completed  (25% total)
     Speed:     ev/sec=17444.8   simsec/sec=0.486761   ev/simsec=35838.6
     Messages:  created: 7140406   present: 1810   in FES: 195
** Event #7796736   t=253.558186043169   Elapsed: 605.618s (10m 05s)  50% completed  (25% total)
     Speed:     ev/sec=17038.3   simsec/sec=0.486785   ev/simsec=35001.7
     Messages:  created: 7173495   present: 1780   in FES: 185
** Event #7830528   t=254.545310764058   Elapsed: 607.629s (10m 07s)  50% completed  (25% total)
     Speed:     ev/sec=16805.6   simsec/sec=0.49092   ev/simsec=34232.8
     Messages:  created: 7205726   present: 1800   in FES: 193
** Event #7865344   t=255.54531116463   Elapsed: 609.656s (10m 09s)  51% completed  (25% total)
     Speed:     ev/sec=17178.3   simsec/sec=0.493402   ev/simsec=34816
     Messages:  created: 7239358   present: 1769   in FES: 184
** Event #7898880   t=256.524696936634   Elapsed: 611.659s (10m 11s)  51% completed  (25% total)
     Speed:     ev/sec=16739.3   simsec/sec=0.488856   ev/simsec=34241.9
     Messages:  created: 7271378   present: 1784   in FES: 187
** Event #7935232   t=257.533926748149   Elapsed: 613.681s (10m 13s)  51% completed  (25% total)
     Speed:     ev/sec=17976.9   simsec/sec=0.499086   ev/simsec=36019.5
     Messages:  created: 7306972   present: 1753   in FES: 178
** Event #7971328   t=258.51525735524   Elapsed: 615.692s (10m 15s)  51% completed  (25% total)
     Speed:     ev/sec=17948.9   simsec/sec=0.487972   ev/simsec=36782.7
     Messages:  created: 7342360   present: 1755   in FES: 178
** Event #8008192   t=259.516551629813   Elapsed: 617.717s (10m 17s)  51% completed  (25% total)
     Speed:     ev/sec=18206   simsec/sec=0.494508   ev/simsec=36816.3
     Messages:  created: 7378994   present: 1808   in FES: 193
** Event #8044032   t=260.522688576467   Elapsed: 619.739s (10m 19s)  52% completed  (26% total)
     Speed:     ev/sec=17722.9   simsec/sec=0.497536   ev/simsec=35621.4
     Messages:  created: 7414146   present: 1806   in FES: 193
** Event #8080384   t=261.506722653837   Elapsed: 621.76s (10m 21s)  52% completed  (26% total)
     Speed:     ev/sec=17994.8   simsec/sec=0.487112   ev/simsec=36941.8
     Messages:  created: 7450321   present: 1780   in FES: 189
** Event #8108288   t=262.078497430719   Elapsed: 623.76s (10m 23s)  52% completed  (26% total)
     Speed:     ev/sec=13950.1   simsec/sec=0.285848   ev/simsec=48802.4
     Messages:  created: 7476627   present: 1741   in FES: 172
** Event #8143360   t=263.070234714229   Elapsed: 625.761s (10m 25s)  52% completed  (26% total)
     Speed:     ev/sec=17528   simsec/sec=0.495641   ev/simsec=35364.2
     Messages:  created: 7511701   present: 1811   in FES: 196
** Event #8175616   t=264.02352033457   Elapsed: 627.77s (10m 27s)  52% completed  (26% total)
     Speed:     ev/sec=16050.6   simsec/sec=0.474355   ev/simsec=33836.7
     Messages:  created: 7544263   present: 1710   in FES: 163
** Event #8208896   t=264.981902092897   Elapsed: 629.774s (10m 29s)  52% completed  (26% total)
     Speed:     ev/sec=16612.4   simsec/sec=0.478396   ev/simsec=34725.2
     Messages:  created: 7577121   present: 1822   in FES: 206
** Event #8245504   t=266.005589272731   Elapsed: 631.778s (10m 31s)  53% completed  (26% total)
     Speed:     ev/sec=18266.1   simsec/sec=0.510785   ev/simsec=35760.9
     Messages:  created: 7613382   present: 1822   in FES: 206
** Event #8283648   t=267.012947848225   Elapsed: 633.778s (10m 33s)  53% completed  (26% total)
     Speed:     ev/sec=19067.1   simsec/sec=0.503551   ev/simsec=37865.4
     Messages:  created: 7650799   present: 1772   in FES: 183
** Event #8321536   t=268.040734347151   Elapsed: 635.779s (10m 35s)  53% completed  (26% total)
     Speed:     ev/sec=18942.6   simsec/sec=0.513855   ev/simsec=36863.7
     Messages:  created: 7687612   present: 1809   in FES: 196
** Event #8358144   t=269.034162593568   Elapsed: 637.781s (10m 37s)  53% completed  (26% total)
     Speed:     ev/sec=18280.1   simsec/sec=0.496066   ev/simsec=36850.2
     Messages:  created: 7723753   present: 1816   in FES: 206
** Event #8396288   t=270.04646071164   Elapsed: 639.781s (10m 39s)  54% completed  (27% total)
     Speed:     ev/sec=19069.1   simsec/sec=0.506072   ev/simsec=37680.6
     Messages:  created: 7761551   present: 1776   in FES: 185
** Event #8438272   t=271.088694557636   Elapsed: 641.784s (10m 41s)  54% completed  (27% total)
     Speed:     ev/sec=20966.6   simsec/sec=0.520487   ev/simsec=40282.7
     Messages:  created: 7802954   present: 1835   in FES: 204
** Event #8482304   t=272.512587338889   Elapsed: 643.809s (10m 43s)  54% completed  (27% total)
     Speed:     ev/sec=21740.2   simsec/sec=0.703026   ev/simsec=30923.7
     Messages:  created: 7848497   present: 1686   in FES: 157
** Event #8519168   t=273.531284337854   Elapsed: 645.831s (10m 45s)  54% completed  (27% total)
     Speed:     ev/sec=18231.2   simsec/sec=0.503799   ev/simsec=36187.4
     Messages:  created: 7884937   present: 1747   in FES: 174
** Event #8555264   t=274.535355010535   Elapsed: 647.843s (10m 47s)  54% completed  (27% total)
     Speed:     ev/sec=17943.6   simsec/sec=0.499131   ev/simsec=35949.7
     Messages:  created: 7920323   present: 1826   in FES: 201
** Event #8590848   t=275.541890498491   Elapsed: 649.848s (10m 49s)  55% completed  (27% total)
     Speed:     ev/sec=17747.6   simsec/sec=0.502011   ev/simsec=35353
     Messages:  created: 7954907   present: 1741   in FES: 174
** Event #8626944   t=276.543902611029   Elapsed: 651.87s (10m 51s)  55% completed  (27% total)
     Speed:     ev/sec=17852.6   simsec/sec=0.495583   ev/simsec=36023.5
     Messages:  created: 7990329   present: 1780   in FES: 185
** Event #8663296   t=277.554236435456   Elapsed: 653.878s (10m 53s)  55% completed  (27% total)
     Speed:     ev/sec=18098.1   simsec/sec=0.503002   ev/simsec=35980.2
     Messages:  created: 8026053   present: 1834   in FES: 205
** Event #8699648   t=278.560937889304   Elapsed: 655.9s (10m 55s)  55% completed  (27% total)
     Speed:     ev/sec=17977.4   simsec/sec=0.497852   ev/simsec=36110
     Messages:  created: 8061692   present: 1840   in FES: 201
** Event #8735744   t=279.578342108303   Elapsed: 657.938s (10m 57s)  55% completed  (27% total)
     Speed:     ev/sec=17711.8   simsec/sec=0.499226   ev/simsec=35478.5
     Messages:  created: 8097329   present: 1826   in FES: 203
** Event #8772864   t=280.594307611393   Elapsed: 659.943s (10m 59s)  56% completed  (28% total)
     Speed:     ev/sec=18519.1   simsec/sec=0.506863   ev/simsec=36536.7
     Messages:  created: 8134106   present: 1725   in FES: 166
** Event #8810752   t=281.730773795182   Elapsed: 661.946s (11m 01s)  56% completed  (28% total)
     Speed:     ev/sec=18910.7   simsec/sec=0.567234   ev/simsec=33338.4
     Messages:  created: 8171731   present: 1825   in FES: 209
** Event #8852992   t=283.034216087041   Elapsed: 663.948s (11m 03s)  56% completed  (28% total)
     Speed:     ev/sec=21098.6   simsec/sec=0.651062   ev/simsec=32406.5
     Messages:  created: 8214130   present: 1757   in FES: 180
** Event #8888832   t=284.049391914951   Elapsed: 665.953s (11m 05s)  56% completed  (28% total)
     Speed:     ev/sec=17878.8   simsec/sec=0.50642   ev/simsec=35304.2
     Messages:  created: 8248614   present: 1780   in FES: 185
** Event #8925952   t=285.068682555775   Elapsed: 667.954s (11m 07s)  57% completed  (28% total)
     Speed:     ev/sec=18551.8   simsec/sec=0.50942   ev/simsec=36417.5
     Messages:  created: 8283969   present: 1765   in FES: 182
** Event #8958208   t=286.04939200344   Elapsed: 669.955s (11m 09s)  57% completed  (28% total)
     Speed:     ev/sec=16120.3   simsec/sec=0.49012   ev/simsec=32890.5
     Messages:  created: 8315356   present: 1763   in FES: 180
** Event #8992000   t=287.05012096772   Elapsed: 671.957s (11m 11s)  57% completed  (28% total)
     Speed:     ev/sec=16874.3   simsec/sec=0.499721   ev/simsec=33767.4
     Messages:  created: 8347193   present: 1820   in FES: 199
** Event #9028352   t=288.081455473907   Elapsed: 673.96s (11m 13s)  57% completed  (28% total)
     Speed:     ev/sec=18157.1   simsec/sec=0.515132   ev/simsec=35247.5
     Messages:  created: 8380573   present: 1804   in FES: 206
** Event #9058304   t=289.065804164229   Elapsed: 675.96s (11m 15s)  57% completed  (28% total)
     Speed:     ev/sec=14970.3   simsec/sec=0.491988   ev/simsec=30428.2
     Messages:  created: 8408504   present: 1784   in FES: 189
** Event #9092352   t=290.070181244963   Elapsed: 677.963s (11m 17s)  58% completed  (29% total)
     Speed:     ev/sec=17002.8   simsec/sec=0.501562   ev/simsec=33899.6
     Messages:  created: 8440542   present: 1820   in FES: 206
** Event #9123072   t=291.050066769573   Elapsed: 679.965s (11m 19s)  58% completed  (29% total)
     Speed:     ev/sec=15344.9   simsec/sec=0.489461   ev/simsec=31350.6
     Messages:  created: 8470059   present: 1795   in FES: 206
** Event #9155840   t=292.044261844886   Elapsed: 681.965s (11m 21s)  58% completed  (29% total)
     Speed:     ev/sec=16379   simsec/sec=0.496945   ev/simsec=32959.3
     Messages:  created: 8500981   present: 1823   in FES: 202
** Event #9185280   t=292.980742437345   Elapsed: 683.968s (11m 23s)  58% completed  (29% total)
     Speed:     ev/sec=14699.7   simsec/sec=0.467595   ev/simsec=31436.9
     Messages:  created: 8528684   present: 1823   in FES: 235
** Event #9218816   t=293.980742863024   Elapsed: 685.97s (11m 25s)  58% completed  (29% total)
     Speed:     ev/sec=16751.9   simsec/sec=0.49952   ev/simsec=33536
     Messages:  created: 8560274   present: 1829   in FES: 235
** Event #9249792   t=294.702587869162   Elapsed: 687.972s (11m 27s)  58% completed  (29% total)
     Speed:     ev/sec=15476.5   simsec/sec=0.360655   ev/simsec=42912.3
     Messages:  created: 8588421   present: 1834   in FES: 214
** Event #9282560   t=295.670539739066   Elapsed: 689.981s (11m 29s)  59% completed  (29% total)
     Speed:     ev/sec=16309.7   simsec/sec=0.481782   ev/simsec=33852.9
     Messages:  created: 8618849   present: 1815   in FES: 206
** Event #9316608   t=296.67076077233   Elapsed: 692.001s (11m 32s)  59% completed  (29% total)
     Speed:     ev/sec=16855.3   simsec/sec=0.495154   ev/simsec=34040.5
     Messages:  created: 8650987   present: 1797   in FES: 208
** Event #9350400   t=297.608640319389   Elapsed: 694.019s (11m 34s)  59% completed  (29% total)
     Speed:     ev/sec=16740.3   simsec/sec=0.464619   ev/simsec=36030.2
     Messages:  created: 8682914   present: 1823   in FES: 200
** Event #9383424   t=298.601195234935   Elapsed: 696.042s (11m 36s)  59% completed  (29% total)
     Speed:     ev/sec=16329.9   simsec/sec=0.490804   ev/simsec=33271.7
     Messages:  created: 8713940   present: 1819   in FES: 200
** Event #9416960   t=299.604030289072   Elapsed: 698.064s (11m 38s)  59% completed  (29% total)
     Speed:     ev/sec=16584.9   simsec/sec=0.495942   ev/simsec=33441.2
     Messages:  created: 8745555   present: 1810   in FES: 195
** Event #9450496   t=300.668999359945   Elapsed: 700.096s (11m 40s)  60% completed  (30% total)
     Speed:     ev/sec=16497.2   simsec/sec=0.523885   ev/simsec=31490.1
     Messages:  created: 8777166   present: 1681   in FES: 155
** Event #9494528   t=302.070235232993   Elapsed: 702.097s (11m 42s)  60% completed  (30% total)
     Speed:     ev/sec=22006.5   simsec/sec=0.700315   ev/simsec=31423.7
     Messages:  created: 8819975   present: 1768   in FES: 181
** Event #9533696   t=303.231914994251   Elapsed: 704.098s (11m 44s)  60% completed  (30% total)
     Speed:     ev/sec=19576.5   simsec/sec=0.580618   ev/simsec=33716.7
     Messages:  created: 8857539   present: 1811   in FES: 237
** Event #9570048   t=304.52454495805   Elapsed: 706.105s (11m 46s)  60% completed  (30% total)
     Speed:     ev/sec=18115.4   simsec/sec=0.64416   ev/simsec=28122.5
     Messages:  created: 8893028   present: 1703   in FES: 160
** Event #9603328   t=305.532654775695   Elapsed: 708.106s (11m 48s)  61% completed  (30% total)
     Speed:     ev/sec=16626.3   simsec/sec=0.50364   ev/simsec=33012.3
     Messages:  created: 8924412   present: 1768   in FES: 181
** Event #9637376   t=306.545981916195   Elapsed: 710.138s (11m 50s)  61% completed  (30% total)
     Speed:     ev/sec=16755.8   simsec/sec=0.498683   ev/simsec=33600.2
     Messages:  created: 8956751   present: 1786   in FES: 189
** Event #9671936   t=307.563532239773   Elapsed: 712.163s (11m 52s)  61% completed  (30% total)
     Speed:     ev/sec=17066.5   simsec/sec=0.502489   ev/simsec=33963.9
     Messages:  created: 8989669   present: 1816   in FES: 197
** Event #9705984   t=308.573314670832   Elapsed: 714.183s (11m 54s)  61% completed  (30% total)
     Speed:     ev/sec=16861.6   simsec/sec=0.500074   ev/simsec=33718.2
     Messages:  created: 9021694   present: 1786   in FES: 189
** Event #9739520   t=309.574952549373   Elapsed: 716.202s (11m 56s)  61% completed  (30% total)
     Speed:     ev/sec=16608.1   simsec/sec=0.496043   ev/simsec=33481.2
     Messages:  created: 9053317   present: 1741   in FES: 174
** Event #9774336   t=310.58276674005   Elapsed: 718.218s (11m 58s)  62% completed  (31% total)
     Speed:     ev/sec=17265.5   simsec/sec=0.499782   ev/simsec=34546.1
     Messages:  created: 9086898   present: 1738   in FES: 171
** Event #9809408   t=311.601100818808   Elapsed: 720.243s (12m 00s)  62% completed  (31% total)
     Speed:     ev/sec=17326.9   simsec/sec=0.503096   ev/simsec=34440.6
     Messages:  created: 9120528   present: 1830   in FES: 199
** Event #9843712   t=312.603192497986   Elapsed: 722.243s (12m 02s)  62% completed  (31% total)
     Speed:     ev/sec=17145.4   simsec/sec=0.500852   ev/simsec=34232.4
     Messages:  created: 9153408   present: 1717   in FES: 162
** Event #9882112   t=314.000028674299   Elapsed: 724.244s (12m 04s)  62% completed  (31% total)
     Speed:     ev/sec=19189.8   simsec/sec=0.698046   ev/simsec=27490.7
     Messages:  created: 9192091   present: 1825   in FES: 206
** Event #9923328   t=315.064635844983   Elapsed: 726.249s (12m 06s)  63% completed  (31% total)
     Speed:     ev/sec=20563.2   simsec/sec=0.531145   ev/simsec=38714.7
     Messages:  created: 9231491   present: 1770   in FES: 183
** Event #9964032   t=316.452231239413   Elapsed: 728.249s (12m 08s)  63% completed  (31% total)
     Speed:     ev/sec=20351.9   simsec/sec=0.693795   ev/simsec=29334.2
     Messages:  created: 9270165   present: 1816   in FES: 201
** Event #9999360   t=317.516535883758   Elapsed: 730.274s (12m 10s)  63% completed  (31% total)
     Speed:     ev/sec=17440.4   simsec/sec=0.525415   ev/simsec=33193.5
     Messages:  created: 9304086   present: 1986   in FES: 256
** Event #10033408   t=318.532328819799   Elapsed: 732.301s (12m 12s)  63% completed  (31% total)
     Speed:     ev/sec=16802.3   simsec/sec=0.501283   ev/simsec=33518.6
     Messages:  created: 9336265   present: 1819   in FES: 200
** Event #10067456   t=319.558796778589   Elapsed: 734.307s (12m 14s)  63% completed  (31% total)
     Speed:     ev/sec=16975   simsec/sec=0.511755   ev/simsec=33170.1
     Messages:  created: 9368244   present: 1689   in FES: 156
** Event #10103296   t=320.56957282799   Elapsed: 736.336s (12m 16s)  64% completed  (32% total)
     Speed:     ev/sec=17663.6   simsec/sec=0.498157   ev/simsec=35457.9
     Messages:  created: 9402792   present: 1820   in FES: 199
** Event #10138880   t=321.587706224532   Elapsed: 738.362s (12m 18s)  64% completed  (32% total)
     Speed:     ev/sec=17558.9   simsec/sec=0.502398   ev/simsec=34950.2
     Messages:  created: 9437197   present: 1826   in FES: 203
** Event #10176768   t=322.920761607764   Elapsed: 740.366s (12m 20s)  64% completed  (32% total)
     Speed:     ev/sec=18912.4   simsec/sec=0.665417   ev/simsec=28421.9
     Messages:  created: 9474814   present: 1723   in FES: 208
** Event #10223104   t=324.088135853037   Elapsed: 742.368s (12m 22s)  64% completed  (32% total)
     Speed:     ev/sec=23137.3   simsec/sec=0.582913   ev/simsec=39692.5
     Messages:  created: 9519446   present: 1776   in FES: 183
** Event #10264320   t=325.523893268514   Elapsed: 744.385s (12m 24s)  65% completed  (32% total)
     Speed:     ev/sec=20434.1   simsec/sec=0.71182   ev/simsec=28706.8
     Messages:  created: 9560573   present: 1791   in FES: 206
** Event #10299648   t=326.540940065536   Elapsed: 746.392s (12m 26s)  65% completed  (32% total)
     Speed:     ev/sec=17608.6   simsec/sec=0.506929   ev/simsec=34735.9
     Messages:  created: 9594616   present: 1813   in FES: 198
** Event #10334976   t=327.555787371735   Elapsed: 748.403s (12m 28s)  65% completed  (32% total)
     Speed:     ev/sec=17559.2   simsec/sec=0.504412   ev/simsec=34811.1
     Messages:  created: 9628961   present: 1750   in FES: 174
** Event #10370304   t=328.567711550235   Elapsed: 750.41s (12m 30s)  65% completed  (32% total)
     Speed:     ev/sec=17602.4   simsec/sec=0.504198   ev/simsec=34911.7
     Messages:  created: 9662861   present: 1803   in FES: 194
** Event #10406656   t=329.587056784416   Elapsed: 752.429s (12m 32s)  65% completed  (32% total)
     Speed:     ev/sec=18007.8   simsec/sec=0.504956   ev/simsec=35662.1
     Messages:  created: 9697853   present: 1766   in FES: 179
** Event #10442752   t=330.592211657687   Elapsed: 754.449s (12m 34s)  66% completed  (33% total)
     Speed:     ev/sec=17870.9   simsec/sec=0.497647   ev/simsec=35910.9
     Messages:  created: 9732818   present: 1787   in FES: 189
** Event #10486528   t=332.023519003712   Elapsed: 756.45s (12m 36s)  66% completed  (33% total)
     Speed:     ev/sec=21879.1   simsec/sec=0.715362   ev/simsec=30584.6
     Messages:  created: 9777421   present: 1804   in FES: 195
** Event #10522880   t=333.046460736566   Elapsed: 758.453s (12m 38s)  66% completed  (33% total)
     Speed:     ev/sec=18150   simsec/sec=0.510739   ev/simsec=35536.7
     Messages:  created: 9811911   present: 1799   in FES: 192
** Event #10563584   t=334.09320577159   Elapsed: 760.456s (12m 40s)  66% completed  (33% total)
     Speed:     ev/sec=20317.7   simsec/sec=0.522491   ev/simsec=38886.3
     Messages:  created: 9850255   present: 1765   in FES: 180
** Event #10600448   t=335.202542400974   Elapsed: 762.459s (12m 42s)  67% completed  (33% total)
     Speed:     ev/sec=18406.9   simsec/sec=0.553914   ev/simsec=33230.7
     Messages:  created: 9885821   present: 1776   in FES: 207
** Event #10629120   t=336.072924568566   Elapsed: 764.462s (12m 44s)  67% completed  (33% total)
     Speed:     ev/sec=14315.1   simsec/sec=0.434556   ev/simsec=32941.9
     Messages:  created: 9913362   present: 1798   in FES: 191
** Event #10670336   t=337.231914831198   Elapsed: 766.463s (12m 46s)  67% completed  (33% total)
     Speed:     ev/sec=20595.8   simsec/sec=0.579151   ev/simsec=35562
     Messages:  created: 9953464   present: 1807   in FES: 235
** Event #10707456   t=338.511285583164   Elapsed: 768.478s (12m 48s)  67% completed  (33% total)
     Speed:     ev/sec=18423.4   simsec/sec=0.634978   ev/simsec=29014.3
     Messages:  created: 9990100   present: 1820   in FES: 201
** Event #10741760   t=339.512186531825   Elapsed: 770.488s (12m 50s)  67% completed  (33% total)
     Speed:     ev/sec=17064.7   simsec/sec=0.497905   ev/simsec=34273.1
     Messages:  created: 10022825   present: 1689   in FES: 158
** Event #10776320   t=340.513321457238   Elapsed: 772.515s (12m 52s)  68% completed  (34% total)
     Speed:     ev/sec=17048.6   simsec/sec=0.493864   ev/simsec=34520.8
     Messages:  created: 10055884   present: 1801   in FES: 194
** Event #10811904   t=341.514138000853   Elapsed: 774.535s (12m 54s)  68% completed  (34% total)
     Speed:     ev/sec=17612.3   simsec/sec=0.495355   ev/simsec=35555
     Messages:  created: 10090153   present: 1790   in FES: 189
** Event #10846464   t=342.516665168014   Elapsed: 776.564s (12m 56s)  68% completed  (34% total)
     Speed:     ev/sec=17039.7   simsec/sec=0.494292   ev/simsec=34472.9
     Messages:  created: 10123150   present: 1781   in FES: 186
** Event #10881536   t=343.517067298138   Elapsed: 778.569s (12m 58s)  68% completed  (34% total)
     Speed:     ev/sec=17489.9   simsec/sec=0.498885   ev/simsec=35057.9
     Messages:  created: 10157007   present: 1722   in FES: 165
** Event #10916608   t=344.540363337297   Elapsed: 780.572s (13m 00s)  68% completed  (34% total)
     Speed:     ev/sec=17505.2   simsec/sec=0.510751   ev/simsec=34273.6
     Messages:  created: 10191009   present: 1801   in FES: 194
** Event #10952192   t=345.535910784555   Elapsed: 782.602s (13m 02s)  69% completed  (34% total)
     Speed:     ev/sec=17535.6   simsec/sec=0.4906   ev/simsec=35743.1
     Messages:  created: 10225412   present: 1761   in FES: 180
** Event #10986752   t=346.549483685165   Elapsed: 784.609s (13m 04s)  69% completed  (34% total)
     Speed:     ev/sec=17214.2   simsec/sec=0.504858   ev/simsec=34097.2
     Messages:  created: 10258603   present: 1778   in FES: 185
** Event #11021824   t=347.571236146902   Elapsed: 786.622s (13m 06s)  69% completed  (34% total)
     Speed:     ev/sec=17429.4   simsec/sec=0.507772   ev/simsec=34325.3
     Messages:  created: 10292494   present: 1791   in FES: 206
** Event #11061760   t=348.577586621414   Elapsed: 788.632s (13m 08s)  69% completed  (34% total)
     Speed:     ev/sec=19862   simsec/sec=0.500504   ev/simsec=39684
     Messages:  created: 10333513   present: 1786   in FES: 189
** Event #11097856   t=349.596038393097   Elapsed: 790.636s (13m 10s)  69% completed  (34% total)
     Speed:     ev/sec=18017.4   simsec/sec=0.508362   ev/simsec=35442
     Messages:  created: 10369729   present: 1846   in FES: 205
** Event #11136768   t=350.921642689527   Elapsed: 792.64s (13m 12s)  70% completed  (35% total)
     Speed:     ev/sec=19416.8   simsec/sec=0.661467   ev/simsec=29354.2
     Messages:  created: 10409298   present: 1839   in FES: 218
** Event #11185408   t=352.170807315873   Elapsed: 794.644s (13m 14s)  70% completed  (35% total)
     Speed:     ev/sec=24267.4   simsec/sec=0.623232   ev/simsec=38938
     Messages:  created: 10456573   present: 1753   in FES: 180
** Event #11229184   t=353.520035487619   Elapsed: 796.65s (13m 16s)  70% completed  (35% total)
     Speed:     ev/sec=21828   simsec/sec=0.672766   ev/simsec=32445.2
     Messages:  created: 10502703   present: 1826   in FES: 199
** Event #11266048   t=354.554395962281   Elapsed: 798.66s (13m 18s)  70% completed  (35% total)
     Speed:     ev/sec=18334.2   simsec/sec=0.514435   ev/simsec=35639.4
     Messages:  created: 10539041   present: 1752   in FES: 175
** Event #11302656   t=355.574918935031   Elapsed: 800.666s (13m 20s)  71% completed  (35% total)
     Speed:     ev/sec=18251.5   simsec/sec=0.508798   ev/simsec=35871.8
     Messages:  created: 10574979   present: 1835   in FES: 206
** Event #11339264   t=356.598802591204   Elapsed: 802.686s (13m 22s)  71% completed  (35% total)
     Speed:     ev/sec=18119.7   simsec/sec=0.506786   ev/simsec=35754.1
     Messages:  created: 10611008   present: 1829   in FES: 204
** Event #11383296   t=358.040734101217   Elapsed: 804.689s (13m 24s)  71% completed  (35% total)
     Speed:     ev/sec=21984.5   simsec/sec=0.719933   ev/simsec=30536.8
     Messages:  created: 10655973   present: 1822   in FES: 201
** Event #11431680   t=359.513221672138   Elapsed: 806.708s (13m 26s)  71% completed  (35% total)
     Speed:     ev/sec=23967.5   simsec/sec=0.729412   ev/simsec=32858.7
     Messages:  created: 10704326   present: 1750   in FES: 177
** Event #11467776   t=360.536662576951   Elapsed: 808.725s (13m 28s)  72% completed  (36% total)
     Speed:     ev/sec=17891.4   simsec/sec=0.507279   ev/simsec=35269.3
     Messages:  created: 10739750   present: 1780   in FES: 187
** Event #11505408   t=361.572912567068   Elapsed: 810.752s (13m 30s)  72% completed  (36% total)
     Speed:     ev/sec=18572.8   simsec/sec=0.511428   ev/simsec=36315.6
     Messages:  created: 10777000   present: 1761   in FES: 180
** Event #11542784   t=362.603980356942   Elapsed: 812.76s (13m 32s)  72% completed  (36% total)
     Speed:     ev/sec=18610.7   simsec/sec=0.5134   ev/simsec=36249.8
     Messages:  created: 10813908   present: 1789   in FES: 190
** Event #11594496   t=364.171188887618   Elapsed: 814.761s (13m 34s)  72% completed  (36% total)
     Speed:     ev/sec=25848.1   simsec/sec=0.783363   ev/simsec=32996.2
     Messages:  created: 10865779   present: 1797   in FES: 233
** Event #11635968   t=365.542308240299   Elapsed: 816.778s (13m 36s)  73% completed  (36% total)
     Speed:     ev/sec=20559.5   simsec/sec=0.679726   ev/simsec=30246.8
     Messages:  created: 10908373   present: 1772   in FES: 185
** Event #11673600   t=366.568950820303   Elapsed: 818.79s (13m 38s)  73% completed  (36% total)
     Speed:     ev/sec=18704.4   simsec/sec=0.510277   ev/simsec=36655.4
     Messages:  created: 10945566   present: 1771   in FES: 182
** Event #11710208   t=367.59097574704   Elapsed: 820.797s (13m 40s)  73% completed  (36% total)
     Speed:     ev/sec=18238.2   simsec/sec=0.509176   ev/simsec=35819.1
     Messages:  created: 10981042   present: 1793   in FES: 188
** Event #11755264   t=369.064635540264   Elapsed: 822.799s (13m 42s)  73% completed  (36% total)
     Speed:     ev/sec=22504.5   simsec/sec=0.736061   ev/simsec=30574.2
     Messages:  created: 11025706   present: 1804   in FES: 195
** Event #11804672   t=370.51225983258   Elapsed: 824.812s (13m 44s)  74% completed  (37% total)
     Speed:     ev/sec=24543.1   simsec/sec=0.719097   ev/simsec=34130.4
     Messages:  created: 11076701   present: 1737   in FES: 172
** Event #11842816   t=371.554825531138   Elapsed: 826.819s (13m 46s)  74% completed  (37% total)
     Speed:     ev/sec=19003.1   simsec/sec=0.519398   ev/simsec=36586.7
     Messages:  created: 11114854   present: 1998   in FES: 256
** Event #11879424   t=372.584056908882   Elapsed: 828.823s (13m 48s)  74% completed  (37% total)
     Speed:     ev/sec=18268.7   simsec/sec=0.513624   ev/simsec=35568.3
     Messages:  created: 11150897   present: 1767   in FES: 182
** Event #11916032   t=373.582967559246   Elapsed: 830.84s (13m 50s)  74% completed  (37% total)
     Speed:     ev/sec=18151.3   simsec/sec=0.495289   ev/simsec=36647.9
     Messages:  created: 11186899   present: 1796   in FES: 191
** Event #11952384   t=374.59179933827   Elapsed: 832.848s (13m 52s)  74% completed  (37% total)
     Speed:     ev/sec=18105   simsec/sec=0.502445   ev/simsec=36033.8
     Messages:  created: 11222277   present: 1712   in FES: 163
** Event #11993600   t=376.001193997976   Elapsed: 834.85s (13m 54s)  75% completed  (37% total)
     Speed:     ev/sec=20581.5   simsec/sec=0.703792   ev/simsec=29243.8
     Messages:  created: 11265049   present: 1827   in FES: 204
** Event #12041216   t=377.171663359065   Elapsed: 836.851s (13m 56s)  75% completed  (37% total)
     Speed:     ev/sec=23796.9   simsec/sec=0.584962   ev/simsec=40681.1
     Messages:  created: 11310438   present: 1809   in FES: 198
** Event #12082176   t=378.517630731111   Elapsed: 838.871s (13m 58s)  75% completed  (37% total)
     Speed:     ev/sec=20285   simsec/sec=0.666577   ev/simsec=30431.6
     Messages:  created: 11352410   present: 1805   in FES: 206
** Event #12118784   t=379.532879138988   Elapsed: 840.886s (14m 00s)  75% completed  (37% total)
     Speed:     ev/sec=18159.3   simsec/sec=0.503612   ev/simsec=36058.2
     Messages:  created: 11388272   present: 1751   in FES: 178
** Event #12155136   t=380.538658639421   Elapsed: 842.919s (14m 02s)  76% completed  (38% total)
     Speed:     ev/sec=17882   simsec/sec=0.494756   ev/simsec=36143.1
     Messages:  created: 11423584   present: 1769   in FES: 184
** Event #12191232   t=381.551607198632   Elapsed: 844.927s (14m 04s)  76% completed  (38% total)
     Speed:     ev/sec=17980.5   simsec/sec=0.50458   ev/simsec=35634.6
     Messages:  created: 11458705   present: 1799   in FES: 190
** Event #12225024   t=382.528771775451   Elapsed: 846.937s (14m 06s)  76% completed  (38% total)
     Speed:     ev/sec=16811   simsec/sec=0.486125   ev/simsec=34581.7
     Messages:  created: 11491047   present: 1693   in FES: 156
** Event #12259840   t=383.545928205101   Elapsed: 848.956s (14m 08s)  76% completed  (38% total)
     Speed:     ev/sec=17240.2   simsec/sec=0.503676   ev/simsec=34228.8
     Messages:  created: 11524648   present: 1812   in FES: 199
** Event #12293888   t=384.550551755389   Elapsed: 850.969s (14m 10s)  76% completed  (38% total)
     Speed:     ev/sec=16914.3   simsec/sec=0.499074   ev/simsec=33891.3
     Messages:  created: 11557083   present: 1727   in FES: 168
** Event #12327936   t=385.544833786725   Elapsed: 852.996s (14m 12s)  77% completed  (38% total)
     Speed:     ev/sec=16803.2   simsec/sec=0.490692   ev/simsec=34243.8
     Messages:  created: 11589414   present: 1823   in FES: 202
** Event #12361472   t=386.551273986277   Elapsed: 855.027s (14m 15s)  77% completed  (38% total)
     Speed:     ev/sec=16508.9   simsec/sec=0.495445   ev/simsec=33321.4
     Messages:  created: 11620658   present: 1777   in FES: 186
** Event #12396032   t=387.548843598791   Elapsed: 857.064s (14m 17s)  77% completed  (38% total)
     Speed:     ev/sec=16968   simsec/sec=0.489779   ev/simsec=34644.2
     Messages:  created: 11653456   present: 1691   in FES: 156
** Event #12432640   t=388.541058946293   Elapsed: 859.071s (14m 19s)  77% completed  (38% total)
     Speed:     ev/sec=18235   simsec/sec=0.494239   ev/simsec=36895.2
     Messages:  created: 11689285   present: 1811   in FES: 196
** Event #12466688   t=389.52057232091   Elapsed: 861.101s (14m 21s)  77% completed  (38% total)
     Speed:     ev/sec=16778.6   simsec/sec=0.482696   ev/simsec=34760.1
     Messages:  created: 11721476   present: 1725   in FES: 168
** Event #12494336   t=390.088499140229   Elapsed: 863.105s (14m 23s)  78% completed  (39% total)
     Speed:     ev/sec=13796.9   simsec/sec=0.283407   ev/simsec=48682.3
     Messages:  created: 11746226   present: 1693   in FES: 156
** Event #12514816   t=390.602672556763   Elapsed: 865.128s (14m 25s)  78% completed  (39% total)
     Speed:     ev/sec=10120.7   simsec/sec=0.254092   ev/simsec=39830.9
     Messages:  created: 11765086   present: 1743   in FES: 174
** Event #12548352   t=391.585633566433   Elapsed: 867.137s (14m 27s)  78% completed  (39% total)
     Speed:     ev/sec=16690.8   simsec/sec=0.489218   ev/simsec=34117.3
     Messages:  created: 11796639   present: 1981   in FES: 256
** Event #12582144   t=392.588571091562   Elapsed: 869.141s (14m 29s)  78% completed  (39% total)
     Speed:     ev/sec=16863.7   simsec/sec=0.500509   ev/simsec=33693
     Messages:  created: 11828703   present: 1734   in FES: 169
** Event #12615168   t=393.576795410739   Elapsed: 871.169s (14m 31s)  78% completed  (39% total)
     Speed:     ev/sec=16284.2   simsec/sec=0.487294   ev/simsec=33417.5
     Messages:  created: 11859470   present: 1757   in FES: 180
** Event #12648192   t=394.562729931045   Elapsed: 873.18s (14m 33s)  78% completed  (39% total)
     Speed:     ev/sec=16426.9   simsec/sec=0.490425   ev/simsec=33495.1
     Messages:  created: 11890553   present: 1789   in FES: 186
** Event #12680960   t=395.552425072156   Elapsed: 875.189s (14m 35s)  79% completed  (39% total)
     Speed:     ev/sec=16308.7   simsec/sec=0.492574   ev/simsec=33109.2
     Messages:  created: 11921104   present: 1835   in FES: 205
** Event #12714752   t=396.550845555007   Elapsed: 877.214s (14m 37s)  79% completed  (39% total)
     Speed:     ev/sec=16683.6   simsec/sec=0.492936   ev/simsec=33845.5
     Messages:  created: 11953085   present: 1795   in FES: 206
** Event #12747520   t=397.530725110563   Elapsed: 879.252s (14m 39s)  79% completed  (39% total)
     Speed:     ev/sec=16077   simsec/sec=0.480758   ev/simsec=33440.8
     Messages:  created: 11983497   present: 1818   in FES: 206
** Event #12780544   t=398.527948814432   Elapsed: 881.27s (14m 41s)  79% completed  (39% total)
     Speed:     ev/sec=16365.1   simsec/sec=0.494177   ev/simsec=33115.9
     Messages:  created: 12014452   present: 1799   in FES: 206
** Event #12812800   t=399.480773181197   Elapsed: 883.271s (14m 43s)  79% completed  (39% total)
     Speed:     ev/sec=16120.8   simsec/sec=0.476198   ev/simsec=33853
     Messages:  created: 12044377   present: 1823   in FES: 236
** Event #12827904   t=399.708684103679   Elapsed: 885.273s (14m 45s)  79% completed  (39% total)
     Speed:     ev/sec=7545.82   simsec/sec=0.113862   ev/simsec=66271.5
     Messages:  created: 12057283   present: 1720   in FES: 207
** Event #12859904   t=400.592971518562   Elapsed: 887.311s (14m 47s)  80% completed  (40% total)
     Speed:     ev/sec=15704.9   simsec/sec=0.433988   ev/simsec=36187.3
     Messages:  created: 12086569   present: 1826   in FES: 206
** Event #12892416   t=401.554498423506   Elapsed: 889.328s (14m 49s)  80% completed  (40% total)
     Speed:     ev/sec=16112.3   simsec/sec=0.476513   ev/simsec=33812.9
     Messages:  created: 12116529   present: 1839   in FES: 204
** Event #12925440   t=402.543849526495   Elapsed: 891.344s (14m 51s)  80% completed  (40% total)
     Speed:     ev/sec=16381.5   simsec/sec=0.490765   ev/simsec=33379.5
     Messages:  created: 12147276   present: 1983   in FES: 255
** Event #12958208   t=403.516862340261   Elapsed: 893.358s (14m 53s)  80% completed  (40% total)
     Speed:     ev/sec=16275   simsec/sec=0.483271   ev/simsec=33676.8
     Messages:  created: 12177712   present: 1758   in FES: 175
** Event #12985856   t=404.094277209429   Elapsed: 895.359s (14m 55s)  80% completed  (40% total)
     Speed:     ev/sec=13813   simsec/sec=0.288478   ev/simsec=47882.4
     Messages:  created: 12202085   present: 1813   in FES: 194
** Event #13003776   t=404.607313562712   Elapsed: 897.393s (14m 57s)  80% completed  (40% total)
     Speed:     ev/sec=8810.21   simsec/sec=0.25223   ev/simsec=34929.3
     Messages:  created: 12218718   present: 1796   in FES: 193
** Event #13036544   t=405.581696325066   Elapsed: 899.41s (14m 59s)  81% completed  (40% total)
     Speed:     ev/sec=16248.6   simsec/sec=0.483165   ev/simsec=33629.5
     Messages:  created: 12249102   present: 1834   in FES: 201
** Event #13069568   t=406.562726876582   Elapsed: 901.421s (15m 01s)  81% completed  (40% total)
     Speed:     ev/sec=16418.1   simsec/sec=0.487726   ev/simsec=33662.6
     Messages:  created: 12279953   present: 1838   in FES: 206
** Event #13102336   t=407.522948109712   Elapsed: 903.457s (15m 03s)  81% completed  (40% total)
     Speed:     ev/sec=16100.1   simsec/sec=0.47179   ev/simsec=34125.5
     Messages:  created: 12310127   present: 1704   in FES: 157
** Event #13129216   t=408.089385640699   Elapsed: 905.458s (15m 05s)  81% completed  (40% total)
     Speed:     ev/sec=13431.4   simsec/sec=0.283037   ev/simsec=47454.5
     Messages:  created: 12333428   present: 1831   in FES: 202
** Event #13147392   t=408.585685035058   Elapsed: 907.471s (15m 07s)  81% completed  (40% total)
     Speed:     ev/sec=9027.65   simsec/sec=0.246502   ev/simsec=36623.1
     Messages:  created: 12349937   present: 1814   in FES: 197
** Event #13179392   t=409.556069094259   Elapsed: 909.508s (15m 09s)  81% completed  (40% total)
     Speed:     ev/sec=15714.7   simsec/sec=0.476542   ev/simsec=32976.6
     Messages:  created: 12379261   present: 1842   in FES: 206
** Event #13211392   t=410.508798341608   Elapsed: 911.526s (15m 11s)  82% completed  (41% total)
     Speed:     ev/sec=15857.5   simsec/sec=0.472121   ev/simsec=33587.7
     Messages:  created: 12408605   present: 1756   in FES: 179
** Event #13222912   t=410.593833925575   Elapsed: 913.557s (15m 13s)  82% completed  (41% total)
     Speed:     ev/sec=5672.42   simsec/sec=0.0418713   ev/simsec=135473
     Messages:  created: 12417446   present: 1752   in FES: 177
** Event #13255424   t=411.548257445357   Elapsed: 915.584s (15m 15s)  82% completed  (41% total)
     Speed:     ev/sec=16038.6   simsec/sec=0.470829   ev/simsec=34064.5
     Messages:  created: 12447492   present: 1748   in FES: 175
** Event #13288192   t=412.513815372988   Elapsed: 917.609s (15m 17s)  82% completed  (41% total)
     Speed:     ev/sec=16177.5   simsec/sec=0.476695   ev/simsec=33936.9
     Messages:  created: 12477560   present: 1695   in FES: 156
** Event #13299712   t=412.602066259934   Elapsed: 919.616s (15m 19s)  82% completed  (41% total)
     Speed:     ev/sec=5739.09   simsec/sec=0.0439652   ev/simsec=130537
     Messages:  created: 12486695   present: 1788   in FES: 189
** Event #13331968   t=413.566924376109   Elapsed: 921.661s (15m 21s)  82% completed  (41% total)
     Speed:     ev/sec=15778.7   simsec/sec=0.47198   ev/simsec=33430.8
     Messages:  created: 12516212   present: 1734   in FES: 171
** Event #13364992   t=414.52856321891   Elapsed: 923.69s (15m 23s)  82% completed  (41% total)
     Speed:     ev/sec=16275.2   simsec/sec=0.473923   ev/simsec=34341.4
     Messages:  created: 12546877   present: 1798   in FES: 193
** Event #13392896   t=415.094083631235   Elapsed: 925.692s (15m 25s)  83% completed  (41% total)
     Speed:     ev/sec=13939.5   simsec/sec=0.282507   ev/simsec=49342.2
     Messages:  created: 12570859   present: 1755   in FES: 175
** Event #13408512   t=415.591144524232   Elapsed: 927.73s (15m 27s)  83% completed  (41% total)
     Speed:     ev/sec=7659.23   simsec/sec=0.243795   ev/simsec=31416.7
     Messages:  created: 12585313   present: 1825   in FES: 199
** Event #13439488   t=416.547052116625   Elapsed: 929.748s (15m 29s)  83% completed  (41% total)
     Speed:     ev/sec=15350.6   simsec/sec=0.473712   ev/simsec=32404.8
     Messages:  created: 12613019   present: 1822   in FES: 199
** Event #13470464   t=417.508803667763   Elapsed: 931.78s (15m 31s)  83% completed  (41% total)
     Speed:     ev/sec=15249.1   simsec/sec=0.473458   ev/simsec=32207.9
     Messages:  created: 12640616   present: 1803   in FES: 206
** Event #13481984   t=417.594803143403   Elapsed: 933.82s (15m 33s)  83% completed  (41% total)
     Speed:     ev/sec=5645.82   simsec/sec=0.0421473   ev/simsec=133954
     Messages:  created: 12649718   present: 1770   in FES: 181
** Event #13513216   t=418.563336922007   Elapsed: 935.823s (15m 35s)  83% completed  (41% total)
     Speed:     ev/sec=15595.1   simsec/sec=0.483619   ev/simsec=32246.7
     Messages:  created: 12677995   present: 1799   in FES: 206
** Event #13544448   t=419.519751766613   Elapsed: 937.835s (15m 37s)  83% completed  (41% total)
     Speed:     ev/sec=15520.6   simsec/sec=0.475286   ev/simsec=32655.3
     Messages:  created: 12706195   present: 1824   in FES: 199
** Event #13555712   t=419.616212826501   Elapsed: 939.851s (15m 39s)  83% completed  (41% total)
     Speed:     ev/sec=5586.62   simsec/sec=0.0478419   ev/simsec=116773
     Messages:  created: 12714863   present: 1681   in FES: 155
** Event #13587456   t=420.589511875006   Elapsed: 941.884s (15m 41s)  84% completed  (42% total)
     Speed:     ev/sec=15613.5   simsec/sec=0.478724   ev/simsec=32614.8
     Messages:  created: 12743918   present: 1833   in FES: 206
** Event #13619712   t=421.552827645358   Elapsed: 943.915s (15m 43s)  84% completed  (42% total)
     Speed:     ev/sec=15885.1   simsec/sec=0.474404   ev/simsec=33484.3
     Messages:  created: 12773834   present: 1737   in FES: 170
** Event #13651456   t=422.502334015844   Elapsed: 945.92s (15m 45s)  84% completed  (42% total)
     Speed:     ev/sec=15831.7   simsec/sec=0.473549   ev/simsec=33432.1
     Messages:  created: 12803024   present: 1812   in FES: 199
** Event #13663232   t=422.599009867911   Elapsed: 947.938s (15m 47s)  84% completed  (42% total)
     Speed:     ev/sec=5836.66   simsec/sec=0.0479165   ev/simsec=121809
     Messages:  created: 12812581   present: 1837   in FES: 204
** Event #13695232   t=423.567870134603   Elapsed: 949.953s (15m 49s)  84% completed  (42% total)
     Speed:     ev/sec=15875.5   simsec/sec=0.480661   ev/simsec=33028.5
     Messages:  created: 12842092   present: 1690   in FES: 157
** Event #13727232   t=424.522063592413   Elapsed: 951.984s (15m 51s)  84% completed  (42% total)
     Speed:     ev/sec=15757.4   simsec/sec=0.469863   ev/simsec=33536.2
     Messages:  created: 12871581   present: 1805   in FES: 194
** Event #13739008   t=424.605739381965   Elapsed: 954.018s (15m 54s)  84% completed  (42% total)
     Speed:     ev/sec=5789.06   simsec/sec=0.0411348   ev/simsec=140734
     Messages:  created: 12880746   present: 1827   in FES: 200
** Event #13770752   t=425.575595155602   Elapsed: 956.03s (15m 56s)  85% completed  (42% total)
     Speed:     ev/sec=15784.2   simsec/sec=0.482247   ev/simsec=32730.6
     Messages:  created: 12910040   present: 1749   in FES: 174
** Event #13802752   t=426.551378317005   Elapsed: 958.069s (15m 58s)  85% completed  (42% total)
     Speed:     ev/sec=15687   simsec/sec=0.478347   ev/simsec=32794.2
     Messages:  created: 12940246   present: 1771   in FES: 184
** Event #13834240   t=427.506245874609   Elapsed: 960.075s (16m 00s)  85% completed  (42% total)
     Speed:     ev/sec=15700.6   simsec/sec=0.476118   ev/simsec=32976.3
     Messages:  created: 12969374   present: 1724   in FES: 169
** Event #13846784   t=427.605139988264   Elapsed: 962.11s (16m 02s)  85% completed  (42% total)
     Speed:     ev/sec=6164.84   simsec/sec=0.0486022   ev/simsec=126843
     Messages:  created: 12979400   present: 1827   in FES: 200
** Event #13879040   t=428.581543253802   Elapsed: 964.139s (16m 04s)  85% completed  (42% total)
     Speed:     ev/sec=15899   simsec/sec=0.481271   ev/simsec=33035.5
     Messages:  created: 13009516   present: 1844   in FES: 205
** Event #13911040   t=429.569197510121   Elapsed: 966.16s (16m 06s)  85% completed  (42% total)
     Speed:     ev/sec=15833   simsec/sec=0.488671   ev/simsec=32400
     Messages:  created: 13039494   present: 1807   in FES: 196
** Event #13943552   t=430.525747655997   Elapsed: 968.188s (16m 08s)  86% completed  (43% total)
     Speed:     ev/sec=16028.6   simsec/sec=0.471584   ev/simsec=33988.8
     Messages:  created: 13070146   present: 1848   in FES: 206
** Event #13976064   t=431.514346094691   Elapsed: 970.188s (16m 10s)  86% completed  (43% total)
     Speed:     ev/sec=16252.7   simsec/sec=0.494199   ev/simsec=32887
     Messages:  created: 13100547   present: 1725   in FES: 170
** Event #13993216   t=432.000081843717   Elapsed: 972.192s (16m 12s)  86% completed  (43% total)
     Speed:     ev/sec=8559.49   simsec/sec=0.2424   ev/simsec=35311.4
     Messages:  created: 13116407   present: 1747   in FES: 178
** Event #14022400   t=432.599624718439   Elapsed: 974.201s (16m 14s)  86% completed  (43% total)
     Speed:     ev/sec=14528   simsec/sec=0.298456   ev/simsec=48677.1
     Messages:  created: 13142250   present: 1773   in FES: 184
** Event #14055680   t=433.589594666776   Elapsed: 976.242s (16m 16s)  86% completed  (43% total)
     Speed:     ev/sec=16308.2   simsec/sec=0.485115   ev/simsec=33617.2
     Messages:  created: 13173534   present: 1723   in FES: 168
** Event #14088192   t=434.558475018056   Elapsed: 978.276s (16m 18s)  86% completed  (43% total)
     Speed:     ev/sec=15982.1   simsec/sec=0.476277   ev/simsec=33556.3
     Messages:  created: 13204133   present: 1831   in FES: 202
** Event #14123008   t=435.555434592334   Elapsed: 980.279s (16m 20s)  87% completed  (43% total)
     Speed:     ev/sec=17384.1   simsec/sec=0.497796   ev/simsec=34922.2
     Messages:  created: 13237586   present: 1778   in FES: 185
** Event #14157568   t=436.541903295714   Elapsed: 982.297s (16m 22s)  87% completed  (43% total)
     Speed:     ev/sec=17125.9   simsec/sec=0.488837   ev/simsec=35034.1
     Messages:  created: 13270904   present: 1838   in FES: 206
** Event #14191872   t=437.527491393247   Elapsed: 984.323s (16m 24s)  87% completed  (43% total)
     Speed:     ev/sec=16932.8   simsec/sec=0.486498   ev/simsec=34805.6
     Messages:  created: 13303725   present: 1839   in FES: 204
** Event #14225664   t=438.516778593306   Elapsed: 986.348s (16m 26s)  87% completed  (43% total)
     Speed:     ev/sec=16685.8   simsec/sec=0.488491   ev/simsec=34157.9
     Messages:  created: 13335767   present: 1756   in FES: 177
** Event #14254336   t=439.094029167228   Elapsed: 988.348s (16m 28s)  87% completed  (43% total)
     Speed:     ev/sec=14332.3   simsec/sec=0.28855   ev/simsec=49669.9
     Messages:  created: 13361512   present: 1805   in FES: 207
** Event #14276096   t=439.731948890586   Elapsed: 990.349s (16m 30s)  87% completed  (43% total)
     Speed:     ev/sec=10875.1   simsec/sec=0.318816   ev/simsec=34110.9
     Messages:  created: 13383009   present: 1820   in FES: 200
** Event #14310912   t=440.593081008634   Elapsed: 992.37s (16m 32s)  88% completed  (44% total)
     Speed:     ev/sec=17228.3   simsec/sec=0.426121   ev/simsec=40430.5
     Messages:  created: 13416887   present: 1799   in FES: 206
** Event #14345984   t=441.582142694446   Elapsed: 994.386s (16m 34s)  88% completed  (44% total)
     Speed:     ev/sec=17395.9   simsec/sec=0.490579   ev/simsec=35459.9
     Messages:  created: 13450560   present: 1760   in FES: 181
** Event #14380544   t=442.558666980093   Elapsed: 996.404s (16m 36s)  88% completed  (44% total)
     Speed:     ev/sec=17129.6   simsec/sec=0.484013   ev/simsec=35390.8
     Messages:  created: 13483654   present: 1825   in FES: 198
** Event #14414336   t=443.548217814401   Elapsed: 998.413s (16m 38s)  88% completed  (44% total)
     Speed:     ev/sec=16818.6   simsec/sec=0.49251   ev/simsec=34148.8
     Messages:  created: 13516262   present: 1807   in FES: 206
** Event #14449152   t=444.535216599909   Elapsed: 1000.43s (16m 40s)  88% completed  (44% total)
     Speed:     ev/sec=17249   simsec/sec=0.488992   ev/simsec=35274.6
     Messages:  created: 13549838   present: 1791   in FES: 206
** Event #14483456   t=445.517742739394   Elapsed: 1002.46s (16m 42s)  89% completed  (44% total)
     Speed:     ev/sec=16907.2   simsec/sec=0.484251   ev/simsec=34914.1
     Messages:  created: 13582301   present: 1731   in FES: 170
** Event #14513920   t=446.181170398055   Elapsed: 1004.46s (16m 44s)  89% completed  (44% total)
     Speed:     ev/sec=15211.1   simsec/sec=0.331259   ev/simsec=45919.1
     Messages:  created: 13609552   present: 1681   in FES: 155
** Event #14531584   t=446.61042221101   Elapsed: 1006.47s (16m 46s)  89% completed  (44% total)
     Speed:     ev/sec=8806.92   simsec/sec=0.214016   ev/simsec=41150.7
     Messages:  created: 13626031   present: 1690   in FES: 157
** Event #14566656   t=447.593622348204   Elapsed: 1008.49s (16m 48s)  89% completed  (44% total)
     Speed:     ev/sec=17366.5   simsec/sec=0.486847   ev/simsec=35671.3
     Messages:  created: 13659666   present: 1751   in FES: 178
** Event #14601984   t=448.584376280976   Elapsed: 1010.51s (16m 50s)  89% completed  (44% total)
     Speed:     ev/sec=17435.2   simsec/sec=0.48896   ev/simsec=35657.7
     Messages:  created: 13694009   present: 1775   in FES: 184
** Event #14637824   t=449.577841643013   Elapsed: 1012.54s (16m 52s)  89% completed  (44% total)
     Speed:     ev/sec=17735.7   simsec/sec=0.491623   ev/simsec=36075.7
     Messages:  created: 13728874   present: 1767   in FES: 180
** Event #14673664   t=450.55857698385   Elapsed: 1014.57s (16m 54s)  90% completed  (45% total)
     Speed:     ev/sec=17611.1   simsec/sec=0.481915   ev/simsec=36544
     Messages:  created: 13763741   present: 1718   in FES: 167
** Event #14708480   t=451.526586814269   Elapsed: 1016.58s (16m 56s)  90% completed  (45% total)
     Speed:     ev/sec=17336.7   simsec/sec=0.482021   ev/simsec=35966.6
     Messages:  created: 13797101   present: 1848   in FES: 205
** Event #14744064   t=452.512898133176   Elapsed: 1018.6s (16m 58s)  90% completed  (45% total)
     Speed:     ev/sec=17562.4   simsec/sec=0.486792   ev/simsec=36077.9
     Messages:  created: 13831315   present: 1815   in FES: 206
** Event #14766848   t=453.046093624565   Elapsed: 1020.61s (17m 00s)  90% completed  (45% total)
     Speed:     ev/sec=11371.5   simsec/sec=0.266117   ev/simsec=42731
     Messages:  created: 13852593   present: 1783   in FES: 188
** Event #14792192   t=453.590176131283   Elapsed: 1022.62s (17m 02s)  90% completed  (45% total)
     Speed:     ev/sec=12619.7   simsec/sec=0.270919   ev/simsec=46581.2
     Messages:  created: 13875917   present: 1730   in FES: 167
** Event #14827008   t=454.564809993102   Elapsed: 1024.63s (17m 04s)  90% completed  (45% total)
     Speed:     ev/sec=17304.2   simsec/sec=0.48441   ev/simsec=35722.1
     Messages:  created: 13909239   present: 1804   in FES: 193
** Event #14862080   t=455.524743962262   Elapsed: 1026.66s (17m 06s)  91% completed  (45% total)
     Speed:     ev/sec=17308.3   simsec/sec=0.473734   ev/simsec=36535.8
     Messages:  created: 13942967   present: 1826   in FES: 197
** Event #14889728   t=456.089385916727   Elapsed: 1028.66s (17m 08s)  91% completed  (45% total)
     Speed:     ev/sec=13819.1   simsec/sec=0.28222   ev/simsec=48965.5
     Messages:  created: 13967534   present: 1773   in FES: 182
** Event #14909952   t=456.596617423007   Elapsed: 1030.68s (17m 10s)  91% completed  (45% total)
     Speed:     ev/sec=9976.89   simsec/sec=0.250227   ev/simsec=39871.3
     Messages:  created: 13987107   present: 1742   in FES: 171
** Event #14945792   t=457.574737972948   Elapsed: 1032.71s (17m 12s)  91% completed  (45% total)
     Speed:     ev/sec=17662.1   simsec/sec=0.482023   ev/simsec=36641.7
     Messages:  created: 14022143   present: 1819   in FES: 206
** Event #14981120   t=458.539943884867   Elapsed: 1034.73s (17m 14s)  91% completed  (45% total)
     Speed:     ev/sec=17541.6   simsec/sec=0.479259   ev/simsec=36601.5
     Messages:  created: 14056425   present: 1689   in FES: 156
** Event #15014144   t=459.453034114531   Elapsed: 1036.73s (17m 16s)  91% completed  (45% total)
     Speed:     ev/sec=16486.2   simsec/sec=0.455833   ev/simsec=36167.3
     Messages:  created: 14087708   present: 1799   in FES: 243
** Event #15028480   t=459.599720175271   Elapsed: 1038.74s (17m 18s)  91% completed  (45% total)
     Speed:     ev/sec=7115.3   simsec/sec=0.0728038   ev/simsec=97732.5
     Messages:  created: 14100014   present: 1781   in FES: 186
** Event #15062784   t=460.573413754332   Elapsed: 1040.75s (17m 20s)  92% completed  (46% total)
     Speed:     ev/sec=17062.3   simsec/sec=0.484301   ev/simsec=35230.8
     Messages:  created: 14132844   present: 1830   in FES: 203
** Event #15097344   t=461.551564060397   Elapsed: 1042.76s (17m 22s)  92% completed  (46% total)
     Speed:     ev/sec=17215.2   simsec/sec=0.487242   ev/simsec=35332
     Messages:  created: 14166009   present: 1807   in FES: 196
** Event #15132672   t=462.513028254959   Elapsed: 1044.78s (17m 24s)  92% completed  (46% total)
     Speed:     ev/sec=17478.1   simsec/sec=0.475673   ev/simsec=36744
     Messages:  created: 14200294   present: 1830   in FES: 206
** Event #15154688   t=463.040734893043   Elapsed: 1046.78s (17m 26s)  92% completed  (46% total)
     Speed:     ev/sec=11007.7   simsec/sec=0.263847   ev/simsec=41720.1
     Messages:  created: 14220944   present: 1711   in FES: 164
** Event #15180544   t=463.588546579083   Elapsed: 1048.81s (17m 28s)  92% completed  (46% total)
     Speed:     ev/sec=12757.2   simsec/sec=0.270286   ev/simsec=47198.7
     Messages:  created: 14244561   present: 1825   in FES: 200
** Event #15215360   t=464.564002389202   Elapsed: 1050.82s (17m 30s)  92% completed  (46% total)
     Speed:     ev/sec=17291.7   simsec/sec=0.484469   ev/simsec=35692
     Messages:  created: 14278090   present: 1842   in FES: 205
** Event #15250432   t=465.531674412859   Elapsed: 1052.84s (17m 32s)  93% completed  (46% total)
     Speed:     ev/sec=17404.1   simsec/sec=0.480198   ev/simsec=36243.7
     Messages:  created: 14312045   present: 1789   in FES: 190
** Event #15275520   t=466.065804271963   Elapsed: 1054.84s (17m 34s)  93% completed  (46% total)
     Speed:     ev/sec=12527.6   simsec/sec=0.266715   ev/simsec=46969.9
     Messages:  created: 14334963   present: 1804   in FES: 195
** Event #15298816   t=466.592905631542   Elapsed: 1056.88s (17m 36s)  93% completed  (46% total)
     Speed:     ev/sec=11445.7   simsec/sec=0.258972   ev/simsec=44196.4
     Messages:  created: 14356876   present: 1749   in FES: 174
** Event #15334656   t=467.558589486025   Elapsed: 1058.91s (17m 38s)  93% completed  (46% total)
     Speed:     ev/sec=17640.6   simsec/sec=0.475314   ev/simsec=37113.6
     Messages:  created: 14391951   present: 1804   in FES: 193
** Event #15370496   t=468.536820525562   Elapsed: 1060.92s (17m 40s)  93% completed  (46% total)
     Speed:     ev/sec=17831.8   simsec/sec=0.486709   ev/simsec=36637.6
     Messages:  created: 14427385   present: 1941   in FES: 256
** Event #15395328   t=469.065751416781   Elapsed: 1062.92s (17m 42s)  93% completed  (46% total)
     Speed:     ev/sec=12403.2   simsec/sec=0.264194   ev/simsec=46947.5
     Messages:  created: 14450022   present: 1830   in FES: 206
** Event #15418624   t=469.586258524052   Elapsed: 1064.93s (17m 44s)  93% completed  (46% total)
     Speed:     ev/sec=11594   simsec/sec=0.259047   ev/simsec=44756.4
     Messages:  created: 14471932   present: 1788   in FES: 187
** Event #15454208   t=470.561078487601   Elapsed: 1066.95s (17m 46s)  94% completed  (47% total)
     Speed:     ev/sec=17644.9   simsec/sec=0.483381   ev/simsec=36503.2
     Messages:  created: 14506678   present: 1706   in FES: 161
** Event #15490048   t=471.527285607783   Elapsed: 1068.98s (17m 48s)  94% completed  (47% total)
     Speed:     ev/sec=17588.3   simsec/sec=0.474162   ev/simsec=37093.5
     Messages:  created: 14541887   present: 1814   in FES: 193
** Event #15522816   t=472.452196960947   Elapsed: 1070.99s (17m 50s)  94% completed  (47% total)
     Speed:     ev/sec=16360.1   simsec/sec=0.46178   ev/simsec=35428.3
     Messages:  created: 14572533   present: 1805   in FES: 228
** Event #15537152   t=472.597207783671   Elapsed: 1072.99s (17m 52s)  94% completed  (47% total)
     Speed:     ev/sec=7156.55   simsec/sec=0.0723896   ev/simsec=98861.6
     Messages:  created: 14585184   present: 1833   in FES: 206
** Event #15571456   t=473.555840333717   Elapsed: 1074.99s (17m 54s)  94% completed  (47% total)
     Speed:     ev/sec=17145.7   simsec/sec=0.479139   ev/simsec=35784.3
     Messages:  created: 14618182   present: 1757   in FES: 178
** Event #15605760   t=474.538764851399   Elapsed: 1077s (17m 57s)  94% completed  (47% total)
     Speed:     ev/sec=17037   simsec/sec=0.488166   ev/simsec=34899.9
     Messages:  created: 14651123   present: 1810   in FES: 206
** Event #15640576   t=475.505295187944   Elapsed: 1079.02s (17m 59s)  95% completed  (47% total)
     Speed:     ev/sec=17250.1   simsec/sec=0.478882   ev/simsec=36021.6
     Messages:  created: 14684848   present: 1741   in FES: 176
** Event #15653632   t=475.608070792689   Elapsed: 1081.05s (18m 01s)  95% completed  (47% total)
     Speed:     ev/sec=6444.63   simsec/sec=0.0507315   ev/simsec=127034
     Messages:  created: 14695503   present: 1740   in FES: 173
** Event #15687936   t=476.582979772651   Elapsed: 1083.06s (18m 03s)  95% completed  (47% total)
     Speed:     ev/sec=17060.9   simsec/sec=0.484865   ev/simsec=35186.9
     Messages:  created: 14728558   present: 1756   in FES: 179
** Event #15722752   t=477.556648948239   Elapsed: 1085.08s (18m 05s)  95% completed  (47% total)
     Speed:     ev/sec=17235   simsec/sec=0.481998   ev/simsec=35757.5
     Messages:  created: 14762289   present: 1753   in FES: 176
** Event #15757568   t=478.547381348395   Elapsed: 1087.11s (18m 07s)  95% completed  (47% total)
     Speed:     ev/sec=17124.5   simsec/sec=0.487298   ev/simsec=35141.7
     Messages:  created: 14796131   present: 1837   in FES: 206
** Event #15794432   t=479.518789745948   Elapsed: 1089.14s (18m 09s)  95% completed  (47% total)
     Speed:     ev/sec=18197.8   simsec/sec=0.479532   ev/simsec=37949
     Messages:  created: 14832891   present: 1830   in FES: 203
** Event #15820800   t=480.070235622337   Elapsed: 1091.14s (18m 11s)  96% completed  (48% total)
     Speed:     ev/sec=13157.5   simsec/sec=0.275169   ev/simsec=47816.1
     Messages:  created: 14857332   present: 1721   in FES: 166
** Event #15844352   t=480.608333035397   Elapsed: 1093.15s (18m 13s)  96% completed  (48% total)
     Speed:     ev/sec=11747.2   simsec/sec=0.268391   ev/simsec=43769
     Messages:  created: 14880086   present: 1842   in FES: 206
** Event #15880192   t=481.588601076409   Elapsed: 1095.15s (18m 15s)  96% completed  (48% total)
     Speed:     ev/sec=17889.9   simsec/sec=0.489311   ev/simsec=36561.4
     Messages:  created: 14915508   present: 1835   in FES: 204
** Event #15916800   t=482.582003604928   Elapsed: 1097.16s (18m 17s)  96% completed  (48% total)
     Speed:     ev/sec=18253.9   simsec/sec=0.495341   ev/simsec=36851.1
     Messages:  created: 14951911   present: 1834   in FES: 205
** Event #15953152   t=483.565862027482   Elapsed: 1099.16s (18m 19s)  96% completed  (48% total)
     Speed:     ev/sec=18164.9   simsec/sec=0.491628   ev/simsec=36948.4
     Messages:  created: 14988391   present: 1838   in FES: 204
** Event #15989504   t=484.549219452483   Elapsed: 1101.18s (18m 21s)  96% completed  (48% total)
     Speed:     ev/sec=17968.2   simsec/sec=0.486058   ev/simsec=36967.2
     Messages:  created: 15024488   present: 1834   in FES: 206
** Event #16026368   t=485.538391767513   Elapsed: 1103.2s (18m 23s)  97% completed  (48% total)
     Speed:     ev/sec=18232.4   simsec/sec=0.489231   ev/simsec=37267.5
     Messages:  created: 15061338   present: 1762   in FES: 181
** Event #16062464   t=486.532325080756   Elapsed: 1105.23s (18m 25s)  97% completed  (48% total)
     Speed:     ev/sec=17842.6   simsec/sec=0.491311   ev/simsec=36316.3
     Messages:  created: 15097448   present: 1813   in FES: 196
** Event #16098560   t=487.525050654217   Elapsed: 1107.23s (18m 27s)  97% completed  (48% total)
     Speed:     ev/sec=18009.8   simsec/sec=0.495313   ev/simsec=36360.5
     Messages:  created: 15133225   present: 1783   in FES: 186
** Event #16134400   t=488.526887246899   Elapsed: 1109.24s (18m 29s)  97% completed  (48% total)
     Speed:     ev/sec=17787   simsec/sec=0.497201   ev/simsec=35774.3
     Messages:  created: 15168268   present: 1751   in FES: 176
** Event #16170496   t=489.534216538525   Elapsed: 1111.25s (18m 31s)  97% completed  (48% total)
     Speed:     ev/sec=17958.2   simsec/sec=0.501158   ev/simsec=35833.4
     Messages:  created: 15203535   present: 1688   in FES: 157
** Event #16205824   t=490.524088074533   Elapsed: 1113.28s (18m 33s)  98% completed  (49% total)
     Speed:     ev/sec=17401.3   simsec/sec=0.487575   ev/simsec=35689.5
     Messages:  created: 15238246   present: 1768   in FES: 181
** Event #16241152   t=491.521854037053   Elapsed: 1115.29s (18m 35s)  98% completed  (49% total)
     Speed:     ev/sec=17656.3   simsec/sec=0.498664   ev/simsec=35407.1
     Messages:  created: 15272883   present: 1790   in FES: 189
** Event #16276736   t=492.521853861033   Elapsed: 1117.29s (18m 37s)  98% completed  (49% total)
     Speed:     ev/sec=17749.8   simsec/sec=0.498815   ev/simsec=35584
     Messages:  created: 15307886   present: 1802   in FES: 193
** Event #16312832   t=493.523688365726   Elapsed: 1119.31s (18m 39s)  98% completed  (49% total)
     Speed:     ev/sec=17854.5   simsec/sec=0.495547   ev/simsec=36029.9
     Messages:  created: 15343453   present: 1824   in FES: 199
** Event #16348928   t=494.539949213847   Elapsed: 1121.33s (18m 41s)  98% completed  (49% total)
     Speed:     ev/sec=17901.6   simsec/sec=0.50401   ev/simsec=35518.4
     Messages:  created: 15379150   present: 1738   in FES: 173
** Event #16384512   t=495.548567603283   Elapsed: 1123.35s (18m 43s)  99% completed  (49% total)
     Speed:     ev/sec=17557.5   simsec/sec=0.497663   ev/simsec=35279.9
     Messages:  created: 15414518   present: 1832   in FES: 203
** Event #16420864   t=496.549185232215   Elapsed: 1125.38s (18m 45s)  99% completed  (49% total)
     Speed:     ev/sec=17940.4   simsec/sec=0.493824   ev/simsec=36329.6
     Messages:  created: 15450297   present: 1826   in FES: 201
** Event #16456448   t=497.552905289682   Elapsed: 1127.4s (18m 47s)  99% completed  (49% total)
     Speed:     ev/sec=17660.2   simsec/sec=0.498143   ev/simsec=35452.1
     Messages:  created: 15484762   present: 1827   in FES: 202
** Event #16491520   t=498.560581179038   Elapsed: 1129.41s (18m 49s)  99% completed  (49% total)
     Speed:     ev/sec=17398.7   simsec/sec=0.499894   ev/simsec=34804.8
     Messages:  created: 15518504   present: 1815   in FES: 198
** Event #16524800   t=499.557066752219   Elapsed: 1131.42s (18m 51s)  99% completed  (49% total)
     Speed:     ev/sec=16579.1   simsec/sec=0.49642   ev/simsec=33397.4
     Messages:  created: 15550107   present: 1796   in FES: 206
** Event #16535337   t=500   Elapsed: 1132.32s (18m 52s)  100% completed  (50% total)
     Speed:     ev/sec=11667.9   simsec/sec=0.487837   ev/simsec=23917.7
     Messages:  created: 15560670   present: 1681   in FES: 155

<!> Simulation time limit reached -- at t=500s, event #16535337
undisposed object: (omnetpp::cMessage) FanetStressNetwork.uav[0].app.debugTimer -- check module destructor
undisposed object: (omnetpp::cMessage) FanetStressNetwork.uav[1].app.debugTimer -- check module destructor
undisposed object: (omnetpp::cMessage) FanetStressNetwork.uav[2].app.debugTimer -- check module destructor
undisposed object: (omnetpp::cMessage) FanetStressNetwork.uav[3].app.debugTimer -- check module destructor
undisposed object: (omnetpp::cMessage) FanetStressNetwork.uav[4].app.debugTimer -- check module destructor
undisposed object: (omnetpp::cMessage) FanetStressNetwork.uav[5].app.debugTimer -- check module destructor
undisposed object: (omnetpp::cMessage) FanetStressNetwork.uav[6].app.debugTimer -- check module destructor
undisposed object: (omnetpp::cMessage) FanetStressNetwork.uav[7].app.debugTimer -- check module destructor
undisposed object: (omnetpp::cMessage) FanetStressNetwork.uav[8].app.debugTimer -- check module destructor
undisposed object: (omnetpp::cMessage) FanetStressNetwork.uav[9].app.debugTimer -- check module destructor
undisposed object: (omnetpp::cMessage) FanetStressNetwork.uav[10].app.debugTimer -- check module destructor
undisposed object: (omnetpp::cMessage) FanetStressNetwork.uav[11].app.debugTimer -- check module destructor
undisposed object: (omnetpp::cMessage) FanetStressNetwork.uav[12].app.debugTimer -- check module destructor
undisposed object: (omnetpp::cMessage) FanetStressNetwork.uav[13].app.debugTimer -- check module destructor
undisposed object: (omnetpp::cMessage) FanetStressNetwork.uav[14].app.debugTimer -- check module destructor
undisposed object: (omnetpp::cMessage) FanetStressNetwork.uav[15].app.debugTimer -- check module destructor
undisposed object: (omnetpp::cMessage) FanetStressNetwork.uav[16].app.debugTimer -- check module destructor
undisposed object: (omnetpp::cMessage) FanetStressNetwork.uav[17].app.debugTimer -- check module destructor
undisposed object: (omnetpp::cMessage) FanetStressNetwork.uav[18].app.debugTimer -- check module destructor
undisposed object: (omnetpp::cMessage) FanetStressNetwork.uav[19].app.debugTimer -- check module destructor
undisposed object: (omnetpp::cMessage) FanetStressNetwork.uav[20].app.debugTimer -- check module destructor
undisposed object: (omnetpp::cMessage) FanetStressNetwork.uav[21].app.debugTimer -- check module destructor
undisposed object: (omnetpp::cMessage) FanetStressNetwork.uav[22].app.debugTimer -- check module destructor
undisposed object: (omnetpp::cMessage) FanetStressNetwork.uav[23].app.debugTimer -- check module destructor
undisposed object: (omnetpp::cMessage) FanetStressNetwork.uav[24].app.debugTimer -- check module destructor
undisposed object: (omnetpp::cMessage) FanetStressNetwork.uav[25].app.debugTimer -- check module destructor
undisposed object: (omnetpp::cMessage) FanetStressNetwork.uav[26].app.debugTimer -- check module destructor
undisposed object: (omnetpp::cMessage) FanetStressNetwork.uav[27].app.debugTimer -- check module destructor
undisposed object: (omnetpp::cMessage) FanetStressNetwork.uav[28].app.debugTimer -- check module destructor
undisposed object: (omnetpp::cMessage) FanetStressNetwork.uav[29].app.debugTimer -- check module destructor
undisposed object: (omnetpp::cMessage) FanetStressNetwork.uav[30].app.debugTimer -- check module destructor
undisposed object: (omnetpp::cMessage) FanetStressNetwork.uav[31].app.debugTimer -- check module destructor
undisposed object: (omnetpp::cMessage) FanetStressNetwork.uav[32].app.debugTimer -- check module destructor
undisposed object: (omnetpp::cMessage) FanetStressNetwork.uav[33].app.debugTimer -- check module destructor
undisposed object: (omnetpp::cMessage) FanetStressNetwork.uav[34].app.debugTimer -- check module destructor
undisposed object: (omnetpp::cMessage) FanetStressNetwork.uav[35].app.debugTimer -- check module destructor
undisposed object: (omnetpp::cMessage) FanetStressNetwork.uav[36].app.debugTimer -- check module destructor
undisposed object: (omnetpp::cMessage) FanetStressNetwork.uav[37].app.debugTimer -- check module destructor
undisposed object: (omnetpp::cMessage) FanetStressNetwork.uav[38].app.debugTimer -- check module destructor
undisposed object: (omnetpp::cMessage) FanetStressNetwork.uav[39].app.debugTimer -- check module destructor
undisposed object: (omnetpp::cMessage) FanetStressNetwork.uav[40].app.debugTimer -- check module destructor
undisposed object: (omnetpp::cMessage) FanetStressNetwork.uav[41].app.debugTimer -- check module destructor
undisposed object: (omnetpp::cMessage) FanetStressNetwork.uav[42].app.debugTimer -- check module destructor
undisposed object: (omnetpp::cMessage) FanetStressNetwork.uav[43].app.debugTimer -- check module destructor
undisposed object: (omnetpp::cMessage) FanetStressNetwork.uav[44].app.debugTimer -- check module destructor
undisposed object: (omnetpp::cMessage) FanetStressNetwork.uav[45].app.debugTimer -- check module destructor
undisposed object: (omnetpp::cMessage) FanetStressNetwork.uav[46].app.debugTimer -- check module destructor
undisposed object: (omnetpp::cMessage) FanetStressNetwork.uav[47].app.debugTimer -- check module destructor
undisposed object: (omnetpp::cMessage) FanetStressNetwork.uav[48].app.debugTimer -- check module destructor
undisposed object: (omnetpp::cMessage) FanetStressNetwork.uav[49].app.debugTimer -- check module destructor
