** Event #0   t=0   Elapsed: 2.3e-05s (0m 00s)  0% completed  (0% total)
     Speed:     ev/sec=0   simsec/sec=0   ev/simsec=0
     Messages:  created: 1781   present: 1781   in FES: 261
** Event #43520   t=1.605713337677   Elapsed: 2.01659s (0m 02s)  0% completed  (0% total)
     Speed:     ev/sec=21581.7   simsec/sec=0.79626   ev/simsec=27103.8
     Messages:  created: 41940   present: 1702   in FES: 161
** Event #81920   t=3.513040773678   Elapsed: 4.01778s (0m 04s)  0% completed  (0% total)
     Speed:     ev/sec=19188.6   simsec/sec=0.953096   ev/simsec=20132.9
     Messages:  created: 74856   present: 1816   in FES: 197
** Event #103424   t=4.082365889772   Elapsed: 6.02597s (0m 06s)  0% completed  (0% total)
     Speed:     ev/sec=10708.1   simsec/sec=0.283501   ev/simsec=37771
     Messages:  created: 92626   present: 1819   in FES: 200
** Event #116224   t=4.596230224505   Elapsed: 8.07743s (0m 08s)  0% completed  (0% total)
     Speed:     ev/sec=6239.46   simsec/sec=0.250487   ev/simsec=24909.3
     Messages:  created: 103231   present: 1793   in FES: 206
** Event #137728   t=5.551738144281   Elapsed: 10.0997s (0m 10s)  1% completed  (0% total)
     Speed:     ev/sec=10633.3   simsec/sec=0.472481   ev/simsec=22505.3
     Messages:  created: 120991   present: 1844   in FES: 205
** Event #159488   t=6.52458267002   Elapsed: 12.1482s (0m 12s)  1% completed  (0% total)
     Speed:     ev/sec=10622.7   simsec/sec=0.474921   ev/simsec=22367.4
     Messages:  created: 138771   present: 1824   in FES: 199
** Event #169472   t=6.603554289263   Elapsed: 14.2114s (0m 14s)  1% completed  (0% total)
     Speed:     ev/sec=4839.03   simsec/sec=0.0382759   ev/simsec=126425
     Messages:  created: 146875   present: 1724   in FES: 169
** Event #190720   t=7.557107762066   Elapsed: 16.2356s (0m 16s)  1% completed  (0% total)
     Speed:     ev/sec=10497   simsec/sec=0.471078   ev/simsec=22283
     Messages:  created: 164469   present: 1833   in FES: 204
** Event #212736   t=8.537732296445   Elapsed: 18.272s (0m 18s)  1% completed  (0% total)
     Speed:     ev/sec=10811.3   simsec/sec=0.481551   ev/simsec=22451
     Messages:  created: 182394   present: 1835   in FES: 202
** Event #234240   t=9.3   Elapsed: 20.2748s (0m 20s)  1% completed  (0% total)
     Speed:     ev/sec=10736.9   simsec/sec=0.380599   ev/simsec=28210.6
     Messages:  created: 199983   present: 1681   in FES: 155
** Event #244992   t=9.584211858075   Elapsed: 22.3071s (0m 22s)  1% completed  (0% total)
     Speed:     ev/sec=5290.49   simsec/sec=0.139846   ev/simsec=37830.9
     Messages:  created: 208986   present: 1750   in FES: 177
** Event #266496   t=10.559644090689   Elapsed: 24.3215s (0m 24s)  2% completed  (1% total)
     Speed:     ev/sec=10675.3   simsec/sec=0.484239   ev/simsec=22045.6
     Messages:  created: 226753   present: 1784   in FES: 187
** Event #287744   t=11.532993006269   Elapsed: 26.3546s (0m 26s)  2% completed  (1% total)
     Speed:     ev/sec=10450.7   simsec/sec=0.478737   ev/simsec=21829.8
     Messages:  created: 244212   present: 1777   in FES: 186
** Event #299008   t=12.018826822983   Elapsed: 28.355s (0m 28s)  2% completed  (1% total)
     Speed:     ev/sec=5631.08   simsec/sec=0.242877   ev/simsec=23184.9
     Messages:  created: 253622   present: 1802   in FES: 206
** Event #319744   t=12.568400077605   Elapsed: 30.3817s (0m 30s)  2% completed  (1% total)
     Speed:     ev/sec=10231.3   simsec/sec=0.271164   ev/simsec=37731.1
     Messages:  created: 270665   present: 1761   in FES: 180
** Event #341248   t=13.543971706966   Elapsed: 32.4178s (0m 32s)  2% completed  (1% total)
     Speed:     ev/sec=10561.3   simsec/sec=0.479135   ev/simsec=22042.5
     Messages:  created: 288277   present: 1831   in FES: 206
** Event #363264   t=14.51924980419   Elapsed: 34.4442s (0m 34s)  2% completed  (1% total)
     Speed:     ev/sec=10864.4   simsec/sec=0.481276   ev/simsec=22574.1
     Messages:  created: 306592   present: 1691   in FES: 156
** Event #374016   t=14.607489453865   Elapsed: 36.4854s (0m 36s)  2% completed  (1% total)
     Speed:     ev/sec=5267.51   simsec/sec=0.0432295   ev/simsec=121850
     Messages:  created: 315643   present: 1830   in FES: 201
** Event #396544   t=15.575343346444   Elapsed: 38.5263s (0m 38s)  3% completed  (1% total)
     Speed:     ev/sec=11038.6   simsec/sec=0.474243   ev/simsec=23276.2
     Messages:  created: 334270   present: 1840   in FES: 206
** Event #418816   t=16.543188381258   Elapsed: 40.5772s (0m 40s)  3% completed  (1% total)
     Speed:     ev/sec=10859.3   simsec/sec=0.471899   ev/simsec=23011.9
     Messages:  created: 352680   present: 1769   in FES: 180
** Event #440832   t=17.527883608361   Elapsed: 42.6087s (0m 42s)  3% completed  (1% total)
     Speed:     ev/sec=10837.5   simsec/sec=0.48472   ev/simsec=22358.2
     Messages:  created: 370765   present: 1824   in FES: 206
** Event #454656   t=18.034539693858   Elapsed: 44.6141s (0m 44s)  3% completed  (1% total)
     Speed:     ev/sec=6893.45   simsec/sec=0.252648   ev/simsec=27284.8
     Messages:  created: 382216   present: 1788   in FES: 187
** Event #472576   t=18.571143254499   Elapsed: 46.642s (0m 46s)  3% completed  (1% total)
     Speed:     ev/sec=8836.64   simsec/sec=0.264608   ev/simsec=33395.2
     Messages:  created: 396863   present: 1811   in FES: 196
** Event #494592   t=19.551184912148   Elapsed: 48.6647s (0m 48s)  3% completed  (1% total)
     Speed:     ev/sec=10884.7   simsec/sec=0.484534   ev/simsec=22464.4
     Messages:  created: 415077   present: 1840   in FES: 206
** Event #514048   t=20.093832790578   Elapsed: 50.6695s (0m 50s)  4% completed  (2% total)
     Speed:     ev/sec=9704.38   simsec/sec=0.270665   ev/simsec=35853.8
     Messages:  created: 430977   present: 1815   in FES: 206
** Event #526592   t=20.594803622494   Elapsed: 52.702s (0m 52s)  4% completed  (2% total)
     Speed:     ev/sec=6171.7   simsec/sec=0.24648   ev/simsec=25039.4
     Messages:  created: 441183   present: 1707   in FES: 162
** Event #548096   t=21.560465934114   Elapsed: 54.7443s (0m 54s)  4% completed  (2% total)
     Speed:     ev/sec=10529.6   simsec/sec=0.472843   ev/simsec=22268.7
     Messages:  created: 459078   present: 1823   in FES: 198
** Event #569856   t=22.537559393751   Elapsed: 56.7595s (0m 56s)  4% completed  (2% total)
     Speed:     ev/sec=10797.7   simsec/sec=0.484852   ev/simsec=22270.1
     Messages:  created: 477036   present: 1775   in FES: 183
** Event #587776   t=23.061927465882   Elapsed: 58.7665s (0m 58s)  4% completed  (2% total)
     Speed:     ev/sec=8928.61   simsec/sec=0.261265   ev/simsec=34174.5
     Messages:  created: 491847   present: 1749   in FES: 174
** Event #601344   t=23.575486412104   Elapsed: 60.8102s (1m 00s)  4% completed  (2% total)
     Speed:     ev/sec=6639.01   simsec/sec=0.251292   ev/simsec=26419.6
     Messages:  created: 502887   present: 1790   in FES: 191
** Event #623104   t=24.538505917303   Elapsed: 62.8363s (1m 02s)  4% completed  (2% total)
     Speed:     ev/sec=10740   simsec/sec=0.475314   ev/simsec=22595.6
     Messages:  created: 520677   present: 1838   in FES: 203
** Event #643584   t=25.095950308271   Elapsed: 64.8397s (1m 04s)  5% completed  (2% total)
     Speed:     ev/sec=10222.4   simsec/sec=0.278243   ev/simsec=36739.1
     Messages:  created: 537459   present: 1826   in FES: 206
** Event #654080   t=25.579725115173   Elapsed: 66.8453s (1m 06s)  5% completed  (2% total)
     Speed:     ev/sec=5233.57   simsec/sec=0.241222   ev/simsec=21696
     Messages:  created: 545974   present: 1830   in FES: 203
** Event #674816   t=26.537951958699   Elapsed: 68.866s (1m 08s)  5% completed  (2% total)
     Speed:     ev/sec=10261.8   simsec/sec=0.474205   ev/simsec=21640
     Messages:  created: 562512   present: 1753   in FES: 174
** Event #689920   t=27.050956299995   Elapsed: 70.8696s (1m 10s)  5% completed  (2% total)
     Speed:     ev/sec=7538.21   simsec/sec=0.256034   ev/simsec=29442.2
     Messages:  created: 575012   present: 1833   in FES: 204
** Event #706304   t=27.578041986503   Elapsed: 72.9093s (1m 12s)  5% completed  (2% total)
     Speed:     ev/sec=8032.55   simsec/sec=0.258413   ev/simsec=31084.1
     Messages:  created: 588608   present: 1826   in FES: 203
** Event #727808   t=28.544095784244   Elapsed: 74.9317s (1m 14s)  5% completed  (2% total)
     Speed:     ev/sec=10633.2   simsec/sec=0.477692   ev/simsec=22259.6
     Messages:  created: 605967   present: 1840   in FES: 203
** Event #749312   t=29.513041173448   Elapsed: 76.9598s (1m 16s)  5% completed  (2% total)
     Speed:     ev/sec=10603   simsec/sec=0.477757   ev/simsec=22193.2
     Messages:  created: 623517   present: 1788   in FES: 191
** Event #758272   t=29.570597293868   Elapsed: 78.9788s (1m 18s)  5% completed  (2% total)
     Speed:     ev/sec=4437.66   simsec/sec=0.0285061   ev/simsec=155674
     Messages:  created: 630797   present: 1767   in FES: 180
** Event #780032   t=30.545753377786   Elapsed: 81.0119s (1m 21s)  6% completed  (3% total)
     Speed:     ev/sec=10703.2   simsec/sec=0.479657   ev/simsec=22314.4
     Messages:  created: 648329   present: 1807   in FES: 206
** Event #802048   t=31.504257982997   Elapsed: 83.0522s (1m 23s)  6% completed  (3% total)
     Speed:     ev/sec=10790.6   simsec/sec=0.469787   ev/simsec=22969.1
     Messages:  created: 666279   present: 1713   in FES: 166
** Event #812288   t=31.583921458421   Elapsed: 85.0629s (1m 25s)  6% completed  (3% total)
     Speed:     ev/sec=5092.68   simsec/sec=0.0396192   ev/simsec=128541
     Messages:  created: 674614   present: 1722   in FES: 169
** Event #833280   t=32.545753388871   Elapsed: 87.0679s (1m 27s)  6% completed  (3% total)
     Speed:     ev/sec=10469.9   simsec/sec=0.479722   ev/simsec=21825
     Messages:  created: 691740   present: 1802   in FES: 206
** Event #855040   t=33.517047353599   Elapsed: 89.1077s (1m 29s)  6% completed  (3% total)
     Speed:     ev/sec=10667.5   simsec/sec=0.476162   ev/simsec=22403.1
     Messages:  created: 709313   present: 1825   in FES: 206
** Event #865536   t=33.596058953585   Elapsed: 91.1253s (1m 31s)  6% completed  (3% total)
     Speed:     ev/sec=5202.19   simsec/sec=0.0391609   ev/simsec=132841
     Messages:  created: 717970   present: 1831   in FES: 206
** Event #887040   t=34.553093149259   Elapsed: 93.1366s (1m 33s)  6% completed  (3% total)
     Speed:     ev/sec=10691.9   simsec/sec=0.475843   ev/simsec=22469.4
     Messages:  created: 735152   present: 1775   in FES: 182
** Event #910592   t=35.537805111993   Elapsed: 95.1482s (1m 35s)  7% completed  (3% total)
     Speed:     ev/sec=11707.8   simsec/sec=0.489506   ev/simsec=23917.7
     Messages:  created: 754884   present: 1803   in FES: 206
** Event #933632   t=36.521065366027   Elapsed: 97.1483s (1m 37s)  7% completed  (3% total)
     Speed:     ev/sec=11519.7   simsec/sec=0.491618   ev/simsec=23432.2
     Messages:  created: 773777   present: 1785   in FES: 188
** Event #957952   t=37.504229101061   Elapsed: 99.1589s (1m 39s)  7% completed  (3% total)
     Speed:     ev/sec=12095.5   simsec/sec=0.488976   ev/simsec=24736.5
     Messages:  created: 793810   present: 1796   in FES: 193
** Event #981248   t=38.093953739115   Elapsed: 101.165s (1m 41s)  7% completed  (3% total)
     Speed:     ev/sec=11611.9   simsec/sec=0.293949   ev/simsec=39503.2
     Messages:  created: 813363   present: 1823   in FES: 206
** Event #1005568   t=39.090178993777   Elapsed: 103.169s (1m 43s)  7% completed  (3% total)
     Speed:     ev/sec=12135.3   simsec/sec=0.497103   ev/simsec=24412.1
     Messages:  created: 833804   present: 1819   in FES: 200
** Event #1030400   t=40.085005245876   Elapsed: 105.173s (1m 45s)  8% completed  (4% total)
     Speed:     ev/sec=12391.5   simsec/sec=0.49643   ev/simsec=24961.1
     Messages:  created: 854641   present: 1795   in FES: 192
** Event #1047552   t=41.023776856325   Elapsed: 107.179s (1m 47s)  8% completed  (4% total)
     Speed:     ev/sec=8549.68   simsec/sec=0.467945   ev/simsec=18270.7
     Messages:  created: 868488   present: 1769   in FES: 184
** Event #1070080   t=41.601645500639   Elapsed: 109.216s (1m 49s)  8% completed  (4% total)
     Speed:     ev/sec=11062.7   simsec/sec=0.283771   ev/simsec=38984.6
     Messages:  created: 887317   present: 1743   in FES: 174
** Event #1093888   t=42.589774107157   Elapsed: 111.227s (1m 51s)  8% completed  (4% total)
     Speed:     ev/sec=11836.6   simsec/sec=0.491265   ev/simsec=24094
     Messages:  created: 907094   present: 1792   in FES: 206
** Event #1118720   t=43.579354463311   Elapsed: 113.249s (1m 53s)  8% completed  (4% total)
     Speed:     ev/sec=12283.1   simsec/sec=0.489495   ev/simsec=25093.5
     Messages:  created: 927540   present: 1834   in FES: 205
** Event #1142528   t=44.562973272177   Elapsed: 115.25s (1m 55s)  8% completed  (4% total)
     Speed:     ev/sec=11897.5   simsec/sec=0.49154   ev/simsec=24204.5
     Messages:  created: 946722   present: 1795   in FES: 190
** Event #1166336   t=45.539943641603   Elapsed: 117.262s (1m 57s)  9% completed  (4% total)
     Speed:     ev/sec=11832.2   simsec/sec=0.485539   ev/simsec=24369.2
     Messages:  created: 966053   present: 1748   in FES: 173
** Event #1190400   t=46.539137436483   Elapsed: 119.285s (1m 59s)  9% completed  (4% total)
     Speed:     ev/sec=11894.9   simsec/sec=0.493904   ev/simsec=24083.4
     Messages:  created: 985613   present: 1715   in FES: 164
** Event #1214720   t=47.514178402011   Elapsed: 121.293s (2m 01s)  9% completed  (4% total)
     Speed:     ev/sec=12110   simsec/sec=0.485516   ev/simsec=24942.5
     Messages:  created: 1005501   present: 1732   in FES: 171
** Event #1232640   t=48.047673585373   Elapsed: 123.297s (2m 03s)  9% completed  (4% total)
     Speed:     ev/sec=8944.72   simsec/sec=0.266293   ev/simsec=33589.8
     Messages:  created: 1020142   present: 1800   in FES: 193
** Event #1251840   t=48.607150787256   Elapsed: 125.318s (2m 05s)  9% completed  (4% total)
     Speed:     ev/sec=9498.37   simsec/sec=0.276777   ev/simsec=34317.8
     Messages:  created: 1036160   present: 1779   in FES: 184
** Event #1276160   t=49.598414238061   Elapsed: 127.319s (2m 07s)  9% completed  (4% total)
     Speed:     ev/sec=12151.9   simsec/sec=0.495303   ev/simsec=24534.3
     Messages:  created: 1056102   present: 1687   in FES: 156
** Event #1299712   t=50.572690826696   Elapsed: 129.339s (2m 09s)  10% completed  (5% total)
     Speed:     ev/sec=11660.2   simsec/sec=0.48235   ev/simsec=24173.8
     Messages:  created: 1075355   present: 1839   in FES: 206
** Event #1324032   t=51.559485838176   Elapsed: 131.378s (2m 11s)  10% completed  (5% total)
     Speed:     ev/sec=11927.4   simsec/sec=0.483958   ev/simsec=24645.4
     Messages:  created: 1095221   present: 1803   in FES: 206
** Event #1348352   t=52.556195199193   Elapsed: 133.395s (2m 13s)  10% completed  (5% total)
     Speed:     ev/sec=12058.8   simsec/sec=0.494207   ev/simsec=24400.3
     Messages:  created: 1115062   present: 1776   in FES: 185
** Event #1372416   t=53.537943008988   Elapsed: 135.417s (2m 15s)  10% completed  (5% total)
     Speed:     ev/sec=11901.9   simsec/sec=0.485566   ev/simsec=24511.4
     Messages:  created: 1134786   present: 1769   in FES: 182
** Event #1396480   t=54.52755536837   Elapsed: 137.458s (2m 17s)  10% completed  (5% total)
     Speed:     ev/sec=11791.3   simsec/sec=0.484908   ev/simsec=24316.6
     Messages:  created: 1154407   present: 1799   in FES: 194
** Event #1417216   t=55.068436290259   Elapsed: 139.463s (2m 19s)  11% completed  (5% total)
     Speed:     ev/sec=10339.9   simsec/sec=0.269708   ev/simsec=38337.5
     Messages:  created: 1171584   present: 1833   in FES: 206
** Event #1432832   t=55.600641036217   Elapsed: 141.468s (2m 21s)  11% completed  (5% total)
     Speed:     ev/sec=7787.81   simsec/sec=0.265414   ev/simsec=29342.1
     Messages:  created: 1184404   present: 1773   in FES: 184
** Event #1456640   t=56.575572738827   Elapsed: 143.475s (2m 23s)  11% completed  (5% total)
     Speed:     ev/sec=11862.5   simsec/sec=0.485766   ev/simsec=24420.2
     Messages:  created: 1203648   present: 1824   in FES: 201
** Event #1480192   t=57.560245441639   Elapsed: 145.524s (2m 25s)  11% completed  (5% total)
     Speed:     ev/sec=11494.2   simsec/sec=0.480555   ev/simsec=23918.6
     Messages:  created: 1222770   present: 1825   in FES: 206
** Event #1504256   t=58.549855653244   Elapsed: 147.525s (2m 27s)  11% completed  (5% total)
     Speed:     ev/sec=12028.8   simsec/sec=0.494675   ev/simsec=24316.6
     Messages:  created: 1242167   present: 1731   in FES: 168
** Event #1528320   t=59.539646991863   Elapsed: 149.529s (2m 29s)  11% completed  (5% total)
     Speed:     ev/sec=12006.3   simsec/sec=0.493838   ev/simsec=24312.2
     Messages:  created: 1261870   present: 1823   in FES: 200
** Event #1552640   t=60.531555451629   Elapsed: 151.544s (2m 31s)  12% completed  (6% total)
     Speed:     ev/sec=12071.8   simsec/sec=0.492358   ev/simsec=24518.4
     Messages:  created: 1281701   present: 1774   in FES: 187
** Event #1564672   t=61.002085990809   Elapsed: 153.549s (2m 33s)  12% completed  (6% total)
     Speed:     ev/sec=6000.38   simsec/sec=0.234654   ev/simsec=25571.1
     Messages:  created: 1291646   present: 1753   in FES: 180
** Event #1587968   t=61.58508677925   Elapsed: 155.589s (2m 35s)  12% completed  (6% total)
     Speed:     ev/sec=11418.5   simsec/sec=0.285758   ev/simsec=39958.8
     Messages:  created: 1310997   present: 1771   in FES: 184
** Event #1611520   t=62.56974568429   Elapsed: 157.598s (2m 37s)  12% completed  (6% total)
     Speed:     ev/sec=11726.6   simsec/sec=0.490266   ev/simsec=23918.9
     Messages:  created: 1330246   present: 1831   in FES: 206
** Event #1635584   t=63.554432969812   Elapsed: 159.605s (2m 39s)  12% completed  (6% total)
     Speed:     ev/sec=11987.9   simsec/sec=0.49054   ev/simsec=24438.2
     Messages:  created: 1349930   present: 1773   in FES: 182
** Event #1660672   t=64.5355214186   Elapsed: 161.606s (2m 41s)  12% completed  (6% total)
     Speed:     ev/sec=12536.3   simsec/sec=0.490245   ev/simsec=25571.6
     Messages:  created: 1371480   present: 2024   in FES: 256
** Event #1686272   t=65.540273945566   Elapsed: 163.617s (2m 43s)  13% completed  (6% total)
     Speed:     ev/sec=12728.6   simsec/sec=0.499573   ev/simsec=25478.9
     Messages:  created: 1393106   present: 1860   in FES: 205
** Event #1710592   t=66.53913207369   Elapsed: 165.631s (2m 45s)  13% completed  (6% total)
     Speed:     ev/sec=12077.7   simsec/sec=0.496049   ev/simsec=24347.8
     Messages:  created: 1413089   present: 1828   in FES: 195
** Event #1734912   t=67.536759609877   Elapsed: 167.673s (2m 47s)  13% completed  (6% total)
     Speed:     ev/sec=11912.9   simsec/sec=0.488678   ev/simsec=24377.8
     Messages:  created: 1433024   present: 1792   in FES: 185
** Event #1758464   t=68.528664780013   Elapsed: 169.701s (2m 49s)  13% completed  (6% total)
     Speed:     ev/sec=11610.8   simsec/sec=0.488996   ev/simsec=23744.2
     Messages:  created: 1452063   present: 1827   in FES: 202
** Event #1783296   t=69.518894234292   Elapsed: 171.725s (2m 51s)  13% completed  (6% total)
     Speed:     ev/sec=12267.5   simsec/sec=0.489192   ev/simsec=25077
     Messages:  created: 1472293   present: 1789   in FES: 206
** Event #1794304   t=69.602893283174   Elapsed: 173.758s (2m 53s)  13% completed  (6% total)
     Speed:     ev/sec=5415.37   simsec/sec=0.0413232   ev/simsec=131049
     Messages:  created: 1481279   present: 1763   in FES: 182
** Event #1818624   t=70.577202637245   Elapsed: 175.795s (2m 55s)  14% completed  (7% total)
     Speed:     ev/sec=11940.3   simsec/sec=0.478352   ev/simsec=24961.3
     Messages:  created: 1501189   present: 1821   in FES: 200
** Event #1841920   t=71.559342679872   Elapsed: 177.836s (2m 57s)  14% completed  (7% total)
     Speed:     ev/sec=11412.8   simsec/sec=0.481155   ev/simsec=23719.6
     Messages:  created: 1520008   present: 1799   in FES: 194
** Event #1865472   t=72.540615171719   Elapsed: 179.868s (2m 59s)  14% completed  (7% total)
     Speed:     ev/sec=11591.4   simsec/sec=0.482943   ev/simsec=24001.5
     Messages:  created: 1539054   present: 1833   in FES: 200
** Event #1890816   t=73.540510870398   Elapsed: 181.895s (3m 01s)  14% completed  (7% total)
     Speed:     ev/sec=12501.9   simsec/sec=0.493237   ev/simsec=25346.6
     Messages:  created: 1559843   present: 1769   in FES: 178
** Event #1915648   t=74.540351482605   Elapsed: 183.928s (3m 03s)  14% completed  (7% total)
     Speed:     ev/sec=12217.4   simsec/sec=0.491926   ev/simsec=24836
     Messages:  created: 1580097   present: 1701   in FES: 158
** Event #1939456   t=75.527648599084   Elapsed: 185.952s (3m 05s)  15% completed  (7% total)
     Speed:     ev/sec=11760.8   simsec/sec=0.487709   ev/simsec=24114.3
     Messages:  created: 1599467   present: 1832   in FES: 205
** Event #1963776   t=76.507292679167   Elapsed: 187.995s (3m 07s)  15% completed  (7% total)
     Speed:     ev/sec=11904.4   simsec/sec=0.479527   ev/simsec=24825.3
     Messages:  created: 1619530   present: 1743   in FES: 176
** Event #1981952   t=77.047460780735   Elapsed: 189.997s (3m 09s)  15% completed  (7% total)
     Speed:     ev/sec=9076.72   simsec/sec=0.269749   ev/simsec=33648.8
     Messages:  created: 1634728   present: 1727   in FES: 168
** Event #2000896   t=77.599648395779   Elapsed: 192s (3m 11s)  15% completed  (7% total)
     Speed:     ev/sec=9461.42   simsec/sec=0.275785   ev/simsec=34307.2
     Messages:  created: 1650560   present: 1839   in FES: 206
** Event #2024704   t=78.578589249173   Elapsed: 194.003s (3m 14s)  15% completed  (7% total)
     Speed:     ev/sec=11882.7   simsec/sec=0.488593   ev/simsec=24320.2
     Messages:  created: 1669911   present: 1769   in FES: 182
** Event #2048768   t=79.562448669854   Elapsed: 196.038s (3m 16s)  15% completed  (7% total)
     Speed:     ev/sec=11827.5   simsec/sec=0.483569   ev/simsec=24458.8
     Messages:  created: 1689373   present: 1800   in FES: 191
** Event #2073088   t=80.547910990481   Elapsed: 198.068s (3m 18s)  16% completed  (8% total)
     Speed:     ev/sec=11976.7   simsec/sec=0.485304   ev/simsec=24678.8
     Messages:  created: 1709219   present: 1832   in FES: 199
** Event #2097408   t=81.543084435572   Elapsed: 200.099s (3m 20s)  16% completed  (8% total)
     Speed:     ev/sec=11974.5   simsec/sec=0.489995   ev/simsec=24438
     Messages:  created: 1729275   present: 1852   in FES: 206
** Event #2121472   t=82.538381982979   Elapsed: 202.103s (3m 22s)  16% completed  (8% total)
     Speed:     ev/sec=12011.7   simsec/sec=0.496808   ev/simsec=24177.7
     Messages:  created: 1748669   present: 1797   in FES: 192
** Event #2145536   t=83.514895065782   Elapsed: 204.124s (3m 24s)  16% completed  (8% total)
     Speed:     ev/sec=11905.8   simsec/sec=0.483135   ev/simsec=24642.8
     Messages:  created: 1768122   present: 1784   in FES: 189
** Event #2157824   t=84.005072943744   Elapsed: 206.124s (3m 26s)  16% completed  (8% total)
     Speed:     ev/sec=6143.16   simsec/sec=0.245056   ev/simsec=25068.5
     Messages:  created: 1778412   present: 1834   in FES: 206
** Event #2181120   t=84.590165140716   Elapsed: 208.126s (3m 28s)  16% completed  (8% total)
     Speed:     ev/sec=11640.4   simsec/sec=0.292355   ev/simsec=39815.9
     Messages:  created: 1797251   present: 1770   in FES: 185
** Event #2203648   t=85.552810252246   Elapsed: 210.14s (3m 30s)  17% completed  (8% total)
     Speed:     ev/sec=11181.1   simsec/sec=0.477782   ev/simsec=23402.2
     Messages:  created: 1815259   present: 1775   in FES: 184
** Event #2226944   t=86.532943139182   Elapsed: 212.192s (3m 32s)  17% completed  (8% total)
     Speed:     ev/sec=11352.6   simsec/sec=0.477636   ev/simsec=23768.2
     Messages:  created: 1833761   present: 1819   in FES: 200
** Event #2242816   t=87.038752681181   Elapsed: 214.196s (3m 34s)  17% completed  (8% total)
     Speed:     ev/sec=7921.95   simsec/sec=0.252457   ev/simsec=31379.4
     Messages:  created: 1846502   present: 1751   in FES: 174
** Event #2261760   t=87.584038584414   Elapsed: 216.197s (3m 36s)  17% completed  (8% total)
     Speed:     ev/sec=9467.09   simsec/sec=0.272502   ev/simsec=34741.4
     Messages:  created: 1861944   present: 1803   in FES: 196
** Event #2285824   t=88.561373882104   Elapsed: 218.235s (3m 38s)  17% completed  (8% total)
     Speed:     ev/sec=11808.8   simsec/sec=0.479603   ev/simsec=24622.1
     Messages:  created: 1880851   present: 1763   in FES: 180
** Event #2308864   t=89.540951870949   Elapsed: 220.259s (3m 40s)  17% completed  (8% total)
     Speed:     ev/sec=11382.5   simsec/sec=0.483945   ev/simsec=23520.3
     Messages:  created: 1899023   present: 1753   in FES: 178
** Event #2332416   t=90.509289060981   Elapsed: 222.303s (3m 42s)  18% completed  (9% total)
     Speed:     ev/sec=11519.7   simsec/sec=0.473629   ev/simsec=24322.1
     Messages:  created: 1918258   present: 1717   in FES: 168
** Event #2343424   t=90.578871629587   Elapsed: 224.352s (3m 44s)  18% completed  (9% total)
     Speed:     ev/sec=5372.72   simsec/sec=0.0339615   ev/simsec=158201
     Messages:  created: 1927523   present: 1779   in FES: 186
** Event #2366976   t=91.561028182881   Elapsed: 226.362s (3m 46s)  18% completed  (9% total)
     Speed:     ev/sec=11717.3   simsec/sec=0.488631   ev/simsec=23979.9
     Messages:  created: 1946543   present: 1843   in FES: 204
** Event #2391296   t=92.550365338937   Elapsed: 228.37s (3m 48s)  18% completed  (9% total)
     Speed:     ev/sec=12112.7   simsec/sec=0.492746   ev/simsec=24582.1
     Messages:  created: 1966379   present: 1761   in FES: 180
** Event #2415616   t=93.53736958042   Elapsed: 230.375s (3m 50s)  18% completed  (9% total)
     Speed:     ev/sec=12132.2   simsec/sec=0.492376   ev/simsec=24640.2
     Messages:  created: 1985833   present: 1725   in FES: 168
** Event #2436352   t=94.073939064336   Elapsed: 232.376s (3m 52s)  18% completed  (9% total)
     Speed:     ev/sec=10358.9   simsec/sec=0.26805   ev/simsec=38645.5
     Messages:  created: 2002091   present: 1756   in FES: 179
** Event #2450688   t=94.587211643554   Elapsed: 234.392s (3m 54s)  18% completed  (9% total)
     Speed:     ev/sec=7112.54   simsec/sec=0.254651   ev/simsec=27930.6
     Messages:  created: 2014011   present: 1820   in FES: 201
** Event #2473472   t=95.556757437884   Elapsed: 236.404s (3m 56s)  19% completed  (9% total)
     Speed:     ev/sec=11322   simsec/sec=0.481794   ev/simsec=23499.7
     Messages:  created: 2032070   present: 1760   in FES: 177
** Event #2496768   t=96.535969467315   Elapsed: 238.443s (3m 58s)  19% completed  (9% total)
     Speed:     ev/sec=11428   simsec/sec=0.480358   ev/simsec=23790.6
     Messages:  created: 2050532   present: 1690   in FES: 157
** Event #2510848   t=97.033654454539   Elapsed: 240.443s (4m 00s)  19% completed  (9% total)
     Speed:     ev/sec=7038.35   simsec/sec=0.248784   ev/simsec=28291
     Messages:  created: 2061795   present: 1797   in FES: 190
** Event #2530816   t=97.578892791841   Elapsed: 242.451s (4m 02s)  19% completed  (9% total)
     Speed:     ev/sec=9944.75   simsec/sec=0.271547   ev/simsec=36622.5
     Messages:  created: 2077915   present: 1685   in FES: 156
** Event #2553600   t=98.54614769216   Elapsed: 244.484s (4m 04s)  19% completed  (9% total)
     Speed:     ev/sec=11210.9   simsec/sec=0.475941   ev/simsec=23555.3
     Messages:  created: 2096021   present: 1729   in FES: 166
** Event #2576896   t=99.526444940095   Elapsed: 246.494s (4m 06s)  19% completed  (9% total)
     Speed:     ev/sec=11586   simsec/sec=0.48754   ev/simsec=23764.2
     Messages:  created: 2114578   present: 1808   in FES: 206
** Event #2587392   t=99.606857720138   Elapsed: 248.535s (4m 08s)  19% completed  (9% total)
     Speed:     ev/sec=5143.75   simsec/sec=0.0394077   ev/simsec=130527
     Messages:  created: 2123074   present: 1801   in FES: 194
** Event #2612736   t=100.559556372252   Elapsed: 250.585s (4m 10s)  20% completed  (10% total)
     Speed:     ev/sec=12363.5   simsec/sec=0.464753   ev/simsec=26602.3
     Messages:  created: 2144447   present: 1780   in FES: 181
** Event #2640896   t=101.520216262556   Elapsed: 252.599s (4m 12s)  20% completed  (10% total)
     Speed:     ev/sec=13979   simsec/sec=0.476884   ev/simsec=29313.2
     Messages:  created: 2170273   present: 1829   in FES: 202
** Event #2652160   t=101.607344074771   Elapsed: 254.618s (4m 14s)  20% completed  (10% total)
     Speed:     ev/sec=5578.58   simsec/sec=0.0431507   ev/simsec=129281
     Messages:  created: 2180002   present: 1816   in FES: 206
** Event #2680832   t=102.551385191135   Elapsed: 256.624s (4m 16s)  20% completed  (10% total)
     Speed:     ev/sec=14296.4   simsec/sec=0.470718   ev/simsec=30371.6
     Messages:  created: 2206655   present: 1826   in FES: 199
** Event #2710528   t=103.520217062012   Elapsed: 258.631s (4m 18s)  20% completed  (10% total)
     Speed:     ev/sec=14797.5   simsec/sec=0.482769   ev/simsec=30651.3
     Messages:  created: 2234429   present: 1785   in FES: 188
** Event #2722304   t=103.601451952508   Elapsed: 260.697s (4m 20s)  20% completed  (10% total)
     Speed:     ev/sec=5698.46   simsec/sec=0.0393099   ev/simsec=144962
     Messages:  created: 2244530   present: 1830   in FES: 206
** Event #2750720   t=104.553546933332   Elapsed: 262.7s (4m 22s)  20% completed  (10% total)
     Speed:     ev/sec=14190.1   simsec/sec=0.475447   ev/simsec=29845.8
     Messages:  created: 2271551   present: 1824   in FES: 251
** Event #2775296   t=105.094678350392   Elapsed: 264.701s (4m 24s)  21% completed  (10% total)
     Speed:     ev/sec=12278.7   simsec/sec=0.270361   ev/simsec=45416
     Messages:  created: 2293520   present: 1817   in FES: 198
** Event #2790656   t=105.589537720158   Elapsed: 266.702s (4m 26s)  21% completed  (10% total)
     Speed:     ev/sec=7676.3   simsec/sec=0.24731   ev/simsec=31039.1
     Messages:  created: 2308167   present: 1778   in FES: 187
** Event #2820096   t=106.547145176517   Elapsed: 268.705s (4m 28s)  21% completed  (10% total)
     Speed:     ev/sec=14701.3   simsec/sec=0.478195   ev/simsec=30743.3
     Messages:  created: 2335754   present: 1816   in FES: 195
** Event #2849792   t=107.51451742354   Elapsed: 270.707s (4m 30s)  21% completed  (10% total)
     Speed:     ev/sec=14831.5   simsec/sec=0.483148   ev/simsec=30697.6
     Messages:  created: 2363579   present: 1811   in FES: 206
** Event #2861312   t=107.586252006987   Elapsed: 272.743s (4m 32s)  21% completed  (10% total)
     Speed:     ev/sec=5659.34   simsec/sec=0.0352405   ev/simsec=160592
     Messages:  created: 2373349   present: 1791   in FES: 206
** Event #2891008   t=108.558644209912   Elapsed: 274.773s (4m 34s)  21% completed  (10% total)
     Speed:     ev/sec=14623.9   simsec/sec=0.478859   ev/simsec=30539.1
     Messages:  created: 2401354   present: 1787   in FES: 186
** Event #2919936   t=109.460285682283   Elapsed: 276.775s (4m 36s)  21% completed  (10% total)
     Speed:     ev/sec=14449.4   simsec/sec=0.450367   ev/simsec=32083.7
     Messages:  created: 2428539   present: 1733   in FES: 172
** Event #2931456   t=109.58343415359   Elapsed: 278.792s (4m 38s)  21% completed  (10% total)
     Speed:     ev/sec=5711.88   simsec/sec=0.0610598   ev/simsec=93545.6
     Messages:  created: 2438890   present: 1686   in FES: 157
** Event #2959872   t=110.540905792454   Elapsed: 280.82s (4m 40s)  22% completed  (11% total)
     Speed:     ev/sec=14013   simsec/sec=0.472165   ev/simsec=29678.2
     Messages:  created: 2465562   present: 1742   in FES: 171
** Event #2979072   t=111.047028340082   Elapsed: 282.823s (4m 42s)  22% completed  (11% total)
     Speed:     ev/sec=9583.13   simsec/sec=0.252617   ev/simsec=37935.5
     Messages:  created: 2483509   present: 1802   in FES: 193
** Event #3000832   t=111.58343457056   Elapsed: 284.835s (4m 44s)  22% completed  (11% total)
     Speed:     ev/sec=10817.8   simsec/sec=0.26667   ev/simsec=40566.3
     Messages:  created: 2503641   present: 1789   in FES: 206
** Event #3031552   t=112.54886030258   Elapsed: 286.864s (4m 46s)  22% completed  (11% total)
     Speed:     ev/sec=15139.9   simsec/sec=0.475797   ev/simsec=31820.2
     Messages:  created: 2533157   present: 1781   in FES: 184
** Event #3060992   t=113.517598921992   Elapsed: 288.875s (4m 48s)  22% completed  (11% total)
     Speed:     ev/sec=14636.1   simsec/sec=0.481608   ev/simsec=30390
     Messages:  created: 2561097   present: 1805   in FES: 196
** Event #3073280   t=113.595114860858   Elapsed: 290.887s (4m 50s)  22% completed  (11% total)
     Speed:     ev/sec=6110   simsec/sec=0.0385435   ev/simsec=158522
     Messages:  created: 2572140   present: 1728   in FES: 167
** Event #3103232   t=114.561858573961   Elapsed: 292.922s (4m 52s)  22% completed  (11% total)
     Speed:     ev/sec=14713.6   simsec/sec=0.474902   ev/simsec=30982.4
     Messages:  created: 2600879   present: 1835   in FES: 200
** Event #3132160   t=115.538332004414   Elapsed: 294.936s (4m 54s)  23% completed  (11% total)
     Speed:     ev/sec=14365.4   simsec/sec=0.484908   ev/simsec=29625
     Messages:  created: 2628098   present: 1699   in FES: 156
** Event #3160576   t=116.339989285097   Elapsed: 296.937s (4m 56s)  23% completed  (11% total)
     Speed:     ev/sec=14201.3   simsec/sec=0.40064   ev/simsec=35446.6
     Messages:  created: 2654943   present: 1681   in FES: 155
** Event #3173888   t=116.591537584022   Elapsed: 298.947s (4m 58s)  23% completed  (11% total)
     Speed:     ev/sec=6623.73   simsec/sec=0.125164   ev/simsec=52920.3
     Messages:  created: 2667099   present: 1837   in FES: 206
** Event #3202560   t=117.550852318426   Elapsed: 300.968s (5m 00s)  23% completed  (11% total)
     Speed:     ev/sec=14183.8   simsec/sec=0.474567   ev/simsec=29888
     Messages:  created: 2694425   present: 1785   in FES: 182
** Event #3231232   t=118.53140249917   Elapsed: 302.99s (5m 02s)  23% completed  (11% total)
     Speed:     ev/sec=14179.3   simsec/sec=0.484917   ev/simsec=29240.7
     Messages:  created: 2721858   present: 1746   in FES: 175
** Event #3255040   t=119.058553873826   Elapsed: 304.994s (5m 04s)  23% completed  (11% total)
     Speed:     ev/sec=11880.6   simsec/sec=0.263059   ev/simsec=45163.5
     Messages:  created: 2744224   present: 1783   in FES: 182
** Event #3275008   t=119.588367895489   Elapsed: 306.999s (5m 06s)  23% completed  (11% total)
     Speed:     ev/sec=9961.46   simsec/sec=0.264309   ev/simsec=37688.7
     Messages:  created: 2763189   present: 1808   in FES: 206
** Event #3305472   t=120.559342783709   Elapsed: 309.052s (5m 09s)  24% completed  (12% total)
     Speed:     ev/sec=14836.7   simsec/sec=0.472888   ev/simsec=31374.7
     Messages:  created: 2792668   present: 1814   in FES: 193
** Event #3334912   t=121.536464504504   Elapsed: 311.084s (5m 11s)  24% completed  (12% total)
     Speed:     ev/sec=14486.5   simsec/sec=0.480812   ev/simsec=30129.3
     Messages:  created: 2820583   present: 1832   in FES: 206
** Event #3359488   t=122.073938594021   Elapsed: 313.086s (5m 13s)  24% completed  (12% total)
     Speed:     ev/sec=12274.2   simsec/sec=0.268435   ev/simsec=45725
     Messages:  created: 2843456   present: 1820   in FES: 201
** Event #3377664   t=122.586097880967   Elapsed: 315.099s (5m 15s)  24% completed  (12% total)
     Speed:     ev/sec=9032.67   simsec/sec=0.254521   ev/simsec=35489
     Messages:  created: 2860207   present: 1798   in FES: 193
** Event #3407616   t=123.54765561892   Elapsed: 317.132s (5m 17s)  24% completed  (12% total)
     Speed:     ev/sec=14734   simsec/sec=0.473009   ev/simsec=31149.5
     Messages:  created: 2888306   present: 1806   in FES: 206
** Event #3437824   t=124.533919886137   Elapsed: 319.159s (5m 19s)  24% completed  (12% total)
     Speed:     ev/sec=14900.7   simsec/sec=0.486494   ev/simsec=30628.7
     Messages:  created: 2917116   present: 1775   in FES: 186
** Event #3457792   t=125.045498644081   Elapsed: 321.16s (5m 21s)  25% completed  (12% total)
     Speed:     ev/sec=9978.9   simsec/sec=0.255659   ev/simsec=39032.1
     Messages:  created: 2935950   present: 1819   in FES: 206
** Event #3479296   t=125.574588928111   Elapsed: 323.192s (5m 23s)  25% completed  (12% total)
     Speed:     ev/sec=10582.7   simsec/sec=0.26038   ev/simsec=40643.3
     Messages:  created: 2955476   present: 1801   in FES: 193
** Event #3507712   t=126.547793667907   Elapsed: 325.196s (5m 25s)  25% completed  (12% total)
     Speed:     ev/sec=14178.2   simsec/sec=0.48558   ev/simsec=29198.4
     Messages:  created: 2981733   present: 1830   in FES: 201
** Event #3536128   t=127.513124294087   Elapsed: 327.22s (5m 27s)  25% completed  (12% total)
     Speed:     ev/sec=14039.1   simsec/sec=0.476926   ev/simsec=29436.5
     Messages:  created: 3008470   present: 1835   in FES: 204
** Event #3547392   t=127.587482206472   Elapsed: 329.243s (5m 29s)  25% completed  (12% total)
     Speed:     ev/sec=5568.24   simsec/sec=0.036758   ev/simsec=151484
     Messages:  created: 3017869   present: 1831   in FES: 206
** Event #3576576   t=128.555167459387   Elapsed: 331.246s (5m 31s)  25% completed  (12% total)
     Speed:     ev/sec=14568.9   simsec/sec=0.483078   ev/simsec=30158.6
     Messages:  created: 3045136   present: 1846   in FES: 203
** Event #3604992   t=129.539098146318   Elapsed: 333.278s (5m 33s)  25% completed  (12% total)
     Speed:     ev/sec=13989   simsec/sec=0.484381   ev/simsec=28880.1
     Messages:  created: 3071334   present: 1814   in FES: 197
** Event #3622144   t=130.034539600588   Elapsed: 335.282s (5m 35s)  26% completed  (13% total)
     Speed:     ev/sec=8556.86   simsec/sec=0.247168   ev/simsec=34619.6
     Messages:  created: 3087052   present: 1770   in FES: 181
** Event #3644672   t=130.559738087284   Elapsed: 337.285s (5m 37s)  26% completed  (13% total)
     Speed:     ev/sec=11244.9   simsec/sec=0.262153   ev/simsec=42894.3
     Messages:  created: 3107156   present: 1816   in FES: 193
** Event #3672064   t=131.523109468609   Elapsed: 339.309s (5m 39s)  26% completed  (13% total)
     Speed:     ev/sec=13537.8   simsec/sec=0.476121   ev/simsec=28433.5
     Messages:  created: 3132166   present: 1725   in FES: 168
** Event #3683072   t=131.605649254357   Elapsed: 341.329s (5m 41s)  26% completed  (13% total)
     Speed:     ev/sec=5449.86   simsec/sec=0.040864   ev/simsec=133366
     Messages:  created: 3141332   present: 1790   in FES: 189
** Event #3711744   t=132.563675899702   Elapsed: 343.34s (5m 43s)  26% completed  (13% total)
     Speed:     ev/sec=14257.2   simsec/sec=0.47638   ev/simsec=29928.2
     Messages:  created: 3167795   present: 1793   in FES: 188
** Event #3739136   t=133.523109031412   Elapsed: 345.383s (5m 45s)  26% completed  (13% total)
     Speed:     ev/sec=13404.6   simsec/sec=0.46951   ev/simsec=28550.2
     Messages:  created: 3192749   present: 1767   in FES: 182
** Event #3749888   t=133.596706656955   Elapsed: 347.385s (5m 47s)  26% completed  (13% total)
     Speed:     ev/sec=5369.79   simsec/sec=0.0367563   ev/simsec=146092
     Messages:  created: 3201869   present: 1777   in FES: 186
** Event #3777536   t=134.550553055434   Elapsed: 349.409s (5m 49s)  26% completed  (13% total)
     Speed:     ev/sec=13662.9   simsec/sec=0.471366   ev/simsec=28985.8
     Messages:  created: 3227435   present: 1704   in FES: 157
** Event #3805696   t=135.518262030878   Elapsed: 351.452s (5m 51s)  27% completed  (13% total)
     Speed:     ev/sec=13781.3   simsec/sec=0.473589   ev/simsec=29099.7
     Messages:  created: 3253269   present: 1717   in FES: 164
** Event #3816704   t=135.599657262653   Elapsed: 353.461s (5m 53s)  27% completed  (13% total)
     Speed:     ev/sec=5479.35   simsec/sec=0.0405153   ev/simsec=135241
     Messages:  created: 3262715   present: 1763   in FES: 180
** Event #3844608   t=136.560466392   Elapsed: 355.488s (5m 55s)  27% completed  (13% total)
     Speed:     ev/sec=13769.9   simsec/sec=0.474133   ev/simsec=29042.2
     Messages:  created: 3288695   present: 1749   in FES: 176
** Event #3872768   t=137.536169253221   Elapsed: 357.513s (5m 57s)  27% completed  (13% total)
     Speed:     ev/sec=13903   simsec/sec=0.48172   ev/simsec=28861.2
     Messages:  created: 3314697   present: 1834   in FES: 206
** Event #3889920   t=138.033600900623   Elapsed: 359.517s (5m 59s)  27% completed  (13% total)
     Speed:     ev/sec=8561.36   simsec/sec=0.248291   ev/simsec=34481.1
     Messages:  created: 3330454   present: 1824   in FES: 206
** Event #3913472   t=138.572345170434   Elapsed: 361.565s (6m 01s)  27% completed  (13% total)
     Speed:     ev/sec=11497.7   simsec/sec=0.263006   ev/simsec=43716.5
     Messages:  created: 3351623   present: 1833   in FES: 206
** Event #3942912   t=139.548843873181   Elapsed: 363.585s (6m 03s)  27% completed  (13% total)
     Speed:     ev/sec=14575.8   simsec/sec=0.483466   ev/simsec=30148.5
     Messages:  created: 3379195   present: 1822   in FES: 197
** Event #3971840   t=140.512087843378   Elapsed: 365.59s (6m 05s)  28% completed  (14% total)
     Speed:     ev/sec=14425.2   simsec/sec=0.48033   ev/simsec=30031.9
     Messages:  created: 3406564   present: 1821   in FES: 206
** Event #3984384   t=140.608106927044   Elapsed: 367.591s (6m 07s)  28% completed  (14% total)
     Speed:     ev/sec=6269.98   simsec/sec=0.0479941   ev/simsec=130641
     Messages:  created: 3417300   present: 1699   in FES: 158
** Event #4014336   t=141.564852521651   Elapsed: 369.636s (6m 09s)  28% completed  (14% total)
     Speed:     ev/sec=14649.6   simsec/sec=0.467947   ev/simsec=31306.1
     Messages:  created: 3445767   present: 1820   in FES: 206
** Event #4043520   t=142.541826415649   Elapsed: 371.674s (6m 11s)  28% completed  (14% total)
     Speed:     ev/sec=14313.5   simsec/sec=0.479163   ev/simsec=29871.8
     Messages:  created: 3473360   present: 1740   in FES: 169
** Event #4068608   t=143.093813858174   Elapsed: 373.678s (6m 13s)  28% completed  (14% total)
     Speed:     ev/sec=12522.3   simsec/sec=0.275517   ev/simsec=45450.3
     Messages:  created: 3496311   present: 1806   in FES: 195
** Event #4085760   t=143.612605013237   Elapsed: 375.691s (6m 15s)  28% completed  (14% total)
     Speed:     ev/sec=8520.86   simsec/sec=0.257728   ev/simsec=33061.5
     Messages:  created: 3512865   present: 1818   in FES: 201
** Event #4115712   t=144.570455039545   Elapsed: 377.693s (6m 17s)  28% completed  (14% total)
     Speed:     ev/sec=14958.9   simsec/sec=0.478377   ev/simsec=31270
     Messages:  created: 3541593   present: 1699   in FES: 158
** Event #4146688   t=145.553751965091   Elapsed: 379.736s (6m 19s)  29% completed  (14% total)
     Speed:     ev/sec=15163.6   simsec/sec=0.481351   ev/simsec=31502.2
     Messages:  created: 3571061   present: 1769   in FES: 178
** Event #4176640   t=146.5401515149   Elapsed: 381.765s (6m 21s)  29% completed  (14% total)
     Speed:     ev/sec=14763.9   simsec/sec=0.486214   ev/simsec=30365
     Messages:  created: 3599692   present: 1787   in FES: 186
** Event #4206592   t=147.508953128785   Elapsed: 383.785s (6m 23s)  29% completed  (14% total)
     Speed:     ev/sec=14825.7   simsec/sec=0.479541   ev/simsec=30916.5
     Messages:  created: 3628117   present: 1791   in FES: 190
** Event #4218624   t=147.601151734215   Elapsed: 385.814s (6m 25s)  29% completed  (14% total)
     Speed:     ev/sec=5929.6   simsec/sec=0.0454372   ev/simsec=130501
     Messages:  created: 3638385   present: 1795   in FES: 192
** Event #4248832   t=148.563400985567   Elapsed: 387.85s (6m 27s)  29% completed  (14% total)
     Speed:     ev/sec=14838.1   simsec/sec=0.472655   ev/simsec=31393.1
     Messages:  created: 3667242   present: 1820   in FES: 199
** Event #4277248   t=149.535959097201   Elapsed: 389.88s (6m 29s)  29% completed  (14% total)
     Speed:     ev/sec=13999.5   simsec/sec=0.479142   ev/simsec=29217.8
     Messages:  created: 3693983   present: 1766   in FES: 181
** Event #4310528   t=150.503285737641   Elapsed: 391.912s (6m 31s)  30% completed  (15% total)
     Speed:     ev/sec=16376.5   simsec/sec=0.476004   ev/simsec=34404.1
     Messages:  created: 3727384   present: 1768   in FES: 177
** Event #4330752   t=150.600117707942   Elapsed: 393.958s (6m 33s)  30% completed  (15% total)
     Speed:     ev/sec=9883.13   simsec/sec=0.0473202   ev/simsec=208857
     Messages:  created: 3749128   present: 1769   in FES: 182
** Event #4362496   t=151.564527885362   Elapsed: 395.963s (6m 35s)  30% completed  (15% total)
     Speed:     ev/sec=15836   simsec/sec=0.48111   ev/simsec=32915.5
     Messages:  created: 3780257   present: 1959   in FES: 256
** Event #4393728   t=152.542896355637   Elapsed: 397.98s (6m 37s)  30% completed  (15% total)
     Speed:     ev/sec=15485.7   simsec/sec=0.485102   ev/simsec=31922.5
     Messages:  created: 3810816   present: 1749   in FES: 174
** Event #4421120   t=153.200372996187   Elapsed: 399.981s (6m 39s)  30% completed  (15% total)
     Speed:     ev/sec=13684.3   simsec/sec=0.328457   ev/simsec=41662.3
     Messages:  created: 3836316   present: 1743   in FES: 207
** Event #4435968   t=153.586121946947   Elapsed: 401.984s (6m 41s)  30% completed  (15% total)
     Speed:     ev/sec=7414.89   simsec/sec=0.192638   ev/simsec=38491.4
     Messages:  created: 3850789   present: 1731   in FES: 172
** Event #4467456   t=154.560105572936   Elapsed: 404.011s (6m 44s)  30% completed  (15% total)
     Speed:     ev/sec=15528.8   simsec/sec=0.480337   ev/simsec=32329.1
     Messages:  created: 3881921   present: 1798   in FES: 189
** Event #4498432   t=155.540225595122   Elapsed: 406.022s (6m 46s)  31% completed  (15% total)
     Speed:     ev/sec=15403.3   simsec/sec=0.487379   ev/simsec=31604.3
     Messages:  created: 3911809   present: 1853   in FES: 206
** Event #4529920   t=156.500752656488   Elapsed: 408.025s (6m 48s)  31% completed  (15% total)
     Speed:     ev/sec=15726.1   simsec/sec=0.479718   ev/simsec=32782
     Messages:  created: 3942975   present: 1792   in FES: 191
** Event #4552192   t=156.575090189915   Elapsed: 410.058s (6m 50s)  31% completed  (15% total)
     Speed:     ev/sec=10955.1   simsec/sec=0.036565   ev/simsec=299606
     Messages:  created: 3968538   present: 1832   in FES: 203
** Event #4583168   t=157.548639148519   Elapsed: 412.062s (6m 52s)  31% completed  (15% total)
     Speed:     ev/sec=15458.1   simsec/sec=0.485834   ev/simsec=31817.6
     Messages:  created: 3999191   present: 1786   in FES: 185
** Event #4614656   t=158.53060602579   Elapsed: 414.074s (6m 54s)  31% completed  (15% total)
     Speed:     ev/sec=15648.1   simsec/sec=0.487994   ev/simsec=32066.3
     Messages:  created: 4030539   present: 1762   in FES: 181
** Event #4638208   t=159.053558487757   Elapsed: 416.085s (6m 56s)  31% completed  (15% total)
     Speed:     ev/sec=11708.2   simsec/sec=0.25997   ev/simsec=45036.6
     Messages:  created: 4053394   present: 1813   in FES: 192
** Event #4659712   t=159.586105754787   Elapsed: 418.118s (6m 58s)  31% completed  (15% total)
     Speed:     ev/sec=10579.3   simsec/sec=0.261998   ev/simsec=40379.5
     Messages:  created: 4073815   present: 1763   in FES: 182
** Event #4692736   t=160.555286569128   Elapsed: 420.153s (7m 00s)  32% completed  (16% total)
     Speed:     ev/sec=16230.1   simsec/sec=0.476318   ev/simsec=34074.1
     Messages:  created: 4106745   present: 1818   in FES: 206
** Event #4724224   t=161.538725148682   Elapsed: 422.171s (7m 02s)  32% completed  (16% total)
     Speed:     ev/sec=15604.7   simsec/sec=0.48737   ev/simsec=32018.3
     Messages:  created: 4137914   present: 1957   in FES: 256
** Event #4752128   t=162.098450521163   Elapsed: 424.175s (7m 04s)  32% completed  (16% total)
     Speed:     ev/sec=13923.1   simsec/sec=0.279283   ev/simsec=49853
     Messages:  created: 4164371   present: 1743   in FES: 172
** Event #4768512   t=162.601326981366   Elapsed: 426.184s (7m 06s)  32% completed  (16% total)
     Speed:     ev/sec=8156.61   simsec/sec=0.250352   ev/simsec=32580.6
     Messages:  created: 4180904   present: 1797   in FES: 192
** Event #4800512   t=163.556962447322   Elapsed: 428.2s (7m 08s)  32% completed  (16% total)
     Speed:     ev/sec=15872.5   simsec/sec=0.474011   ev/simsec=33485.6
     Messages:  created: 4213073   present: 1767   in FES: 182
** Event #4831488   t=164.535903835453   Elapsed: 430.233s (7m 10s)  32% completed  (16% total)
     Speed:     ev/sec=15231.8   simsec/sec=0.481373   ev/simsec=31642.3
     Messages:  created: 4243366   present: 1778   in FES: 185
** Event #4857600   t=165.076480715142   Elapsed: 432.236s (7m 12s)  33% completed  (16% total)
     Speed:     ev/sec=13034.6   simsec/sec=0.269846   ev/simsec=48304
     Messages:  created: 4268207   present: 1802   in FES: 206
** Event #4877056   t=165.596268513541   Elapsed: 434.275s (7m 14s)  33% completed  (16% total)
     Speed:     ev/sec=9545.86   simsec/sec=0.255028   ev/simsec=37430.7
     Messages:  created: 4286624   present: 1832   in FES: 203
** Event #4908032   t=166.556160067013   Elapsed: 436.289s (7m 16s)  33% completed  (16% total)
     Speed:     ev/sec=15381.1   simsec/sec=0.476633   ev/simsec=32270.3
     Messages:  created: 4316530   present: 1726   in FES: 163
** Event #4938240   t=167.545147986865   Elapsed: 438.321s (7m 18s)  33% completed  (16% total)
     Speed:     ev/sec=14861.1   simsec/sec=0.48654   ev/simsec=30544.4
     Messages:  created: 4345522   present: 1805   in FES: 191
** Event #4963584   t=168.092030286884   Elapsed: 440.323s (7m 20s)  33% completed  (16% total)
     Speed:     ev/sec=12660.5   simsec/sec=0.273192   ev/simsec=46342.7
     Messages:  created: 4368835   present: 1827   in FES: 206
** Event #4980736   t=168.589896792593   Elapsed: 442.354s (7m 22s)  33% completed  (16% total)
     Speed:     ev/sec=8445.82   simsec/sec=0.245155   ev/simsec=34451
     Messages:  created: 4384916   present: 1800   in FES: 195
** Event #5011200   t=169.55537679449   Elapsed: 444.374s (7m 24s)  33% completed  (16% total)
     Speed:     ev/sec=15077.4   simsec/sec=0.47784   ev/simsec=31553.2
     Messages:  created: 4414077   present: 1832   in FES: 201
** Event #5040128   t=170.530583863701   Elapsed: 446.415s (7m 26s)  34% completed  (17% total)
     Speed:     ev/sec=14177.1   simsec/sec=0.47793   ev/simsec=29663.4
     Messages:  created: 4441272   present: 1732   in FES: 167
** Event #5056256   t=171.026350789842   Elapsed: 448.421s (7m 28s)  34% completed  (17% total)
     Speed:     ev/sec=8040.44   simsec/sec=0.247159   ev/simsec=32531.4
     Messages:  created: 4456297   present: 1792   in FES: 191
** Event #5083904   t=171.580773687642   Elapsed: 450.464s (7m 30s)  34% completed  (17% total)
     Speed:     ev/sec=13532.1   simsec/sec=0.271358   ev/simsec=49868.1
     Messages:  created: 4482079   present: 1686   in FES: 157
** Event #5115392   t=172.555633904528   Elapsed: 452.468s (7m 32s)  34% completed  (17% total)
     Speed:     ev/sec=15710.1   simsec/sec=0.48638   ev/simsec=32300
     Messages:  created: 4512851   present: 1767   in FES: 178
** Event #5144832   t=173.53010567535   Elapsed: 454.485s (7m 34s)  34% completed  (17% total)
     Speed:     ev/sec=14598.3   simsec/sec=0.483207   ev/simsec=30211.2
     Messages:  created: 4541134   present: 1785   in FES: 186
** Event #5177344   t=174.531641800149   Elapsed: 456.498s (7m 36s)  34% completed  (17% total)
     Speed:     ev/sec=16148.5   simsec/sec=0.497457   ev/simsec=32462.1
     Messages:  created: 4573607   present: 1779   in FES: 184
** Event #5203712   t=175.090179868008   Elapsed: 458.499s (7m 38s)  35% completed  (17% total)
     Speed:     ev/sec=13176.2   simsec/sec=0.279104   ev/simsec=47209
     Messages:  created: 4598088   present: 1742   in FES: 175
** Event #5220352   t=175.567657753152   Elapsed: 460.503s (7m 40s)  35% completed  (17% total)
     Speed:     ev/sec=8305.96   simsec/sec=0.238336   ev/simsec=34849.8
     Messages:  created: 4614105   present: 1835   in FES: 205
** Event #5251072   t=176.543434287559   Elapsed: 462.513s (7m 42s)  35% completed  (17% total)
     Speed:     ev/sec=15285.4   simsec/sec=0.48552   ev/simsec=31482.6
     Messages:  created: 4643715   present: 1847   in FES: 204
** Event #5282304   t=177.529621533247   Elapsed: 464.521s (7m 44s)  35% completed  (17% total)
     Speed:     ev/sec=15550.5   simsec/sec=0.491027   ev/simsec=31669.4
     Messages:  created: 4673922   present: 1809   in FES: 196
** Event #5293568   t=177.596327698104   Elapsed: 466.585s (7m 46s)  35% completed  (17% total)
     Speed:     ev/sec=5457.6   simsec/sec=0.0323203   ev/simsec=168860
     Messages:  created: 4683369   present: 1736   in FES: 173
** Event #5325056   t=178.554615253154   Elapsed: 468.618s (7m 48s)  35% completed  (17% total)
     Speed:     ev/sec=15487.1   simsec/sec=0.471325   ev/simsec=32858.6
     Messages:  created: 4713668   present: 1763   in FES: 172
** Event #5355008   t=179.533911182634   Elapsed: 470.623s (7m 50s)  35% completed  (17% total)
     Speed:     ev/sec=14935.3   simsec/sec=0.488319   ev/simsec=30585.2
     Messages:  created: 4742234   present: 1832   in FES: 203
** Event #5371136   t=180.005125330077   Elapsed: 472.627s (7m 52s)  36% completed  (18% total)
     Speed:     ev/sec=8048.75   simsec/sec=0.235161   ev/simsec=34226.5
     Messages:  created: 4757673   present: 1764   in FES: 181
** Event #5399808   t=180.56173054092   Elapsed: 474.636s (7m 54s)  36% completed  (18% total)
     Speed:     ev/sec=14271.3   simsec/sec=0.277047   ev/simsec=51512.3
     Messages:  created: 4784376   present: 1845   in FES: 206
** Event #5429760   t=181.540314072914   Elapsed: 476.641s (7m 56s)  36% completed  (18% total)
     Speed:     ev/sec=14938.3   simsec/sec=0.488058   ev/simsec=30607.5
     Messages:  created: 4812835   present: 1812   in FES: 196
** Event #5449984   t=182.045551891651   Elapsed: 478.647s (7m 58s)  36% completed  (18% total)
     Speed:     ev/sec=10083   simsec/sec=0.251895   ev/simsec=40028.7
     Messages:  created: 4831994   present: 1814   in FES: 197
** Event #5470976   t=182.56513679687   Elapsed: 480.669s (8m 00s)  36% completed  (18% total)
     Speed:     ev/sec=10384.1   simsec/sec=0.257023   ev/simsec=40401.5
     Messages:  created: 4851447   present: 1731   in FES: 164
** Event #5501184   t=183.547592121212   Elapsed: 482.678s (8m 02s)  36% completed  (18% total)
     Speed:     ev/sec=15036   simsec/sec=0.489018   ev/simsec=30747.5
     Messages:  created: 4880183   present: 1791   in FES: 186
** Event #5529088   t=184.303077953427   Elapsed: 484.68s (8m 04s)  36% completed  (18% total)
     Speed:     ev/sec=13937.5   simsec/sec=0.377351   ev/simsec=36935.2
     Messages:  created: 4905769   present: 1747   in FES: 207
** Event #5542400   t=184.592185521144   Elapsed: 486.696s (8m 06s)  36% completed  (18% total)
     Speed:     ev/sec=6603.99   simsec/sec=0.143424   ev/simsec=46045.1
     Messages:  created: 4917749   present: 1734   in FES: 171
** Event #5572608   t=185.55769623362   Elapsed: 488.728s (8m 08s)  37% completed  (18% total)
     Speed:     ev/sec=14859.8   simsec/sec=0.474949   ev/simsec=31287.1
     Messages:  created: 4946086   present: 1732   in FES: 169
** Event #5602048   t=186.518088356634   Elapsed: 490.768s (8m 10s)  37% completed  (18% total)
     Speed:     ev/sec=14434.3   simsec/sec=0.470877   ev/simsec=30654.1
     Messages:  created: 4973550   present: 1689   in FES: 156
** Event #5614080   t=186.609285122038   Elapsed: 492.795s (8m 12s)  37% completed  (18% total)
     Speed:     ev/sec=5934.66   simsec/sec=0.0449819   ev/simsec=131935
     Messages:  created: 4984019   present: 1821   in FES: 198
** Event #5643776   t=187.565233244275   Elapsed: 494.854s (8m 14s)  37% completed  (18% total)
     Speed:     ev/sec=14422.2   simsec/sec=0.464268   ev/simsec=31064.4
     Messages:  created: 5012148   present: 1847   in FES: 207
** Event #5672704   t=188.536000687971   Elapsed: 496.875s (8m 16s)  37% completed  (18% total)
     Speed:     ev/sec=14319.8   simsec/sec=0.480545   ev/simsec=29799.1
     Messages:  created: 5039160   present: 1749   in FES: 176
** Event #5692672   t=189.045552825137   Elapsed: 498.877s (8m 18s)  37% completed  (18% total)
     Speed:     ev/sec=9974.24   simsec/sec=0.254527   ev/simsec=39187.4
     Messages:  created: 5057732   present: 1738   in FES: 171
** Event #5715200   t=189.577689007929   Elapsed: 500.89s (8m 20s)  37% completed  (18% total)
     Speed:     ev/sec=11189.3   simsec/sec=0.264303   ev/simsec=42335
     Messages:  created: 5078906   present: 1824   in FES: 203
** Event #5746176   t=190.553803189933   Elapsed: 502.901s (8m 22s)  38% completed  (19% total)
     Speed:     ev/sec=15405.3   simsec/sec=0.48545   ev/simsec=31734
     Messages:  created: 5109402   present: 1807   in FES: 194
** Event #5776896   t=191.529920846344   Elapsed: 504.922s (8m 24s)  38% completed  (19% total)
     Speed:     ev/sec=15198.4   simsec/sec=0.482924   ev/simsec=31471.6
     Messages:  created: 5139178   present: 1762   in FES: 181
** Event #5793536   t=192.016390885578   Elapsed: 506.925s (8m 26s)  38% completed  (19% total)
     Speed:     ev/sec=8305.76   simsec/sec=0.242819   ev/simsec=34205.6
     Messages:  created: 5155559   present: 1829   in FES: 206
** Event #5819392   t=192.56866217791   Elapsed: 508.926s (8m 28s)  38% completed  (19% total)
     Speed:     ev/sec=12925.9   simsec/sec=0.276092   ev/simsec=46817.6
     Messages:  created: 5179506   present: 1757   in FES: 178
** Event #5851136   t=193.548619860948   Elapsed: 510.946s (8m 30s)  38% completed  (19% total)
     Speed:     ev/sec=15709   simsec/sec=0.484946   ev/simsec=32393.2
     Messages:  created: 5210233   present: 1785   in FES: 182
** Event #5882112   t=194.537432040291   Elapsed: 512.95s (8m 32s)  38% completed  (19% total)
     Speed:     ev/sec=15459.2   simsec/sec=0.493487   ev/simsec=31326.5
     Messages:  created: 5240720   present: 1828   in FES: 201
** Event #5914112   t=195.513177445581   Elapsed: 514.951s (8m 34s)  39% completed  (19% total)
     Speed:     ev/sec=15994.3   simsec/sec=0.487698   ev/simsec=32795.4
     Messages:  created: 5272173   present: 1820   in FES: 201
** Event #5926912   t=195.606730677529   Elapsed: 516.97s (8m 36s)  39% completed  (19% total)
     Speed:     ev/sec=6340.02   simsec/sec=0.0463382   ev/simsec=136821
     Messages:  created: 5283006   present: 1754   in FES: 177
** Event #5959168   t=196.59795282669   Elapsed: 518.978s (8m 38s)  39% completed  (19% total)
     Speed:     ev/sec=16064.1   simsec/sec=0.493648   ev/simsec=32541.6
     Messages:  created: 5315345   present: 1820   in FES: 206
** Event #5990400   t=197.558300264186   Elapsed: 520.98s (8m 40s)  39% completed  (19% total)
     Speed:     ev/sec=15601.3   simsec/sec=0.479723   ev/simsec=32521.6
     Messages:  created: 5345915   present: 1821   in FES: 206
** Event #6021120   t=198.540484977136   Elapsed: 522.987s (8m 42s)  39% completed  (19% total)
     Speed:     ev/sec=15303.8   simsec/sec=0.489295   ev/simsec=31277.2
     Messages:  created: 5375830   present: 1805   in FES: 206
** Event #6052352   t=199.532632886766   Elapsed: 524.999s (8m 44s)  39% completed  (19% total)
     Speed:     ev/sec=15519.2   simsec/sec=0.492999   ev/simsec=31479.2
     Messages:  created: 5406613   present: 1792   in FES: 191
** Event #6083840   t=200.517429456471   Elapsed: 527.024s (8m 47s)  40% completed  (20% total)
     Speed:     ev/sec=15554.9   simsec/sec=0.486485   ev/simsec=31974.1
     Messages:  created: 5438170   present: 1816   in FES: 206
** Event #6104832   t=201.045552015418   Elapsed: 529.024s (8m 49s)  40% completed  (20% total)
     Speed:     ev/sec=10495.2   simsec/sec=0.264041   ev/simsec=39748.3
     Messages:  created: 5458379   present: 1820   in FES: 199
** Event #6134784   t=202.02635202749   Elapsed: 531.028s (8m 51s)  40% completed  (20% total)
     Speed:     ev/sec=14945.2   simsec/sec=0.489392   ev/simsec=30538.3
     Messages:  created: 5488072   present: 1728   in FES: 169
** Event #6168576   t=203.027889094754   Elapsed: 533.032s (8m 53s)  40% completed  (20% total)
     Speed:     ev/sec=16859.8   simsec/sec=0.499696   ev/simsec=33740.1
     Messages:  created: 5521270   present: 1837   in FES: 206
** Event #6207744   t=204.061342610056   Elapsed: 535.036s (8m 55s)  40% completed  (20% total)
     Speed:     ev/sec=19551.6   simsec/sec=0.515871   ev/simsec=37900.1
     Messages:  created: 5559635   present: 1819   in FES: 196
** Event #6245632   t=205.210285260296   Elapsed: 537.038s (8m 57s)  41% completed  (20% total)
     Speed:     ev/sec=18923.4   simsec/sec=0.573845   ev/simsec=32976.4
     Messages:  created: 5597131   present: 1731   in FES: 170
** Event #6281216   t=206.53019198279   Elapsed: 539.063s (8m 59s)  41% completed  (20% total)
     Speed:     ev/sec=17566.9   simsec/sec=0.651602   ev/simsec=26959.5
     Messages:  created: 5632558   present: 1796   in FES: 193
** Event #6314752   t=207.532250870678   Elapsed: 541.1s (9m 01s)  41% completed  (20% total)
     Speed:     ev/sec=16468   simsec/sec=0.492066   ev/simsec=33467.1
     Messages:  created: 5664965   present: 1821   in FES: 206
** Event #6348800   t=208.542939421946   Elapsed: 543.124s (9m 03s)  41% completed  (20% total)
     Speed:     ev/sec=16819.3   simsec/sec=0.499269   ev/simsec=33687.9
     Messages:  created: 5697918   present: 1836   in FES: 201
** Event #6382336   t=209.549385928154   Elapsed: 545.13s (9m 05s)  41% completed  (20% total)
     Speed:     ev/sec=16716.1   simsec/sec=0.501666   ev/simsec=33321.2
     Messages:  created: 5730278   present: 1719   in FES: 162
** Event #6417152   t=210.549394147913   Elapsed: 547.158s (9m 07s)  42% completed  (21% total)
     Speed:     ev/sec=17168.6   simsec/sec=0.493129   ev/simsec=34815.7
     Messages:  created: 5764282   present: 1770   in FES: 179
** Event #6449664   t=211.560461194966   Elapsed: 549.173s (9m 09s)  42% completed  (21% total)
     Speed:     ev/sec=16139.1   simsec/sec=0.501899   ev/simsec=32156.1
     Messages:  created: 5796106   present: 1802   in FES: 206
** Event #6482432   t=212.553122904417   Elapsed: 551.176s (9m 11s)  42% completed  (21% total)
     Speed:     ev/sec=16360.6   simsec/sec=0.495621   ev/simsec=33010.2
     Messages:  created: 5827524   present: 1812   in FES: 193
** Event #6515968   t=213.567533041463   Elapsed: 553.177s (9m 13s)  42% completed  (21% total)
     Speed:     ev/sec=16759.8   simsec/sec=0.506958   ev/simsec=33059.6
     Messages:  created: 5860224   present: 1782   in FES: 187
** Event #6548992   t=214.577638633373   Elapsed: 555.197s (9m 15s)  42% completed  (21% total)
     Speed:     ev/sec=16341.6   simsec/sec=0.499841   ev/simsec=32693.6
     Messages:  created: 5892001   present: 1831   in FES: 206
** Event #6581760   t=215.581857307815   Elapsed: 557.218s (9m 17s)  43% completed  (21% total)
     Speed:     ev/sec=16214.4   simsec/sec=0.49691   ev/simsec=32630.3
     Messages:  created: 5923460   present: 1786   in FES: 187
** Event #6615296   t=216.601830680112   Elapsed: 559.22s (9m 19s)  43% completed  (21% total)
     Speed:     ev/sec=16758.8   simsec/sec=0.509706   ev/simsec=32879.3
     Messages:  created: 5955874   present: 1737   in FES: 170
** Event #6655744   t=218.034802614773   Elapsed: 561.221s (9m 21s)  43% completed  (21% total)
     Speed:     ev/sec=20213.8   simsec/sec=0.716125   ev/simsec=28226.7
     Messages:  created: 5996070   present: 1842   in FES: 205
** Event #6700032   t=219.449513417785   Elapsed: 563.221s (9m 23s)  43% completed  (21% total)
     Speed:     ev/sec=22141.8   simsec/sec=0.707284   ev/simsec=31305.3
     Messages:  created: 6039673   present: 1794   in FES: 206
** Event #6735616   t=220.519511035736   Elapsed: 565.248s (9m 25s)  44% completed  (22% total)
     Speed:     ev/sec=17555.7   simsec/sec=0.527894   ev/simsec=33256.1
     Messages:  created: 6074873   present: 1814   in FES: 199
** Event #6768640   t=221.532694386409   Elapsed: 567.272s (9m 27s)  44% completed  (22% total)
     Speed:     ev/sec=16311   simsec/sec=0.500424   ev/simsec=32594.3
     Messages:  created: 6106755   present: 1760   in FES: 181
** Event #6800896   t=222.526615962948   Elapsed: 569.275s (9m 29s)  44% completed  (22% total)
     Speed:     ev/sec=16109.1   simsec/sec=0.496379   ev/simsec=32453.3
     Messages:  created: 6138115   present: 1702   in FES: 159
** Event #6834688   t=223.539337142387   Elapsed: 571.278s (9m 31s)  44% completed  (22% total)
     Speed:     ev/sec=16867.9   simsec/sec=0.505517   ev/simsec=33367.5
     Messages:  created: 6170880   present: 1823   in FES: 196
** Event #6868480   t=224.54300805855   Elapsed: 573.304s (9m 33s)  44% completed  (22% total)
     Speed:     ev/sec=16674.8   simsec/sec=0.495266   ev/simsec=33668.4
     Messages:  created: 6203638   present: 1825   in FES: 206
** Event #6903296   t=225.543337489342   Elapsed: 575.326s (9m 35s)  45% completed  (22% total)
     Speed:     ev/sec=17225.5   simsec/sec=0.494921   ev/simsec=34804.5
     Messages:  created: 6237217   present: 1800   in FES: 187
** Event #6938880   t=226.551661112164   Elapsed: 577.348s (9m 37s)  45% completed  (22% total)
     Speed:     ev/sec=17592.3   simsec/sec=0.498503   ev/simsec=35290.3
     Messages:  created: 6272116   present: 1802   in FES: 189
** Event #6973440   t=227.551661275942   Elapsed: 579.371s (9m 39s)  45% completed  (22% total)
     Speed:     ev/sec=17084   simsec/sec=0.494328   ev/simsec=34560
     Messages:  created: 6305861   present: 1939   in FES: 235
** Event #7008768   t=228.558517511981   Elapsed: 581.409s (9m 41s)  45% completed  (22% total)
     Speed:     ev/sec=17340.1   simsec/sec=0.494198   ev/simsec=35087.4
     Messages:  created: 6340358   present: 1732   in FES: 165
** Event #7045376   t=229.576027077046   Elapsed: 583.416s (9m 43s)  45% completed  (22% total)
     Speed:     ev/sec=18234.2   simsec/sec=0.506816   ev/simsec=35978
     Messages:  created: 6376161   present: 1801   in FES: 193
** Event #7083008   t=230.578038425329   Elapsed: 585.421s (9m 45s)  46% completed  (23% total)
     Speed:     ev/sec=18770.1   simsec/sec=0.499783   ev/simsec=37556.5
     Messages:  created: 6413357   present: 1836   in FES: 203
** Event #7122944   t=231.577642220596   Elapsed: 587.435s (9m 47s)  46% completed  (23% total)
     Speed:     ev/sec=19836.1   simsec/sec=0.496501   ev/simsec=39951.8
     Messages:  created: 6454068   present: 1763   in FES: 180
** Event #7159296   t=232.699746012555   Elapsed: 589.439s (9m 49s)  46% completed  (23% total)
     Speed:     ev/sec=18133.6   simsec/sec=0.559745   ev/simsec=32396.3
     Messages:  created: 6490120   present: 1794   in FES: 224
** Event #7202560   t=234.036221709561   Elapsed: 591.442s (9m 51s)  46% completed  (23% total)
     Speed:     ev/sec=21600.3   simsec/sec=0.667258   ev/simsec=32371.7
     Messages:  created: 6534092   present: 1764   in FES: 177
** Event #7244800   t=235.061342613958   Elapsed: 593.446s (9m 53s)  47% completed  (23% total)
     Speed:     ev/sec=21083.2   simsec/sec=0.511667   ev/simsec=41204.9
     Messages:  created: 6576369   present: 1829   in FES: 200
** Event #7290368   t=236.525836789024   Elapsed: 595.458s (9m 55s)  47% completed  (23% total)
     Speed:     ev/sec=22639.4   simsec/sec=0.7276   ev/simsec=31115.2
     Messages:  created: 6623033   present: 1811   in FES: 198
** Event #7326976   t=237.535853251291   Elapsed: 597.487s (9m 57s)  47% completed  (23% total)
     Speed:     ev/sec=18048.6   simsec/sec=0.497962   ev/simsec=36245
     Messages:  created: 6658701   present: 1828   in FES: 201
** Event #7363072   t=238.541582352983   Elapsed: 599.507s (9m 59s)  47% completed  (23% total)
     Speed:     ev/sec=17866.3   simsec/sec=0.497803   ev/simsec=35890.4
     Messages:  created: 6693909   present: 1780   in FES: 183
** Event #7398912   t=239.538267266791   Elapsed: 601.512s (10m 01s)  47% completed  (23% total)
     Speed:     ev/sec=17872   simsec/sec=0.497008   ev/simsec=35959.2
     Messages:  created: 6728890   present: 1831   in FES: 200
** Event #7435776   t=240.547840097706   Elapsed: 603.53s (10m 03s)  48% completed  (24% total)
     Speed:     ev/sec=18274.9   simsec/sec=0.500485   ev/simsec=36514.5
     Messages:  created: 6765371   present: 1819   in FES: 196
** Event #7471104   t=241.542966716352   Elapsed: 605.55s (10m 05s)  48% completed  (24% total)
     Speed:     ev/sec=17481.4   simsec/sec=0.492421   ev/simsec=35501
     Messages:  created: 6799722   present: 1830   in FES: 197
** Event #7508224   t=242.542967432429   Elapsed: 607.58s (10m 07s)  48% completed  (24% total)
     Speed:     ev/sec=18286.2   simsec/sec=0.492623   ev/simsec=37120
     Messages:  created: 6836029   present: 1753   in FES: 174
** Event #7543296   t=243.547778709038   Elapsed: 609.587s (10m 09s)  48% completed  (24% total)
     Speed:     ev/sec=17479.9   simsec/sec=0.500799   ev/simsec=34904.1
     Messages:  created: 6870135   present: 1780   in FES: 181
** Event #7578112   t=244.549385672282   Elapsed: 611.61s (10m 11s)  48% completed  (24% total)
     Speed:     ev/sec=17208.4   simsec/sec=0.495062   ev/simsec=34760.1
     Messages:  created: 6903590   present: 1811   in FES: 192
** Event #7611904   t=245.545570425294   Elapsed: 613.617s (10m 13s)  49% completed  (24% total)
     Speed:     ev/sec=16836.3   simsec/sec=0.496332   ev/simsec=33921.4
     Messages:  created: 6936087   present: 1809   in FES: 192
** Event #7645952   t=246.543770177274   Elapsed: 615.649s (10m 15s)  49% completed  (24% total)
     Speed:     ev/sec=16756.9   simsec/sec=0.49127   ev/simsec=34109.4
     Messages:  created: 6968416   present: 1821   in FES: 196
** Event #7680768   t=247.543770133827   Elapsed: 617.653s (10m 17s)  49% completed  (24% total)
     Speed:     ev/sec=17376.3   simsec/sec=0.499091   ev/simsec=34816
     Messages:  created: 7002082   present: 1826   in FES: 199
** Event #7716352   t=248.552175630063   Elapsed: 619.66s (10m 19s)  49% completed  (24% total)
     Speed:     ev/sec=17725.2   simsec/sec=0.502311   ev/simsec=35287.4
     Messages:  created: 7037121   present: 1835   in FES: 202
** Event #7753472   t=249.552441221382   Elapsed: 621.689s (10m 21s)  49% completed  (24% total)
     Speed:     ev/sec=18293.2   simsec/sec=0.492943   ev/simsec=37110.1
     Messages:  created: 7073670   present: 1763   in FES: 176
** Event #7790592   t=250.550309249141   Elapsed: 623.698s (10m 23s)  50% completed  (25% total)
     Speed:     ev/sec=18479.9   simsec/sec=0.496782   ev/simsec=37199.3
     Messages:  created: 7111110   present: 1817   in FES: 192
** Event #7827200   t=251.551018190181   Elapsed: 625.718s (10m 25s)  50% completed  (25% total)
     Speed:     ev/sec=18124.2   simsec/sec=0.49544   ev/simsec=36582.1
     Messages:  created: 7147218   present: 1756   in FES: 171
** Event #7865088   t=252.557865282674   Elapsed: 627.721s (10m 27s)  50% completed  (25% total)
     Speed:     ev/sec=18918   simsec/sec=0.502734   ev/simsec=37630.3
     Messages:  created: 7185232   present: 1819   in FES: 206
** Event #7902464   t=253.571222780123   Elapsed: 629.747s (10m 29s)  50% completed  (25% total)
     Speed:     ev/sec=18444   simsec/sec=0.500065   ev/simsec=36883.3
     Messages:  created: 7222379   present: 1808   in FES: 195
** Event #7939840   t=254.591634138897   Elapsed: 631.759s (10m 31s)  50% completed  (25% total)
     Speed:     ev/sec=18574.2   simsec/sec=0.507098   ev/simsec=36628.4
     Messages:  created: 7259489   present: 1787   in FES: 190
** Event #7979008   t=255.794667318016   Elapsed: 633.762s (10m 33s)  51% completed  (25% total)
     Speed:     ev/sec=19559.4   simsec/sec=0.600762   ev/simsec=32557.7
     Messages:  created: 7299097   present: 1790   in FES: 232
** Event #8022528   t=257.04027818951   Elapsed: 635.766s (10m 35s)  51% completed  (25% total)
     Speed:     ev/sec=21717.7   simsec/sec=0.621596   ev/simsec=34938.7
     Messages:  created: 7342660   present: 1784   in FES: 185
** Event #8064000   t=258.078773137736   Elapsed: 637.768s (10m 37s)  51% completed  (25% total)
     Speed:     ev/sec=20707.7   simsec/sec=0.518538   ev/simsec=39934.7
     Messages:  created: 7383869   present: 1778   in FES: 187
** Event #8109568   t=259.305568545352   Elapsed: 639.772s (10m 39s)  51% completed  (25% total)
     Speed:     ev/sec=22740.1   simsec/sec=0.612215   ev/simsec=37143.9
     Messages:  created: 7432012   present: 1854   in FES: 206
** Event #8166400   t=260.085005510413   Elapsed: 641.772s (10m 41s)  52% completed  (26% total)
     Speed:     ev/sec=28413.8   simsec/sec=0.389688   ev/simsec=72914.2
     Messages:  created: 7499869   present: 1792   in FES: 191
** Event #8220160   t=261.506178144488   Elapsed: 643.776s (10m 43s)  52% completed  (26% total)
     Speed:     ev/sec=26833.5   simsec/sec=0.709357   ev/simsec=37827.9
     Messages:  created: 7559702   present: 1761   in FES: 180
** Event #8258816   t=262.537616947292   Elapsed: 645.802s (10m 45s)  52% completed  (26% total)
     Speed:     ev/sec=19076.9   simsec/sec=0.50902   ev/simsec=37477.7
     Messages:  created: 7598528   present: 1803   in FES: 192
** Event #8299008   t=263.566192395247   Elapsed: 647.829s (10m 47s)  52% completed  (26% total)
     Speed:     ev/sec=19835.5   simsec/sec=0.507622   ev/simsec=39075.4
     Messages:  created: 7639387   present: 1756   in FES: 173
** Event #8339968   t=264.742378422423   Elapsed: 649.83s (10m 49s)  52% completed  (26% total)
     Speed:     ev/sec=20462.6   simsec/sec=0.587593   ev/simsec=34824.4
     Messages:  created: 7681248   present: 1681   in FES: 155
** Event #8391680   t=266.199780688362   Elapsed: 651.831s (10m 51s)  53% completed  (26% total)
     Speed:     ev/sec=25850.8   simsec/sec=0.728554   ev/simsec=35482.3
     Messages:  created: 7733040   present: 1772   in FES: 187
** Event #8433920   t=267.537748498321   Elapsed: 653.856s (10m 53s)  53% completed  (26% total)
     Speed:     ev/sec=20859   simsec/sec=0.660717   ev/simsec=31570.3
     Messages:  created: 7776575   present: 1792   in FES: 206
** Event #8472320   t=268.544801524094   Elapsed: 655.859s (10m 55s)  53% completed  (26% total)
     Speed:     ev/sec=19170.3   simsec/sec=0.502748   ev/simsec=38131.1
     Messages:  created: 7815398   present: 1827   in FES: 227
** Event #8511488   t=269.588367857502   Elapsed: 657.871s (10m 57s)  53% completed  (26% total)
     Speed:     ev/sec=19466.6   simsec/sec=0.518655   ev/simsec=37532.8
     Messages:  created: 7854866   present: 1797   in FES: 206
** Event #8556544   t=271.032209205547   Elapsed: 659.874s (10m 59s)  54% completed  (27% total)
     Speed:     ev/sec=22490.6   simsec/sec=0.720723   ev/simsec=31205.6
     Messages:  created: 7901278   present: 1792   in FES: 189
** Event #8608000   t=272.516260254142   Elapsed: 661.881s (11m 01s)  54% completed  (27% total)
     Speed:     ev/sec=25637.9   simsec/sec=0.739426   ev/simsec=34672.7
     Messages:  created: 7953967   present: 1795   in FES: 192
** Event #8646656   t=273.540280713977   Elapsed: 663.893s (11m 03s)  54% completed  (27% total)
     Speed:     ev/sec=19211.2   simsec/sec=0.508916   ev/simsec=37749.2
     Messages:  created: 7992495   present: 1742   in FES: 169
** Event #8686592   t=274.576002353723   Elapsed: 665.916s (11m 05s)  54% completed  (27% total)
     Speed:     ev/sec=19742   simsec/sec=0.512   ev/simsec=38558.6
     Messages:  created: 8032997   present: 1825   in FES: 202
** Event #8727552   t=275.950456538526   Elapsed: 667.917s (11m 07s)  55% completed  (27% total)
     Speed:     ev/sec=20467.2   simsec/sec=0.686798   ev/simsec=29800.9
     Messages:  created: 8074737   present: 1835   in FES: 210
** Event #8781568   t=277.527389936511   Elapsed: 669.923s (11m 09s)  55% completed  (27% total)
     Speed:     ev/sec=26935.8   simsec/sec=0.786359   ev/simsec=34253.8
     Messages:  created: 8129873   present: 1805   in FES: 206
** Event #8821248   t=278.554085197982   Elapsed: 671.94s (11m 11s)  55% completed  (27% total)
     Speed:     ev/sec=19667.8   simsec/sec=0.508893   ev/simsec=38648.3
     Messages:  created: 8169850   present: 1769   in FES: 178
** Event #8860416   t=279.573998832649   Elapsed: 673.943s (11m 13s)  55% completed  (27% total)
     Speed:     ev/sec=19558.3   simsec/sec=0.509287   ev/simsec=38403.3
     Messages:  created: 8209114   present: 1811   in FES: 196
** Event #8911104   t=281.053708894287   Elapsed: 675.947s (11m 15s)  56% completed  (28% total)
     Speed:     ev/sec=25288.7   simsec/sec=0.73824   ev/simsec=34255.4
     Messages:  created: 8262146   present: 1838   in FES: 199
** Event #8961536   t=282.525925659782   Elapsed: 677.961s (11m 17s)  56% completed  (28% total)
     Speed:     ev/sec=25039.8   simsec/sec=0.730965   ev/simsec=34255.8
     Messages:  created: 8316099   present: 1794   in FES: 193
** Event #9004032   t=283.560669644057   Elapsed: 679.988s (11m 19s)  56% completed  (28% total)
     Speed:     ev/sec=20971.3   simsec/sec=0.510636   ev/simsec=41069.1
     Messages:  created: 8360250   present: 1767   in FES: 178
** Event #9049856   t=285.002085623006   Elapsed: 681.993s (11m 21s)  57% completed  (28% total)
     Speed:     ev/sec=22857.2   simsec/sec=0.718983   ev/simsec=31791
     Messages:  created: 8409159   present: 1815   in FES: 198
** Event #9100800   t=286.51204926093   Elapsed: 684.007s (11m 24s)  57% completed  (28% total)
     Speed:     ev/sec=25294.6   simsec/sec=0.749725   ev/simsec=33738.6
     Messages:  created: 8459459   present: 1799   in FES: 190
** Event #9138176   t=287.541476787994   Elapsed: 686.032s (11m 26s)  57% completed  (28% total)
     Speed:     ev/sec=18450.4   simsec/sec=0.50817   ev/simsec=36307.6
     Messages:  created: 8496104   present: 1774   in FES: 177
** Event #9179136   t=288.57499134772   Elapsed: 688.033s (11m 28s)  57% completed  (28% total)
     Speed:     ev/sec=20468.5   simsec/sec=0.516468   ev/simsec=39631.8
     Messages:  created: 8538321   present: 1824   in FES: 196
** Event #9225472   t=290.047405119659   Elapsed: 690.034s (11m 30s)  58% completed  (29% total)
     Speed:     ev/sec=23159   simsec/sec=0.735922   ev/simsec=31469.4
     Messages:  created: 8585546   present: 1716   in FES: 158
** Event #9273600   t=291.529932025887   Elapsed: 692.046s (11m 32s)  58% completed  (29% total)
     Speed:     ev/sec=23918.1   simsec/sec=0.736768   ev/simsec=32463.5
     Messages:  created: 8634386   present: 1863   in FES: 206
** Event #9311232   t=292.553146150526   Elapsed: 694.049s (11m 34s)  58% completed  (29% total)
     Speed:     ev/sec=18795.3   simsec/sec=0.511044   ev/simsec=36778.2
     Messages:  created: 8671728   present: 1812   in FES: 238
** Event #9347328   t=293.5727007344   Elapsed: 696.054s (11m 36s)  58% completed  (29% total)
     Speed:     ev/sec=17998.1   simsec/sec=0.508368   ev/simsec=35403.7
     Messages:  created: 8706670   present: 1827   in FES: 199
** Event #9383424   t=294.699735054477   Elapsed: 698.062s (11m 38s)  58% completed  (29% total)
     Speed:     ev/sec=17979.9   simsec/sec=0.561391   ev/simsec=32027.4
     Messages:  created: 8741555   present: 1793   in FES: 207
** Event #9433600   t=296.093946311988   Elapsed: 700.065s (11m 40s)  59% completed  (29% total)
     Speed:     ev/sec=25042.7   simsec/sec=0.695847   ev/simsec=35988.8
     Messages:  created: 8791815   present: 1803   in FES: 189
** Event #9474304   t=297.529933043377   Elapsed: 702.075s (11m 42s)  59% completed  (29% total)
     Speed:     ev/sec=20257   simsec/sec=0.714642   ev/simsec=28345.7
     Messages:  created: 8832624   present: 1748   in FES: 169
** Event #9513216   t=298.557112763752   Elapsed: 704.081s (11m 44s)  59% completed  (29% total)
     Speed:     ev/sec=19396.2   simsec/sec=0.512011   ev/simsec=37882.4
     Messages:  created: 8871899   present: 1803   in FES: 186
** Event #9550080   t=299.574979116594   Elapsed: 706.094s (11m 46s)  59% completed  (29% total)
     Speed:     ev/sec=18309.4   simsec/sec=0.505547   ev/simsec=36216.9
     Messages:  created: 8908208   present: 1845   in FES: 202
** Event #9586688   t=300.603344698113   Elapsed: 708.116s (11m 48s)  60% completed  (30% total)
     Speed:     ev/sec=18109.2   simsec/sec=0.50871   ev/simsec=35598.2
     Messages:  created: 8944160   present: 1840   in FES: 206
** Event #9627136   t=302.010948975805   Elapsed: 710.118s (11m 50s)  60% completed  (30% total)
     Speed:     ev/sec=20202.4   simsec/sec=0.703052   ev/simsec=28735.3
     Messages:  created: 8985210   present: 1828   in FES: 195
** Event #9672192   t=303.084953216576   Elapsed: 712.12s (11m 52s)  60% completed  (30% total)
     Speed:     ev/sec=22504.9   simsec/sec=0.536451   ev/simsec=41951.4
     Messages:  created: 9028792   present: 1854   in FES: 206
** Event #9714432   t=304.519996266308   Elapsed: 714.144s (11m 54s)  60% completed  (30% total)
     Speed:     ev/sec=20865.5   simsec/sec=0.708875   ev/simsec=29434.7
     Messages:  created: 9071227   present: 1844   in FES: 203
** Event #9751552   t=305.539416248317   Elapsed: 716.157s (11m 56s)  61% completed  (30% total)
     Speed:     ev/sec=18441.5   simsec/sec=0.506455   ev/simsec=36412.9
     Messages:  created: 9107901   present: 1832   in FES: 196
** Event #9785600   t=306.535925796022   Elapsed: 718.161s (11m 58s)  61% completed  (30% total)
     Speed:     ev/sec=16991.6   simsec/sec=0.497306   ev/simsec=34167.3
     Messages:  created: 9140815   present: 1857   in FES: 206
** Event #9820672   t=307.568566382898   Elapsed: 720.174s (12m 00s)  61% completed  (30% total)
     Speed:     ev/sec=17420.6   simsec/sec=0.512923   ev/simsec=33963.4
     Messages:  created: 9175025   present: 1892   in FES: 213
** Event #9859584   t=309.0188813512   Elapsed: 722.174s (12m 02s)  61% completed  (30% total)
     Speed:     ev/sec=19455   simsec/sec=0.725121   ev/simsec=26830
     Messages:  created: 9213580   present: 1804   in FES: 183
** Event #9901056   t=310.093486715294   Elapsed: 724.175s (12m 04s)  62% completed  (31% total)
     Speed:     ev/sec=20725.4   simsec/sec=0.537028   ev/simsec=38592.8
     Messages:  created: 9252534   present: 1836   in FES: 206
** Event #9940224   t=311.529860783228   Elapsed: 726.204s (12m 06s)  62% completed  (31% total)
     Speed:     ev/sec=19307.6   simsec/sec=0.708052   ev/simsec=27268.7
     Messages:  created: 9291067   present: 1839   in FES: 190
** Event #9974528   t=312.545766285616   Elapsed: 728.214s (12m 08s)  62% completed  (31% total)
     Speed:     ev/sec=17071.6   simsec/sec=0.505573   ev/simsec=33766.9
     Messages:  created: 9323831   present: 1856   in FES: 192
** Event #10010112   t=313.573602071186   Elapsed: 730.232s (12m 10s)  62% completed  (31% total)
     Speed:     ev/sec=17624.9   simsec/sec=0.509092   ev/simsec=34620.3
     Messages:  created: 9358147   present: 1847   in FES: 191
** Event #10044928   t=314.601473966674   Elapsed: 732.24s (12m 12s)  62% completed  (31% total)
     Speed:     ev/sec=17342.4   simsec/sec=0.512001   ev/simsec=33871.9
     Messages:  created: 9391408   present: 1866   in FES: 194
** Event #10097408   t=316.460695663997   Elapsed: 734.241s (12m 14s)  63% completed  (31% total)
     Speed:     ev/sec=26234   simsec/sec=0.929397   ev/simsec=28226.9
     Messages:  created: 9443648   present: 1901   in FES: 207
** Event #10135552   t=317.544806048671   Elapsed: 736.26s (12m 16s)  63% completed  (31% total)
     Speed:     ev/sec=18885.3   simsec/sec=0.53675   ev/simsec=35184.6
     Messages:  created: 9481714   present: 1866   in FES: 190
** Event #10170880   t=318.566401006156   Elapsed: 738.282s (12m 18s)  63% completed  (31% total)
     Speed:     ev/sec=17472.4   simsec/sec=0.505257   ev/simsec=34581.2
     Messages:  created: 9515644   present: 1895   in FES: 197
** Event #10205440   t=319.597801541599   Elapsed: 740.295s (12m 20s)  63% completed  (31% total)
     Speed:     ev/sec=17170.6   simsec/sec=0.512434   ev/simsec=33507.8
     Messages:  created: 9548738   present: 1871   in FES: 191
** Event #10246656   t=321.026351069656   Elapsed: 742.297s (12m 22s)  64% completed  (32% total)
     Speed:     ev/sec=20589   simsec/sec=0.713617   ev/simsec=28851.6
     Messages:  created: 9589821   present: 1881   in FES: 192
** Event #10293760   t=322.515482924429   Elapsed: 744.323s (12m 24s)  64% completed  (32% total)
     Speed:     ev/sec=23246.2   simsec/sec=0.7349   ev/simsec=31631.9
     Messages:  created: 9635576   present: 1885   in FES: 192
** Event #10327808   t=323.523982366878   Elapsed: 746.323s (12m 26s)  64% completed  (32% total)
     Speed:     ev/sec=17021.1   simsec/sec=0.504163   ev/simsec=33761
     Messages:  created: 9667901   present: 1930   in FES: 203
** Event #10361856   t=324.537868371827   Elapsed: 748.337s (12m 28s)  64% completed  (32% total)
     Speed:     ev/sec=16909.6   simsec/sec=0.503536   ev/simsec=33581.7
     Messages:  created: 9700593   present: 1921   in FES: 198
** Event #10396160   t=325.556273271341   Elapsed: 750.347s (12m 30s)  65% completed  (32% total)
     Speed:     ev/sec=17068.3   simsec/sec=0.506718   ev/simsec=33684
     Messages:  created: 9733462   present: 1942   in FES: 204
** Event #10430464   t=326.572291330131   Elapsed: 752.36s (12m 32s)  65% completed  (32% total)
     Speed:     ev/sec=17038.4   simsec/sec=0.504643   ev/simsec=33763.2
     Messages:  created: 9766391   present: 1875   in FES: 181
** Event #10465024   t=327.603721967502   Elapsed: 754.364s (12m 34s)  65% completed  (32% total)
     Speed:     ev/sec=17249.8   simsec/sec=0.514813   ev/simsec=33506.9
     Messages:  created: 9799522   present: 1923   in FES: 197
** Event #10506752   t=329.034539337199   Elapsed: 756.368s (12m 36s)  65% completed  (32% total)
     Speed:     ev/sec=20822.6   simsec/sec=0.713988   ev/simsec=29163.7
     Messages:  created: 9841075   present: 1901   in FES: 186
** Event #10551552   t=330.303585545943   Elapsed: 758.369s (12m 38s)  66% completed  (33% total)
     Speed:     ev/sec=22380.2   simsec/sec=0.633963   ev/simsec=35302.1
     Messages:  created: 9884940   present: 1917   in FES: 245
** Event #10588416   t=331.529498979492   Elapsed: 760.373s (12m 40s)  66% completed  (33% total)
     Speed:     ev/sec=18402.7   simsec/sec=0.611981   ev/simsec=30070.6
     Messages:  created: 9921178   present: 1858   in FES: 171
** Event #10625792   t=332.533124066946   Elapsed: 762.382s (12m 42s)  66% completed  (33% total)
     Speed:     ev/sec=18602.5   simsec/sec=0.499517   ev/simsec=37241
     Messages:  created: 9958288   present: 1953   in FES: 198
** Event #10661632   t=333.540262075299   Elapsed: 764.392s (12m 44s)  66% completed  (33% total)
     Speed:     ev/sec=17829   simsec/sec=0.501011   ev/simsec=35586
     Messages:  created: 9993466   present: 1929   in FES: 190
** Event #10698240   t=334.543762176865   Elapsed: 766.397s (12m 46s)  66% completed  (33% total)
     Speed:     ev/sec=18253.8   simsec/sec=0.500373   ev/simsec=36480.3
     Messages:  created: 10029800   present: 1947   in FES: 192
** Event #10734336   t=335.544282367764   Elapsed: 768.42s (12m 48s)  67% completed  (33% total)
     Speed:     ev/sec=17848.3   simsec/sec=0.494725   ev/simsec=36077.2
     Messages:  created: 10065433   present: 1893   in FES: 172
** Event #10773248   t=336.566084813126   Elapsed: 770.438s (12m 50s)  67% completed  (33% total)
     Speed:     ev/sec=19279.3   simsec/sec=0.506262   ev/simsec=38081.7
     Messages:  created: 10104854   present: 1913   in FES: 181
** Event #10810112   t=337.60364765993   Elapsed: 772.456s (12m 52s)  67% completed  (33% total)
     Speed:     ev/sec=18270.1   simsec/sec=0.514225   ev/simsec=35529.4
     Messages:  created: 10141423   present: 1953   in FES: 206
** Event #10846208   t=338.699513781989   Elapsed: 774.464s (12m 54s)  67% completed  (33% total)
     Speed:     ev/sec=17974.5   simsec/sec=0.545702   ev/simsec=32938.3
     Messages:  created: 10176762   present: 1966   in FES: 206
** Event #10886656   t=340.015974660515   Elapsed: 776.465s (12m 56s)  68% completed  (34% total)
     Speed:     ev/sec=20218.2   simsec/sec=0.658041   ev/simsec=30724.8
     Messages:  created: 10217657   present: 1947   in FES: 190
** Event #10925312   t=341.03248959004   Elapsed: 778.47s (12m 58s)  68% completed  (34% total)
     Speed:     ev/sec=19281   simsec/sec=0.507022   ev/simsec=38028
     Messages:  created: 10255816   present: 1904   in FES: 173
** Event #10956544   t=341.803272570125   Elapsed: 780.47s (13m 00s)  68% completed  (34% total)
     Speed:     ev/sec=15615.7   simsec/sec=0.385384   ev/simsec=40519.8
     Messages:  created: 10286600   present: 1960   in FES: 206
** Event #10991104   t=342.608978044215   Elapsed: 782.499s (13m 02s)  68% completed  (34% total)
     Speed:     ev/sec=17033.3   simsec/sec=0.397102   ev/simsec=42894.1
     Messages:  created: 10319646   present: 1848   in FES: 157
** Event #11027712   t=343.595842308513   Elapsed: 784.524s (13m 04s)  68% completed  (34% total)
     Speed:     ev/sec=18075.7   simsec/sec=0.487276   ev/simsec=37095.3
     Messages:  created: 10355635   present: 1919   in FES: 180
** Event #11064832   t=344.60320776997   Elapsed: 786.543s (13m 06s)  68% completed  (34% total)
     Speed:     ev/sec=18386.1   simsec/sec=0.498964   ev/simsec=36848.6
     Messages:  created: 10392375   present: 1946   in FES: 187
** Event #11100672   t=345.584884877827   Elapsed: 788.573s (13m 08s)  69% completed  (34% total)
     Speed:     ev/sec=17650.4   simsec/sec=0.483455   ev/simsec=36508.9
     Messages:  created: 10427680   present: 1955   in FES: 206
** Event #11137024   t=346.565461608718   Elapsed: 790.578s (13m 10s)  69% completed  (34% total)
     Speed:     ev/sec=18133.9   simsec/sec=0.489152   ev/simsec=37072.1
     Messages:  created: 10463647   present: 1985   in FES: 198
** Event #11176192   t=347.562711519211   Elapsed: 792.601s (13m 12s)  69% completed  (34% total)
     Speed:     ev/sec=19358.2   simsec/sec=0.492876   ev/simsec=39276
     Messages:  created: 10503315   present: 1920   in FES: 177
** Event #11212544   t=348.555167992595   Elapsed: 794.616s (13m 14s)  69% completed  (34% total)
     Speed:     ev/sec=18040.3   simsec/sec=0.492524   ev/simsec=36628.3
     Messages:  created: 10539067   present: 1965   in FES: 190
** Event #11247872   t=349.543630949384   Elapsed: 796.644s (13m 16s)  69% completed  (34% total)
     Speed:     ev/sec=17424.4   simsec/sec=0.487528   ev/simsec=35740.3
     Messages:  created: 10573179   present: 1970   in FES: 193
** Event #11283968   t=350.540417118154   Elapsed: 798.669s (13m 18s)  70% completed  (35% total)
     Speed:     ev/sec=17820   simsec/sec=0.492097   ev/simsec=36212.4
     Messages:  created: 10608433   present: 1975   in FES: 196
** Event #11319040   t=351.525861187099   Elapsed: 800.693s (13m 20s)  70% completed  (35% total)
     Speed:     ev/sec=17331.8   simsec/sec=0.486985   ev/simsec=35590
     Messages:  created: 10642038   present: 1944   in FES: 187
** Event #11350016   t=352.210377264407   Elapsed: 802.695s (13m 22s)  70% completed  (35% total)
     Speed:     ev/sec=15472.8   simsec/sec=0.341921   ev/simsec=45252.4
     Messages:  created: 10670171   present: 1996   in FES: 206
** Event #11367168   t=352.625654701178   Elapsed: 804.696s (13m 24s)  70% completed  (35% total)
     Speed:     ev/sec=8569.29   simsec/sec=0.207476   ev/simsec=41302.5
     Messages:  created: 10686020   present: 1943   in FES: 190
** Event #11403008   t=353.604821472829   Elapsed: 806.697s (13m 26s)  70% completed  (35% total)
     Speed:     ev/sec=17917.3   simsec/sec=0.489509   ev/simsec=36602.5
     Messages:  created: 10721102   present: 1995   in FES: 204
** Event #11437824   t=354.590169953438   Elapsed: 808.714s (13m 28s)  70% completed  (35% total)
     Speed:     ev/sec=17257.2   simsec/sec=0.488408   ev/simsec=35333.7
     Messages:  created: 10754918   present: 1870   in FES: 163
** Event #11475968   t=355.566010024115   Elapsed: 810.732s (13m 30s)  71% completed  (35% total)
     Speed:     ev/sec=18904.8   simsec/sec=0.483643   ev/simsec=39088.4
     Messages:  created: 10793000   present: 1917   in FES: 178
** Event #11511808   t=356.552381671163   Elapsed: 812.736s (13m 32s)  71% completed  (35% total)
     Speed:     ev/sec=17880   simsec/sec=0.492084   ev/simsec=36335.2
     Messages:  created: 10828129   present: 1976   in FES: 195
** Event #11547136   t=357.544804633004   Elapsed: 814.754s (13m 34s)  71% completed  (35% total)
     Speed:     ev/sec=17511.1   simsec/sec=0.491917   ev/simsec=35597.7
     Messages:  created: 10862734   present: 1991   in FES: 206
** Event #11586560   t=358.531648773789   Elapsed: 816.782s (13m 36s)  71% completed  (35% total)
     Speed:     ev/sec=19441.9   simsec/sec=0.48666   ev/simsec=39949.6
     Messages:  created: 10902961   present: 1955   in FES: 192
** Event #11622656   t=359.511225549605   Elapsed: 818.809s (13m 38s)  71% completed  (35% total)
     Speed:     ev/sec=17808   simsec/sec=0.483275   ev/simsec=36848.6
     Messages:  created: 10938548   present: 1926   in FES: 183
** Event #11649792   t=360.056051114892   Elapsed: 820.811s (13m 40s)  72% completed  (36% total)
     Speed:     ev/sec=13550.9   simsec/sec=0.272069   ev/simsec=49806.8
     Messages:  created: 10964249   present: 2006   in FES: 203
** Event #11674368   t=360.710589858501   Elapsed: 822.815s (13m 42s)  72% completed  (36% total)
     Speed:     ev/sec=12261.9   simsec/sec=0.326575   ev/simsec=37547.1
     Messages:  created: 10987916   present: 1992   in FES: 243
** Event #11710208   t=361.608957343326   Elapsed: 824.844s (13m 44s)  72% completed  (36% total)
     Speed:     ev/sec=17666.6   simsec/sec=0.442833   ev/simsec=39894.6
     Messages:  created: 11023226   present: 1916   in FES: 179
** Event #11748096   t=362.598126178227   Elapsed: 826.849s (13m 46s)  72% completed  (36% total)
     Speed:     ev/sec=18896.3   simsec/sec=0.493339   ev/simsec=38302.9
     Messages:  created: 11061510   present: 1983   in FES: 206
** Event #11784960   t=363.600601190835   Elapsed: 828.875s (13m 48s)  72% completed  (36% total)
     Speed:     ev/sec=18196.3   simsec/sec=0.494828   ev/simsec=36773
     Messages:  created: 11098355   present: 1967   in FES: 196
** Event #11821312   t=364.601270828927   Elapsed: 830.908s (13m 50s)  72% completed  (36% total)
     Speed:     ev/sec=17880.4   simsec/sec=0.492198   ev/simsec=36327.7
     Messages:  created: 11134596   present: 1993   in FES: 204
** Event #11857152   t=365.60316418228   Elapsed: 832.92s (13m 52s)  73% completed  (36% total)
     Speed:     ev/sec=17815.5   simsec/sec=0.498025   ev/simsec=35772.3
     Messages:  created: 11170198   present: 1928   in FES: 183
** Event #11894272   t=366.604418776598   Elapsed: 834.945s (13m 54s)  73% completed  (36% total)
     Speed:     ev/sec=18331   simsec/sec=0.494451   ev/simsec=37073.5
     Messages:  created: 11207150   present: 1958   in FES: 191
** Event #11934208   t=367.601264730365   Elapsed: 836.966s (13m 56s)  73% completed  (36% total)
     Speed:     ev/sec=19762.4   simsec/sec=0.49329   ev/simsec=40062.4
     Messages:  created: 11248326   present: 1866   in FES: 161
** Event #11971584   t=368.750090913299   Elapsed: 838.967s (13m 58s)  73% completed  (36% total)
     Speed:     ev/sec=18673   simsec/sec=0.573953   ev/simsec=32534.1
     Messages:  created: 11285923   present: 1894   in FES: 208
** Event #12020992   t=370.06192809165   Elapsed: 840.969s (14m 00s)  74% completed  (37% total)
     Speed:     ev/sec=24687.7   simsec/sec=0.655485   ev/simsec=37663.2
     Messages:  created: 11336272   present: 1976   in FES: 193
** Event #12065536   t=371.517206578158   Elapsed: 842.997s (14m 02s)  74% completed  (37% total)
     Speed:     ev/sec=21958.3   simsec/sec=0.71739   ev/simsec=30608.6
     Messages:  created: 11382354   present: 1866   in FES: 163
** Event #12103680   t=372.524040674463   Elapsed: 845.008s (14m 05s)  74% completed  (37% total)
     Speed:     ev/sec=18971.9   simsec/sec=0.500776   ev/simsec=37885.1
     Messages:  created: 11420819   present: 1939   in FES: 186
** Event #12139008   t=373.525929564955   Elapsed: 847.036s (14m 07s)  74% completed  (37% total)
     Speed:     ev/sec=17417.2   simsec/sec=0.493946   ev/simsec=35261.4
     Messages:  created: 11455827   present: 1952   in FES: 189
** Event #12175616   t=374.539749105209   Elapsed: 849.047s (14m 09s)  74% completed  (37% total)
     Speed:     ev/sec=18203.1   simsec/sec=0.504114   ev/simsec=36109
     Messages:  created: 11492473   present: 1964   in FES: 206
** Event #12212992   t=375.548230607341   Elapsed: 851.062s (14m 11s)  75% completed  (37% total)
     Speed:     ev/sec=18552   simsec/sec=0.50057   ev/simsec=37061.7
     Messages:  created: 11529948   present: 1953   in FES: 186
** Event #12251392   t=376.561930190203   Elapsed: 853.065s (14m 13s)  75% completed  (37% total)
     Speed:     ev/sec=19172.7   simsec/sec=0.506129   ev/simsec=37881
     Messages:  created: 11568938   present: 1999   in FES: 206
** Event #12288512   t=377.574078767978   Elapsed: 855.077s (14m 15s)  75% completed  (37% total)
     Speed:     ev/sec=18448.6   simsec/sec=0.503038   ev/simsec=36674.5
     Messages:  created: 11606005   present: 1957   in FES: 190
** Event #12325632   t=378.605264092595   Elapsed: 857.098s (14m 17s)  75% completed  (37% total)
     Speed:     ev/sec=18362.1   simsec/sec=0.510095   ev/simsec=35997.4
     Messages:  created: 11643335   present: 1919   in FES: 178
** Event #12363776   t=379.794434597672   Elapsed: 859.099s (14m 19s)  75% completed  (37% total)
     Speed:     ev/sec=19065.9   simsec/sec=0.594397   ev/simsec=32076.1
     Messages:  created: 11682070   present: 1947   in FES: 206
** Event #12402688   t=381.002031507816   Elapsed: 861.101s (14m 21s)  76% completed  (38% total)
     Speed:     ev/sec=19436.6   simsec/sec=0.603196   ev/simsec=32222.7
     Messages:  created: 11721793   present: 1962   in FES: 206
** Event #12446720   t=382.066510436139   Elapsed: 863.102s (14m 23s)  76% completed  (38% total)
     Speed:     ev/sec=22002.1   simsec/sec=0.531902   ev/simsec=41364.8
     Messages:  created: 11764037   present: 1968   in FES: 195
** Event #12489216   t=383.517263990369   Elapsed: 865.116s (14m 25s)  76% completed  (38% total)
     Speed:     ev/sec=21102.5   simsec/sec=0.72041   ev/simsec=29292.4
     Messages:  created: 11806712   present: 1990   in FES: 205
** Event #12524032   t=384.516391734144   Elapsed: 867.127s (14m 27s)  76% completed  (38% total)
     Speed:     ev/sec=17311.2   simsec/sec=0.496787   ev/simsec=34846.4
     Messages:  created: 11840142   present: 1974   in FES: 206
** Event #12558592   t=385.527926171828   Elapsed: 869.154s (14m 29s)  77% completed  (38% total)
     Speed:     ev/sec=17054   simsec/sec=0.499151   ev/simsec=34165.9
     Messages:  created: 11873444   present: 1904   in FES: 175
** Event #12593664   t=386.533904887474   Elapsed: 871.165s (14m 31s)  77% completed  (38% total)
     Speed:     ev/sec=17436.1   simsec/sec=0.500125   ev/simsec=34863.6
     Messages:  created: 11907475   present: 1942   in FES: 185
** Event #12627968   t=387.540774809363   Elapsed: 873.171s (14m 33s)  77% completed  (38% total)
     Speed:     ev/sec=17101.7   simsec/sec=0.501958   ev/simsec=34069.9
     Messages:  created: 11940396   present: 1913   in FES: 176
** Event #12662528   t=388.541864218789   Elapsed: 875.194s (14m 35s)  77% completed  (38% total)
     Speed:     ev/sec=17085   simsec/sec=0.494895   ev/simsec=34522.4
     Messages:  created: 11973721   present: 1953   in FES: 188
** Event #12697856   t=389.551357896912   Elapsed: 877.198s (14m 37s)  77% completed  (38% total)
     Speed:     ev/sec=17628.2   simsec/sec=0.503725   ev/simsec=34995.8
     Messages:  created: 12008005   present: 1954   in FES: 187
** Event #12733184   t=390.558128070419   Elapsed: 879.2s (14m 39s)  78% completed  (39% total)
     Speed:     ev/sec=17646   simsec/sec=0.502872   ev/simsec=35090.4
     Messages:  created: 12042287   present: 1987   in FES: 198
** Event #12768000   t=391.5666885243   Elapsed: 881.205s (14m 41s)  78% completed  (39% total)
     Speed:     ev/sec=17359.4   simsec/sec=0.502873   ev/simsec=34520.5
     Messages:  created: 12075686   present: 1857   in FES: 158
** Event #12803840   t=392.568910900938   Elapsed: 883.215s (14m 43s)  78% completed  (39% total)
     Speed:     ev/sec=17835.6   simsec/sec=0.498752   ev/simsec=35760.5
     Messages:  created: 12110676   present: 1984   in FES: 199
** Event #12840448   t=393.595172502744   Elapsed: 885.22s (14m 45s)  78% completed  (39% total)
     Speed:     ev/sec=18262.2   simsec/sec=0.511958   ev/simsec=35671.2
     Messages:  created: 12146561   present: 1989   in FES: 204
** Event #12883712   t=395.010896585578   Elapsed: 887.222s (14m 47s)  79% completed  (39% total)
     Speed:     ev/sec=21604.9   simsec/sec=0.706974   ev/simsec=30559.6
     Messages:  created: 12191728   present: 1995   in FES: 206
** Event #12930048   t=396.095651346719   Elapsed: 889.225s (14m 49s)  79% completed  (39% total)
     Speed:     ev/sec=23133.6   simsec/sec=0.541572   ev/simsec=42715.6
     Messages:  created: 12236326   present: 2004   in FES: 206
** Event #12970752   t=397.533002914728   Elapsed: 891.229s (14m 51s)  79% completed  (39% total)
     Speed:     ev/sec=20314.3   simsec/sec=0.717346   ev/simsec=28318.8
     Messages:  created: 12277969   present: 1895   in FES: 172
** Event #13006848   t=398.54860987331   Elapsed: 893.232s (14m 53s)  79% completed  (39% total)
     Speed:     ev/sec=18022.6   simsec/sec=0.507089   ev/simsec=35541.3
     Messages:  created: 12313278   present: 1949   in FES: 186
** Event #13041664   t=399.553119777488   Elapsed: 895.237s (14m 55s)  79% completed  (39% total)
     Speed:     ev/sec=17361.8   simsec/sec=0.500922   ev/simsec=34659.7
     Messages:  created: 12347307   present: 2002   in FES: 210
** Event #13077760   t=400.565693718911   Elapsed: 897.243s (14m 57s)  80% completed  (40% total)
     Speed:     ev/sec=17988.8   simsec/sec=0.504628   ev/simsec=35647.8
     Messages:  created: 12382436   present: 1907   in FES: 176
** Event #13113344   t=401.59813348818   Elapsed: 899.265s (14m 59s)  80% completed  (40% total)
     Speed:     ev/sec=17605.2   simsec/sec=0.510799   ev/simsec=34465.9
     Messages:  created: 12416815   present: 1946   in FES: 189
** Event #13153024   t=403.016442941783   Elapsed: 901.265s (15m 01s)  80% completed  (40% total)
     Speed:     ev/sec=19837   simsec/sec=0.709049   ev/simsec=27977
     Messages:  created: 12456563   present: 1983   in FES: 202
** Event #13201152   t=404.460252036315   Elapsed: 903.267s (15m 03s)  80% completed  (40% total)
     Speed:     ev/sec=24044.5   simsec/sec=0.721321   ev/simsec=33334
     Messages:  created: 12503167   present: 1971   in FES: 222
** Event #13237760   t=405.531049403905   Elapsed: 905.281s (15m 05s)  81% completed  (40% total)
     Speed:     ev/sec=18170.3   simsec/sec=0.531488   ev/simsec=34187.6
     Messages:  created: 12539077   present: 1880   in FES: 165
** Event #13273600   t=406.54076184179   Elapsed: 907.31s (15m 07s)  81% completed  (40% total)
     Speed:     ev/sec=17665.5   simsec/sec=0.497687   ev/simsec=35495.3
     Messages:  created: 12573978   present: 1919   in FES: 178
** Event #13308160   t=407.543088775802   Elapsed: 909.325s (15m 09s)  81% completed  (40% total)
     Speed:     ev/sec=17155.6   simsec/sec=0.497555   ev/simsec=34479.8
     Messages:  created: 12607544   present: 1932   in FES: 183
** Event #13343488   t=408.545912399499   Elapsed: 911.331s (15m 11s)  81% completed  (40% total)
     Speed:     ev/sec=17610.4   simsec/sec=0.49989   ev/simsec=35228.5
     Messages:  created: 12641903   present: 2012   in FES: 205
** Event #13379072   t=409.556152020797   Elapsed: 913.365s (15m 13s)  81% completed  (40% total)
     Speed:     ev/sec=17490.3   simsec/sec=0.496554   ev/simsec=35223.3
     Messages:  created: 12676545   present: 1890   in FES: 169
** Event #13414656   t=410.565907487642   Elapsed: 915.387s (15m 15s)  82% completed  (41% total)
     Speed:     ev/sec=17604   simsec/sec=0.499542   ev/simsec=35240.2
     Messages:  created: 12711146   present: 1922   in FES: 179
** Event #13451520   t=411.579886388594   Elapsed: 917.399s (15m 17s)  82% completed  (41% total)
     Speed:     ev/sec=18319.8   simsec/sec=0.503904   ev/simsec=36355.8
     Messages:  created: 12747870   present: 1988   in FES: 206
** Event #13487360   t=412.586673323709   Elapsed: 919.418s (15m 19s)  82% completed  (41% total)
     Speed:     ev/sec=17749.7   simsec/sec=0.49861   ev/simsec=35598.4
     Messages:  created: 12783155   present: 1980   in FES: 201
** Event #13523200   t=413.579873705878   Elapsed: 921.449s (15m 21s)  82% completed  (41% total)
     Speed:     ev/sec=17648.1   simsec/sec=0.489065   ev/simsec=36085.4
     Messages:  created: 12818420   present: 1879   in FES: 168
** Event #13559040   t=414.594081808632   Elapsed: 923.456s (15m 23s)  82% completed  (41% total)
     Speed:     ev/sec=17852.5   simsec/sec=0.505195   ev/simsec=35337.9
     Messages:  created: 12853761   present: 1887   in FES: 170
** Event #13594624   t=415.597113619915   Elapsed: 925.474s (15m 25s)  83% completed  (41% total)
     Speed:     ev/sec=17636.6   simsec/sec=0.497135   ev/simsec=35476.4
     Messages:  created: 12888740   present: 1938   in FES: 185
** Event #13629184   t=416.569019752145   Elapsed: 927.508s (15m 27s)  83% completed  (41% total)
     Speed:     ev/sec=16987.9   simsec/sec=0.477738   ev/simsec=35559
     Messages:  created: 12921992   present: 1915   in FES: 172
** Event #13662976   t=417.568331240529   Elapsed: 929.518s (15m 29s)  83% completed  (41% total)
     Speed:     ev/sec=16817   simsec/sec=0.497319   ev/simsec=33815.3
     Messages:  created: 12954732   present: 1991   in FES: 206
** Event #13697536   t=418.575109853281   Elapsed: 931.525s (15m 31s)  83% completed  (41% total)
     Speed:     ev/sec=17213.7   simsec/sec=0.501458   ev/simsec=34327.3
     Messages:  created: 12988040   present: 1993   in FES: 204
** Event #13731584   t=419.565989534998   Elapsed: 933.53s (15m 33s)  83% completed  (41% total)
     Speed:     ev/sec=16988.5   simsec/sec=0.494407   ev/simsec=34361.4
     Messages:  created: 13020796   present: 1988   in FES: 197
** Event #13766400   t=420.564524747188   Elapsed: 935.533s (15m 35s)  84% completed  (42% total)
     Speed:     ev/sec=17383.1   simsec/sec=0.498554   ev/simsec=34867.1
     Messages:  created: 13054050   present: 1854   in FES: 157
** Event #13800448   t=421.554161520174   Elapsed: 937.555s (15m 37s)  84% completed  (42% total)
     Speed:     ev/sec=16834.6   simsec/sec=0.489313   ev/simsec=34404.5
     Messages:  created: 13086589   present: 1882   in FES: 163
** Event #13833728   t=422.542975316801   Elapsed: 939.59s (15m 39s)  84% completed  (42% total)
     Speed:     ev/sec=16352.8   simsec/sec=0.485874   ev/simsec=33656.5
     Messages:  created: 13117979   present: 1898   in FES: 171
** Event #13868032   t=423.54197882377   Elapsed: 941.623s (15m 41s)  84% completed  (42% total)
     Speed:     ev/sec=16872.2   simsec/sec=0.491353   ev/simsec=34338.2
     Messages:  created: 13150782   present: 1983   in FES: 200
** Event #13903616   t=424.525559614222   Elapsed: 943.653s (15m 43s)  84% completed  (42% total)
     Speed:     ev/sec=17536.1   simsec/sec=0.484716   ev/simsec=36178
     Messages:  created: 13185290   present: 1920   in FES: 179
** Event #13938944   t=425.51534962518   Elapsed: 945.667s (15m 45s)  85% completed  (42% total)
     Speed:     ev/sec=17535.8   simsec/sec=0.491302   ev/simsec=35692.4
     Messages:  created: 13219815   present: 1980   in FES: 199
** Event #13971712   t=426.250710419379   Elapsed: 947.669s (15m 47s)  85% completed  (42% total)
     Speed:     ev/sec=16367.6   simsec/sec=0.367312   ev/simsec=44560.4
     Messages:  created: 13250830   present: 1998   in FES: 234
** Event #13998848   t=427.048513791753   Elapsed: 949.67s (15m 49s)  85% completed  (42% total)
     Speed:     ev/sec=13560.2   simsec/sec=0.398671   ev/simsec=34013.4
     Messages:  created: 13277588   present: 1962   in FES: 191
** Event #14030336   t=428.026353194979   Elapsed: 951.672s (15m 51s)  85% completed  (42% total)
     Speed:     ev/sec=15734   simsec/sec=0.488611   ev/simsec=32201.6
     Messages:  created: 13308806   present: 1855   in FES: 158
** Event #14060032   t=428.608464042105   Elapsed: 953.687s (15m 53s)  85% completed  (42% total)
     Speed:     ev/sec=14732.4   simsec/sec=0.28879   ev/simsec=51014.3
     Messages:  created: 13336569   present: 1853   in FES: 156
** Event #14095360   t=429.603345714212   Elapsed: 955.688s (15m 55s)  85% completed  (42% total)
     Speed:     ev/sec=17660.9   simsec/sec=0.497353   ev/simsec=35509.8
     Messages:  created: 13371454   present: 1889   in FES: 168
** Event #14130944   t=430.601704327027   Elapsed: 957.692s (15m 57s)  86% completed  (43% total)
     Speed:     ev/sec=17755.3   simsec/sec=0.498149   ev/simsec=35642.5
     Messages:  created: 13406560   present: 1962   in FES: 193
** Event #14166784   t=431.601704594972   Elapsed: 959.712s (15m 59s)  86% completed  (43% total)
     Speed:     ev/sec=17743.6   simsec/sec=0.495078   ev/simsec=35840
     Messages:  created: 13441929   present: 1940   in FES: 187
** Event #14201856   t=432.599104804867   Elapsed: 961.733s (16m 01s)  86% completed  (43% total)
     Speed:     ev/sec=17350.8   simsec/sec=0.493433   ev/simsec=35163.4
     Messages:  created: 13475976   present: 1984   in FES: 201
** Event #14236160   t=433.592869210871   Elapsed: 963.756s (16m 03s)  86% completed  (43% total)
     Speed:     ev/sec=16957   simsec/sec=0.491234   ev/simsec=34519.2
     Messages:  created: 13508890   present: 1940   in FES: 187
** Event #14270720   t=434.592522350571   Elapsed: 965.784s (16m 05s)  86% completed  (43% total)
     Speed:     ev/sec=17042   simsec/sec=0.492942   ev/simsec=34572
     Messages:  created: 13542378   present: 1967   in FES: 196
** Event #14304768   t=435.59534293535   Elapsed: 967.81s (16m 07s)  87% completed  (43% total)
     Speed:     ev/sec=16802.8   simsec/sec=0.494895   ev/simsec=33952.2
     Messages:  created: 13575409   present: 1960   in FES: 195
** Event #14338560   t=436.576991620537   Elapsed: 969.812s (16m 09s)  87% completed  (43% total)
     Speed:     ev/sec=16879.5   simsec/sec=0.490345   ev/simsec=34423.7
     Messages:  created: 13607811   present: 1957   in FES: 192
** Event #14373376   t=437.560515426057   Elapsed: 971.822s (16m 11s)  87% completed  (43% total)
     Speed:     ev/sec=17327   simsec/sec=0.489473   ev/simsec=35399.2
     Messages:  created: 13641552   present: 1993   in FES: 206
** Event #14408704   t=438.552856305034   Elapsed: 973.833s (16m 13s)  87% completed  (43% total)
     Speed:     ev/sec=17559.7   simsec/sec=0.493241   ev/simsec=35600.7
     Messages:  created: 13675959   present: 2003   in FES: 206
** Event #14448384   t=439.555528184709   Elapsed: 975.854s (16m 15s)  87% completed  (43% total)
     Speed:     ev/sec=19638.4   simsec/sec=0.496241   ev/simsec=39574.3
     Messages:  created: 13716586   present: 1993   in FES: 196
** Event #14483200   t=440.554684339462   Elapsed: 977.868s (16m 17s)  88% completed  (44% total)
     Speed:     ev/sec=17285.5   simsec/sec=0.496063   ev/simsec=34845.4
     Messages:  created: 13750580   present: 1965   in FES: 188
** Event #14517248   t=441.547014743163   Elapsed: 979.868s (16m 19s)  88% completed  (44% total)
     Speed:     ev/sec=17022.5   simsec/sec=0.496123   ev/simsec=34311.2
     Messages:  created: 13783384   present: 1934   in FES: 181
** Event #14553344   t=442.54176403298   Elapsed: 981.878s (16m 21s)  88% completed  (44% total)
     Speed:     ev/sec=17962   simsec/sec=0.495005   ev/simsec=36286.5
     Messages:  created: 13819351   present: 1971   in FES: 206
** Event #14589952   t=443.541278986653   Elapsed: 983.885s (16m 23s)  88% completed  (44% total)
     Speed:     ev/sec=18235.3   simsec/sec=0.497883   ev/simsec=36625.8
     Messages:  created: 13855628   present: 1964   in FES: 206
** Event #14626816   t=444.541753320974   Elapsed: 985.921s (16m 25s)  88% completed  (44% total)
     Speed:     ev/sec=18113.1   simsec/sec=0.491582   ev/simsec=36846.5
     Messages:  created: 13892318   present: 1972   in FES: 207
** Event #14662912   t=445.538681196335   Elapsed: 987.927s (16m 27s)  89% completed  (44% total)
     Speed:     ev/sec=17988.5   simsec/sec=0.496821   ev/simsec=36207.2
     Messages:  created: 13927930   present: 1985   in FES: 198
** Event #14699520   t=446.537271944108   Elapsed: 989.965s (16m 29s)  89% completed  (44% total)
     Speed:     ev/sec=17961.8   simsec/sec=0.48996   ev/simsec=36659.7
     Messages:  created: 13963935   present: 1894   in FES: 167
** Event #14737920   t=447.529997123641   Elapsed: 991.992s (16m 31s)  89% completed  (44% total)
     Speed:     ev/sec=18945.9   simsec/sec=0.489794   ev/simsec=38681.4
     Messages:  created: 14002328   present: 1959   in FES: 190
** Event #14774784   t=448.537011177812   Elapsed: 994.027s (16m 34s)  89% completed  (44% total)
     Speed:     ev/sec=18115.1   simsec/sec=0.494851   ev/simsec=36607.2
     Messages:  created: 14038935   present: 1997   in FES: 204
** Event #14811136   t=449.52991020568   Elapsed: 996.059s (16m 36s)  89% completed  (44% total)
     Speed:     ev/sec=17892.3   simsec/sec=0.488702   ev/simsec=36612
     Messages:  created: 14074715   present: 1853   in FES: 156
** Event #14847232   t=450.500725042655   Elapsed: 998.062s (16m 38s)  90% completed  (45% total)
     Speed:     ev/sec=18022.2   simsec/sec=0.484715   ev/simsec=37181.1
     Messages:  created: 14110237   present: 1948   in FES: 206
** Event #14865664   t=450.960876764427   Elapsed: 1000.06s (16m 40s)  90% completed  (45% total)
     Speed:     ev/sec=9215.55   simsec/sec=0.230065   ev/simsec=40056.4
     Messages:  created: 14128017   present: 1992   in FES: 207
** Event #14898944   t=451.598623886373   Elapsed: 1002.09s (16m 42s)  90% completed  (45% total)
     Speed:     ev/sec=16438   simsec/sec=0.315003   ev/simsec=52183.7
     Messages:  created: 14159438   present: 1956   in FES: 206
** Event #14935040   t=452.575140314711   Elapsed: 1004.09s (16m 44s)  90% completed  (45% total)
     Speed:     ev/sec=17973.6   simsec/sec=0.486246   ev/simsec=36964
     Messages:  created: 14194781   present: 1949   in FES: 188
** Event #14970112   t=453.553724159064   Elapsed: 1006.14s (16m 46s)  90% completed  (45% total)
     Speed:     ev/sec=17144.7   simsec/sec=0.478374   ev/simsec=35839.5
     Messages:  created: 14228465   present: 1885   in FES: 166
** Event #15004672   t=454.543974090706   Elapsed: 1008.18s (16m 48s)  90% completed  (45% total)
     Speed:     ev/sec=16972.5   simsec/sec=0.486314   ev/simsec=34900.3
     Messages:  created: 14261651   present: 2002   in FES: 203
** Event #15039488   t=455.524997247194   Elapsed: 1010.21s (16m 50s)  91% completed  (45% total)
     Speed:     ev/sec=17156.7   simsec/sec=0.483431   ev/simsec=35489.5
     Messages:  created: 14295416   present: 1907   in FES: 176
** Event #15070976   t=456.210019216415   Elapsed: 1012.21s (16m 52s)  91% completed  (45% total)
     Speed:     ev/sec=15729.4   simsec/sec=0.342193   ev/simsec=45966.4
     Messages:  created: 14324567   present: 1969   in FES: 206
** Event #15088640   t=456.59756211745   Elapsed: 1014.23s (16m 54s)  91% completed  (45% total)
     Speed:     ev/sec=8752.7   simsec/sec=0.192032   ev/simsec=45579.5
     Messages:  created: 14341285   present: 1896   in FES: 173
** Event #15122944   t=457.565370332604   Elapsed: 1016.23s (16m 56s)  91% completed  (45% total)
     Speed:     ev/sec=17128.8   simsec/sec=0.483251   ev/simsec=35445
     Messages:  created: 14374474   present: 1970   in FES: 195
** Event #15158016   t=458.557159787852   Elapsed: 1018.24s (16m 58s)  91% completed  (45% total)
     Speed:     ev/sec=17443.7   simsec/sec=0.493285   ev/simsec=35362.3
     Messages:  created: 14408411   present: 1924   in FES: 177
** Event #15192064   t=459.541463309253   Elapsed: 1020.25s (17m 00s)  91% completed  (45% total)
     Speed:     ev/sec=16941.6   simsec/sec=0.489769   ev/simsec=34591
     Messages:  created: 14440966   present: 1960   in FES: 206
** Event #15226880   t=460.522550871832   Elapsed: 1022.25s (17m 02s)  92% completed  (46% total)
     Speed:     ev/sec=17362.1   simsec/sec=0.489249   ev/simsec=35487.1
     Messages:  created: 14474662   present: 1984   in FES: 201
** Event #15249920   t=461.044668453928   Elapsed: 1024.26s (17m 04s)  92% completed  (46% total)
     Speed:     ev/sec=11513.7   simsec/sec=0.260917   ev/simsec=44128
     Messages:  created: 14496265   present: 1967   in FES: 250
** Event #15277312   t=461.593434481075   Elapsed: 1026.29s (17m 06s)  92% completed  (46% total)
     Speed:     ev/sec=13466.8   simsec/sec=0.269791   ev/simsec=49915.6
     Messages:  created: 14522049   present: 1938   in FES: 187
** Event #15312384   t=462.572379355945   Elapsed: 1028.31s (17m 08s)  92% completed  (46% total)
     Speed:     ev/sec=17357   simsec/sec=0.484476   ev/simsec=35826.3
     Messages:  created: 14556222   present: 1966   in FES: 195
** Event #15347200   t=463.556575800922   Elapsed: 1030.33s (17m 10s)  92% completed  (46% total)
     Speed:     ev/sec=17226.1   simsec/sec=0.486955   ev/simsec=35375.1
     Messages:  created: 14589900   present: 2002   in FES: 202
** Event #15381504   t=464.541971430353   Elapsed: 1032.36s (17m 12s)  92% completed  (46% total)
     Speed:     ev/sec=16929.7   simsec/sec=0.486313   ev/simsec=34812.4
     Messages:  created: 14622844   present: 1915   in FES: 174
** Event #15416320   t=465.532932187412   Elapsed: 1034.39s (17m 14s)  93% completed  (46% total)
     Speed:     ev/sec=17091.3   simsec/sec=0.486467   ev/simsec=35133.6
     Messages:  created: 14656566   present: 1956   in FES: 193
** Event #15444736   t=466.082366773355   Elapsed: 1036.4s (17m 16s)  93% completed  (46% total)
     Speed:     ev/sec=14202.4   simsec/sec=0.274609   ev/simsec=51718.6
     Messages:  created: 14682942   present: 1901   in FES: 174
** Event #15465472   t=466.60962354111   Elapsed: 1038.4s (17m 18s)  93% completed  (46% total)
     Speed:     ev/sec=10349   simsec/sec=0.263146   ev/simsec=39328.1
     Messages:  created: 14702591   present: 1856   in FES: 157
** Event #15500544   t=467.589153674144   Elapsed: 1040.41s (17m 20s)  93% completed  (46% total)
     Speed:     ev/sec=17409.8   simsec/sec=0.486241   ev/simsec=35804.9
     Messages:  created: 14736787   present: 1921   in FES: 180
** Event #15535872   t=468.578670203946   Elapsed: 1042.43s (17m 22s)  93% completed  (46% total)
     Speed:     ev/sec=17540   simsec/sec=0.491286   ev/simsec=35702.3
     Messages:  created: 14771471   present: 1957   in FES: 192
** Event #15571456   t=469.570374994169   Elapsed: 1044.44s (17m 24s)  93% completed  (46% total)
     Speed:     ev/sec=17655.8   simsec/sec=0.492055   ev/simsec=35881.6
     Messages:  created: 14806304   present: 1922   in FES: 179
** Event #15606272   t=470.559152717385   Elapsed: 1046.46s (17m 26s)  94% completed  (47% total)
     Speed:     ev/sec=17290.4   simsec/sec=0.491049   ev/simsec=35211.1
     Messages:  created: 14840383   present: 1931   in FES: 178
** Event #15641856   t=471.560375990709   Elapsed: 1048.46s (17m 28s)  94% completed  (47% total)
     Speed:     ev/sec=17764   simsec/sec=0.499823   ev/simsec=35540.5
     Messages:  created: 14875369   present: 1877   in FES: 160
** Event #15677952   t=472.564957910307   Elapsed: 1050.48s (17m 30s)  94% completed  (47% total)
     Speed:     ev/sec=17878.6   simsec/sec=0.497577   ev/simsec=35931.4
     Messages:  created: 14911087   present: 1890   in FES: 167
** Event #15713792   t=473.562111952768   Elapsed: 1052.49s (17m 32s)  94% completed  (47% total)
     Speed:     ev/sec=17783.2   simsec/sec=0.494772   ev/simsec=35942.3
     Messages:  created: 14946450   present: 2009   in FES: 204
** Event #15749632   t=474.563883294067   Elapsed: 1054.51s (17m 34s)  94% completed  (47% total)
     Speed:     ev/sec=17794.4   simsec/sec=0.497374   ev/simsec=35776.6
     Messages:  created: 14981440   present: 1940   in FES: 183
** Event #15785472   t=475.569167225894   Elapsed: 1056.51s (17m 36s)  95% completed  (47% total)
     Speed:     ev/sec=17890.1   simsec/sec=0.501803   ev/simsec=35651.6
     Messages:  created: 15016845   present: 1958   in FES: 191
** Event #15821056   t=476.572621108546   Elapsed: 1058.52s (17m 38s)  95% completed  (47% total)
     Speed:     ev/sec=17713   simsec/sec=0.4995   ev/simsec=35461.5
     Messages:  created: 15051860   present: 1996   in FES: 203
** Event #15857408   t=477.579512589144   Elapsed: 1060.52s (17m 40s)  95% completed  (47% total)
     Speed:     ev/sec=18134.1   simsec/sec=0.502286   ev/simsec=36103.2
     Messages:  created: 15088256   present: 1984   in FES: 206
** Event #15911680   t=478.559498577937   Elapsed: 1062.55s (17m 42s)  95% completed  (47% total)
     Speed:     ev/sec=26754.3   simsec/sec=0.483101   ev/simsec=55380.4
     Messages:  created: 15151282   present: 1862   in FES: 157
** Event #15948800   t=479.576690482095   Elapsed: 1064.57s (17m 44s)  95% completed  (47% total)
     Speed:     ev/sec=18390.5   simsec/sec=0.503951   ev/simsec=36492.6
     Messages:  created: 15188216   present: 1990   in FES: 207
** Event #15984384   t=480.591470406707   Elapsed: 1066.58s (17m 46s)  96% completed  (48% total)
     Speed:     ev/sec=17732.5   simsec/sec=0.505692   ev/simsec=35065.7
     Messages:  created: 15222677   present: 1951   in FES: 190
** Event #16021760   t=481.804005887403   Elapsed: 1068.58s (17m 48s)  96% completed  (48% total)
     Speed:     ev/sec=18658.2   simsec/sec=0.605301   ev/simsec=30824.7
     Messages:  created: 15260818   present: 1986   in FES: 248
** Event #16065024   t=483.053208384447   Elapsed: 1070.58s (17m 50s)  96% completed  (48% total)
     Speed:     ev/sec=21623.2   simsec/sec=0.624346   ev/simsec=34633.3
     Messages:  created: 15303624   present: 2000   in FES: 238
** Event #16103680   t=484.082366267917   Elapsed: 1072.59s (17m 52s)  96% completed  (48% total)
     Speed:     ev/sec=19294.8   simsec/sec=0.513694   ev/simsec=37560.8
     Messages:  created: 15340636   present: 1957   in FES: 186
** Event #16145920   t=485.511267800675   Elapsed: 1074.59s (17m 54s)  97% completed  (48% total)
     Speed:     ev/sec=21037   simsec/sec=0.711643   ev/simsec=29561.2
     Messages:  created: 15383471   present: 2014   in FES: 204
** Event #16180992   t=486.519264096874   Elapsed: 1076.59s (17m 56s)  97% completed  (48% total)
     Speed:     ev/sec=17533.1   simsec/sec=0.503914   ev/simsec=34793.8
     Messages:  created: 15417474   present: 2011   in FES: 199
** Event #16215296   t=487.533806079528   Elapsed: 1078.6s (17m 58s)  97% completed  (48% total)
     Speed:     ev/sec=17134.2   simsec/sec=0.506745   ev/simsec=33812.3
     Messages:  created: 15450242   present: 1836   in FES: 206
** Event #16249600   t=488.530606385094   Elapsed: 1080.6s (18m 00s)  97% completed  (48% total)
     Speed:     ev/sec=17141.8   simsec/sec=0.498104   ev/simsec=34414.1
     Messages:  created: 15482808   present: 1842   in FES: 204
** Event #16283648   t=489.530606486588   Elapsed: 1082.6s (18m 02s)  97% completed  (48% total)
     Speed:     ev/sec=16989.6   simsec/sec=0.498989   ev/simsec=34048
     Messages:  created: 15515016   present: 1824   in FES: 196
** Event #16317952   t=490.541498401666   Elapsed: 1084.62s (18m 04s)  98% completed  (49% total)
     Speed:     ev/sec=16957.4   simsec/sec=0.499711   ev/simsec=33934.4
     Messages:  created: 15547588   present: 1803   in FES: 187
** Event #16351488   t=491.538928372071   Elapsed: 1086.64s (18m 06s)  98% completed  (49% total)
     Speed:     ev/sec=16629   simsec/sec=0.49458   ev/simsec=33622.4
     Messages:  created: 15579136   present: 1814   in FES: 192
** Event #16387072   t=492.516127880914   Elapsed: 1088.67s (18m 08s)  98% completed  (49% total)
     Speed:     ev/sec=17559.4   simsec/sec=0.482213   ev/simsec=36414.3
     Messages:  created: 15613708   present: 1859   in FES: 206
** Event #16422912   t=493.508264212391   Elapsed: 1090.67s (18m 10s)  98% completed  (49% total)
     Speed:     ev/sec=17890.2   simsec/sec=0.495244   ev/simsec=36124.1
     Messages:  created: 15648454   present: 1797   in FES: 184
** Event #16451072   t=494.085006111348   Elapsed: 1092.68s (18m 12s)  98% completed  (49% total)
     Speed:     ev/sec=14039.4   simsec/sec=0.287539   ev/simsec=48826
     Messages:  created: 15673921   present: 1791   in FES: 183
** Event #16471552   t=494.749867703666   Elapsed: 1094.68s (18m 14s)  98% completed  (49% total)
     Speed:     ev/sec=10226.3   simsec/sec=0.331985   ev/simsec=30803.4
     Messages:  created: 15693533   present: 1810   in FES: 206
** Event #16503552   t=495.586466179658   Elapsed: 1096.7s (18m 16s)  99% completed  (49% total)
     Speed:     ev/sec=15821.7   simsec/sec=0.413639   ev/simsec=38250.1
     Messages:  created: 15723016   present: 1803   in FES: 187
** Event #16535808   t=496.566742799241   Elapsed: 1098.71s (18m 18s)  99% completed  (49% total)
     Speed:     ev/sec=16071.6   simsec/sec=0.488424   ev/simsec=32905
     Messages:  created: 15753154   present: 1858   in FES: 206
** Event #16567296   t=497.552912406682   Elapsed: 1100.75s (18m 20s)  99% completed  (49% total)
     Speed:     ev/sec=15424.9   simsec/sec=0.483092   ev/simsec=31929.6
     Messages:  created: 15781941   present: 1771   in FES: 169
** Event #16599296   t=498.543938215639   Elapsed: 1102.78s (18m 22s)  99% completed  (49% total)
     Speed:     ev/sec=15785.2   simsec/sec=0.488862   ev/simsec=32289.8
     Messages:  created: 15811196   present: 1783   in FES: 172
** Event #16630272   t=499.517242277146   Elapsed: 1104.79s (18m 24s)  99% completed  (49% total)
     Speed:     ev/sec=15376.3   simsec/sec=0.483142   ev/simsec=31825.6
     Messages:  created: 15839297   present: 1737   in FES: 158
** Event #16645712   t=500   Elapsed: 1106.7s (18m 26s)  100% completed  (50% total)
     Speed:     ev/sec=8076.27   simsec/sec=0.252467   ev/simsec=31989.5
     Messages:  created: 15853279   present: 1878   in FES: 206

<!> Simulation time limit reached -- at t=500s, event #16645712
undisposed object: (omnetpp::cMessage) FanetStressNetwork.uav[0].app.debugTimer -- check module destructor
undisposed object: (omnetpp::cMessage) FanetStressNetwork.uav[1].app.debugTimer -- check module destructor
undisposed object: (omnetpp::cMessage) FanetStressNetwork.uav[2].app.debugTimer -- check module destructor
undisposed object: (omnetpp::cMessage) FanetStressNetwork.uav[3].app.debugTimer -- check module destructor
undisposed object: (omnetpp::cMessage) FanetStressNetwork.uav[4].app.debugTimer -- check module destructor
undisposed object: (omnetpp::cMessage) FanetStressNetwork.uav[5].app.debugTimer -- check module destructor
undisposed object: (omnetpp::cMessage) FanetStressNetwork.uav[6].app.debugTimer -- check module destructor
undisposed object: (omnetpp::cMessage) FanetStressNetwork.uav[7].app.debugTimer -- check module destructor
undisposed object: (omnetpp::cMessage) FanetStressNetwork.uav[8].app.debugTimer -- check module destructor
undisposed object: (omnetpp::cMessage) FanetStressNetwork.uav[9].app.debugTimer -- check module destructor
undisposed object: (omnetpp::cMessage) FanetStressNetwork.uav[10].app.debugTimer -- check module destructor
undisposed object: (omnetpp::cMessage) FanetStressNetwork.uav[11].app.debugTimer -- check module destructor
undisposed object: (omnetpp::cMessage) FanetStressNetwork.uav[12].app.debugTimer -- check module destructor
undisposed object: (omnetpp::cMessage) FanetStressNetwork.uav[13].app.debugTimer -- check module destructor
undisposed object: (omnetpp::cMessage) FanetStressNetwork.uav[14].app.debugTimer -- check module destructor
undisposed object: (omnetpp::cMessage) FanetStressNetwork.uav[15].app.debugTimer -- check module destructor
undisposed object: (omnetpp::cMessage) FanetStressNetwork.uav[16].app.debugTimer -- check module destructor
undisposed object: (omnetpp::cMessage) FanetStressNetwork.uav[17].app.debugTimer -- check module destructor
undisposed object: (omnetpp::cMessage) FanetStressNetwork.uav[18].app.debugTimer -- check module destructor
undisposed object: (omnetpp::cMessage) FanetStressNetwork.uav[19].app.debugTimer -- check module destructor
undisposed object: (omnetpp::cMessage) FanetStressNetwork.uav[20].app.debugTimer -- check module destructor
undisposed object: (omnetpp::cMessage) FanetStressNetwork.uav[21].app.debugTimer -- check module destructor
undisposed object: (omnetpp::cMessage) FanetStressNetwork.uav[22].app.debugTimer -- check module destructor
undisposed object: (omnetpp::cMessage) FanetStressNetwork.uav[23].app.debugTimer -- check module destructor
undisposed object: (omnetpp::cMessage) FanetStressNetwork.uav[24].app.debugTimer -- check module destructor
undisposed object: (omnetpp::cMessage) FanetStressNetwork.uav[25].app.debugTimer -- check module destructor
undisposed object: (omnetpp::cMessage) FanetStressNetwork.uav[26].app.debugTimer -- check module destructor
undisposed object: (omnetpp::cMessage) FanetStressNetwork.uav[27].app.debugTimer -- check module destructor
undisposed object: (omnetpp::cMessage) FanetStressNetwork.uav[28].app.debugTimer -- check module destructor
undisposed object: (omnetpp::cMessage) FanetStressNetwork.uav[29].app.debugTimer -- check module destructor
undisposed object: (omnetpp::cMessage) FanetStressNetwork.uav[30].app.debugTimer -- check module destructor
undisposed object: (omnetpp::cMessage) FanetStressNetwork.uav[31].app.debugTimer -- check module destructor
undisposed object: (omnetpp::cMessage) FanetStressNetwork.uav[32].app.debugTimer -- check module destructor
undisposed object: (omnetpp::cMessage) FanetStressNetwork.uav[33].app.debugTimer -- check module destructor
undisposed object: (omnetpp::cMessage) FanetStressNetwork.uav[34].app.debugTimer -- check module destructor
undisposed object: (omnetpp::cMessage) FanetStressNetwork.uav[35].app.debugTimer -- check module destructor
undisposed object: (omnetpp::cMessage) FanetStressNetwork.uav[36].app.debugTimer -- check module destructor
undisposed object: (omnetpp::cMessage) FanetStressNetwork.uav[37].app.debugTimer -- check module destructor
undisposed object: (omnetpp::cMessage) FanetStressNetwork.uav[38].app.debugTimer -- check module destructor
undisposed object: (omnetpp::cMessage) FanetStressNetwork.uav[39].app.debugTimer -- check module destructor
undisposed object: (omnetpp::cMessage) FanetStressNetwork.uav[40].app.debugTimer -- check module destructor
undisposed object: (omnetpp::cMessage) FanetStressNetwork.uav[41].app.debugTimer -- check module destructor
undisposed object: (omnetpp::cMessage) FanetStressNetwork.uav[42].app.debugTimer -- check module destructor
undisposed object: (omnetpp::cMessage) FanetStressNetwork.uav[43].app.debugTimer -- check module destructor
undisposed object: (omnetpp::cMessage) FanetStressNetwork.uav[44].app.debugTimer -- check module destructor
undisposed object: (omnetpp::cMessage) FanetStressNetwork.uav[45].app.debugTimer -- check module destructor
undisposed object: (omnetpp::cMessage) FanetStressNetwork.uav[46].app.debugTimer -- check module destructor
undisposed object: (omnetpp::cMessage) FanetStressNetwork.uav[47].app.debugTimer -- check module destructor
undisposed object: (omnetpp::cMessage) FanetStressNetwork.uav[48].app.debugTimer -- check module destructor
undisposed object: (omnetpp::cMessage) FanetStressNetwork.uav[49].app.debugTimer -- check module destructor
