** Event #0   t=0   Elapsed: 6e-06s (0m 00s)  0% completed  (50% total)
     Speed:     ev/sec=0   simsec/sec=0   ev/simsec=0
     Messages:  created: 1781   present: 1781   in FES: 261
** Event #59392   t=2.505184957363   Elapsed: 2.00476s (0m 02s)  0% completed  (50% total)
     Speed:     ev/sec=29626   simsec/sec=1.24962   ev/simsec=23708
     Messages:  created: 54128   present: 1753   in FES: 176
** Event #90624   t=3.57231852462   Elapsed: 4.00724s (0m 04s)  0% completed  (50% total)
     Speed:     ev/sec=15596.7   simsec/sec=0.532907   ev/simsec=29267.2
     Messages:  created: 80952   present: 1804   in FES: 197
** Event #127488   t=5.075457285834   Elapsed: 6.00819s (0m 06s)  1% completed  (50% total)
     Speed:     ev/sec=18423.2   simsec/sec=0.751212   ev/simsec=24524.7
     Messages:  created: 111588   present: 1692   in FES: 157
** Event #159488   t=6.523522003577   Elapsed: 8.03596s (0m 08s)  1% completed  (50% total)
     Speed:     ev/sec=15780.9   simsec/sec=0.714116   ev/simsec=22098.5
     Messages:  created: 138664   present: 1824   in FES: 197
** Event #188928   t=7.577939397068   Elapsed: 10.0443s (0m 10s)  1% completed  (50% total)
     Speed:     ev/sec=14658.9   simsec/sec=0.52502   ev/simsec=27920.6
     Messages:  created: 163673   present: 1741   in FES: 172
** Event #220928   t=9.029336124177   Elapsed: 12.0454s (0m 12s)  1% completed  (50% total)
     Speed:     ev/sec=15991   simsec/sec=0.725289   ev/simsec=22047.7
     Messages:  created: 190470   present: 1759   in FES: 180
** Event #257792   t=10.530505740086   Elapsed: 14.0483s (0m 14s)  2% completed  (51% total)
     Speed:     ev/sec=18406   simsec/sec=0.749525   ev/simsec=24556.9
     Messages:  created: 221807   present: 1834   in FES: 205
** Event #286464   t=11.559230732254   Elapsed: 16.0774s (0m 16s)  2% completed  (51% total)
     Speed:     ev/sec=14130.2   simsec/sec=0.506977   ev/simsec=27871.4
     Messages:  created: 245544   present: 1828   in FES: 203
** Event #314368   t=12.585185700107   Elapsed: 18.1155s (0m 18s)  2% completed  (51% total)
     Speed:     ev/sec=13691.4   simsec/sec=0.503394   ev/simsec=27198.1
     Messages:  created: 268487   present: 1815   in FES: 198
** Event #342016   t=13.597459410025   Elapsed: 20.1421s (0m 20s)  2% completed  (51% total)
     Speed:     ev/sec=13642.2   simsec/sec=0.49948   ev/simsec=27312.8
     Messages:  created: 291422   present: 1814   in FES: 197
** Event #382208   t=15.519276246445   Elapsed: 22.1435s (0m 22s)  3% completed  (51% total)
     Speed:     ev/sec=20082.4   simsec/sec=0.960259   ev/simsec=20913.5
     Messages:  created: 325036   present: 1841   in FES: 206
** Event #410112   t=16.532188184776   Elapsed: 24.1618s (0m 24s)  3% completed  (51% total)
     Speed:     ev/sec=13825.5   simsec/sec=0.501865   ev/simsec=27548.3
     Messages:  created: 347837   present: 1784   in FES: 187
** Event #438016   t=17.552979947552   Elapsed: 26.1804s (0m 26s)  3% completed  (51% total)
     Speed:     ev/sec=13823.4   simsec/sec=0.50569   ev/simsec=27335.6
     Messages:  created: 370930   present: 1813   in FES: 198
** Event #465920   t=18.557014127167   Elapsed: 28.221s (0m 28s)  3% completed  (51% total)
     Speed:     ev/sec=13674.1   simsec/sec=0.492019   ev/simsec=27791.9
     Messages:  created: 393665   present: 1795   in FES: 206
** Event #494080   t=19.585169935278   Elapsed: 30.2265s (0m 30s)  3% completed  (51% total)
     Speed:     ev/sec=14041.2   simsec/sec=0.512661   ev/simsec=27388.8
     Messages:  created: 416985   present: 1811   in FES: 198
** Event #520960   t=20.594118804196   Elapsed: 32.2411s (0m 32s)  4% completed  (52% total)
     Speed:     ev/sec=13342.7   simsec/sec=0.500821   ev/simsec=26641.6
     Messages:  created: 438685   present: 1772   in FES: 183
** Event #548352   t=21.603253717743   Elapsed: 34.2649s (0m 34s)  4% completed  (52% total)
     Speed:     ev/sec=13535.5   simsec/sec=0.498655   ev/simsec=27144
     Messages:  created: 460970   present: 1738   in FES: 173
** Event #578560   t=23.022020533893   Elapsed: 36.2654s (0m 36s)  4% completed  (52% total)
     Speed:     ev/sec=15100.1   simsec/sec=0.709201   ev/simsec=21291.7
     Messages:  created: 485578   present: 1750   in FES: 175
** Event #613376   t=24.096844231574   Elapsed: 38.2654s (0m 38s)  4% completed  (52% total)
     Speed:     ev/sec=17407.4   simsec/sec=0.537393   ev/simsec=32392.3
     Messages:  created: 514219   present: 1801   in FES: 192
** Event #641536   t=25.515941413111   Elapsed: 40.2951s (0m 40s)  5% completed  (52% total)
     Speed:     ev/sec=13874.4   simsec/sec=0.699187   ev/simsec=19843.6
     Messages:  created: 537246   present: 1827   in FES: 202
** Event #668928   t=26.523414807761   Elapsed: 42.3141s (0m 42s)  5% completed  (52% total)
     Speed:     ev/sec=13567.2   simsec/sec=0.499   ev/simsec=27188.8
     Messages:  created: 559416   present: 1727   in FES: 166
** Event #697088   t=27.54030094869   Elapsed: 44.3265s (0m 44s)  5% completed  (52% total)
     Speed:     ev/sec=13992.7   simsec/sec=0.505291   ev/simsec=27692.4
     Messages:  created: 582963   present: 1842   in FES: 206
** Event #724224   t=28.551096404428   Elapsed: 46.3484s (0m 46s)  5% completed  (52% total)
     Speed:     ev/sec=13420.9   simsec/sec=0.499919   ev/simsec=26846.2
     Messages:  created: 605223   present: 1808   in FES: 195
** Event #752384   t=29.580931282941   Elapsed: 48.3785s (0m 48s)  5% completed  (52% total)
     Speed:     ev/sec=13871.9   simsec/sec=0.507308   ev/simsec=27344.2
     Messages:  created: 628503   present: 1741   in FES: 172
** Event #780032   t=30.597485534887   Elapsed: 50.4017s (0m 50s)  6% completed  (53% total)
     Speed:     ev/sec=13665.1   simsec/sec=0.502434   ev/simsec=27197.8
     Messages:  created: 651165   present: 1688   in FES: 157
** Event #807424   t=31.611944714381   Elapsed: 52.4103s (0m 52s)  6% completed  (53% total)
     Speed:     ev/sec=13637.1   simsec/sec=0.505049   ev/simsec=27001.6
     Messages:  created: 673469   present: 1732   in FES: 173
** Event #846848   t=33.509147388267   Elapsed: 54.4319s (0m 54s)  6% completed  (53% total)
     Speed:     ev/sec=19501.8   simsec/sec=0.938485   ev/simsec=20780.1
     Messages:  created: 706072   present: 1838   in FES: 205
** Event #872960   t=34.522967259997   Elapsed: 56.4589s (0m 56s)  6% completed  (53% total)
     Speed:     ev/sec=12882.3   simsec/sec=0.500167   ev/simsec=25756.1
     Messages:  created: 727252   present: 1830   in FES: 205
** Event #900608   t=35.526626367254   Elapsed: 58.4652s (0m 58s)  7% completed  (53% total)
     Speed:     ev/sec=13780.6   simsec/sec=0.500255   ev/simsec=27547.2
     Messages:  created: 750215   present: 1754   in FES: 175
** Event #928000   t=36.541495146033   Elapsed: 60.4938s (1m 00s)  7% completed  (53% total)
     Speed:     ev/sec=13502.7   simsec/sec=0.500271   ev/simsec=26990.7
     Messages:  created: 772560   present: 1798   in FES: 206
** Event #955648   t=37.556278793858   Elapsed: 62.522s (1m 02s)  7% completed  (53% total)
     Speed:     ev/sec=13632   simsec/sec=0.500344   ev/simsec=27245.2
     Messages:  created: 795102   present: 1810   in FES: 195
** Event #983552   t=38.578790574006   Elapsed: 64.5485s (1m 04s)  7% completed  (53% total)
     Speed:     ev/sec=13769.5   simsec/sec=0.50457   ev/simsec=27289.7
     Messages:  created: 818237   present: 1842   in FES: 206
** Event #1011456   t=39.605099870659   Elapsed: 66.5749s (1m 06s)  7% completed  (53% total)
     Speed:     ev/sec=13770.1   simsec/sec=0.506463   ev/simsec=27188.7
     Messages:  created: 841329   present: 1815   in FES: 206
** Event #1049600   t=41.097598182729   Elapsed: 68.5752s (1m 08s)  8% completed  (54% total)
     Speed:     ev/sec=19068.7   simsec/sec=0.746119   ev/simsec=25557.1
     Messages:  created: 872879   present: 1834   in FES: 206
** Event #1078272   t=42.526563475279   Elapsed: 70.6011s (1m 10s)  8% completed  (54% total)
     Speed:     ev/sec=14152.9   simsec/sec=0.705356   ev/simsec=20064.9
     Messages:  created: 896763   present: 1732   in FES: 169
** Event #1106944   t=43.563092813074   Elapsed: 72.6204s (1m 12s)  8% completed  (54% total)
     Speed:     ev/sec=14199   simsec/sec=0.513312   ev/simsec=27661.5
     Messages:  created: 920902   present: 1764   in FES: 181
** Event #1135872   t=44.691335845184   Elapsed: 74.6338s (1m 14s)  8% completed  (54% total)
     Speed:     ev/sec=14368.1   simsec/sec=0.56038   ev/simsec=25639.9
     Messages:  created: 945425   present: 1681   in FES: 155
** Event #1176064   t=46.541258258601   Elapsed: 76.6473s (1m 16s)  9% completed  (54% total)
     Speed:     ev/sec=19961.4   simsec/sec=0.918765   ev/simsec=21726.3
     Messages:  created: 979526   present: 1771   in FES: 184
** Event #1204992   t=47.576263448459   Elapsed: 78.6506s (1m 18s)  9% completed  (54% total)
     Speed:     ev/sec=14440.1   simsec/sec=0.516647   ev/simsec=27949.6
     Messages:  created: 1004200   present: 1792   in FES: 206
** Event #1245184   t=49.507307360002   Elapsed: 80.6631s (1m 20s)  9% completed  (54% total)
     Speed:     ev/sec=19971.3   simsec/sec=0.95953   ev/simsec=20813.6
     Messages:  created: 1038111   present: 1819   in FES: 200
** Event #1275136   t=50.569935007166   Elapsed: 82.6727s (1m 22s)  10% completed  (55% total)
     Speed:     ev/sec=14904.2   simsec/sec=0.528766   ev/simsec=28186.7
     Messages:  created: 1063548   present: 1781   in FES: 188
** Event #1308928   t=52.041966781528   Elapsed: 84.6762s (1m 24s)  10% completed  (55% total)
     Speed:     ev/sec=16866.7   simsec/sec=0.734741   ev/simsec=22956
     Messages:  created: 1092032   present: 1811   in FES: 198
** Event #1345792   t=53.557365087354   Elapsed: 86.6894s (1m 26s)  10% completed  (55% total)
     Speed:     ev/sec=18310.8   simsec/sec=0.752715   ev/simsec=24326.3
     Messages:  created: 1123418   present: 1771   in FES: 182
** Event #1387520   t=55.510090238125   Elapsed: 88.7047s (1m 28s)  11% completed  (55% total)
     Speed:     ev/sec=20705.6   simsec/sec=0.96895   ev/simsec=21369.1
     Messages:  created: 1159730   present: 1726   in FES: 169
** Event #1417728   t=56.558577475902   Elapsed: 90.7142s (1m 30s)  11% completed  (55% total)
     Speed:     ev/sec=15032.3   simsec/sec=0.521756   ev/simsec=28811
     Messages:  created: 1185515   present: 1803   in FES: 192
** Event #1458432   t=58.511174775212   Elapsed: 92.7188s (1m 32s)  11% completed  (55% total)
     Speed:     ev/sec=20305.5   simsec/sec=0.974067   ev/simsec=20846.1
     Messages:  created: 1220345   present: 1697   in FES: 160
** Event #1489408   t=59.569117386393   Elapsed: 94.7254s (1m 34s)  11% completed  (55% total)
     Speed:     ev/sec=15437   simsec/sec=0.527228   ev/simsec=29279.5
     Messages:  created: 1247021   present: 1738   in FES: 173
** Event #1529856   t=61.510218926162   Elapsed: 96.7528s (1m 36s)  12% completed  (56% total)
     Speed:     ev/sec=19951   simsec/sec=0.957452   ev/simsec=20837.7
     Messages:  created: 1281215   present: 1779   in FES: 188
** Event #1561088   t=62.57887804021   Elapsed: 98.7661s (1m 38s)  12% completed  (56% total)
     Speed:     ev/sec=15512.6   simsec/sec=0.530792   ev/simsec=29225.4
     Messages:  created: 1308442   present: 1989   in FES: 256
** Event #1602304   t=64.523656272691   Elapsed: 100.776s (1m 40s)  12% completed  (56% total)
     Speed:     ev/sec=20510.6   simsec/sec=0.967793   ev/simsec=21193.2
     Messages:  created: 1344313   present: 1826   in FES: 201
** Event #1633280   t=65.59856939492   Elapsed: 102.79s (1m 42s)  13% completed  (56% total)
     Speed:     ev/sec=15374   simsec/sec=0.533502   ev/simsec=28817.2
     Messages:  created: 1371043   present: 1801   in FES: 194
** Event #1673216   t=67.529891264662   Elapsed: 104.802s (1m 44s)  13% completed  (56% total)
     Speed:     ev/sec=19849   simsec/sec=0.959906   ev/simsec=20678.1
     Messages:  created: 1405205   present: 1742   in FES: 173
** Event #1704192   t=68.599908299523   Elapsed: 106.817s (1m 46s)  13% completed  (56% total)
     Speed:     ev/sec=15375.5   simsec/sec=0.531124   ev/simsec=28949.1
     Messages:  created: 1432265   present: 1801   in FES: 194
** Event #1744896   t=70.541255653705   Elapsed: 108.829s (1m 48s)  14% completed  (57% total)
     Speed:     ev/sec=20229.1   simsec/sec=0.964811   ev/simsec=20966.9
     Messages:  created: 1466814   present: 1987   in FES: 255
** Event #1776640   t=72.001089179674   Elapsed: 110.83s (1m 50s)  14% completed  (57% total)
     Speed:     ev/sec=15868.5   simsec/sec=0.729756   ev/simsec=21744.9
     Messages:  created: 1494168   present: 1805   in FES: 196
** Event #1816576   t=73.534270975241   Elapsed: 112.831s (1m 52s)  14% completed  (57% total)
     Speed:     ev/sec=19959.4   simsec/sec=0.766262   ev/simsec=26047.8
     Messages:  created: 1528024   present: 1695   in FES: 158
** Event #1849600   t=75.014799409633   Elapsed: 114.834s (1m 54s)  15% completed  (57% total)
     Speed:     ev/sec=16482.3   simsec/sec=0.738932   ev/simsec=22305.5
     Messages:  created: 1556566   present: 1718   in FES: 165
** Event #1888512   t=76.552059138492   Elapsed: 116.845s (1m 56s)  15% completed  (57% total)
     Speed:     ev/sec=19355.1   simsec/sec=0.764643   ev/simsec=25312.6
     Messages:  created: 1590567   present: 1807   in FES: 193
** Event #1919232   t=78.003049165757   Elapsed: 118.849s (1m 58s)  15% completed  (57% total)
     Speed:     ev/sec=15328.1   simsec/sec=0.723988   ev/simsec=21171.8
     Messages:  created: 1616577   present: 1744   in FES: 175
** Event #1958400   t=79.525279510853   Elapsed: 120.859s (2m 00s)  15% completed  (57% total)
     Speed:     ev/sec=19483.1   simsec/sec=0.757192   ev/simsec=25730.7
     Messages:  created: 1649604   present: 1835   in FES: 204
** Event #1987840   t=80.577773220343   Elapsed: 122.871s (2m 02s)  16% completed  (58% total)
     Speed:     ev/sec=14634.2   simsec/sec=0.523178   ev/simsec=27971.7
     Messages:  created: 1674305   present: 1822   in FES: 206
** Event #2017280   t=82.000254205972   Elapsed: 124.871s (2m 04s)  16% completed  (58% total)
     Speed:     ev/sec=14719.8   simsec/sec=0.711229   ev/simsec=20696.2
     Messages:  created: 1698647   present: 1803   in FES: 206
** Event #2056704   t=83.519346901881   Elapsed: 126.892s (2m 06s)  16% completed  (58% total)
     Speed:     ev/sec=19502.3   simsec/sec=0.751467   ev/simsec=25952.3
     Messages:  created: 1731352   present: 1805   in FES: 194
** Event #2086144   t=84.554136274101   Elapsed: 128.902s (2m 08s)  16% completed  (58% total)
     Speed:     ev/sec=14650.3   simsec/sec=0.514945   ev/simsec=28450.2
     Messages:  created: 1756230   present: 1806   in FES: 191
** Event #2114816   t=85.594479302913   Elapsed: 130.906s (2m 10s)  17% completed  (58% total)
     Speed:     ev/sec=14303.5   simsec/sec=0.518991   ev/simsec=27560.1
     Messages:  created: 1780199   present: 1798   in FES: 193
** Event #2154496   t=87.513050894145   Elapsed: 132.916s (2m 12s)  17% completed  (58% total)
     Speed:     ev/sec=19746.5   simsec/sec=0.954765   ev/simsec=20682.1
     Messages:  created: 1813536   present: 1953   in FES: 256
** Event #2182656   t=88.526182669237   Elapsed: 134.93s (2m 14s)  17% completed  (58% total)
     Speed:     ev/sec=13983.4   simsec/sec=0.503091   ev/simsec=27795
     Messages:  created: 1836894   present: 1822   in FES: 206
** Event #2210048   t=89.54439416008   Elapsed: 136.95s (2m 16s)  17% completed  (58% total)
     Speed:     ev/sec=13556.3   simsec/sec=0.503911   ev/simsec=26902.1
     Messages:  created: 1859325   present: 1724   in FES: 169
** Event #2237952   t=90.562622087238   Elapsed: 138.961s (2m 18s)  18% completed  (59% total)
     Speed:     ev/sec=13879.4   simsec/sec=0.506463   ev/simsec=27404.5
     Messages:  created: 1882224   present: 1708   in FES: 163
** Event #2265856   t=91.580402449741   Elapsed: 140.975s (2m 20s)  18% completed  (59% total)
     Speed:     ev/sec=13852.7   simsec/sec=0.505269   ev/simsec=27416.5
     Messages:  created: 1905189   present: 1814   in FES: 197
** Event #2293760   t=92.595637679616   Elapsed: 142.994s (2m 22s)  18% completed  (59% total)
     Speed:     ev/sec=13821.8   simsec/sec=0.502882   ev/simsec=27485.3
     Messages:  created: 1928087   present: 1735   in FES: 172
** Event #2332928   t=94.179676199234   Elapsed: 144.998s (2m 24s)  18% completed  (59% total)
     Speed:     ev/sec=19548.8   simsec/sec=0.790596   ev/simsec=24726.7
     Messages:  created: 1960303   present: 1681   in FES: 155
** Event #2360320   t=95.519133165828   Elapsed: 147.01s (2m 27s)  19% completed  (59% total)
     Speed:     ev/sec=13609.8   simsec/sec=0.665515   ev/simsec=20450.1
     Messages:  created: 1982558   present: 1792   in FES: 191
** Event #2387712   t=96.526022882384   Elapsed: 149.046s (2m 29s)  19% completed  (59% total)
     Speed:     ev/sec=13457.7   simsec/sec=0.494686   ev/simsec=27204.6
     Messages:  created: 2005046   present: 1825   in FES: 206
** Event #2414592   t=97.530220407243   Elapsed: 151.071s (2m 31s)  19% completed  (59% total)
     Speed:     ev/sec=13269   simsec/sec=0.495711   ev/simsec=26767.6
     Messages:  created: 2026778   present: 1825   in FES: 206
** Event #2441472   t=98.527143827005   Elapsed: 153.086s (2m 33s)  19% completed  (59% total)
     Speed:     ev/sec=13339.7   simsec/sec=0.494742   ev/simsec=26963
     Messages:  created: 2048347   present: 1818   in FES: 197
** Event #2468352   t=99.534300033159   Elapsed: 155.096s (2m 35s)  19% completed  (59% total)
     Speed:     ev/sec=13377.1   simsec/sec=0.50122   ev/simsec=26689
     Messages:  created: 2070054   present: 1804   in FES: 206
** Event #2496256   t=100.543482615579   Elapsed: 157.107s (2m 37s)  20% completed  (60% total)
     Speed:     ev/sec=13871.3   simsec/sec=0.501674   ev/simsec=27650.1
     Messages:  created: 2093768   present: 1828   in FES: 203
** Event #2532096   t=101.531389288116   Elapsed: 159.12s (2m 39s)  20% completed  (60% total)
     Speed:     ev/sec=17810.4   simsec/sec=0.490932   ev/simsec=36278.7
     Messages:  created: 2129426   present: 1795   in FES: 192
** Event #2569984   t=102.520064949754   Elapsed: 161.129s (2m 41s)  20% completed  (60% total)
     Speed:     ev/sec=18856.1   simsec/sec=0.492043   ev/simsec=38322
     Messages:  created: 2167973   present: 1827   in FES: 206
** Event #2606592   t=103.520235033996   Elapsed: 163.135s (2m 43s)  20% completed  (60% total)
     Speed:     ev/sec=18250   simsec/sec=0.498608   ev/simsec=36601.8
     Messages:  created: 2204717   present: 1811   in FES: 190
** Event #2641920   t=104.515868679703   Elapsed: 165.14s (2m 45s)  20% completed  (60% total)
     Speed:     ev/sec=17619.7   simsec/sec=0.496569   ev/simsec=35482.9
     Messages:  created: 2239285   present: 1845   in FES: 219
** Event #2678016   t=105.51517160115   Elapsed: 167.156s (2m 47s)  21% completed  (60% total)
     Speed:     ev/sec=17906.7   simsec/sec=0.49574   ev/simsec=36121.2
     Messages:  created: 2275093   present: 1752   in FES: 177
** Event #2714112   t=106.5090423552   Elapsed: 169.166s (2m 49s)  21% completed  (60% total)
     Speed:     ev/sec=17955.8   simsec/sec=0.494398   ev/simsec=36318.6
     Messages:  created: 2310612   present: 1684   in FES: 157
** Event #2749696   t=107.267566651052   Elapsed: 171.167s (2m 51s)  21% completed  (60% total)
     Speed:     ev/sec=17783   simsec/sec=0.379071   ev/simsec=46912.1
     Messages:  created: 2345707   present: 1764   in FES: 181
** Event #2781440   t=108.075613800357   Elapsed: 173.168s (2m 53s)  21% completed  (60% total)
     Speed:     ev/sec=15862.4   simsec/sec=0.40378   ev/simsec=39284.8
     Messages:  created: 2377190   present: 1805   in FES: 207
** Event #2808320   t=108.919840763086   Elapsed: 175.172s (2m 55s)  21% completed  (60% total)
     Speed:     ev/sec=13414   simsec/sec=0.421297   ev/simsec=31839.8
     Messages:  created: 2404487   present: 1838   in FES: 246
** Event #2842624   t=109.669319119477   Elapsed: 177.193s (2m 57s)  21% completed  (60% total)
     Speed:     ev/sec=16975.5   simsec/sec=0.370883   ev/simsec=45770.5
     Messages:  created: 2437494   present: 1831   in FES: 207
** Event #2879232   t=110.603406246642   Elapsed: 179.21s (2m 59s)  22% completed  (61% total)
     Speed:     ev/sec=18148.2   simsec/sec=0.463069   ev/simsec=39191.2
     Messages:  created: 2473906   present: 1736   in FES: 171
** Event #2915840   t=111.603405085259   Elapsed: 181.214s (3m 01s)  22% completed  (61% total)
     Speed:     ev/sec=18270.9   simsec/sec=0.499094   ev/simsec=36608
     Messages:  created: 2510498   present: 1824   in FES: 201
** Event #2955520   t=112.778892680772   Elapsed: 183.218s (3m 03s)  22% completed  (61% total)
     Speed:     ev/sec=19800.8   simsec/sec=0.586583   ev/simsec=33756.2
     Messages:  created: 2551357   present: 1681   in FES: 155
** Event #3007488   t=114.185692728247   Elapsed: 185.218s (3m 05s)  22% completed  (61% total)
     Speed:     ev/sec=25980.5   simsec/sec=0.703306   ev/simsec=36940.6
     Messages:  created: 2604274   present: 1838   in FES: 210
** Event #3047168   t=115.507153200065   Elapsed: 187.245s (3m 07s)  23% completed  (61% total)
     Speed:     ev/sec=19580.2   simsec/sec=0.65208   ev/simsec=30027.4
     Messages:  created: 2645643   present: 1736   in FES: 173
** Event #3086080   t=116.521192445862   Elapsed: 189.254s (3m 09s)  23% completed  (61% total)
     Speed:     ev/sec=19364   simsec/sec=0.504623   ev/simsec=38373.3
     Messages:  created: 2685367   present: 1801   in FES: 188
** Event #3123456   t=117.525253020685   Elapsed: 191.271s (3m 11s)  23% completed  (61% total)
     Speed:     ev/sec=18531.6   simsec/sec=0.497828   ev/simsec=37224.8
     Messages:  created: 2722812   present: 1784   in FES: 181
** Event #3162112   t=118.532280597973   Elapsed: 193.309s (3m 13s)  23% completed  (61% total)
     Speed:     ev/sec=18970.5   simsec/sec=0.4942   ev/simsec=38386.2
     Messages:  created: 2761694   present: 1789   in FES: 206
** Event #3200512   t=119.550500147425   Elapsed: 195.322s (3m 15s)  23% completed  (61% total)
     Speed:     ev/sec=19069.5   simsec/sec=0.50565   ev/simsec=37712.9
     Messages:  created: 2800666   present: 1713   in FES: 164
** Event #3238144   t=120.550333368553   Elapsed: 197.345s (3m 17s)  24% completed  (62% total)
     Speed:     ev/sec=18602   simsec/sec=0.49423   ev/simsec=37638.3
     Messages:  created: 2838746   present: 1845   in FES: 206
** Event #3274752   t=121.551095198945   Elapsed: 199.376s (3m 19s)  24% completed  (62% total)
     Speed:     ev/sec=18029.1   simsec/sec=0.492865   ev/simsec=36580.1
     Messages:  created: 2875248   present: 1798   in FES: 193
** Event #3311872   t=122.55724718745   Elapsed: 201.378s (3m 21s)  24% completed  (62% total)
     Speed:     ev/sec=18541.8   simsec/sec=0.502583   ev/simsec=36893
     Messages:  created: 2912368   present: 1801   in FES: 194
** Event #3348736   t=123.553106714911   Elapsed: 203.389s (3m 23s)  24% completed  (62% total)
     Speed:     ev/sec=18333.3   simsec/sec=0.495263   ev/simsec=37017.3
     Messages:  created: 2949202   present: 1805   in FES: 194
** Event #3385600   t=124.557036349757   Elapsed: 205.427s (3m 25s)  24% completed  (62% total)
     Speed:     ev/sec=18088   simsec/sec=0.492596   ev/simsec=36719.7
     Messages:  created: 2986138   present: 1742   in FES: 173
** Event #3422720   t=125.583259143264   Elapsed: 207.431s (3m 27s)  25% completed  (62% total)
     Speed:     ev/sec=18521.1   simsec/sec=0.512037   ev/simsec=36171.5
     Messages:  created: 3023343   present: 1814   in FES: 199
** Event #3459328   t=126.571601071849   Elapsed: 209.453s (3m 29s)  25% completed  (62% total)
     Speed:     ev/sec=18106.9   simsec/sec=0.488849   ev/simsec=37039.8
     Messages:  created: 3059380   present: 1808   in FES: 197
** Event #3497216   t=127.583471656389   Elapsed: 211.473s (3m 31s)  25% completed  (62% total)
     Speed:     ev/sec=18750.5   simsec/sec=0.500768   ev/simsec=37443.5
     Messages:  created: 3097464   present: 1792   in FES: 189
** Event #3533568   t=128.591038608043   Elapsed: 213.492s (3m 33s)  25% completed  (62% total)
     Speed:     ev/sec=18005.9   simsec/sec=0.499068   ev/simsec=36079
     Messages:  created: 3133303   present: 1817   in FES: 200
** Event #3570944   t=129.603393743516   Elapsed: 215.5s (3m 35s)  25% completed  (62% total)
     Speed:     ev/sec=18610.3   simsec/sec=0.504072   ev/simsec=36919.9
     Messages:  created: 3170677   present: 1815   in FES: 198
** Event #3610880   t=130.947229603641   Elapsed: 217.503s (3m 37s)  26% completed  (63% total)
     Speed:     ev/sec=19942.5   simsec/sec=0.671061   ev/simsec=29717.9
     Messages:  created: 3211875   present: 1821   in FES: 216
** Event #3654144   t=132.068156825954   Elapsed: 219.504s (3m 39s)  26% completed  (63% total)
     Speed:     ev/sec=21624.1   simsec/sec=0.56026   ev/simsec=38596.6
     Messages:  created: 3254357   present: 1804   in FES: 206
** Event #3699456   t=133.515050297362   Elapsed: 221.513s (3m 41s)  26% completed  (63% total)
     Speed:     ev/sec=22553.2   simsec/sec=0.720163   ev/simsec=31316.7
     Messages:  created: 3301250   present: 1802   in FES: 206
** Event #3737088   t=134.544234206245   Elapsed: 223.529s (3m 43s)  26% completed  (63% total)
     Speed:     ev/sec=18664.9   simsec/sec=0.510461   ev/simsec=36564.9
     Messages:  created: 3339343   present: 1831   in FES: 204
** Event #3773696   t=135.536281368487   Elapsed: 225.549s (3m 45s)  27% completed  (63% total)
     Speed:     ev/sec=18122.1   simsec/sec=0.491095   ev/simsec=36901.5
     Messages:  created: 3376199   present: 1795   in FES: 206
** Event #3820544   t=136.584583880539   Elapsed: 227.566s (3m 47s)  27% completed  (63% total)
     Speed:     ev/sec=23233   simsec/sec=0.519876   ev/simsec=44689.4
     Messages:  created: 3427389   present: 1814   in FES: 197
** Event #3870720   t=138.013168923249   Elapsed: 229.568s (3m 49s)  27% completed  (63% total)
     Speed:     ev/sec=25060   simsec/sec=0.713495   ev/simsec=35122.9
     Messages:  created: 3482068   present: 1798   in FES: 206
** Event #3930368   t=139.047223747407   Elapsed: 231.572s (3m 51s)  27% completed  (63% total)
     Speed:     ev/sec=29754.1   simsec/sec=0.515816   ev/simsec=57683.6
     Messages:  created: 3550120   present: 1808   in FES: 193
** Event #3977984   t=140.52265741994   Elapsed: 233.58s (3m 53s)  28% completed  (64% total)
     Speed:     ev/sec=23715.9   simsec/sec=0.734862   ev/simsec=32272.5
     Messages:  created: 3599072   present: 1831   in FES: 206
** Event #4032768   t=141.522286286499   Elapsed: 235.592s (3m 55s)  28% completed  (64% total)
     Speed:     ev/sec=27230.8   simsec/sec=0.496873   ev/simsec=54804.3
     Messages:  created: 3662544   present: 1883   in FES: 211
** Event #4071936   t=142.579942810286   Elapsed: 237.607s (3m 57s)  28% completed  (64% total)
     Speed:     ev/sec=19437.9   simsec/sec=0.524883   ev/simsec=37032.8
     Messages:  created: 3702139   present: 1793   in FES: 190
** Event #4116480   t=144.015694232092   Elapsed: 239.611s (3m 59s)  28% completed  (64% total)
     Speed:     ev/sec=22229.6   simsec/sec=0.716509   ev/simsec=31024.9
     Messages:  created: 3748588   present: 1841   in FES: 240
** Event #4167424   t=145.515683037   Elapsed: 241.626s (4m 01s)  29% completed  (64% total)
     Speed:     ev/sec=25279.9   simsec/sec=0.744337   ev/simsec=33962.9
     Messages:  created: 3800821   present: 1767   in FES: 208
** Event #4206848   t=146.538072740888   Elapsed: 243.642s (4m 03s)  29% completed  (64% total)
     Speed:     ev/sec=19558.9   simsec/sec=0.507225   ev/simsec=38560.6
     Messages:  created: 3841439   present: 1809   in FES: 206
** Event #4245504   t=147.589734338575   Elapsed: 245.643s (4m 05s)  29% completed  (64% total)
     Speed:     ev/sec=19316.8   simsec/sec=0.525525   ev/simsec=36757.1
     Messages:  created: 3880504   present: 1828   in FES: 203
** Event #4289024   t=149.029335661346   Elapsed: 247.647s (4m 07s)  29% completed  (64% total)
     Speed:     ev/sec=21720.1   simsec/sec=0.718482   ev/simsec=30230.6
     Messages:  created: 3924579   present: 1816   in FES: 199
** Event #4335872   t=150.51730081856   Elapsed: 249.663s (4m 09s)  30% completed  (65% total)
     Speed:     ev/sec=23230.2   simsec/sec=0.737827   ev/simsec=31484.6
     Messages:  created: 3971099   present: 1849   in FES: 206
** Event #4371200   t=151.555274771543   Elapsed: 251.674s (4m 11s)  30% completed  (65% total)
     Speed:     ev/sec=17574.3   simsec/sec=0.516351   ev/simsec=34035.5
     Messages:  created: 4004996   present: 1827   in FES: 202
** Event #4406784   t=152.599651667057   Elapsed: 253.693s (4m 13s)  30% completed  (65% total)
     Speed:     ev/sec=17618.4   simsec/sec=0.517093   ev/simsec=34072
     Messages:  created: 4039147   present: 1797   in FES: 206
** Event #4452352   t=154.076788564693   Elapsed: 255.694s (4m 15s)  30% completed  (65% total)
     Speed:     ev/sec=22778.4   simsec/sec=0.738387   ev/simsec=30848.9
     Messages:  created: 4083163   present: 1737   in FES: 170
** Event #4493568   t=155.5283227806   Elapsed: 257.71s (4m 17s)  31% completed  (65% total)
     Speed:     ev/sec=20441.7   simsec/sec=0.719909   ev/simsec=28394.8
     Messages:  created: 4123891   present: 1823   in FES: 200
** Event #4529408   t=156.564610267191   Elapsed: 259.711s (4m 19s)  31% completed  (65% total)
     Speed:     ev/sec=17909.6   simsec/sec=0.517844   ev/simsec=34585
     Messages:  created: 4158604   present: 1700   in FES: 159
** Event #4564480   t=157.605864386107   Elapsed: 261.718s (4m 21s)  31% completed  (65% total)
     Speed:     ev/sec=17476.8   simsec/sec=0.51887   ev/simsec=33682.5
     Messages:  created: 4192254   present: 1837   in FES: 204
** Event #4618240   t=159.501092001296   Elapsed: 263.719s (4m 23s)  31% completed  (65% total)
     Speed:     ev/sec=26863.9   simsec/sec=0.947047   ev/simsec=28366
     Messages:  created: 4246733   present: 1817   in FES: 206
** Event #4656128   t=160.545380944898   Elapsed: 265.732s (4m 25s)  32% completed  (66% total)
     Speed:     ev/sec=18821.7   simsec/sec=0.518774   ev/simsec=36281.1
     Messages:  created: 4284236   present: 1829   in FES: 204
** Event #4691712   t=161.577618631288   Elapsed: 267.755s (4m 27s)  32% completed  (66% total)
     Speed:     ev/sec=17590.4   simsec/sec=0.51027   ev/simsec=34472.7
     Messages:  created: 4318428   present: 1816   in FES: 199
** Event #4733184   t=163.029281621049   Elapsed: 269.76s (4m 29s)  32% completed  (66% total)
     Speed:     ev/sec=20687   simsec/sec=0.724117   ev/simsec=28568.6
     Messages:  created: 4359488   present: 1794   in FES: 206
** Event #4781312   t=164.523625947792   Elapsed: 271.771s (4m 31s)  32% completed  (66% total)
     Speed:     ev/sec=23924.8   simsec/sec=0.74285   ev/simsec=32206.8
     Messages:  created: 4407597   present: 1809   in FES: 192
** Event #4816128   t=165.548116215633   Elapsed: 273.787s (4m 33s)  33% completed  (66% total)
     Speed:     ev/sec=17271.2   simsec/sec=0.50822   ev/simsec=33983.7
     Messages:  created: 4440656   present: 1693   in FES: 158
** Event #4850688   t=166.555235306628   Elapsed: 275.805s (4m 35s)  33% completed  (66% total)
     Speed:     ev/sec=17129.6   simsec/sec=0.499178   ev/simsec=34315.7
     Messages:  created: 4473688   present: 1812   in FES: 194
** Event #4886272   t=167.599805874395   Elapsed: 277.818s (4m 37s)  33% completed  (66% total)
     Speed:     ev/sec=17674.9   simsec/sec=0.518847   ev/simsec=34065.7
     Messages:  created: 4507935   present: 1792   in FES: 191
** Event #4935936   t=169.267565964063   Elapsed: 279.821s (4m 39s)  33% completed  (66% total)
     Speed:     ev/sec=24797.2   simsec/sec=0.832712   ev/simsec=29778.9
     Messages:  created: 4556690   present: 1779   in FES: 186
** Event #4973312   t=170.546273309026   Elapsed: 281.839s (4m 41s)  34% completed  (67% total)
     Speed:     ev/sec=18519.4   simsec/sec=0.633584   ev/simsec=29229.5
     Messages:  created: 4593882   present: 1768   in FES: 181
** Event #5008896   t=171.586947758969   Elapsed: 283.843s (4m 43s)  34% completed  (67% total)
     Speed:     ev/sec=17753.9   simsec/sec=0.519222   ev/simsec=34193.2
     Messages:  created: 4628517   present: 1714   in FES: 161
** Event #5051392   t=173.030299219161   Elapsed: 285.843s (4m 45s)  34% completed  (67% total)
     Speed:     ev/sec=21247   simsec/sec=0.72164   ev/simsec=29442.6
     Messages:  created: 4671195   present: 1694   in FES: 157
** Event #5099776   t=174.540365598509   Elapsed: 287.859s (4m 47s)  34% completed  (67% total)
     Speed:     ev/sec=24008.6   simsec/sec=0.749308   ev/simsec=32041
     Messages:  created: 4720100   present: 1810   in FES: 197
** Event #5136896   t=175.581357232064   Elapsed: 289.882s (4m 49s)  35% completed  (67% total)
     Speed:     ev/sec=18348.8   simsec/sec=0.514572   ev/simsec=35658.3
     Messages:  created: 4756609   present: 1807   in FES: 192
** Event #5183232   t=177.048932544655   Elapsed: 291.887s (4m 51s)  35% completed  (67% total)
     Speed:     ev/sec=23111   simsec/sec=0.731982   ev/simsec=31573.2
     Messages:  created: 4803700   present: 1786   in FES: 185
** Event #5228544   t=178.533499076184   Elapsed: 293.897s (4m 53s)  35% completed  (67% total)
     Speed:     ev/sec=22539.6   simsec/sec=0.73847   ev/simsec=30522
     Messages:  created: 4849203   present: 1809   in FES: 194
** Event #5265920   t=179.586499651881   Elapsed: 295.897s (4m 55s)  35% completed  (67% total)
     Speed:     ev/sec=18687.8   simsec/sec=0.526495   ev/simsec=35494.8
     Messages:  created: 4886219   present: 1757   in FES: 178
** Event #5317632   t=181.267530630222   Elapsed: 297.898s (4m 57s)  36% completed  (68% total)
     Speed:     ev/sec=25842.3   simsec/sec=0.840071   ev/simsec=30762.1
     Messages:  created: 4938457   present: 1691   in FES: 180
** Event #5357056   t=182.551055257042   Elapsed: 299.91s (4m 59s)  36% completed  (68% total)
     Speed:     ev/sec=19599.7   simsec/sec=0.638105   ev/simsec=30715.4
     Messages:  created: 4978334   present: 1831   in FES: 202
** Event #5394432   t=183.601034178062   Elapsed: 301.921s (5m 01s)  36% completed  (68% total)
     Speed:     ev/sec=18583   simsec/sec=0.522039   ev/simsec=35596.9
     Messages:  created: 5015055   present: 1836   in FES: 201
** Event #5448192   t=185.419900913816   Elapsed: 303.925s (5m 03s)  37% completed  (68% total)
     Speed:     ev/sec=26827.5   simsec/sec=0.907656   ev/simsec=29556.9
     Messages:  created: 5070022   present: 1834   in FES: 231
** Event #5487872   t=186.526925964119   Elapsed: 305.948s (5m 05s)  37% completed  (68% total)
     Speed:     ev/sec=19615.2   simsec/sec=0.547242   ev/simsec=35843.8
     Messages:  created: 5110212   present: 1825   in FES: 198
** Event #5525760   t=187.573599362886   Elapsed: 307.952s (5m 07s)  37% completed  (68% total)
     Speed:     ev/sec=18906.4   simsec/sec=0.522299   ev/simsec=36198.5
     Messages:  created: 5147777   present: 1775   in FES: 186
** Event #5567232   t=188.947197879026   Elapsed: 309.955s (5m 09s)  37% completed  (68% total)
     Speed:     ev/sec=20701.3   simsec/sec=0.68565   ev/simsec=30192.2
     Messages:  created: 5190674   present: 1821   in FES: 221
** Event #5619968   t=190.515307011101   Elapsed: 311.98s (5m 11s)  38% completed  (69% total)
     Speed:     ev/sec=26041.6   simsec/sec=0.77435   ev/simsec=33630.3
     Messages:  created: 5243505   present: 1809   in FES: 198
** Event #5659136   t=191.534494737456   Elapsed: 314.003s (5m 14s)  38% completed  (69% total)
     Speed:     ev/sec=19364   simsec/sec=0.50387   ev/simsec=38430.6
     Messages:  created: 5282669   present: 1831   in FES: 200
** Event #5697280   t=192.588997795624   Elapsed: 316.019s (5m 16s)  38% completed  (69% total)
     Speed:     ev/sec=18916.6   simsec/sec=0.522955   ev/simsec=36172.5
     Messages:  created: 5320996   present: 1738   in FES: 173
** Event #5739008   t=194.013222199733   Elapsed: 318.021s (5m 18s)  38% completed  (69% total)
     Speed:     ev/sec=20850.8   simsec/sec=0.711661   ev/simsec=29298.8
     Messages:  created: 5363609   present: 1834   in FES: 205
** Event #5787136   t=195.267521482021   Elapsed: 320.024s (5m 20s)  39% completed  (69% total)
     Speed:     ev/sec=24019.1   simsec/sec=0.625979   ev/simsec=38370.4
     Messages:  created: 5410778   present: 1759   in FES: 207
** Event #5826304   t=196.523801069454   Elapsed: 322.049s (5m 22s)  39% completed  (69% total)
     Speed:     ev/sec=19344.9   simsec/sec=0.62047   ev/simsec=31177.8
     Messages:  created: 5450705   present: 1850   in FES: 206
** Event #5864448   t=197.553036910113   Elapsed: 324.057s (5m 24s)  39% completed  (69% total)
     Speed:     ev/sec=18997.4   simsec/sec=0.512605   ev/simsec=37060.5
     Messages:  created: 5488729   present: 1748   in FES: 175
** Event #5901568   t=198.588996643145   Elapsed: 326.079s (5m 26s)  39% completed  (69% total)
     Speed:     ev/sec=18356.2   simsec/sec=0.512291   ev/simsec=35831.5
     Messages:  created: 5525915   present: 1835   in FES: 204
** Event #5944320   t=200.015682558869   Elapsed: 328.081s (5m 28s)  40% completed  (70% total)
     Speed:     ev/sec=21351.5   simsec/sec=0.712525   ev/simsec=29966
     Messages:  created: 5569656   present: 1822   in FES: 207
** Event #5993984   t=201.523384629412   Elapsed: 330.099s (5m 30s)  40% completed  (70% total)
     Speed:     ev/sec=24611.5   simsec/sec=0.747157   ev/simsec=32940.2
     Messages:  created: 5619385   present: 1849   in FES: 205
** Event #6030336   t=202.548295681734   Elapsed: 332.13s (5m 32s)  40% completed  (70% total)
     Speed:     ev/sec=17905.1   simsec/sec=0.504818   ev/simsec=35468.4
     Messages:  created: 5654615   present: 1723   in FES: 166
** Event #6066688   t=203.57760928016   Elapsed: 334.139s (5m 34s)  40% completed  (70% total)
     Speed:     ev/sec=18094.1   simsec/sec=0.512339   ev/simsec=35316.7
     Messages:  created: 5690011   present: 1772   in FES: 185
** Event #6106112   t=205.00006452009   Elapsed: 336.142s (5m 36s)  41% completed  (70% total)
     Speed:     ev/sec=19673.8   simsec/sec=0.709848   ev/simsec=27715.5
     Messages:  created: 5730245   present: 1909   in FES: 231
** Event #6156288   t=206.506051177284   Elapsed: 338.161s (5m 38s)  41% completed  (70% total)
     Speed:     ev/sec=24853.3   simsec/sec=0.74595   ev/simsec=33317.7
     Messages:  created: 5779406   present: 1974   in FES: 256
** Event #6191872   t=207.521535314444   Elapsed: 340.176s (5m 40s)  41% completed  (70% total)
     Speed:     ev/sec=17664.1   simsec/sec=0.504093   ev/simsec=35041.4
     Messages:  created: 5813827   present: 1798   in FES: 189
** Event #6226688   t=208.547704640072   Elapsed: 342.178s (5m 42s)  41% completed  (70% total)
     Speed:     ev/sec=17390.1   simsec/sec=0.512556   ev/simsec=33928.1
     Messages:  created: 5847011   present: 1759   in FES: 180
** Event #6260992   t=209.55142587359   Elapsed: 344.184s (5m 44s)  41% completed  (70% total)
     Speed:     ev/sec=17101.5   simsec/sec=0.500384   ev/simsec=34176.8
     Messages:  created: 5879433   present: 1803   in FES: 206
** Event #6296064   t=210.581453462132   Elapsed: 346.197s (5m 46s)  42% completed  (71% total)
     Speed:     ev/sec=17424.7   simsec/sec=0.511744   ev/simsec=34049.6
     Messages:  created: 5912905   present: 1789   in FES: 190
** Event #6330880   t=211.611595484019   Elapsed: 348.22s (5m 48s)  42% completed  (71% total)
     Speed:     ev/sec=17203.4   simsec/sec=0.509017   ev/simsec=33797.3
     Messages:  created: 5945996   present: 1684   in FES: 157
** Event #6378752   t=213.099688511569   Elapsed: 350.222s (5m 50s)  42% completed  (71% total)
     Speed:     ev/sec=23918.4   simsec/sec=0.7435   ev/simsec=32170
     Messages:  created: 5992443   present: 1830   in FES: 206
** Event #6417408   t=214.517530115249   Elapsed: 352.225s (5m 52s)  42% completed  (71% total)
     Speed:     ev/sec=19294.3   simsec/sec=0.707685   ev/simsec=27264
     Messages:  created: 6031047   present: 1956   in FES: 250
** Event #6452992   t=215.547229401928   Elapsed: 354.247s (5m 54s)  43% completed  (71% total)
     Speed:     ev/sec=17604.8   simsec/sec=0.509433   ev/simsec=34557.7
     Messages:  created: 6065249   present: 1766   in FES: 181
** Event #6488064   t=216.577603828398   Elapsed: 356.274s (5m 56s)  43% completed  (71% total)
     Speed:     ev/sec=17297.9   simsec/sec=0.508193   ev/simsec=34038.1
     Messages:  created: 6098896   present: 1813   in FES: 198
** Event #6523392   t=217.669320701351   Elapsed: 358.281s (5m 58s)  43% completed  (71% total)
     Speed:     ev/sec=17607.3   simsec/sec=0.544107   ev/simsec=32360
     Messages:  created: 6132593   present: 1729   in FES: 208
** Event #6571008   t=219.097650020306   Elapsed: 360.282s (6m 00s)  43% completed  (71% total)
     Speed:     ev/sec=23789   simsec/sec=0.713595   ev/simsec=33336.8
     Messages:  created: 6178471   present: 1828   in FES: 201
** Event #6610432   t=220.542912122676   Elapsed: 362.298s (6m 02s)  44% completed  (72% total)
     Speed:     ev/sec=19557.5   simsec/sec=0.716967   ev/simsec=27278.1
     Messages:  created: 6217933   present: 1688   in FES: 157
** Event #6644992   t=221.552962979393   Elapsed: 364.31s (6m 04s)  44% completed  (72% total)
     Speed:     ev/sec=17174.9   simsec/sec=0.501955   ev/simsec=34216.1
     Messages:  created: 6250721   present: 1819   in FES: 198
** Event #6680320   t=222.580604904521   Elapsed: 366.32s (6m 06s)  44% completed  (72% total)
     Speed:     ev/sec=17579.1   simsec/sec=0.511351   ev/simsec=34377.7
     Messages:  created: 6284520   present: 1731   in FES: 172
** Event #6714624   t=223.599606348856   Elapsed: 368.327s (6m 08s)  44% completed  (72% total)
     Speed:     ev/sec=17086.6   simsec/sec=0.507558   ev/simsec=33664.3
     Messages:  created: 6317199   present: 1788   in FES: 189
** Event #6759424   t=225.068210803974   Elapsed: 370.33s (6m 10s)  45% completed  (72% total)
     Speed:     ev/sec=22368.1   simsec/sec=0.733256   ev/simsec=30505.2
     Messages:  created: 6360650   present: 1807   in FES: 196
** Event #6800896   t=226.517300506781   Elapsed: 372.354s (6m 12s)  45% completed  (72% total)
     Speed:     ev/sec=20495.5   simsec/sec=0.716142   ev/simsec=28619.3
     Messages:  created: 6401143   present: 1841   in FES: 206
** Event #6835968   t=227.532381612233   Elapsed: 374.369s (6m 14s)  45% completed  (72% total)
     Speed:     ev/sec=17402.6   simsec/sec=0.503678   ev/simsec=34550.9
     Messages:  created: 6434559   present: 1807   in FES: 195
** Event #6870784   t=228.548915046281   Elapsed: 376.38s (6m 16s)  45% completed  (72% total)
     Speed:     ev/sec=17313.4   simsec/sec=0.505505   ev/simsec=34249.7
     Messages:  created: 6467732   present: 1811   in FES: 196
** Event #6906624   t=229.563010797922   Elapsed: 378.397s (6m 18s)  45% completed  (72% total)
     Speed:     ev/sec=17769.3   simsec/sec=0.502784   ev/simsec=35341.8
     Messages:  created: 6502317   present: 1706   in FES: 159
** Event #6941440   t=230.58442425346   Elapsed: 380.403s (6m 20s)  46% completed  (73% total)
     Speed:     ev/sec=17353.4   simsec/sec=0.509104   ev/simsec=34086.1
     Messages:  created: 6535444   present: 1830   in FES: 206
** Event #6976000   t=231.599616630119   Elapsed: 382.408s (6m 22s)  46% completed  (73% total)
     Speed:     ev/sec=17243.3   simsec/sec=0.506518   ev/simsec=34042.8
     Messages:  created: 6568161   present: 1823   in FES: 201
** Event #7010048   t=232.602846330086   Elapsed: 384.409s (6m 24s)  46% completed  (73% total)
     Speed:     ev/sec=17011   simsec/sec=0.501231   ev/simsec=33938.4
     Messages:  created: 6600184   present: 1828   in FES: 206
** Event #7048704   t=234.014180251278   Elapsed: 386.411s (6m 26s)  46% completed  (73% total)
     Speed:     ev/sec=19310.4   simsec/sec=0.705023   ev/simsec=27389.7
     Messages:  created: 6637872   present: 1788   in FES: 189
** Event #7086592   t=235.047063384359   Elapsed: 388.413s (6m 28s)  47% completed  (73% total)
     Speed:     ev/sec=18920.1   simsec/sec=0.51579   ev/simsec=36681.8
     Messages:  created: 6673429   present: 1841   in FES: 206
** Event #7118080   t=236.030298192906   Elapsed: 390.417s (6m 30s)  47% completed  (73% total)
     Speed:     ev/sec=15720   simsec/sec=0.490868   ev/simsec=32024.9
     Messages:  created: 6703414   present: 1725   in FES: 168
** Event #7157760   t=237.08789787781   Elapsed: 392.418s (6m 32s)  47% completed  (73% total)
     Speed:     ev/sec=19829.3   simsec/sec=0.528514   ev/simsec=37518.9
     Messages:  created: 6740470   present: 1806   in FES: 195
** Event #7196160   t=238.505209044374   Elapsed: 394.449s (6m 34s)  47% completed  (73% total)
     Speed:     ev/sec=18903.4   simsec/sec=0.697709   ev/simsec=27093.6
     Messages:  created: 6777980   present: 1830   in FES: 205
** Event #7229696   t=239.508159257217   Elapsed: 396.473s (6m 36s)  47% completed  (73% total)
     Speed:     ev/sec=16571.4   simsec/sec=0.495595   ev/simsec=33437.4
     Messages:  created: 6809935   present: 1691   in FES: 156
** Event #7264512   t=240.526854963784   Elapsed: 398.478s (6m 38s)  48% completed  (74% total)
     Speed:     ev/sec=17359.7   simsec/sec=0.507935   ev/simsec=34177
     Messages:  created: 6843402   present: 1805   in FES: 194
** Event #7298816   t=241.546042599022   Elapsed: 400.481s (6m 40s)  48% completed  (74% total)
     Speed:     ev/sec=17124.6   simsec/sec=0.508781   ev/simsec=33658.2
     Messages:  created: 6876078   present: 1814   in FES: 199
** Event #7333120   t=242.562958944994   Elapsed: 402.508s (6m 42s)  48% completed  (74% total)
     Speed:     ev/sec=16925.3   simsec/sec=0.501737   ev/simsec=33733.4
     Messages:  created: 6908611   present: 1801   in FES: 206
** Event #7367424   t=243.572104416216   Elapsed: 404.515s (6m 44s)  48% completed  (74% total)
     Speed:     ev/sec=17098.2   simsec/sec=0.502991   ev/simsec=33993.1
     Messages:  created: 6941269   present: 1790   in FES: 189
** Event #7401728   t=244.58533010926   Elapsed: 406.526s (6m 46s)  48% completed  (74% total)
     Speed:     ev/sec=17053.6   simsec/sec=0.503708   ev/simsec=33856.2
     Messages:  created: 6973861   present: 1693   in FES: 156
** Event #7436032   t=245.595186003326   Elapsed: 408.536s (6m 48s)  49% completed  (74% total)
     Speed:     ev/sec=17071.4   simsec/sec=0.502556   ev/simsec=33969.2
     Messages:  created: 7006455   present: 1757   in FES: 178
** Event #7476736   t=247.029336142804   Elapsed: 410.537s (6m 50s)  49% completed  (74% total)
     Speed:     ev/sec=20333.2   simsec/sec=0.716411   ev/simsec=28382
     Messages:  created: 7046351   present: 1768   in FES: 183
** Event #7521536   t=248.509176888778   Elapsed: 412.559s (6m 52s)  49% completed  (74% total)
     Speed:     ev/sec=22158.3   simsec/sec=0.731937   ev/simsec=30273.5
     Messages:  created: 7089229   present: 1746   in FES: 177
** Event #7556352   t=249.523168518123   Elapsed: 414.567s (6m 54s)  49% completed  (74% total)
     Speed:     ev/sec=17344.3   simsec/sec=0.505142   ev/simsec=34335.6
     Messages:  created: 7122433   present: 1744   in FES: 171
** Event #7590656   t=250.528379222844   Elapsed: 416.584s (6m 56s)  50% completed  (75% total)
     Speed:     ev/sec=17003.5   simsec/sec=0.498253   ev/simsec=34126.2
     Messages:  created: 7155000   present: 1739   in FES: 172
** Event #7625472   t=251.547322968661   Elapsed: 418.608s (6m 58s)  50% completed  (75% total)
     Speed:     ev/sec=17205.1   simsec/sec=0.503534   ev/simsec=34168.7
     Messages:  created: 7188177   present: 1745   in FES: 174
** Event #7660288   t=252.575895234797   Elapsed: 420.617s (7m 00s)  50% completed  (75% total)
     Speed:     ev/sec=17325.4   simsec/sec=0.511846   ev/simsec=33848.9
     Messages:  created: 7221441   present: 1776   in FES: 185
** Event #7696384   t=253.593560883951   Elapsed: 422.626s (7m 02s)  50% completed  (75% total)
     Speed:     ev/sec=17967.8   simsec/sec=0.506571   ev/simsec=35469.4
     Messages:  created: 7256319   present: 1833   in FES: 202
** Event #7736832   t=255.001034376514   Elapsed: 424.628s (7m 04s)  51% completed  (75% total)
     Speed:     ev/sec=20206.8   simsec/sec=0.703139   ev/simsec=28738
     Messages:  created: 7297196   present: 1688   in FES: 157
** Event #7790592   t=256.526527272187   Elapsed: 426.647s (7m 06s)  51% completed  (75% total)
     Speed:     ev/sec=26630.2   simsec/sec=0.755658   ev/simsec=35241.1
     Messages:  created: 7352070   present: 1695   in FES: 156
** Event #7826432   t=257.577571743906   Elapsed: 428.656s (7m 08s)  51% completed  (75% total)
     Speed:     ev/sec=17833.7   simsec/sec=0.522991   ev/simsec=34099.4
     Messages:  created: 7386539   present: 1782   in FES: 187
** Event #7861760   t=258.598146883602   Elapsed: 430.657s (7m 10s)  51% completed  (75% total)
     Speed:     ev/sec=17660.4   simsec/sec=0.510184   ev/simsec=34615.8
     Messages:  created: 7420524   present: 1821   in FES: 206
** Event #7904768   t=260.047320423758   Elapsed: 432.66s (7m 12s)  52% completed  (76% total)
     Speed:     ev/sec=21467.2   simsec/sec=0.723348   ev/simsec=29677.6
     Messages:  created: 7461959   present: 1839   in FES: 204
** Event #7947008   t=261.44696412932   Elapsed: 434.661s (7m 14s)  52% completed  (76% total)
     Speed:     ev/sec=21105.9   simsec/sec=0.699356   ev/simsec=30179.1
     Messages:  created: 7502077   present: 1817   in FES: 206
** Event #7983616   t=262.521360554458   Elapsed: 436.672s (7m 16s)  52% completed  (76% total)
     Speed:     ev/sec=18205   simsec/sec=0.534292   ev/simsec=34073.1
     Messages:  created: 7537769   present: 1754   in FES: 173
** Event #8017920   t=263.524776287269   Elapsed: 438.7s (7m 18s)  52% completed  (76% total)
     Speed:     ev/sec=16915.7   simsec/sec=0.494797   ev/simsec=34187.2
     Messages:  created: 7570113   present: 1857   in FES: 206
** Event #8051968   t=264.524159936833   Elapsed: 440.716s (7m 20s)  52% completed  (76% total)
     Speed:     ev/sec=16893.2   simsec/sec=0.495853   ev/simsec=34069
     Messages:  created: 7602124   present: 1797   in FES: 186
** Event #8086528   t=265.530568262196   Elapsed: 442.722s (7m 22s)  53% completed  (76% total)
     Speed:     ev/sec=17225.5   simsec/sec=0.501616   ev/simsec=34339.9
     Messages:  created: 7634953   present: 1849   in FES: 206
** Event #8120832   t=266.544322514875   Elapsed: 444.748s (7m 24s)  53% completed  (76% total)
     Speed:     ev/sec=16928.4   simsec/sec=0.500269   ev/simsec=33838.6
     Messages:  created: 7667357   present: 1757   in FES: 178
** Event #8154368   t=267.556275907415   Elapsed: 446.781s (7m 26s)  53% completed  (76% total)
     Speed:     ev/sec=16496.6   simsec/sec=0.497789   ev/simsec=33139.9
     Messages:  created: 7698897   present: 1781   in FES: 186
** Event #8188928   t=268.554833851749   Elapsed: 448.789s (7m 28s)  53% completed  (76% total)
     Speed:     ev/sec=17217.6   simsec/sec=0.497477   ev/simsec=34609.9
     Messages:  created: 7731798   present: 1799   in FES: 190
** Event #8223232   t=269.572692731389   Elapsed: 450.806s (7m 30s)  53% completed  (76% total)
     Speed:     ev/sec=17004.1   simsec/sec=0.50454   ev/simsec=33702.1
     Messages:  created: 7764264   present: 1756   in FES: 179
** Event #8257792   t=270.5817757866   Elapsed: 452.835s (7m 32s)  54% completed  (77% total)
     Speed:     ev/sec=17033.6   simsec/sec=0.497346   ev/simsec=34248.9
     Messages:  created: 7797448   present: 1786   in FES: 187
** Event #8291840   t=271.586579284812   Elapsed: 454.859s (7m 34s)  54% completed  (77% total)
     Speed:     ev/sec=16821.3   simsec/sec=0.496419   ev/simsec=33885.2
     Messages:  created: 7829672   present: 1834   in FES: 206
** Event #8326144   t=272.596168970332   Elapsed: 456.876s (7m 36s)  54% completed  (77% total)
     Speed:     ev/sec=17007.6   simsec/sec=0.500545   ev/simsec=33978.2
     Messages:  created: 7862388   present: 1827   in FES: 202
** Event #8359680   t=273.59547258135   Elapsed: 458.898s (7m 38s)  54% completed  (77% total)
     Speed:     ev/sec=16585.3   simsec/sec=0.494207   ev/simsec=33559.4
     Messages:  created: 7893915   present: 1811   in FES: 206
** Event #8393216   t=274.595313203305   Elapsed: 460.914s (7m 40s)  54% completed  (77% total)
     Speed:     ev/sec=16631.3   simsec/sec=0.495844   ev/simsec=33541.3
     Messages:  created: 7925422   present: 1844   in FES: 205
** Event #8427008   t=275.600770904034   Elapsed: 462.939s (7m 42s)  55% completed  (77% total)
     Speed:     ev/sec=16692   simsec/sec=0.49666   ev/simsec=33608.6
     Messages:  created: 7957505   present: 1780   in FES: 187
** Event #8460800   t=276.601630778071   Elapsed: 464.965s (7m 44s)  55% completed  (77% total)
     Speed:     ev/sec=16674.2   simsec/sec=0.49386   ev/simsec=33763
     Messages:  created: 7989495   present: 1773   in FES: 182
** Event #8494080   t=277.600771232471   Elapsed: 466.995s (7m 46s)  55% completed  (77% total)
     Speed:     ev/sec=16400.6   simsec/sec=0.492382   ev/simsec=33308.6
     Messages:  created: 8020881   present: 1731   in FES: 170
** Event #8527872   t=278.607790528906   Elapsed: 469.021s (7m 49s)  55% completed  (77% total)
     Speed:     ev/sec=16673.6   simsec/sec=0.496881   ev/simsec=33556.5
     Messages:  created: 8052840   present: 1824   in FES: 206
** Event #8562176   t=279.600727696596   Elapsed: 471.045s (7m 51s)  55% completed  (77% total)
     Speed:     ev/sec=16951.5   simsec/sec=0.490665   ev/simsec=34548
     Messages:  created: 8085497   present: 1741   in FES: 172
** Event #8601344   t=280.600268223354   Elapsed: 473.076s (7m 53s)  56% completed  (78% total)
     Speed:     ev/sec=19282.1   simsec/sec=0.492065   ev/simsec=39186
     Messages:  created: 8125136   present: 1773   in FES: 184
** Event #8636928   t=281.590335805672   Elapsed: 475.078s (7m 55s)  56% completed  (78% total)
     Speed:     ev/sec=17772.9   simsec/sec=0.494501   ev/simsec=35941
     Messages:  created: 8159621   present: 1832   in FES: 206
** Event #8673024   t=282.589149085294   Elapsed: 477.106s (7m 57s)  56% completed  (78% total)
     Speed:     ev/sec=17802.4   simsec/sec=0.492609   ev/simsec=36138.9
     Messages:  created: 8194949   present: 1831   in FES: 204
** Event #8711680   t=283.592523087347   Elapsed: 479.118s (7m 59s)  56% completed  (78% total)
     Speed:     ev/sec=19216   simsec/sec=0.49878   ev/simsec=38526
     Messages:  created: 8234170   present: 1802   in FES: 195
** Event #8748032   t=284.59006091   Elapsed: 481.152s (8m 01s)  56% completed  (78% total)
     Speed:     ev/sec=17866   simsec/sec=0.490262   ev/simsec=36441.7
     Messages:  created: 8270300   present: 1807   in FES: 196
** Event #8784128   t=285.591610280614   Elapsed: 483.171s (8m 03s)  57% completed  (78% total)
     Speed:     ev/sec=17881.8   simsec/sec=0.496163   ev/simsec=36040.2
     Messages:  created: 8305892   present: 1813   in FES: 198
** Event #8822016   t=286.594048879156   Elapsed: 485.196s (8m 05s)  57% completed  (78% total)
     Speed:     ev/sec=18707.1   simsec/sec=0.494951   ev/simsec=37795.8
     Messages:  created: 8343924   present: 1794   in FES: 191
** Event #8858368   t=287.606161793651   Elapsed: 487.201s (8m 07s)  57% completed  (78% total)
     Speed:     ev/sec=18131.1   simsec/sec=0.504806   ev/simsec=35916.9
     Messages:  created: 8379891   present: 1813   in FES: 196
** Event #8894208   t=288.601921680094   Elapsed: 489.229s (8m 09s)  57% completed  (78% total)
     Speed:     ev/sec=17672.9   simsec/sec=0.491016   ev/simsec=35992.6
     Messages:  created: 8414987   present: 1727   in FES: 166
** Event #8929280   t=289.608777387124   Elapsed: 491.248s (8m 11s)  57% completed  (78% total)
     Speed:     ev/sec=17370.7   simsec/sec=0.498681   ev/simsec=34833.2
     Messages:  created: 8448721   present: 1785   in FES: 186
** Event #8968704   t=290.595471452286   Elapsed: 493.267s (8m 13s)  58% completed  (79% total)
     Speed:     ev/sec=19534.2   simsec/sec=0.488896   ev/simsec=39955.6
     Messages:  created: 8488598   present: 1690   in FES: 157
** Event #9005056   t=291.595471452286   Elapsed: 495.288s (8m 15s)  58% completed  (79% total)
     Speed:     ev/sec=17981.3   simsec/sec=0.494645   ev/simsec=36352
     Messages:  created: 8524180   present: 1689   in FES: 158
** Event #9040640   t=292.598473005848   Elapsed: 497.296s (8m 17s)  58% completed  (79% total)
     Speed:     ev/sec=17726   simsec/sec=0.499641   ev/simsec=35477.5
     Messages:  created: 8558932   present: 1785   in FES: 186
** Event #9075456   t=293.60561653879   Elapsed: 499.297s (8m 19s)  58% completed  (79% total)
     Speed:     ev/sec=17397.5   simsec/sec=0.503268   ev/simsec=34569.1
     Messages:  created: 8592650   present: 1812   in FES: 197
** Event #9111296   t=294.697231265543   Elapsed: 501.3s (8m 21s)  58% completed  (79% total)
     Speed:     ev/sec=17889   simsec/sec=0.544864   ev/simsec=32832.1
     Messages:  created: 8627676   present: 1733   in FES: 172
** Event #9155328   t=296.057445603508   Elapsed: 503.305s (8m 23s)  59% completed  (79% total)
     Speed:     ev/sec=21958.8   simsec/sec=0.678339   ev/simsec=32371.4
     Messages:  created: 8671043   present: 1787   in FES: 190
** Event #9199872   t=297.434990258567   Elapsed: 505.307s (8m 25s)  59% completed  (79% total)
     Speed:     ev/sec=22260.8   simsec/sec=0.688427   ev/simsec=32335.8
     Messages:  created: 8715054   present: 1821   in FES: 206
** Event #9235456   t=298.512777685048   Elapsed: 507.335s (8m 27s)  59% completed  (79% total)
     Speed:     ev/sec=17541.2   simsec/sec=0.531298   ev/simsec=33015.8
     Messages:  created: 8749691   present: 1808   in FES: 206
** Event #9271552   t=299.518422311737   Elapsed: 509.367s (8m 29s)  59% completed  (79% total)
     Speed:     ev/sec=17762.5   simsec/sec=0.494868   ev/simsec=35893.4
     Messages:  created: 8785168   present: 1819   in FES: 206
** Event #9306624   t=300.52220722188   Elapsed: 511.375s (8m 31s)  60% completed  (80% total)
     Speed:     ev/sec=17469.5   simsec/sec=0.49999   ev/simsec=34939.8
     Messages:  created: 8819246   present: 1805   in FES: 188
** Event #9341952   t=301.534294096002   Elapsed: 513.391s (8m 33s)  60% completed  (80% total)
     Speed:     ev/sec=17519.2   simsec/sec=0.501895   ev/simsec=34906.1
     Messages:  created: 8853589   present: 1746   in FES: 173
** Event #9377024   t=302.534870446134   Elapsed: 515.409s (8m 35s)  60% completed  (80% total)
     Speed:     ev/sec=17384.1   simsec/sec=0.495956   ev/simsec=35051.8
     Messages:  created: 8887514   present: 1732   in FES: 167
** Event #9412608   t=303.557379378136   Elapsed: 517.415s (8m 37s)  60% completed  (80% total)
     Speed:     ev/sec=17735.1   simsec/sec=0.509619   ev/simsec=34800.7
     Messages:  created: 8922267   present: 1735   in FES: 168
** Event #9447936   t=304.576932491555   Elapsed: 519.441s (8m 39s)  60% completed  (80% total)
     Speed:     ev/sec=17439.8   simsec/sec=0.503306   ev/simsec=34650.5
     Messages:  created: 8956461   present: 1684   in FES: 157
** Event #9484032   t=305.60359747163   Elapsed: 521.465s (8m 41s)  61% completed  (80% total)
     Speed:     ev/sec=17835.7   simsec/sec=0.507294   ev/simsec=35158.5
     Messages:  created: 8992084   present: 1828   in FES: 206
** Event #9520896   t=306.797120980345   Elapsed: 523.467s (8m 43s)  61% completed  (80% total)
     Speed:     ev/sec=18411.3   simsec/sec=0.596093   ev/simsec=30886.7
     Messages:  created: 9028296   present: 1809   in FES: 206
** Event #9568256   t=308.099741826679   Elapsed: 525.471s (8m 45s)  61% completed  (80% total)
     Speed:     ev/sec=23638.8   simsec/sec=0.650178   ev/simsec=36357.5
     Messages:  created: 9073304   present: 1805   in FES: 194
** Event #9608448   t=309.519599761009   Elapsed: 527.477s (8m 47s)  61% completed  (80% total)
     Speed:     ev/sec=20033.8   simsec/sec=0.707732   ev/simsec=28307.1
     Messages:  created: 9114250   present: 1822   in FES: 195
** Event #9644544   t=310.549442625528   Elapsed: 529.497s (8m 49s)  62% completed  (81% total)
     Speed:     ev/sec=17865.8   simsec/sec=0.509723   ev/simsec=35050
     Messages:  created: 9149403   present: 1836   in FES: 205
** Event #9679616   t=311.558160581917   Elapsed: 531.519s (8m 51s)  62% completed  (81% total)
     Speed:     ev/sec=17345.9   simsec/sec=0.498892   ev/simsec=34768.9
     Messages:  created: 9183067   present: 1763   in FES: 178
** Event #9714944   t=312.562486083813   Elapsed: 533.53s (8m 53s)  62% completed  (81% total)
     Speed:     ev/sec=17570.3   simsec/sec=0.4995   ev/simsec=35175.8
     Messages:  created: 9217126   present: 1721   in FES: 166
** Event #9749760   t=313.588802502742   Elapsed: 535.538s (8m 55s)  62% completed  (81% total)
     Speed:     ev/sec=17334.1   simsec/sec=0.510979   ev/simsec=33923.3
     Messages:  created: 9250798   present: 1790   in FES: 189
** Event #9784832   t=314.605605213008   Elapsed: 537.569s (8m 57s)  62% completed  (81% total)
     Speed:     ev/sec=17273.1   simsec/sec=0.50078   ev/simsec=34492.4
     Messages:  created: 9284969   present: 1751   in FES: 176
** Event #9830144   t=316.070487914271   Elapsed: 539.573s (8m 59s)  63% completed  (81% total)
     Speed:     ev/sec=22602.3   simsec/sec=0.730705   ev/simsec=30932.2
     Messages:  created: 9330012   present: 1835   in FES: 206
** Event #9872640   t=317.517720387244   Elapsed: 541.584s (9m 01s)  63% completed  (81% total)
     Speed:     ev/sec=21139.2   simsec/sec=0.719912   ev/simsec=29363.6
     Messages:  created: 9372854   present: 1745   in FES: 202
** Event #9924352   t=318.518610729389   Elapsed: 543.611s (9m 03s)  63% completed  (81% total)
     Speed:     ev/sec=25512.9   simsec/sec=0.493804   ev/simsec=51666
     Messages:  created: 9432069   present: 1840   in FES: 200
** Event #9962240   t=319.543285890588   Elapsed: 545.623s (9m 05s)  63% completed  (81% total)
     Speed:     ev/sec=18827.6   simsec/sec=0.509189   ev/simsec=36975.6
     Messages:  created: 9470356   present: 1773   in FES: 184
** Event #9999104   t=320.578615833451   Elapsed: 547.625s (9m 07s)  64% completed  (82% total)
     Speed:     ev/sec=18412.8   simsec/sec=0.517126   ev/simsec=35606
     Messages:  created: 9506735   present: 1831   in FES: 206
** Event #10043136   t=322.039148859403   Elapsed: 549.628s (9m 09s)  64% completed  (82% total)
     Speed:     ev/sec=21988.5   simsec/sec=0.729353   ev/simsec=30147.9
     Messages:  created: 9551400   present: 1816   in FES: 199
** Event #10090240   t=323.520373436773   Elapsed: 551.636s (9m 11s)  64% completed  (82% total)
     Speed:     ev/sec=23449.3   simsec/sec=0.737383   ev/simsec=31800.7
     Messages:  created: 9598390   present: 1791   in FES: 186
** Event #10126592   t=324.569519767607   Elapsed: 553.656s (9m 13s)  64% completed  (82% total)
     Speed:     ev/sec=18001.9   simsec/sec=0.519547   ev/simsec=34649.1
     Messages:  created: 9633423   present: 1685   in FES: 156
** Event #10165504   t=326.00304988469   Elapsed: 555.66s (9m 15s)  65% completed  (82% total)
     Speed:     ev/sec=19416.7   simsec/sec=0.715318   ev/simsec=27144.2
     Messages:  created: 9672281   present: 1755   in FES: 178
** Event #10213120   t=327.505189774239   Elapsed: 557.672s (9m 17s)  65% completed  (82% total)
     Speed:     ev/sec=23658.1   simsec/sec=0.74634   ev/simsec=31698.8
     Messages:  created: 9718115   present: 1813   in FES: 198
** Event #10248704   t=328.523211803276   Elapsed: 559.69s (9m 19s)  65% completed  (82% total)
     Speed:     ev/sec=17637   simsec/sec=0.504575   ev/simsec=34954.1
     Messages:  created: 9752320   present: 1755   in FES: 172
** Event #10284032   t=329.568049134707   Elapsed: 561.692s (9m 21s)  65% completed  (82% total)
     Speed:     ev/sec=17646.9   simsec/sec=0.521912   ev/simsec=33812
     Messages:  created: 9786140   present: 1771   in FES: 184
** Event #10319104   t=330.590549621601   Elapsed: 563.717s (9m 23s)  66% completed  (83% total)
     Speed:     ev/sec=17315.9   simsec/sec=0.504833   ev/simsec=34300.2
     Messages:  created: 9819463   present: 1807   in FES: 192
** Event #10362880   t=332.066771333842   Elapsed: 565.718s (9m 25s)  66% completed  (83% total)
     Speed:     ev/sec=21885.6   simsec/sec=0.738029   ev/simsec=29654.1
     Messages:  created: 9862079   present: 1765   in FES: 182
** Event #10403840   t=333.505231647844   Elapsed: 567.738s (9m 27s)  66% completed  (83% total)
     Speed:     ev/sec=20273.2   simsec/sec=0.711967   ev/simsec=28474.9
     Messages:  created: 9901834   present: 1802   in FES: 195
** Event #10440960   t=334.544371098804   Elapsed: 569.762s (9m 29s)  66% completed  (83% total)
     Speed:     ev/sec=18336.7   simsec/sec=0.51332   ev/simsec=35721.9
     Messages:  created: 9938225   present: 1722   in FES: 167
** Event #10475264   t=335.560108159165   Elapsed: 571.765s (9m 31s)  67% completed  (83% total)
     Speed:     ev/sec=17125.1   simsec/sec=0.507072   ev/simsec=33772.5
     Messages:  created: 9971272   present: 1800   in FES: 193
** Event #10509824   t=336.586807653621   Elapsed: 573.771s (9m 33s)  67% completed  (83% total)
     Speed:     ev/sec=17233   simsec/sec=0.511952   ev/simsec=33661.3
     Messages:  created: 10004357   present: 1769   in FES: 180
** Event #10551040   t=338.041968536514   Elapsed: 575.772s (9m 35s)  67% completed  (83% total)
     Speed:     ev/sec=20593.7   simsec/sec=0.727075   ev/simsec=28324
     Messages:  created: 10044585   present: 1717   in FES: 166
** Event #10595584   t=339.527542149496   Elapsed: 577.795s (9m 37s)  67% completed  (83% total)
     Speed:     ev/sec=22020.2   simsec/sec=0.734388   ev/simsec=29984.4
     Messages:  created: 10088187   present: 1815   in FES: 196
** Event #10630144   t=340.548411943778   Elapsed: 579.802s (9m 39s)  68% completed  (84% total)
     Speed:     ev/sec=17219   simsec/sec=0.508633   ev/simsec=33853.5
     Messages:  created: 10121397   present: 1783   in FES: 188
** Event #10664704   t=341.575681200719   Elapsed: 581.806s (9m 41s)  68% completed  (84% total)
     Speed:     ev/sec=17246.9   simsec/sec=0.512652   ev/simsec=33642.6
     Messages:  created: 10154337   present: 1809   in FES: 206
** Event #10699520   t=342.610742202274   Elapsed: 583.807s (9m 43s)  68% completed  (84% total)
     Speed:     ev/sec=17397.5   simsec/sec=0.517217   ev/simsec=33636.7
     Messages:  created: 10188010   present: 1686   in FES: 157
** Event #10748672   t=344.283072039833   Elapsed: 585.81s (9m 45s)  68% completed  (84% total)
     Speed:     ev/sec=24539.3   simsec/sec=0.834916   ev/simsec=29391.3
     Messages:  created: 10236161   present: 1681   in FES: 155
** Event #10784000   t=345.545244921316   Elapsed: 587.838s (9m 47s)  69% completed  (84% total)
     Speed:     ev/sec=17421.3   simsec/sec=0.622414   ev/simsec=27989.8
     Messages:  created: 10270070   present: 1814   in FES: 206
** Event #10818304   t=346.555412104765   Elapsed: 589.862s (9m 49s)  69% completed  (84% total)
     Speed:     ev/sec=16949.9   simsec/sec=0.499132   ev/simsec=33958.7
     Messages:  created: 10302274   present: 1770   in FES: 181
** Event #10852608   t=347.592502799053   Elapsed: 591.863s (9m 51s)  69% completed  (84% total)
     Speed:     ev/sec=17147.6   simsec/sec=0.518413   ev/simsec=33077.1
     Messages:  created: 10334658   present: 1841   in FES: 204
** Event #10889984   t=349.014798191608   Elapsed: 593.866s (9m 53s)  69% completed  (84% total)
     Speed:     ev/sec=18654.6   simsec/sec=0.709876   ev/simsec=26278.6
     Messages:  created: 10370378   present: 1817   in FES: 198
** Event #10935552   t=350.514203079711   Elapsed: 595.893s (9m 55s)  70% completed  (85% total)
     Speed:     ev/sec=22478.8   simsec/sec=0.739659   ev/simsec=30390.7
     Messages:  created: 10413333   present: 1789   in FES: 190
** Event #10969600   t=351.523275366008   Elapsed: 597.911s (9m 57s)  70% completed  (85% total)
     Speed:     ev/sec=16871.4   simsec/sec=0.500015   ev/simsec=33741.9
     Messages:  created: 10445336   present: 1974   in FES: 256
** Event #11003136   t=352.532170570761   Elapsed: 599.923s (9m 59s)  70% completed  (85% total)
     Speed:     ev/sec=16669.8   simsec/sec=0.501492   ev/simsec=33240.3
     Messages:  created: 10476644   present: 1797   in FES: 190
** Event #11036416   t=353.509695852451   Elapsed: 601.95s (10m 01s)  70% completed  (85% total)
     Speed:     ev/sec=16420.4   simsec/sec=0.482311   ev/simsec=34045.2
     Messages:  created: 10507808   present: 1878   in FES: 206
** Event #11070976   t=354.579799423079   Elapsed: 603.98s (10m 03s)  70% completed  (85% total)
     Speed:     ev/sec=17022.5   simsec/sec=0.527079   ev/simsec=32295.9
     Messages:  created: 10540617   present: 1777   in FES: 186
** Event #11103232   t=355.579165123889   Elapsed: 605.999s (10m 05s)  71% completed  (85% total)
     Speed:     ev/sec=15977.6   simsec/sec=0.495024   ev/simsec=32276.5
     Messages:  created: 10570466   present: 1780   in FES: 187
** Event #11136000   t=356.587732240943   Elapsed: 608.017s (10m 08s)  71% completed  (85% total)
     Speed:     ev/sec=16236.2   simsec/sec=0.499735   ev/simsec=32489.7
     Messages:  created: 10600770   present: 1711   in FES: 164
** Event #11168512   t=357.590511408748   Elapsed: 610.039s (10m 10s)  71% completed  (85% total)
     Speed:     ev/sec=16083   simsec/sec=0.496055   ev/simsec=32421.9
     Messages:  created: 10630823   present: 1779   in FES: 184
** Event #11200768   t=358.590277674494   Elapsed: 612.058s (10m 12s)  71% completed  (85% total)
     Speed:     ev/sec=15971.5   simsec/sec=0.495034   ev/simsec=32263.5
     Messages:  created: 10660688   present: 1806   in FES: 195
** Event #11233280   t=359.589490035951   Elapsed: 614.067s (10m 14s)  71% completed  (85% total)
     Speed:     ev/sec=16182.7   simsec/sec=0.497354   ev/simsec=32537.6
     Messages:  created: 10690651   present: 1725   in FES: 168
** Event #11266048   t=360.590370825212   Elapsed: 616.071s (10m 16s)  72% completed  (86% total)
     Speed:     ev/sec=16354   simsec/sec=0.499524   ev/simsec=32739.2
     Messages:  created: 10721016   present: 1815   in FES: 198
** Event #11299840   t=361.594447141994   Elapsed: 618.101s (10m 18s)  72% completed  (86% total)
     Speed:     ev/sec=16649.1   simsec/sec=0.494703   ev/simsec=33654.8
     Messages:  created: 10752296   present: 1839   in FES: 202
** Event #11333376   t=362.600553658287   Elapsed: 620.126s (10m 20s)  72% completed  (86% total)
     Speed:     ev/sec=16558.6   simsec/sec=0.496772   ev/simsec=33332.5
     Messages:  created: 10783343   present: 1775   in FES: 184
** Event #11366656   t=363.60136258773   Elapsed: 622.127s (10m 22s)  72% completed  (86% total)
     Speed:     ev/sec=16630.2   simsec/sec=0.500109   ev/simsec=33253.1
     Messages:  created: 10813768   present: 1811   in FES: 194
** Event #11399424   t=364.599046013291   Elapsed: 624.128s (10m 24s)  72% completed  (86% total)
     Speed:     ev/sec=16374.7   simsec/sec=0.49856   ev/simsec=32844.1
     Messages:  created: 10843460   present: 1706   in FES: 161
** Event #11432704   t=365.60266162859   Elapsed: 626.151s (10m 26s)  73% completed  (86% total)
     Speed:     ev/sec=16454   simsec/sec=0.496197   ev/simsec=33160.1
     Messages:  created: 10874022   present: 1787   in FES: 187
** Event #11466240   t=366.604920478704   Elapsed: 628.176s (10m 28s)  73% completed  (86% total)
     Speed:     ev/sec=16559.6   simsec/sec=0.494902   ev/simsec=33460.4
     Messages:  created: 10904846   present: 1776   in FES: 183
** Event #11499520   t=367.645717750092   Elapsed: 630.193s (10m 30s)  73% completed  (86% total)
     Speed:     ev/sec=16499   simsec/sec=0.51599   ev/simsec=31975.5
     Messages:  created: 10935207   present: 1681   in FES: 155
** Event #11535360   t=369.00024890539   Elapsed: 632.196s (10m 32s)  73% completed  (86% total)
     Speed:     ev/sec=17891.2   simsec/sec=0.676176   ev/simsec=26459.3
     Messages:  created: 10969075   present: 1779   in FES: 188
** Event #11571456   t=370.021270391946   Elapsed: 634.198s (10m 34s)  74% completed  (87% total)
     Speed:     ev/sec=18034.2   simsec/sec=0.510119   ev/simsec=35352.8
     Messages:  created: 11002123   present: 1771   in FES: 180
** Event #11606784   t=371.044246687865   Elapsed: 636.2s (10m 36s)  74% completed  (87% total)
     Speed:     ev/sec=17644   simsec/sec=0.510909   ev/simsec=34534.5
     Messages:  created: 11034223   present: 1730   in FES: 169
** Event #11642624   t=372.07566797016   Elapsed: 638.203s (10m 38s)  74% completed  (87% total)
     Speed:     ev/sec=17897.2   simsec/sec=0.515055   ev/simsec=34748.2
     Messages:  created: 11066907   present: 1791   in FES: 190
** Event #11682048   t=373.512213872813   Elapsed: 640.23s (10m 40s)  74% completed  (87% total)
     Speed:     ev/sec=19450.3   simsec/sec=0.708735   ev/simsec=27443.6
     Messages:  created: 11104302   present: 1717   in FES: 166
** Event #11715072   t=374.516480124261   Elapsed: 642.251s (10m 42s)  74% completed  (87% total)
     Speed:     ev/sec=16339.9   simsec/sec=0.496901   ev/simsec=32883.7
     Messages:  created: 11134864   present: 1841   in FES: 206
** Event #11750144   t=375.523361580913   Elapsed: 644.261s (10m 44s)  75% completed  (87% total)
     Speed:     ev/sec=17448.9   simsec/sec=0.500939   ev/simsec=34832.3
     Messages:  created: 11167877   present: 1848   in FES: 205
** Event #11784192   t=376.538244611734   Elapsed: 646.282s (10m 46s)  75% completed  (87% total)
     Speed:     ev/sec=16840.2   simsec/sec=0.501964   ev/simsec=33548.7
     Messages:  created: 11199884   present: 1813   in FES: 206
** Event #11819008   t=377.548419797458   Elapsed: 648.303s (10m 48s)  75% completed  (87% total)
     Speed:     ev/sec=17231.6   simsec/sec=0.49997   ev/simsec=34465.3
     Messages:  created: 11232395   present: 1772   in FES: 185
** Event #11855360   t=378.550741996097   Elapsed: 650.319s (10m 50s)  75% completed  (87% total)
     Speed:     ev/sec=18033.4   simsec/sec=0.497229   ev/simsec=36267.8
     Messages:  created: 11267014   present: 1745   in FES: 174
** Event #11890688   t=379.58344187516   Elapsed: 652.337s (10m 52s)  75% completed  (87% total)
     Speed:     ev/sec=17502.2   simsec/sec=0.511621   ev/simsec=34209.4
     Messages:  created: 11300396   present: 1798   in FES: 191
** Event #11926016   t=380.597062072899   Elapsed: 654.364s (10m 54s)  76% completed  (88% total)
     Speed:     ev/sec=17427.9   simsec/sec=0.500035   ev/simsec=34853.3
     Messages:  created: 11333593   present: 1832   in FES: 201
** Event #11963136   t=381.934988485882   Elapsed: 656.368s (10m 56s)  76% completed  (88% total)
     Speed:     ev/sec=18529   simsec/sec=0.667846   ev/simsec=27744.4
     Messages:  created: 11369286   present: 1684   in FES: 156
** Event #12008448   t=383.087897126145   Elapsed: 658.372s (10m 58s)  76% completed  (88% total)
     Speed:     ev/sec=22605.5   simsec/sec=0.575168   ev/simsec=39302.3
     Messages:  created: 11411815   present: 1833   in FES: 203
** Event #12048128   t=384.503723767278   Elapsed: 660.377s (11m 00s)  76% completed  (88% total)
     Speed:     ev/sec=19796   simsec/sec=0.706343   ev/simsec=28026
     Messages:  created: 11450372   present: 2137   in FES: 303
** Event #12086528   t=385.550420464797   Elapsed: 662.402s (11m 02s)  77% completed  (88% total)
     Speed:     ev/sec=18958.1   simsec/sec=0.516755   ev/simsec=36686.8
     Messages:  created: 11488566   present: 1746   in FES: 175
** Event #12122368   t=386.669097119477   Elapsed: 664.424s (11m 04s)  77% completed  (88% total)
     Speed:     ev/sec=17728   simsec/sec=0.553344   ev/simsec=32037.9
     Messages:  created: 11522380   present: 1682   in FES: 156
** Event #12174336   t=388.26729873595   Elapsed: 666.425s (11m 06s)  77% completed  (88% total)
     Speed:     ev/sec=25964.7   simsec/sec=0.798506   ev/simsec=32516.5
     Messages:  created: 11573403   present: 1796   in FES: 206
** Event #12214272   t=389.530373544244   Elapsed: 668.445s (11m 08s)  77% completed  (88% total)
     Speed:     ev/sec=19775.5   simsec/sec=0.625449   ev/simsec=31618.1
     Messages:  created: 11612607   present: 1773   in FES: 184
** Event #12251392   t=390.558419915573   Elapsed: 670.45s (11m 10s)  78% completed  (89% total)
     Speed:     ev/sec=18508.8   simsec/sec=0.512605   ev/simsec=36107.3
     Messages:  created: 11648085   present: 1804   in FES: 195
** Event #12288768   t=391.602422493056   Elapsed: 672.467s (11m 12s)  78% completed  (89% total)
     Speed:     ev/sec=18529.3   simsec/sec=0.517569   ev/simsec=35800.7
     Messages:  created: 11683746   present: 1697   in FES: 158
** Event #12341504   t=393.084115178633   Elapsed: 674.482s (11m 14s)  78% completed  (89% total)
     Speed:     ev/sec=26177.7   simsec/sec=0.7355   ev/simsec=35591.7
     Messages:  created: 11736069   present: 1743   in FES: 172
** Event #12385024   t=394.526877574314   Elapsed: 676.505s (11m 16s)  78% completed  (89% total)
     Speed:     ev/sec=21511.4   simsec/sec=0.713138   ev/simsec=30164.4
     Messages:  created: 11779379   present: 1703   in FES: 156
** Event #12422656   t=395.571649367004   Elapsed: 678.51s (11m 18s)  79% completed  (89% total)
     Speed:     ev/sec=18769.3   simsec/sec=0.521089   ev/simsec=36019.3
     Messages:  created: 11815450   present: 1739   in FES: 174
** Event #12469248   t=397.030298286635   Elapsed: 680.512s (11m 20s)  79% completed  (89% total)
     Speed:     ev/sec=23278.9   simsec/sec=0.728788   ev/simsec=31941.9
     Messages:  created: 11862045   present: 1776   in FES: 185
** Event #12518400   t=398.526457429219   Elapsed: 682.517s (11m 22s)  79% completed  (89% total)
     Speed:     ev/sec=24514.5   simsec/sec=0.746208   ev/simsec=32852.1
     Messages:  created: 11910372   present: 1842   in FES: 206
** Event #12555520   t=399.558021426992   Elapsed: 684.52s (11m 24s)  79% completed  (89% total)
     Speed:     ev/sec=18531.9   simsec/sec=0.515   ev/simsec=35984.2
     Messages:  created: 11945313   present: 1769   in FES: 180
** Event #12592384   t=400.608081663309   Elapsed: 686.527s (11m 26s)  80% completed  (90% total)
     Speed:     ev/sec=18368.1   simsec/sec=0.523211   ev/simsec=35106.6
     Messages:  created: 11980480   present: 1828   in FES: 201
** Event #12650496   t=402.510689887381   Elapsed: 688.541s (11m 28s)  80% completed  (90% total)
     Speed:     ev/sec=28851.9   simsec/sec=0.944622   ev/simsec=30543.3
     Messages:  created: 12039351   present: 1753   in FES: 178
** Event #12689152   t=403.539981751754   Elapsed: 690.573s (11m 30s)  80% completed  (90% total)
     Speed:     ev/sec=19017.1   simsec/sec=0.506367   ev/simsec=37555.9
     Messages:  created: 12076833   present: 1789   in FES: 206
** Event #12729088   t=404.583433616913   Elapsed: 692.577s (11m 32s)  80% completed  (90% total)
     Speed:     ev/sec=19928.1   simsec/sec=0.520684   ev/simsec=38273
     Messages:  created: 12116555   present: 1803   in FES: 194
** Event #12766464   t=405.669320021792   Elapsed: 694.593s (11m 34s)  81% completed  (90% total)
     Speed:     ev/sec=18539.3   simsec/sec=0.538623   ev/simsec=34419.8
     Messages:  created: 12152095   present: 1788   in FES: 207
** Event #12819456   t=407.197589596126   Elapsed: 696.596s (11m 36s)  81% completed  (90% total)
     Speed:     ev/sec=26458   simsec/sec=0.763038   ev/simsec=34674.5
     Messages:  created: 12203539   present: 1693   in FES: 158
** Event #12859648   t=408.522170385608   Elapsed: 698.616s (11m 38s)  81% completed  (90% total)
     Speed:     ev/sec=19903.8   simsec/sec=0.655957   ev/simsec=30343.2
     Messages:  created: 12243059   present: 1705   in FES: 156
** Event #12896768   t=409.535425851615   Elapsed: 700.627s (11m 40s)  81% completed  (90% total)
     Speed:     ev/sec=18456   simsec/sec=0.503788   ev/simsec=36634.4
     Messages:  created: 12278369   present: 1795   in FES: 188
** Event #12933376   t=410.560669803819   Elapsed: 702.63s (11m 42s)  82% completed  (91% total)
     Speed:     ev/sec=18271.4   simsec/sec=0.511708   ev/simsec=35706.6
     Messages:  created: 12312993   present: 1778   in FES: 185
** Event #12972288   t=411.57437834707   Elapsed: 704.643s (11m 44s)  82% completed  (91% total)
     Speed:     ev/sec=19334.9   simsec/sec=0.5037   ev/simsec=38385.8
     Messages:  created: 12350832   present: 1783   in FES: 186
** Event #13010176   t=412.58137836709   Elapsed: 706.651s (11m 46s)  82% completed  (91% total)
     Speed:     ev/sec=18864   simsec/sec=0.501373   ev/simsec=37624.6
     Messages:  created: 12387488   present: 1781   in FES: 186
** Event #13047808   t=413.669332207102   Elapsed: 708.654s (11m 48s)  82% completed  (91% total)
     Speed:     ev/sec=18790.2   simsec/sec=0.54323   ev/simsec=34589.7
     Messages:  created: 12423561   present: 1829   in FES: 233
** Event #13092864   t=415.043329814811   Elapsed: 710.657s (11m 50s)  83% completed  (91% total)
     Speed:     ev/sec=22493.6   simsec/sec=0.685948   ev/simsec=32791.9
     Messages:  created: 12467594   present: 1715   in FES: 164
** Event #13135360   t=416.096843974672   Elapsed: 712.659s (11m 52s)  83% completed  (91% total)
     Speed:     ev/sec=21226.3   simsec/sec=0.52622   ev/simsec=40337.4
     Messages:  created: 12507101   present: 1807   in FES: 194
** Event #13176320   t=417.513220411475   Elapsed: 714.678s (11m 54s)  83% completed  (91% total)
     Speed:     ev/sec=20287.5   simsec/sec=0.70153   ev/simsec=28918.9
     Messages:  created: 12547494   present: 1767   in FES: 182
** Event #13217024   t=418.52191422976   Elapsed: 716.698s (11m 56s)  83% completed  (91% total)
     Speed:     ev/sec=20153.3   simsec/sec=0.499424   ev/simsec=40353.2
     Messages:  created: 12587918   present: 1836   in FES: 201
** Event #13253376   t=419.53527776917   Elapsed: 718.718s (11m 58s)  83% completed  (91% total)
     Speed:     ev/sec=17993.9   simsec/sec=0.501607   ev/simsec=35872.6
     Messages:  created: 12622357   present: 1783   in FES: 189
** Event #13291264   t=420.54230146243   Elapsed: 720.731s (12m 00s)  84% completed  (92% total)
     Speed:     ev/sec=18820   simsec/sec=0.500215   ev/simsec=37623.7
     Messages:  created: 12658950   present: 1812   in FES: 197
** Event #13329920   t=421.549171990339   Elapsed: 722.751s (12m 02s)  84% completed  (92% total)
     Speed:     ev/sec=19136.5   simsec/sec=0.498448   ev/simsec=38392.2
     Messages:  created: 12697025   present: 1797   in FES: 192
** Event #13368064   t=422.569334551168   Elapsed: 724.776s (12m 04s)  84% completed  (92% total)
     Speed:     ev/sec=18842.3   simsec/sec=0.503939   ev/simsec=37390.1
     Messages:  created: 12734172   present: 1799   in FES: 194
** Event #13405440   t=423.576622377009   Elapsed: 726.79s (12m 06s)  84% completed  (92% total)
     Speed:     ev/sec=18557.7   simsec/sec=0.500131   ev/simsec=37105.6
     Messages:  created: 12770328   present: 1830   in FES: 203
** Event #13443584   t=424.59647426248   Elapsed: 728.802s (12m 08s)  84% completed  (92% total)
     Speed:     ev/sec=18956.5   simsec/sec=0.506837   ev/simsec=37401.5
     Messages:  created: 12807708   present: 1840   in FES: 206
** Event #13480704   t=425.612687170712   Elapsed: 730.806s (12m 10s)  85% completed  (92% total)
     Speed:     ev/sec=18520.4   simsec/sec=0.507022   ev/simsec=36527.8
     Messages:  created: 12843680   present: 1796   in FES: 206
** Event #13529088   t=427.058070902284   Elapsed: 732.81s (12m 12s)  85% completed  (92% total)
     Speed:     ev/sec=24152.2   simsec/sec=0.721504   ev/simsec=33474.8
     Messages:  created: 12891777   present: 1772   in FES: 185
** Event #13574144   t=428.419320298765   Elapsed: 734.812s (12m 14s)  85% completed  (92% total)
     Speed:     ev/sec=22497.1   simsec/sec=0.679691   ev/simsec=33099
     Messages:  created: 12935405   present: 1806   in FES: 207
** Event #13613056   t=429.515682477163   Elapsed: 736.813s (12m 16s)  85% completed  (92% total)
     Speed:     ev/sec=19447.6   simsec/sec=0.547945   ev/simsec=35491.9
     Messages:  created: 12973804   present: 1808   in FES: 207
** Event #13652224   t=430.5305911712   Elapsed: 738.842s (12m 18s)  86% completed  (93% total)
     Speed:     ev/sec=19304.8   simsec/sec=0.50022   ev/simsec=38592.6
     Messages:  created: 13012376   present: 1822   in FES: 201
** Event #13689856   t=431.531272349685   Elapsed: 740.854s (12m 20s)  86% completed  (93% total)
     Speed:     ev/sec=18708.1   simsec/sec=0.497471   ev/simsec=37606.4
     Messages:  created: 13048803   present: 1810   in FES: 206
** Event #13727744   t=432.552248268752   Elapsed: 742.882s (12m 22s)  86% completed  (93% total)
     Speed:     ev/sec=18681.6   simsec/sec=0.503416   ev/simsec=37109.6
     Messages:  created: 13085648   present: 1954   in FES: 256
** Event #13765632   t=433.558298493293   Elapsed: 744.904s (12m 24s)  86% completed  (93% total)
     Speed:     ev/sec=18736.2   simsec/sec=0.497507   ev/simsec=37660.1
     Messages:  created: 13122432   present: 1786   in FES: 187
** Event #13803520   t=434.579307388501   Elapsed: 746.933s (12m 26s)  86% completed  (93% total)
     Speed:     ev/sec=18675.3   simsec/sec=0.503264   ev/simsec=37108.4
     Messages:  created: 13159206   present: 1731   in FES: 170
** Event #13841664   t=435.59977008192   Elapsed: 748.936s (12m 28s)  87% completed  (93% total)
     Speed:     ev/sec=19039   simsec/sec=0.509349   ev/simsec=37379.1
     Messages:  created: 13196480   present: 1827   in FES: 202
** Event #13879552   t=436.610822447845   Elapsed: 750.966s (12m 30s)  87% completed  (93% total)
     Speed:     ev/sec=18664.6   simsec/sec=0.49807   ev/simsec=37473.8
     Messages:  created: 13233136   present: 1745   in FES: 174
** Event #13928448   t=438.058011105435   Elapsed: 752.966s (12m 32s)  87% completed  (93% total)
     Speed:     ev/sec=24448   simsec/sec=0.723594   ev/simsec=33786.9
     Messages:  created: 13281904   present: 1732   in FES: 171
** Event #13975040   t=439.513204756905   Elapsed: 754.98s (12m 34s)  87% completed  (93% total)
     Speed:     ev/sec=23132.7   simsec/sec=0.722496   ev/simsec=32017.7
     Messages:  created: 13328041   present: 1766   in FES: 181
** Event #14013184   t=440.526621823097   Elapsed: 757.011s (12m 37s)  88% completed  (94% total)
     Speed:     ev/sec=18786.3   simsec/sec=0.499117   ev/simsec=37639
     Messages:  created: 13365412   present: 1807   in FES: 192
** Event #14050816   t=441.544243687742   Elapsed: 759.019s (12m 39s)  88% completed  (94% total)
     Speed:     ev/sec=18733.5   simsec/sec=0.506581   ev/simsec=36980.3
     Messages:  created: 13402041   present: 1803   in FES: 206
** Event #14088960   t=442.581409506422   Elapsed: 761.02s (12m 41s)  88% completed  (94% total)
     Speed:     ev/sec=19070.5   simsec/sec=0.518542   ev/simsec=36777.1
     Messages:  created: 13439616   present: 1835   in FES: 204
** Event #14126592   t=443.591448440076   Elapsed: 763.046s (12m 43s)  88% completed  (94% total)
     Speed:     ev/sec=18572.9   simsec/sec=0.498496   ev/simsec=37258
     Messages:  created: 13476038   present: 1829   in FES: 202
** Event #14163968   t=444.606149702263   Elapsed: 765.062s (12m 45s)  88% completed  (94% total)
     Speed:     ev/sec=18538.5   simsec/sec=0.503293   ev/simsec=36834.5
     Messages:  created: 13512163   present: 1809   in FES: 196
** Event #14211584   t=446.047519863526   Elapsed: 767.064s (12m 47s)  89% completed  (94% total)
     Speed:     ev/sec=23786.9   simsec/sec=0.720045   ev/simsec=33035.2
     Messages:  created: 13559926   present: 1790   in FES: 187
** Event #14257408   t=447.50350958243   Elapsed: 769.09s (12m 49s)  89% completed  (94% total)
     Speed:     ev/sec=22618.7   simsec/sec=0.718674   ev/simsec=31472.7
     Messages:  created: 13604539   present: 1792   in FES: 191
** Event #14296576   t=448.525183662006   Elapsed: 771.114s (12m 51s)  89% completed  (94% total)
     Speed:     ev/sec=19348.3   simsec/sec=0.504689   ev/simsec=38337.1
     Messages:  created: 13643060   present: 1815   in FES: 192
** Event #14333952   t=449.557275073088   Elapsed: 773.135s (12m 53s)  89% completed  (94% total)
     Speed:     ev/sec=18492.1   simsec/sec=0.510638   ev/simsec=36213.8
     Messages:  created: 13679122   present: 1823   in FES: 206
** Event #14372096   t=450.567507835366   Elapsed: 775.144s (12m 55s)  90% completed  (95% total)
     Speed:     ev/sec=18986.3   simsec/sec=0.502846   ev/simsec=37757.6
     Messages:  created: 13716205   present: 1812   in FES: 199
** Event #14410240   t=451.60271754981   Elapsed: 777.151s (12m 57s)  90% completed  (95% total)
     Speed:     ev/sec=19005.6   simsec/sec=0.515802   ev/simsec=36846.6
     Messages:  created: 13753243   present: 1842   in FES: 206
** Event #14455808   t=453.029611542008   Elapsed: 779.151s (12m 59s)  90% completed  (95% total)
     Speed:     ev/sec=22782.3   simsec/sec=0.713394   ev/simsec=31935.1
     Messages:  created: 13798488   present: 1753   in FES: 178
** Event #14504960   t=454.514066495231   Elapsed: 781.164s (13m 01s)  90% completed  (95% total)
     Speed:     ev/sec=24422.7   simsec/sec=0.737597   ev/simsec=33111.1
     Messages:  created: 13846700   present: 1822   in FES: 206
** Event #14543872   t=455.530378616945   Elapsed: 783.166s (13m 03s)  91% completed  (95% total)
     Speed:     ev/sec=19436.1   simsec/sec=0.507635   ev/simsec=38287.5
     Messages:  created: 13884963   present: 1781   in FES: 188
** Event #14581504   t=456.532377494366   Elapsed: 785.186s (13m 05s)  91% completed  (95% total)
     Speed:     ev/sec=18632.8   simsec/sec=0.49612   ev/simsec=37556.9
     Messages:  created: 13921117   present: 1796   in FES: 189
** Event #14618624   t=457.544094034838   Elapsed: 787.204s (13m 07s)  91% completed  (95% total)
     Speed:     ev/sec=18386.8   simsec/sec=0.501139   ev/simsec=36690.1
     Messages:  created: 13956683   present: 1692   in FES: 157
** Event #14655744   t=458.554060717179   Elapsed: 789.214s (13m 09s)  91% completed  (95% total)
     Speed:     ev/sec=18475.2   simsec/sec=0.502677   ev/simsec=36753.7
     Messages:  created: 13992477   present: 1806   in FES: 195
** Event #14693376   t=459.572487459251   Elapsed: 791.239s (13m 11s)  91% completed  (95% total)
     Speed:     ev/sec=18583.1   simsec/sec=0.502911   ev/simsec=36951.1
     Messages:  created: 14028777   present: 1829   in FES: 206
** Event #14730752   t=460.588609199327   Elapsed: 793.245s (13m 13s)  92% completed  (96% total)
     Speed:     ev/sec=18626.2   simsec/sec=0.50638   ev/simsec=36783
     Messages:  created: 14065028   present: 1813   in FES: 206
** Event #14776576   t=461.590939002551   Elapsed: 795.256s (13m 15s)  92% completed  (96% total)
     Speed:     ev/sec=22790.9   simsec/sec=0.498517   ev/simsec=45717.5
     Messages:  created: 14112981   present: 1763   in FES: 180
** Event #14813696   t=462.605702210577   Elapsed: 797.273s (13m 17s)  92% completed  (96% total)
     Speed:     ev/sec=18400.2   simsec/sec=0.503013   ev/simsec=36580
     Messages:  created: 14148714   present: 1824   in FES: 201
** Event #14863872   t=464.087526482159   Elapsed: 799.277s (13m 19s)  92% completed  (96% total)
     Speed:     ev/sec=25043.8   simsec/sec=0.739606   ev/simsec=33861
     Messages:  created: 14197363   present: 1809   in FES: 196
** Event #14906880   t=465.519414014509   Elapsed: 801.278s (13m 21s)  93% completed  (96% total)
     Speed:     ev/sec=21494.7   simsec/sec=0.715635   ev/simsec=30035.9
     Messages:  created: 14240022   present: 1740   in FES: 167
** Event #14943232   t=466.529533039386   Elapsed: 803.291s (13m 23s)  93% completed  (96% total)
     Speed:     ev/sec=18052.4   simsec/sec=0.501625   ev/simsec=35987.8
     Messages:  created: 14274245   present: 1732   in FES: 168
** Event #14978816   t=467.545146678538   Elapsed: 805.302s (13m 25s)  93% completed  (96% total)
     Speed:     ev/sec=17699.2   simsec/sec=0.505158   ev/simsec=35036.9
     Messages:  created: 14307299   present: 1786   in FES: 189
** Event #15014656   t=468.576158118396   Elapsed: 807.331s (13m 27s)  93% completed  (96% total)
     Speed:     ev/sec=17659.1   simsec/sec=0.508002   ev/simsec=34762
     Messages:  created: 14340763   present: 1824   in FES: 206
** Event #15049984   t=469.582915224602   Elapsed: 809.339s (13m 29s)  93% completed  (96% total)
     Speed:     ev/sec=17599.4   simsec/sec=0.501539   ev/simsec=35090.9
     Messages:  created: 14373483   present: 1785   in FES: 188
** Event #15085824   t=470.59858583868   Elapsed: 811.35s (13m 31s)  94% completed  (97% total)
     Speed:     ev/sec=17819.4   simsec/sec=0.504985   ev/simsec=35287
     Messages:  created: 14407024   present: 1744   in FES: 177
** Event #15123968   t=471.946964294913   Elapsed: 813.353s (13m 33s)  94% completed  (97% total)
     Speed:     ev/sec=19046.7   simsec/sec=0.673295   ev/simsec=28288.8
     Messages:  created: 14443703   present: 1824   in FES: 206
** Event #15167488   t=473.068211340641   Elapsed: 815.353s (13m 35s)  94% completed  (97% total)
     Speed:     ev/sec=21758.8   simsec/sec=0.560594   ev/simsec=38813.9
     Messages:  created: 14483517   present: 1771   in FES: 184
** Event #15210240   t=474.513253167568   Elapsed: 817.374s (13m 37s)  94% completed  (97% total)
     Speed:     ev/sec=21155   simsec/sec=0.715051   ev/simsec=29585.3
     Messages:  created: 14524680   present: 1811   in FES: 198
** Event #15246336   t=475.521744513672   Elapsed: 819.378s (13m 39s)  95% completed  (97% total)
     Speed:     ev/sec=18009.1   simsec/sec=0.503159   ev/simsec=35792.1
     Messages:  created: 14558746   present: 1823   in FES: 206
** Event #15281664   t=476.534447601767   Elapsed: 821.399s (13m 41s)  95% completed  (97% total)
     Speed:     ev/sec=17481.6   simsec/sec=0.501123   ev/simsec=34884.9
     Messages:  created: 14591507   present: 1775   in FES: 184
** Event #15317504   t=477.557611495357   Elapsed: 823.429s (13m 43s)  95% completed  (97% total)
     Speed:     ev/sec=17656.3   simsec/sec=0.504054   ev/simsec=35028.6
     Messages:  created: 14625047   present: 1776   in FES: 183
** Event #15353856   t=478.581930527628   Elapsed: 825.448s (13m 45s)  95% completed  (97% total)
     Speed:     ev/sec=17999.7   simsec/sec=0.507193   ev/simsec=35488.9
     Messages:  created: 14659291   present: 1820   in FES: 199
** Event #15388672   t=479.596635945057   Elapsed: 827.461s (13m 47s)  95% completed  (97% total)
     Speed:     ev/sec=17298.6   simsec/sec=0.504165   ev/simsec=34311.4
     Messages:  created: 14691734   present: 1833   in FES: 202
** Event #15428096   t=481.014180577971   Elapsed: 829.463s (13m 49s)  96% completed  (98% total)
     Speed:     ev/sec=19688.4   simsec/sec=0.707925   ev/simsec=27811.5
     Messages:  created: 14729857   present: 1792   in FES: 191
** Event #15475968   t=482.513010473373   Elapsed: 831.471s (13m 51s)  96% completed  (98% total)
     Speed:     ev/sec=23840.9   simsec/sec=0.746437   ev/simsec=31939.6
     Messages:  created: 14775508   present: 1820   in FES: 206
** Event #15512832   t=483.533089944082   Elapsed: 833.493s (13m 53s)  96% completed  (98% total)
     Speed:     ev/sec=18234.9   simsec/sec=0.504585   ev/simsec=36138.4
     Messages:  created: 14810422   present: 1705   in FES: 158
** Event #15551232   t=484.577779061769   Elapsed: 835.505s (13m 55s)  96% completed  (98% total)
     Speed:     ev/sec=19084.9   simsec/sec=0.519214   ev/simsec=36757.3
     Messages:  created: 14847557   present: 1801   in FES: 194
** Event #15586560   t=485.607992445744   Elapsed: 837.511s (13m 57s)  97% completed  (98% total)
     Speed:     ev/sec=17607.9   simsec/sec=0.513472   ev/simsec=34291.9
     Messages:  created: 14880040   present: 1747   in FES: 174
** Event #15642624   t=487.505180771699   Elapsed: 839.534s (13m 59s)  97% completed  (98% total)
     Speed:     ev/sec=27723.2   simsec/sec=0.938145   ev/simsec=29551.1
     Messages:  created: 14935279   present: 1831   in FES: 200
** Event #15689216   t=488.524132799381   Elapsed: 841.541s (14m 01s)  97% completed  (98% total)
     Speed:     ev/sec=23215.9   simsec/sec=0.507725   ev/simsec=45725.4
     Messages:  created: 14984418   present: 1895   in FES: 201
** Event #15733504   t=489.549867583823   Elapsed: 843.568s (14m 03s)  97% completed  (98% total)
     Speed:     ev/sec=21849.5   simsec/sec=0.506048   ev/simsec=43176.9
     Messages:  created: 15030187   present: 1795   in FES: 184
** Event #15777024   t=490.584362016652   Elapsed: 845.57s (14m 05s)  98% completed  (99% total)
     Speed:     ev/sec=21728.9   simsec/sec=0.516507   ev/simsec=42068.9
     Messages:  created: 15075104   present: 1867   in FES: 206
** Event #15824896   t=492.063417071715   Elapsed: 847.571s (14m 07s)  98% completed  (99% total)
     Speed:     ev/sec=23934.5   simsec/sec=0.739482   ev/simsec=32366.6
     Messages:  created: 15122372   present: 1794   in FES: 206
** Event #15871232   t=493.524437196365   Elapsed: 849.571s (14m 09s)  98% completed  (99% total)
     Speed:     ev/sec=23167   simsec/sec=0.730478   ev/simsec=31714.8
     Messages:  created: 15167894   present: 1781   in FES: 180
** Event #15910144   t=494.544483583184   Elapsed: 851.578s (14m 11s)  98% completed  (99% total)
     Speed:     ev/sec=19381.1   simsec/sec=0.508061   ev/simsec=38147.3
     Messages:  created: 15205509   present: 1793   in FES: 188
** Event #15948544   t=495.57671647373   Elapsed: 853.596s (14m 13s)  99% completed  (99% total)
     Speed:     ev/sec=19031.5   simsec/sec=0.511588   ev/simsec=37200.9
     Messages:  created: 15242494   present: 1804   in FES: 206
** Event #15987456   t=496.594554048125   Elapsed: 855.613s (14m 15s)  99% completed  (99% total)
     Speed:     ev/sec=19295.9   simsec/sec=0.50473   ev/simsec=38230.1
     Messages:  created: 15280445   present: 1797   in FES: 182
** Event #16038656   t=498.076786823059   Elapsed: 857.614s (14m 17s)  99% completed  (99% total)
     Speed:     ev/sec=25582.5   simsec/sec=0.740608   ev/simsec=34542.5
     Messages:  created: 15331255   present: 1851   in FES: 200
** Event #16085504   t=499.524316733849   Elapsed: 859.626s (14m 19s)  99% completed  (99% total)
     Speed:     ev/sec=23281.3   simsec/sec=0.719354   ev/simsec=32364.1
     Messages:  created: 15378811   present: 1795   in FES: 174
** Event #16100285   t=500   Elapsed: 860.805s (14m 20s)  100% completed  (100% total)
     Speed:     ev/sec=12537.3   simsec/sec=0.403007   ev/simsec=31109.3
     Messages:  created: 15393060   present: 1715   in FES: 155

<!> Simulation time limit reached -- at t=500s, event #16100285
undisposed object: (omnetpp::cMessage) FanetStressNetwork.uav[0].app.debugTimer -- check module destructor
undisposed object: (omnetpp::cMessage) FanetStressNetwork.uav[1].app.debugTimer -- check module destructor
undisposed object: (omnetpp::cMessage) FanetStressNetwork.uav[2].app.debugTimer -- check module destructor
undisposed object: (omnetpp::cMessage) FanetStressNetwork.uav[3].app.debugTimer -- check module destructor
undisposed object: (omnetpp::cMessage) FanetStressNetwork.uav[4].app.debugTimer -- check module destructor
undisposed object: (omnetpp::cMessage) FanetStressNetwork.uav[5].app.debugTimer -- check module destructor
undisposed object: (omnetpp::cMessage) FanetStressNetwork.uav[6].app.debugTimer -- check module destructor
undisposed object: (omnetpp::cMessage) FanetStressNetwork.uav[7].app.debugTimer -- check module destructor
undisposed object: (omnetpp::cMessage) FanetStressNetwork.uav[8].app.debugTimer -- check module destructor
undisposed object: (omnetpp::cMessage) FanetStressNetwork.uav[9].app.debugTimer -- check module destructor
undisposed object: (omnetpp::cMessage) FanetStressNetwork.uav[10].app.debugTimer -- check module destructor
undisposed object: (omnetpp::cMessage) FanetStressNetwork.uav[11].app.debugTimer -- check module destructor
undisposed object: (omnetpp::cMessage) FanetStressNetwork.uav[12].app.debugTimer -- check module destructor
undisposed object: (omnetpp::cMessage) FanetStressNetwork.uav[13].app.debugTimer -- check module destructor
undisposed object: (omnetpp::cMessage) FanetStressNetwork.uav[14].app.debugTimer -- check module destructor
undisposed object: (omnetpp::cMessage) FanetStressNetwork.uav[15].app.debugTimer -- check module destructor
undisposed object: (omnetpp::cMessage) FanetStressNetwork.uav[16].app.debugTimer -- check module destructor
undisposed object: (omnetpp::cMessage) FanetStressNetwork.uav[17].app.debugTimer -- check module destructor
undisposed object: (omnetpp::cMessage) FanetStressNetwork.uav[18].app.debugTimer -- check module destructor
undisposed object: (omnetpp::cMessage) FanetStressNetwork.uav[19].app.debugTimer -- check module destructor
undisposed object: (omnetpp::cMessage) FanetStressNetwork.uav[20].app.debugTimer -- check module destructor
undisposed object: (omnetpp::cMessage) FanetStressNetwork.uav[21].app.debugTimer -- check module destructor
undisposed object: (omnetpp::cMessage) FanetStressNetwork.uav[22].app.debugTimer -- check module destructor
undisposed object: (omnetpp::cMessage) FanetStressNetwork.uav[23].app.debugTimer -- check module destructor
undisposed object: (omnetpp::cMessage) FanetStressNetwork.uav[24].app.debugTimer -- check module destructor
undisposed object: (omnetpp::cMessage) FanetStressNetwork.uav[25].app.debugTimer -- check module destructor
undisposed object: (omnetpp::cMessage) FanetStressNetwork.uav[26].app.debugTimer -- check module destructor
undisposed object: (omnetpp::cMessage) FanetStressNetwork.uav[27].app.debugTimer -- check module destructor
undisposed object: (omnetpp::cMessage) FanetStressNetwork.uav[28].app.debugTimer -- check module destructor
undisposed object: (omnetpp::cMessage) FanetStressNetwork.uav[29].app.debugTimer -- check module destructor
undisposed object: (omnetpp::cMessage) FanetStressNetwork.uav[30].app.debugTimer -- check module destructor
undisposed object: (omnetpp::cMessage) FanetStressNetwork.uav[31].app.debugTimer -- check module destructor
undisposed object: (omnetpp::cMessage) FanetStressNetwork.uav[32].app.debugTimer -- check module destructor
undisposed object: (omnetpp::cMessage) FanetStressNetwork.uav[33].app.debugTimer -- check module destructor
undisposed object: (omnetpp::cMessage) FanetStressNetwork.uav[34].app.debugTimer -- check module destructor
undisposed object: (omnetpp::cMessage) FanetStressNetwork.uav[35].app.debugTimer -- check module destructor
undisposed object: (omnetpp::cMessage) FanetStressNetwork.uav[36].app.debugTimer -- check module destructor
undisposed object: (omnetpp::cMessage) FanetStressNetwork.uav[37].app.debugTimer -- check module destructor
undisposed object: (omnetpp::cMessage) FanetStressNetwork.uav[38].app.debugTimer -- check module destructor
undisposed object: (omnetpp::cMessage) FanetStressNetwork.uav[39].app.debugTimer -- check module destructor
undisposed object: (omnetpp::cMessage) FanetStressNetwork.uav[40].app.debugTimer -- check module destructor
undisposed object: (omnetpp::cMessage) FanetStressNetwork.uav[41].app.debugTimer -- check module destructor
undisposed object: (omnetpp::cMessage) FanetStressNetwork.uav[42].app.debugTimer -- check module destructor
undisposed object: (omnetpp::cMessage) FanetStressNetwork.uav[43].app.debugTimer -- check module destructor
undisposed object: (omnetpp::cMessage) FanetStressNetwork.uav[44].app.debugTimer -- check module destructor
undisposed object: (omnetpp::cMessage) FanetStressNetwork.uav[45].app.debugTimer -- check module destructor
undisposed object: (omnetpp::cMessage) FanetStressNetwork.uav[46].app.debugTimer -- check module destructor
undisposed object: (omnetpp::cMessage) FanetStressNetwork.uav[47].app.debugTimer -- check module destructor
undisposed object: (omnetpp::cMessage) FanetStressNetwork.uav[48].app.debugTimer -- check module destructor
undisposed object: (omnetpp::cMessage) FanetStressNetwork.uav[49].app.debugTimer -- check module destructor
