** Event #0   t=0   Elapsed: 6e-06s (0m 00s)  0% completed  (50% total)
     Speed:     ev/sec=0   simsec/sec=0   ev/simsec=0
     Messages:  created: 1781   present: 1781   in FES: 261
** Event #56064   t=2.072040259969   Elapsed: 2.00587s (0m 02s)  0% completed  (50% total)
     Speed:     ev/sec=27950.5   simsec/sec=1.03299   ev/simsec=27057.9
     Messages:  created: 51135   present: 1836   in FES: 203
** Event #92160   t=3.580854584275   Elapsed: 4.00836s (0m 04s)  0% completed  (50% total)
     Speed:     ev/sec=18025.6   simsec/sec=0.753469   ev/simsec=23923.4
     Messages:  created: 83033   present: 1814   in FES: 189
** Event #126464   t=5.057769088387   Elapsed: 6.01271s (0m 06s)  1% completed  (50% total)
     Speed:     ev/sec=17114.8   simsec/sec=0.736855   ev/simsec=23226.8
     Messages:  created: 111168   present: 1752   in FES: 177
** Event #161024   t=6.533270334923   Elapsed: 8.03735s (0m 08s)  1% completed  (50% total)
     Speed:     ev/sec=17069.7   simsec/sec=0.728773   ev/simsec=23422.5
     Messages:  created: 139665   present: 1782   in FES: 187
** Event #188672   t=7.550811014733   Elapsed: 10.0594s (0m 10s)  1% completed  (50% total)
     Speed:     ev/sec=13673.5   simsec/sec=0.503231   ev/simsec=27171.4
     Messages:  created: 162108   present: 1798   in FES: 206
** Event #215808   t=8.557352336936   Elapsed: 12.0882s (0m 12s)  1% completed  (50% total)
     Speed:     ev/sec=13375.3   simsec/sec=0.496121   ev/simsec=26959.6
     Messages:  created: 184237   present: 1794   in FES: 191
** Event #242432   t=9.553395074412   Elapsed: 14.1039s (0m 14s)  1% completed  (50% total)
     Speed:     ev/sec=13208.3   simsec/sec=0.494143   ev/simsec=26729.8
     Messages:  created: 206475   present: 1834   in FES: 205
** Event #269568   t=10.56504883677   Elapsed: 16.1098s (0m 16s)  2% completed  (51% total)
     Speed:     ev/sec=13528.3   simsec/sec=0.504345   ev/simsec=26823.4
     Messages:  created: 228436   present: 1798   in FES: 206
** Event #297216   t=11.575125387913   Elapsed: 18.1329s (0m 18s)  2% completed  (51% total)
     Speed:     ev/sec=13666   simsec/sec=0.499267   ev/simsec=27372.2
     Messages:  created: 250975   present: 1805   in FES: 190
** Event #324864   t=12.59106922072   Elapsed: 20.1365s (0m 20s)  2% completed  (51% total)
     Speed:     ev/sec=13798.9   simsec/sec=0.50705   ev/simsec=27214.1
     Messages:  created: 273789   present: 1827   in FES: 206
** Event #352000   t=13.604851922814   Elapsed: 22.1374s (0m 22s)  2% completed  (51% total)
     Speed:     ev/sec=13562   simsec/sec=0.506668   ev/simsec=26767.1
     Messages:  created: 295931   present: 1825   in FES: 200
** Event #386816   t=15.06323432358   Elapsed: 24.1393s (0m 24s)  3% completed  (51% total)
     Speed:     ev/sec=17391.4   simsec/sec=0.728497   ev/simsec=23873
     Messages:  created: 324391   present: 1705   in FES: 158
** Event #419072   t=16.516471511449   Elapsed: 26.1669s (0m 26s)  3% completed  (51% total)
     Speed:     ev/sec=15908.7   simsec/sec=0.716739   ev/simsec=22196
     Messages:  created: 350805   present: 1712   in FES: 163
** Event #446208   t=17.525946229348   Elapsed: 28.1734s (0m 28s)  3% completed  (51% total)
     Speed:     ev/sec=13523.9   simsec/sec=0.503097   ev/simsec=26881.3
     Messages:  created: 372963   present: 1817   in FES: 206
** Event #473600   t=18.52868646724   Elapsed: 30.2099s (0m 30s)  3% completed  (51% total)
     Speed:     ev/sec=13450.4   simsec/sec=0.49238   ev/simsec=27317.1
     Messages:  created: 394897   present: 1740   in FES: 171
** Event #500480   t=19.531298400843   Elapsed: 32.2343s (0m 32s)  3% completed  (51% total)
     Speed:     ev/sec=13278   simsec/sec=0.495264   ev/simsec=26810
     Messages:  created: 416464   present: 1798   in FES: 191
** Event #527104   t=20.532234078909   Elapsed: 34.2385s (0m 34s)  4% completed  (52% total)
     Speed:     ev/sec=13284.1   simsec/sec=0.49942   ev/simsec=26599.1
     Messages:  created: 437697   present: 1739   in FES: 172
** Event #553472   t=21.531662139523   Elapsed: 36.2478s (0m 36s)  4% completed  (52% total)
     Speed:     ev/sec=13123.1   simsec/sec=0.497405   ev/simsec=26383.1
     Messages:  created: 459280   present: 1846   in FES: 206
** Event #580352   t=22.535123228076   Elapsed: 38.2714s (0m 38s)  4% completed  (52% total)
     Speed:     ev/sec=13283.2   simsec/sec=0.495878   ev/simsec=26787.3
     Messages:  created: 481322   present: 1704   in FES: 157
** Event #607488   t=23.557917709147   Elapsed: 40.3001s (0m 40s)  4% completed  (52% total)
     Speed:     ev/sec=13375.7   simsec/sec=0.50415   ev/simsec=26531.2
     Messages:  created: 503647   present: 1756   in FES: 179
** Event #634880   t=24.566213568513   Elapsed: 42.3247s (0m 42s)  4% completed  (52% total)
     Speed:     ev/sec=13529.9   simsec/sec=0.498032   ev/simsec=27166.6
     Messages:  created: 526231   present: 1760   in FES: 178
** Event #662528   t=25.573108800474   Elapsed: 44.3467s (0m 44s)  5% completed  (52% total)
     Speed:     ev/sec=13673.4   simsec/sec=0.497964   ev/simsec=27458.7
     Messages:  created: 548875   present: 1846   in FES: 205
** Event #690176   t=26.598906917194   Elapsed: 46.3495s (0m 46s)  5% completed  (52% total)
     Speed:     ev/sec=13805.2   simsec/sec=0.512202   ev/simsec=26952.7
     Messages:  created: 571762   present: 1825   in FES: 202
** Event #727808   t=28.090767213042   Elapsed: 48.3512s (0m 48s)  5% completed  (52% total)
     Speed:     ev/sec=18800   simsec/sec=0.745295   ev/simsec=25224.9
     Messages:  created: 602985   present: 1824   in FES: 201
** Event #757248   t=29.531230013649   Elapsed: 50.3833s (0m 50s)  5% completed  (52% total)
     Speed:     ev/sec=14487.1   simsec/sec=0.708837   ev/simsec=20437.9
     Messages:  created: 627375   present: 1742   in FES: 171
** Event #785920   t=30.570792033133   Elapsed: 52.3949s (0m 52s)  6% completed  (53% total)
     Speed:     ev/sec=14253   simsec/sec=0.516773   ev/simsec=27580.8
     Messages:  created: 651768   present: 1822   in FES: 206
** Event #814848   t=31.6   Elapsed: 54.4117s (0m 54s)  6% completed  (53% total)
     Speed:     ev/sec=14343.8   simsec/sec=0.510326   ev/simsec=28107.1
     Messages:  created: 676142   present: 1699   in FES: 156
** Event #854528   t=33.529192658086   Elapsed: 56.4146s (0m 56s)  6% completed  (53% total)
     Speed:     ev/sec=19811.6   simsec/sec=0.963216   ev/simsec=20568.2
     Messages:  created: 709561   present: 1806   in FES: 195
** Event #883200   t=34.559268704848   Elapsed: 58.4275s (0m 58s)  6% completed  (53% total)
     Speed:     ev/sec=14243.9   simsec/sec=0.511728   ev/simsec=27834.8
     Messages:  created: 733737   present: 1808   in FES: 195
** Event #911360   t=35.572822315982   Elapsed: 60.4582s (1m 00s)  7% completed  (53% total)
     Speed:     ev/sec=13867.2   simsec/sec=0.499119   ev/simsec=27783.4
     Messages:  created: 757010   present: 1789   in FES: 186
** Event #939776   t=36.60921618808   Elapsed: 62.4877s (1m 02s)  7% completed  (53% total)
     Speed:     ev/sec=14001.4   simsec/sec=0.510663   ev/simsec=27418.1
     Messages:  created: 780760   present: 1805   in FES: 196
** Event #979456   t=38.522083550097   Elapsed: 64.495s (1m 04s)  7% completed  (53% total)
     Speed:     ev/sec=19767.7   simsec/sec=0.952949   ev/simsec=20743.7
     Messages:  created: 813685   present: 1810   in FES: 206
** Event #1006848   t=39.529284294073   Elapsed: 66.5081s (1m 06s)  7% completed  (53% total)
     Speed:     ev/sec=13606.9   simsec/sec=0.500325   ev/simsec=27196.2
     Messages:  created: 836165   present: 1714   in FES: 161
** Event #1034496   t=40.547400527793   Elapsed: 68.5366s (1m 08s)  8% completed  (54% total)
     Speed:     ev/sec=13629.9   simsec/sec=0.501912   ev/simsec=27156
     Messages:  created: 858807   present: 1804   in FES: 195
** Event #1062144   t=41.569792303837   Elapsed: 70.5522s (1m 10s)  8% completed  (54% total)
     Speed:     ev/sec=13716.9   simsec/sec=0.507235   ev/simsec=27042.5
     Messages:  created: 881689   present: 1821   in FES: 206
** Event #1090048   t=42.58616279855   Elapsed: 72.5833s (1m 12s)  8% completed  (54% total)
     Speed:     ev/sec=13738.7   simsec/sec=0.500416   ev/simsec=27454.6
     Messages:  created: 904588   present: 1776   in FES: 185
** Event #1117952   t=43.659398341781   Elapsed: 74.5907s (1m 14s)  8% completed  (54% total)
     Speed:     ev/sec=13900.4   simsec/sec=0.534633   ev/simsec=25999.9
     Messages:  created: 927507   present: 1681   in FES: 155
** Event #1157888   t=45.527885994634   Elapsed: 76.6278s (1m 16s)  9% completed  (54% total)
     Speed:     ev/sec=19604.6   simsec/sec=0.917242   ev/simsec=21373.4
     Messages:  created: 960384   present: 1716   in FES: 165
** Event #1186304   t=46.556971642584   Elapsed: 78.6434s (1m 18s)  9% completed  (54% total)
     Speed:     ev/sec=14097.6   simsec/sec=0.510543   ev/simsec=27612.9
     Messages:  created: 984212   present: 1756   in FES: 179
** Event #1214720   t=47.570507866309   Elapsed: 80.6773s (1m 20s)  9% completed  (54% total)
     Speed:     ev/sec=13971.5   simsec/sec=0.498331   ev/simsec=28036.5
     Messages:  created: 1007935   present: 1828   in FES: 206
** Event #1242368   t=48.597864579341   Elapsed: 82.7002s (1m 22s)  9% completed  (54% total)
     Speed:     ev/sec=13667.3   simsec/sec=0.507857   ev/simsec=26911.8
     Messages:  created: 1030874   present: 1773   in FES: 186
** Event #1277696   t=50.065989390267   Elapsed: 84.7028s (1m 24s)  10% completed  (55% total)
     Speed:     ev/sec=17640.7   simsec/sec=0.733094   ev/simsec=24063.3
     Messages:  created: 1060018   present: 1794   in FES: 187
** Event #1309440   t=51.531520000907   Elapsed: 86.7069s (1m 26s)  10% completed  (55% total)
     Speed:     ev/sec=15840   simsec/sec=0.731288   ev/simsec=21660.4
     Messages:  created: 1086445   present: 1804   in FES: 206
** Event #1338368   t=52.568776823137   Elapsed: 88.7319s (1m 28s)  10% completed  (55% total)
     Speed:     ev/sec=14285.6   simsec/sec=0.51223   ev/simsec=27888.9
     Messages:  created: 1110932   present: 1790   in FES: 189
** Event #1368576   t=54.015116251623   Elapsed: 90.7343s (1m 30s)  10% completed  (55% total)
     Speed:     ev/sec=15085.8   simsec/sec=0.722298   ev/simsec=20885.8
     Messages:  created: 1136599   present: 1833   in FES: 204
** Event #1407232   t=55.529397810657   Elapsed: 92.7555s (1m 32s)  11% completed  (55% total)
     Speed:     ev/sec=19124.9   simsec/sec=0.749186   ev/simsec=25527.6
     Messages:  created: 1168967   present: 1822   in FES: 206
** Event #1436160   t=56.57237383385   Elapsed: 94.7781s (1m 34s)  11% completed  (55% total)
     Speed:     ev/sec=14302.5   simsec/sec=0.515665   ev/simsec=27736
     Messages:  created: 1193232   present: 1819   in FES: 206
** Event #1465088   t=57.689414746348   Elapsed: 96.8051s (1m 36s)  11% completed  (55% total)
     Speed:     ev/sec=14271.1   simsec/sec=0.551072   ev/simsec=25897
     Messages:  created: 1217745   present: 1681   in FES: 155
** Event #1504768   t=59.528577049335   Elapsed: 98.8175s (1m 38s)  11% completed  (55% total)
     Speed:     ev/sec=19717.7   simsec/sec=0.913915   ev/simsec=21575
     Messages:  created: 1250815   present: 1832   in FES: 206
** Event #1533696   t=60.552963401383   Elapsed: 100.829s (1m 40s)  12% completed  (56% total)
     Speed:     ev/sec=14382   simsec/sec=0.509288   ev/simsec=28239.3
     Messages:  created: 1275025   present: 1804   in FES: 195
** Event #1562880   t=61.598906358192   Elapsed: 102.829s (1m 42s)  12% completed  (56% total)
     Speed:     ev/sec=14591   simsec/sec=0.522937   ev/simsec=27902.1
     Messages:  created: 1299612   present: 1825   in FES: 202
** Event #1602048   t=63.51241929175   Elapsed: 104.847s (1m 44s)  12% completed  (56% total)
     Speed:     ev/sec=19414.4   simsec/sec=0.948472   ev/simsec=20469.2
     Messages:  created: 1331945   present: 1746   in FES: 177
** Event #1630464   t=64.539779089522   Elapsed: 106.876s (1m 46s)  12% completed  (56% total)
     Speed:     ev/sec=14001.2   simsec/sec=0.506204   ev/simsec=27659.2
     Messages:  created: 1355480   present: 1828   in FES: 201
** Event #1659392   t=65.57086868523   Elapsed: 108.878s (1m 48s)  13% completed  (56% total)
     Speed:     ev/sec=14452   simsec/sec=0.515119   ev/simsec=28055.8
     Messages:  created: 1380231   present: 1802   in FES: 191
** Event #1687808   t=66.603934876845   Elapsed: 110.881s (1m 50s)  13% completed  (56% total)
     Speed:     ev/sec=14183.8   simsec/sec=0.515653   ev/simsec=27506.5
     Messages:  created: 1403856   present: 1778   in FES: 187
** Event #1725696   t=68.094326593123   Elapsed: 112.882s (1m 52s)  13% completed  (56% total)
     Speed:     ev/sec=18938.8   simsec/sec=0.744993   ev/simsec=25421.5
     Messages:  created: 1435115   present: 1834   in FES: 206
** Event #1755904   t=69.543280064344   Elapsed: 114.884s (1m 54s)  13% completed  (56% total)
     Speed:     ev/sec=15085.4   simsec/sec=0.723587   ev/simsec=20848.2
     Messages:  created: 1460735   present: 1783   in FES: 188
** Event #1784064   t=70.566223621482   Elapsed: 116.91s (1m 56s)  14% completed  (57% total)
     Speed:     ev/sec=13898.7   simsec/sec=0.504886   ev/simsec=27528.4
     Messages:  created: 1484099   present: 1691   in FES: 156
** Event #1812736   t=71.601132080485   Elapsed: 118.941s (1m 58s)  14% completed  (57% total)
     Speed:     ev/sec=14116.9   simsec/sec=0.509547   ev/simsec=27704.9
     Messages:  created: 1508404   present: 1831   in FES: 204
** Event #1851136   t=73.509000841621   Elapsed: 120.951s (2m 00s)  14% completed  (57% total)
     Speed:     ev/sec=19106.3   simsec/sec=0.94928   ev/simsec=20127.2
     Messages:  created: 1540138   present: 1728   in FES: 171
** Event #1879808   t=74.541157983946   Elapsed: 122.964s (2m 02s)  14% completed  (57% total)
     Speed:     ev/sec=14245.7   simsec/sec=0.512826   ev/simsec=27778.7
     Messages:  created: 1564496   present: 1829   in FES: 206
** Event #1908736   t=75.569612076736   Elapsed: 124.969s (2m 04s)  15% completed  (57% total)
     Speed:     ev/sec=14427.4   simsec/sec=0.512925   ev/simsec=28127.7
     Messages:  created: 1588810   present: 1814   in FES: 206
** Event #1943040   t=77.057768465737   Elapsed: 126.971s (2m 06s)  15% completed  (57% total)
     Speed:     ev/sec=17133.2   simsec/sec=0.743263   ev/simsec=23051.3
     Messages:  created: 1617564   present: 1802   in FES: 193
** Event #1978112   t=78.533777902916   Elapsed: 128.99s (2m 08s)  15% completed  (57% total)
     Speed:     ev/sec=17369.7   simsec/sec=0.731008   ev/simsec=23761.4
     Messages:  created: 1647108   present: 1792   in FES: 189
** Event #2008064   t=79.582182479003   Elapsed: 131.01s (2m 11s)  15% completed  (57% total)
     Speed:     ev/sec=14826.2   simsec/sec=0.518957   ev/simsec=28569.1
     Messages:  created: 1672754   present: 1822   in FES: 199
** Event #2046208   t=81.090413502336   Elapsed: 133.012s (2m 13s)  16% completed  (58% total)
     Speed:     ev/sec=19060.7   simsec/sec=0.75367   ev/simsec=25290.6
     Messages:  created: 1704816   present: 1795   in FES: 192
** Event #2077184   t=82.537364757231   Elapsed: 135.036s (2m 15s)  16% completed  (58% total)
     Speed:     ev/sec=15304.5   simsec/sec=0.714902   ev/simsec=21407.8
     Messages:  created: 1730714   present: 1824   in FES: 199
** Event #2105856   t=83.573104392858   Elapsed: 137.042s (2m 17s)  16% completed  (58% total)
     Speed:     ev/sec=14293   simsec/sec=0.516316   ev/simsec=27682.6
     Messages:  created: 1754548   present: 1795   in FES: 206
** Event #2134528   t=84.591239383113   Elapsed: 139.049s (2m 19s)  16% completed  (58% total)
     Speed:     ev/sec=14285.5   simsec/sec=0.507274   ev/simsec=28161.3
     Messages:  created: 1778247   present: 1709   in FES: 162
** Event #2173440   t=86.097023413759   Elapsed: 141.049s (2m 21s)  17% completed  (58% total)
     Speed:     ev/sec=19453.6   simsec/sec=0.752801   ev/simsec=25841.7
     Messages:  created: 1810461   present: 1834   in FES: 203
** Event #2201856   t=87.529084338488   Elapsed: 143.049s (2m 23s)  17% completed  (58% total)
     Speed:     ev/sec=14205   simsec/sec=0.71588   ev/simsec=19842.7
     Messages:  created: 1833562   present: 1816   in FES: 206
** Event #2229248   t=88.550361533662   Elapsed: 145.071s (2m 25s)  17% completed  (58% total)
     Speed:     ev/sec=13551.5   simsec/sec=0.505251   ev/simsec=26821.3
     Messages:  created: 1856183   present: 1737   in FES: 174
** Event #2258176   t=89.572246486556   Elapsed: 147.085s (2m 27s)  17% completed  (58% total)
     Speed:     ev/sec=14362.9   simsec/sec=0.507373   ev/simsec=28308.5
     Messages:  created: 1880776   present: 1830   in FES: 203
** Event #2285312   t=90.589861447742   Elapsed: 149.092s (2m 29s)  18% completed  (59% total)
     Speed:     ev/sec=13519.2   simsec/sec=0.506977   ev/simsec=26666.3
     Messages:  created: 1903285   present: 1826   in FES: 206
** Event #2325248   t=92.517535156915   Elapsed: 151.117s (2m 31s)  18% completed  (59% total)
     Speed:     ev/sec=19725.2   simsec/sec=0.952118   ev/simsec=20717.2
     Messages:  created: 1936531   present: 1723   in FES: 168
** Event #2354176   t=93.554937673856   Elapsed: 153.139s (2m 33s)  18% completed  (59% total)
     Speed:     ev/sec=14305.9   simsec/sec=0.513032   ev/simsec=27885
     Messages:  created: 1961085   present: 1770   in FES: 183
** Event #2382592   t=94.581399860491   Elapsed: 155.165s (2m 35s)  18% completed  (59% total)
     Speed:     ev/sec=14023.3   simsec/sec=0.506558   ev/simsec=27683.4
     Messages:  created: 1985169   present: 1787   in FES: 186
** Event #2415360   t=96.047139150899   Elapsed: 157.169s (2m 37s)  19% completed  (59% total)
     Speed:     ev/sec=16353.3   simsec/sec=0.731494   ev/simsec=22356
     Messages:  created: 2012613   present: 1805   in FES: 206
** Event #2450432   t=97.520964793147   Elapsed: 159.175s (2m 39s)  19% completed  (59% total)
     Speed:     ev/sec=17484   simsec/sec=0.734727   ev/simsec=23796.6
     Messages:  created: 2041693   present: 1829   in FES: 202
** Event #2478848   t=98.533353835063   Elapsed: 161.189s (2m 41s)  19% completed  (59% total)
     Speed:     ev/sec=14104   simsec/sec=0.50249   ev/simsec=28068.3
     Messages:  created: 2065237   present: 1827   in FES: 198
** Event #2507264   t=99.570968409575   Elapsed: 163.192s (2m 43s)  19% completed  (59% total)
     Speed:     ev/sec=14189.3   simsec/sec=0.518123   ev/simsec=27385.9
     Messages:  created: 2089177   present: 1809   in FES: 194
** Event #2535936   t=100.575241936155   Elapsed: 165.215s (2m 45s)  20% completed  (60% total)
     Speed:     ev/sec=14172.1   simsec/sec=0.496397   ev/simsec=28550
     Messages:  created: 2113278   present: 1789   in FES: 186
** Event #2569984   t=101.60008281722   Elapsed: 167.223s (2m 47s)  20% completed  (60% total)
     Speed:     ev/sec=16958.2   simsec/sec=0.51044   ev/simsec=33222.7
     Messages:  created: 2145613   present: 1795   in FES: 192
** Event #2605056   t=102.597884525312   Elapsed: 169.248s (2m 49s)  20% completed  (60% total)
     Speed:     ev/sec=17316.5   simsec/sec=0.492655   ev/simsec=35149.3
     Messages:  created: 2179162   present: 1702   in FES: 159
** Event #2643456   t=104.00536340324   Elapsed: 171.25s (2m 51s)  20% completed  (60% total)
     Speed:     ev/sec=19187.6   simsec/sec=0.703285   ev/simsec=27282.8
     Messages:  created: 2217581   present: 1797   in FES: 194
** Event #2676736   t=104.870347702163   Elapsed: 173.253s (2m 53s)  20% completed  (60% total)
     Speed:     ev/sec=16610.3   simsec/sec=0.431719   ev/simsec=38474.7
     Messages:  created: 2249267   present: 1755   in FES: 207
** Event #2714624   t=105.933515651341   Elapsed: 175.255s (2m 55s)  21% completed  (60% total)
     Speed:     ev/sec=18924.4   simsec/sec=0.531033   ev/simsec=35636.9
     Messages:  created: 2287541   present: 1834   in FES: 235
** Event #2758144   t=107.062092392201   Elapsed: 177.26s (2m 57s)  21% completed  (60% total)
     Speed:     ev/sec=21713.6   simsec/sec=0.563085   ev/simsec=38561.8
     Messages:  created: 2330095   present: 1826   in FES: 207
** Event #2793472   t=108.061151491988   Elapsed: 179.26s (2m 59s)  21% completed  (60% total)
     Speed:     ev/sec=17658   simsec/sec=0.49936   ev/simsec=35361.3
     Messages:  created: 2364924   present: 1803   in FES: 194
** Event #2824704   t=109.025713329391   Elapsed: 181.265s (3m 01s)  21% completed  (60% total)
     Speed:     ev/sec=15576.8   simsec/sec=0.481069   ev/simsec=32379.5
     Messages:  created: 2395884   present: 1809   in FES: 196
** Event #2861312   t=110.03620863863   Elapsed: 183.266s (3m 03s)  22% completed  (61% total)
     Speed:     ev/sec=18298.4   simsec/sec=0.505093   ev/simsec=36227.8
     Messages:  created: 2431764   present: 1840   in FES: 206
** Event #2902528   t=111.085023066468   Elapsed: 185.268s (3m 05s)  22% completed  (61% total)
     Speed:     ev/sec=20584.6   simsec/sec=0.523812   ev/simsec=39297.7
     Messages:  created: 2471395   present: 1731   in FES: 168
** Event #2942720   t=112.197211097956   Elapsed: 187.269s (3m 07s)  22% completed  (61% total)
     Speed:     ev/sec=20087.7   simsec/sec=0.555865   ev/simsec=36137.8
     Messages:  created: 2511715   present: 1811   in FES: 198
** Event #2979840   t=113.370359497654   Elapsed: 189.269s (3m 09s)  22% completed  (61% total)
     Speed:     ev/sec=18559.3   simsec/sec=0.586552   ev/simsec=31641.4
     Messages:  created: 2548710   present: 1824   in FES: 233
** Event #3017216   t=114.515326320568   Elapsed: 191.296s (3m 11s)  22% completed  (61% total)
     Speed:     ev/sec=18436.3   simsec/sec=0.564773   ev/simsec=32643.7
     Messages:  created: 2586075   present: 1761   in FES: 180
** Event #3055104   t=115.52971356187   Elapsed: 193.316s (3m 13s)  23% completed  (61% total)
     Speed:     ev/sec=18758.8   simsec/sec=0.502235   ev/simsec=37350.6
     Messages:  created: 2624524   present: 1835   in FES: 206
** Event #3093504   t=116.533350647308   Elapsed: 195.341s (3m 15s)  23% completed  (61% total)
     Speed:     ev/sec=18962   simsec/sec=0.495598   ev/simsec=38260.8
     Messages:  created: 2663366   present: 1760   in FES: 177
** Event #3130368   t=117.528839357671   Elapsed: 197.353s (3m 17s)  23% completed  (61% total)
     Speed:     ev/sec=18324.5   simsec/sec=0.494841   ev/simsec=37031.1
     Messages:  created: 2699677   present: 1796   in FES: 206
** Event #3165440   t=118.519155197032   Elapsed: 199.359s (3m 19s)  23% completed  (61% total)
     Speed:     ev/sec=17483.1   simsec/sec=0.493666   ev/simsec=35415
     Messages:  created: 2734247   present: 1766   in FES: 181
** Event #3201280   t=119.523247441723   Elapsed: 201.359s (3m 21s)  23% completed  (61% total)
     Speed:     ev/sec=17919.1   simsec/sec=0.50202   ev/simsec=35693.9
     Messages:  created: 2769792   present: 1830   in FES: 206
** Event #3238144   t=120.529693619348   Elapsed: 203.39s (3m 23s)  24% completed  (62% total)
     Speed:     ev/sec=18152.5   simsec/sec=0.495592   ev/simsec=36627.9
     Messages:  created: 2806245   present: 1757   in FES: 176
** Event #3272960   t=121.528160927004   Elapsed: 205.417s (3m 25s)  24% completed  (62% total)
     Speed:     ev/sec=17173.7   simsec/sec=0.492515   ev/simsec=34869.4
     Messages:  created: 2839635   present: 1819   in FES: 198
** Event #3307520   t=122.52032361207   Elapsed: 207.441s (3m 27s)  24% completed  (62% total)
     Speed:     ev/sec=17077.5   simsec/sec=0.490269   ev/simsec=34833
     Messages:  created: 2872800   present: 1764   in FES: 179
** Event #3342592   t=123.531065209403   Elapsed: 209.457s (3m 29s)  24% completed  (62% total)
     Speed:     ev/sec=17393.4   simsec/sec=0.501261   ev/simsec=34699.3
     Messages:  created: 2906986   present: 1759   in FES: 178
** Event #3376896   t=124.53075739582   Elapsed: 211.469s (3m 31s)  24% completed  (62% total)
     Speed:     ev/sec=17052.8   simsec/sec=0.496954   ev/simsec=34314.6
     Messages:  created: 2940171   present: 1717   in FES: 164
** Event #3410688   t=125.524516807473   Elapsed: 213.486s (3m 33s)  25% completed  (62% total)
     Speed:     ev/sec=16752.9   simsec/sec=0.492673   ev/simsec=34004.2
     Messages:  created: 2972543   present: 1754   in FES: 177
** Event #3444736   t=126.524515907544   Elapsed: 215.487s (3m 35s)  25% completed  (62% total)
     Speed:     ev/sec=17013   simsec/sec=0.499676   ev/simsec=34048
     Messages:  created: 3005625   present: 1838   in FES: 205
** Event #3479808   t=127.529062458809   Elapsed: 217.507s (3m 37s)  25% completed  (62% total)
     Speed:     ev/sec=17365.7   simsec/sec=0.497396   ev/simsec=34913.3
     Messages:  created: 3039504   present: 1745   in FES: 207
** Event #3514880   t=128.535660387151   Elapsed: 219.509s (3m 39s)  25% completed  (62% total)
     Speed:     ev/sec=17518.1   simsec/sec=0.502786   ev/simsec=34842.1
     Messages:  created: 3073501   present: 1822   in FES: 206
** Event #3549184   t=129.528189787533   Elapsed: 221.512s (3m 41s)  25% completed  (62% total)
     Speed:     ev/sec=17125.6   simsec/sec=0.495501   ev/simsec=34562.2
     Messages:  created: 3106415   present: 1807   in FES: 192
** Event #3583744   t=130.529804814617   Elapsed: 223.539s (3m 43s)  26% completed  (63% total)
     Speed:     ev/sec=17046.6   simsec/sec=0.494042   ev/simsec=34504.3
     Messages:  created: 3139812   present: 1767   in FES: 178
** Event #3618816   t=131.561337094682   Elapsed: 225.543s (3m 45s)  26% completed  (63% total)
     Speed:     ev/sec=17500.6   simsec/sec=0.514726   ev/simsec=33999.9
     Messages:  created: 3174262   present: 1796   in FES: 191
** Event #3653888   t=132.57118156546   Elapsed: 227.563s (3m 47s)  26% completed  (63% total)
     Speed:     ev/sec=17365.4   simsec/sec=0.50001   ev/simsec=34730.1
     Messages:  created: 3208057   present: 1741   in FES: 174
** Event #3688704   t=133.571901551323   Elapsed: 229.59s (3m 49s)  26% completed  (63% total)
     Speed:     ev/sec=17172.9   simsec/sec=0.493601   ev/simsec=34791
     Messages:  created: 3241902   present: 1819   in FES: 206
** Event #3725312   t=134.608084535997   Elapsed: 231.619s (3m 51s)  26% completed  (63% total)
     Speed:     ev/sec=18044.7   simsec/sec=0.510753   ev/simsec=35329.7
     Messages:  created: 3278258   present: 1793   in FES: 190
** Event #3772928   t=136.083256532808   Elapsed: 233.619s (3m 53s)  27% completed  (63% total)
     Speed:     ev/sec=23805.2   simsec/sec=0.7375   ev/simsec=32278.3
     Messages:  created: 3325344   present: 1797   in FES: 207
** Event #3813632   t=137.522123931122   Elapsed: 235.63s (3m 55s)  27% completed  (63% total)
     Speed:     ev/sec=20246.7   simsec/sec=0.715711   ev/simsec=28288.9
     Messages:  created: 3365737   present: 1739   in FES: 172
** Event #3847424   t=138.530299229915   Elapsed: 237.649s (3m 57s)  27% completed  (63% total)
     Speed:     ev/sec=16734.6   simsec/sec=0.499273   ev/simsec=33518
     Messages:  created: 3398489   present: 1785   in FES: 186
** Event #3881984   t=139.55694794013   Elapsed: 239.667s (3m 59s)  27% completed  (63% total)
     Speed:     ev/sec=17125.1   simsec/sec=0.508722   ev/simsec=33662.9
     Messages:  created: 3431377   present: 1745   in FES: 176
** Event #3916544   t=140.567140735448   Elapsed: 241.69s (4m 01s)  28% completed  (64% total)
     Speed:     ev/sec=17081.6   simsec/sec=0.499298   ev/simsec=34211.3
     Messages:  created: 3464317   present: 1770   in FES: 179
** Event #3951360   t=141.602125479535   Elapsed: 243.715s (4m 03s)  28% completed  (64% total)
     Speed:     ev/sec=17196.2   simsec/sec=0.511196   ev/simsec=33639.1
     Messages:  created: 3497819   present: 1713   in FES: 162
** Event #3990784   t=143.023506032761   Elapsed: 245.719s (4m 05s)  28% completed  (64% total)
     Speed:     ev/sec=19677.1   simsec/sec=0.709434   ev/simsec=27736.4
     Messages:  created: 3536234   present: 1843   in FES: 206
** Event #4029696   t=144.063980063765   Elapsed: 247.723s (4m 07s)  28% completed  (64% total)
     Speed:     ev/sec=19411.6   simsec/sec=0.519049   ev/simsec=37398.3
     Messages:  created: 3572547   present: 1836   in FES: 206
** Event #4070656   t=145.511060338821   Elapsed: 249.731s (4m 09s)  29% completed  (64% total)
     Speed:     ev/sec=20396   simsec/sec=0.720572   ev/simsec=28305.3
     Messages:  created: 3612384   present: 1728   in FES: 171
** Event #4104192   t=146.516126781222   Elapsed: 251.763s (4m 11s)  29% completed  (64% total)
     Speed:     ev/sec=16507.3   simsec/sec=0.494719   ev/simsec=33366.9
     Messages:  created: 3643841   present: 1810   in FES: 197
** Event #4137472   t=147.525069052198   Elapsed: 253.785s (4m 13s)  29% completed  (64% total)
     Speed:     ev/sec=16455.7   simsec/sec=0.498885   ev/simsec=32985
     Messages:  created: 3675078   present: 1829   in FES: 206
** Event #4171008   t=148.539269803783   Elapsed: 255.814s (4m 15s)  29% completed  (64% total)
     Speed:     ev/sec=16528.1   simsec/sec=0.499846   ev/simsec=33066.4
     Messages:  created: 3706501   present: 1838   in FES: 205
** Event #4204288   t=149.54789125941   Elapsed: 257.829s (4m 17s)  29% completed  (64% total)
     Speed:     ev/sec=16519.2   simsec/sec=0.500648   ev/simsec=32995.5
     Messages:  created: 3737701   present: 1786   in FES: 189
** Event #4236800   t=150.544635008117   Elapsed: 259.833s (4m 19s)  30% completed  (65% total)
     Speed:     ev/sec=16220.6   simsec/sec=0.497288   ev/simsec=32618.2
     Messages:  created: 3767643   present: 1838   in FES: 206
** Event #4269312   t=151.53833762144   Elapsed: 261.848s (4m 21s)  30% completed  (65% total)
     Speed:     ev/sec=16136.6   simsec/sec=0.493201   ev/simsec=32718
     Messages:  created: 3797535   present: 1798   in FES: 189
** Event #4301312   t=152.534253263247   Elapsed: 263.868s (4m 23s)  30% completed  (65% total)
     Speed:     ev/sec=15842.8   simsec/sec=0.493067   ev/simsec=32131.2
     Messages:  created: 3827062   present: 1788   in FES: 183
** Event #4333568   t=153.534699066657   Elapsed: 265.895s (4m 25s)  30% completed  (65% total)
     Speed:     ev/sec=15917.3   simsec/sec=0.493689   ev/simsec=32241.6
     Messages:  created: 3856734   present: 1799   in FES: 206
** Event #4366592   t=154.534133450968   Elapsed: 267.907s (4m 27s)  30% completed  (65% total)
     Speed:     ev/sec=16408.3   simsec/sec=0.49658   ev/simsec=33042.7
     Messages:  created: 3887376   present: 1700   in FES: 157
** Event #4400384   t=155.53198042533   Elapsed: 269.921s (4m 29s)  31% completed  (65% total)
     Speed:     ev/sec=16783.9   simsec/sec=0.495612   ev/simsec=33864.9
     Messages:  created: 3919502   present: 1740   in FES: 171
** Event #4434176   t=156.538290582704   Elapsed: 271.95s (4m 31s)  31% completed  (65% total)
     Speed:     ev/sec=16653.6   simsec/sec=0.495938   ev/simsec=33580.1
     Messages:  created: 3951578   present: 1789   in FES: 186
** Event #4467712   t=157.543736304021   Elapsed: 273.963s (4m 33s)  31% completed  (65% total)
     Speed:     ev/sec=16661.1   simsec/sec=0.499518   ev/simsec=33354.4
     Messages:  created: 3983183   present: 1688   in FES: 157
** Event #4500992   t=158.53350442809   Elapsed: 275.968s (4m 35s)  31% completed  (65% total)
     Speed:     ev/sec=16590.5   simsec/sec=0.493411   ev/simsec=33624
     Messages:  created: 4014271   present: 1726   in FES: 163
** Event #4536576   t=159.568402495357   Elapsed: 277.975s (4m 37s)  31% completed  (65% total)
     Speed:     ev/sec=17736   simsec/sec=0.51582   ev/simsec=34384.1
     Messages:  created: 4049019   present: 1752   in FES: 173
** Event #4570112   t=160.570674571376   Elapsed: 279.989s (4m 39s)  32% completed  (66% total)
     Speed:     ev/sec=16647.6   simsec/sec=0.497539   ev/simsec=33460
     Messages:  created: 4080816   present: 1810   in FES: 206
** Event #4603904   t=161.567165095713   Elapsed: 282.018s (4m 42s)  32% completed  (66% total)
     Speed:     ev/sec=16654.4   simsec/sec=0.491121   ev/simsec=33911
     Messages:  created: 4112650   present: 1806   in FES: 193
** Event #4637184   t=162.573323833439   Elapsed: 284.044s (4m 44s)  32% completed  (66% total)
     Speed:     ev/sec=16428.1   simsec/sec=0.496672   ev/simsec=33076.3
     Messages:  created: 4144358   present: 1826   in FES: 199
** Event #4673280   t=163.575729241394   Elapsed: 286.068s (4m 46s)  32% completed  (66% total)
     Speed:     ev/sec=17833.1   simsec/sec=0.495235   ev/simsec=36009.4
     Messages:  created: 4179639   present: 1846   in FES: 206
** Event #4708096   t=164.579558864007   Elapsed: 288.101s (4m 48s)  32% completed  (66% total)
     Speed:     ev/sec=17128.7   simsec/sec=0.493862   ev/simsec=34683.2
     Messages:  created: 4213207   present: 1702   in FES: 157
** Event #4743680   t=165.583185480511   Elapsed: 290.115s (4m 50s)  33% completed  (66% total)
     Speed:     ev/sec=17664   simsec/sec=0.498204   ev/simsec=35455.4
     Messages:  created: 4247870   present: 1714   in FES: 161
** Event #4778752   t=166.601199856857   Elapsed: 292.122s (4m 52s)  33% completed  (66% total)
     Speed:     ev/sec=17474.5   simsec/sec=0.507223   ev/simsec=34451.4
     Messages:  created: 4281859   present: 1777   in FES: 186
** Event #4820480   t=168.027210784176   Elapsed: 294.123s (4m 54s)  33% completed  (66% total)
     Speed:     ev/sec=20855.6   simsec/sec=0.712717   ev/simsec=29262
     Messages:  created: 4323451   present: 1789   in FES: 188
** Event #4859648   t=169.064033807812   Elapsed: 296.128s (4m 56s)  33% completed  (66% total)
     Speed:     ev/sec=19536.8   simsec/sec=0.517161   ev/simsec=37776.9
     Messages:  created: 4360922   present: 1763   in FES: 178
** Event #4901888   t=170.510278773238   Elapsed: 298.143s (4m 58s)  34% completed  (67% total)
     Speed:     ev/sec=20963.1   simsec/sec=0.717751   ev/simsec=29206.7
     Messages:  created: 4403268   present: 1826   in FES: 206
** Event #4937216   t=171.522000074796   Elapsed: 300.144s (5m 00s)  34% completed  (67% total)
     Speed:     ev/sec=17654.2   simsec/sec=0.50558   ev/simsec=34918.7
     Messages:  created: 4437260   present: 1692   in FES: 157
** Event #4971776   t=172.525714955012   Elapsed: 302.154s (5m 02s)  34% completed  (67% total)
     Speed:     ev/sec=17196.6   simsec/sec=0.499434   ev/simsec=34432.1
     Messages:  created: 4470345   present: 1710   in FES: 161
** Event #5006592   t=173.537420664267   Elapsed: 304.165s (5m 04s)  34% completed  (67% total)
     Speed:     ev/sec=17312.4   simsec/sec=0.503075   ev/simsec=34413.2
     Messages:  created: 4503752   present: 1804   in FES: 206
** Event #5040640   t=174.553245105051   Elapsed: 306.181s (5m 06s)  34% completed  (67% total)
     Speed:     ev/sec=16883.8   simsec/sec=0.503731   ev/simsec=33517.6
     Messages:  created: 4536194   present: 1790   in FES: 190
** Event #5074432   t=175.561981463461   Elapsed: 308.183s (5m 08s)  35% completed  (67% total)
     Speed:     ev/sec=16878.8   simsec/sec=0.503856   ev/simsec=33499.3
     Messages:  created: 4568696   present: 1753   in FES: 178
** Event #5107968   t=176.561090280665   Elapsed: 310.195s (5m 10s)  35% completed  (67% total)
     Speed:     ev/sec=16670.1   simsec/sec=0.496638   ev/simsec=33565.9
     Messages:  created: 4600449   present: 1688   in FES: 157
** Event #5141760   t=177.563388532471   Elapsed: 312.22s (5m 12s)  35% completed  (67% total)
     Speed:     ev/sec=16689.1   simsec/sec=0.495013   ev/simsec=33714.5
     Messages:  created: 4632504   present: 1817   in FES: 200
** Event #5175552   t=178.567546493136   Elapsed: 314.223s (5m 14s)  35% completed  (67% total)
     Speed:     ev/sec=16866.5   simsec/sec=0.501203   ev/simsec=33652.1
     Messages:  created: 4664856   present: 1747   in FES: 174
** Event #5209856   t=179.575039558131   Elapsed: 316.246s (5m 16s)  35% completed  (67% total)
     Speed:     ev/sec=16958.7   simsec/sec=0.49807   ev/simsec=34048.9
     Messages:  created: 4697573   present: 1750   in FES: 173
** Event #5243392   t=180.57723598811   Elapsed: 318.259s (5m 18s)  36% completed  (68% total)
     Speed:     ev/sec=16663.1   simsec/sec=0.497963   ev/simsec=33462.5
     Messages:  created: 4729448   present: 1847   in FES: 206
** Event #5277184   t=181.577202905227   Elapsed: 320.281s (5m 20s)  36% completed  (68% total)
     Speed:     ev/sec=16707   simsec/sec=0.494391   ev/simsec=33793.1
     Messages:  created: 4761778   present: 1826   in FES: 200
** Event #5311488   t=182.599122656902   Elapsed: 322.306s (5m 22s)  36% completed  (68% total)
     Speed:     ev/sec=16941.7   simsec/sec=0.504696   ev/simsec=33568.2
     Messages:  created: 4794717   present: 1787   in FES: 190
** Event #5353728   t=184.045855850406   Elapsed: 324.31s (5m 24s)  36% completed  (68% total)
     Speed:     ev/sec=21080.6   simsec/sec=0.722016   ev/simsec=29196.8
     Messages:  created: 4836172   present: 1769   in FES: 184
** Event #5398016   t=185.511446548244   Elapsed: 326.321s (5m 26s)  37% completed  (68% total)
     Speed:     ev/sec=22020.7   simsec/sec=0.728715   ev/simsec=30218.5
     Messages:  created: 4879794   present: 1952   in FES: 244
** Event #5432576   t=186.522078416166   Elapsed: 328.323s (5m 28s)  37% completed  (68% total)
     Speed:     ev/sec=17261.9   simsec/sec=0.504788   ev/simsec=34196.4
     Messages:  created: 4912866   present: 1707   in FES: 160
** Event #5467648   t=187.539243846985   Elapsed: 330.355s (5m 30s)  37% completed  (68% total)
     Speed:     ev/sec=17265.9   simsec/sec=0.500749   ev/simsec=34480.1
     Messages:  created: 4946601   present: 1727   in FES: 166
** Event #5501952   t=188.556923062715   Elapsed: 332.381s (5m 32s)  37% completed  (68% total)
     Speed:     ev/sec=16928.1   simsec/sec=0.502198   ev/simsec=33708.1
     Messages:  created: 4979419   present: 1820   in FES: 201
** Event #5537024   t=189.574197343604   Elapsed: 334.403s (5m 34s)  37% completed  (68% total)
     Speed:     ev/sec=17346   simsec/sec=0.503126   ev/simsec=34476.4
     Messages:  created: 5013224   present: 1753   in FES: 176
** Event #5574656   t=190.870124809203   Elapsed: 336.403s (5m 36s)  38% completed  (69% total)
     Speed:     ev/sec=18814.1   simsec/sec=0.647898   ev/simsec=29038.7
     Messages:  created: 5050806   present: 1792   in FES: 206
** Event #5620480   t=192.094379818769   Elapsed: 338.403s (5m 38s)  38% completed  (69% total)
     Speed:     ev/sec=22908.8   simsec/sec=0.612042   ev/simsec=37430.1
     Messages:  created: 5094524   present: 1802   in FES: 193
** Event #5658368   t=193.523002846403   Elapsed: 340.419s (5m 40s)  38% completed  (69% total)
     Speed:     ev/sec=18799.7   simsec/sec=0.708872   ev/simsec=26520.6
     Messages:  created: 5131904   present: 1833   in FES: 206
** Event #5692160   t=194.525152054531   Elapsed: 342.421s (5m 42s)  38% completed  (69% total)
     Speed:     ev/sec=16880.2   simsec/sec=0.500605   ev/simsec=33719.5
     Messages:  created: 5164440   present: 1807   in FES: 206
** Event #5726720   t=195.534711736494   Elapsed: 344.436s (5m 44s)  39% completed  (69% total)
     Speed:     ev/sec=17149.4   simsec/sec=0.500966   ev/simsec=34232.7
     Messages:  created: 5197618   present: 1769   in FES: 178
** Event #5761024   t=196.542801518349   Elapsed: 346.436s (5m 46s)  39% completed  (69% total)
     Speed:     ev/sec=17150.6   simsec/sec=0.504004   ev/simsec=34028.7
     Messages:  created: 5230479   present: 1709   in FES: 160
** Event #5795328   t=197.552796525462   Elapsed: 348.455s (5m 48s)  39% completed  (69% total)
     Speed:     ev/sec=16994.2   simsec/sec=0.50035   ev/simsec=33964.5
     Messages:  created: 5263187   present: 1747   in FES: 176
** Event #5830144   t=198.575433420989   Elapsed: 350.458s (5m 50s)  39% completed  (69% total)
     Speed:     ev/sec=17378.6   simsec/sec=0.510455   ev/simsec=34045.3
     Messages:  created: 5296909   present: 1831   in FES: 206
** Event #5864704   t=199.605765733572   Elapsed: 352.462s (5m 52s)  39% completed  (69% total)
     Speed:     ev/sec=17242.1   simsec/sec=0.514036   ev/simsec=33542.6
     Messages:  created: 5329878   present: 1688   in FES: 157
** Event #5907712   t=201.050291745662   Elapsed: 354.467s (5m 54s)  40% completed  (70% total)
     Speed:     ev/sec=21458.4   simsec/sec=0.72073   ev/simsec=29773.1
     Messages:  created: 5371933   present: 1785   in FES: 188
** Event #5951744   t=202.518538998042   Elapsed: 356.49s (5m 56s)  40% completed  (70% total)
     Speed:     ev/sec=21766.1   simsec/sec=0.72579   ev/simsec=29989.5
     Messages:  created: 5415204   present: 1691   in FES: 156
** Event #5986048   t=203.530912227155   Elapsed: 358.517s (5m 58s)  40% completed  (70% total)
     Speed:     ev/sec=16920   simsec/sec=0.499341   ev/simsec=33884.7
     Messages:  created: 5448257   present: 1798   in FES: 206
** Event #6020608   t=204.536033055326   Elapsed: 360.546s (6m 00s)  40% completed  (70% total)
     Speed:     ev/sec=17033   simsec/sec=0.495378   ev/simsec=34383.9
     Messages:  created: 5481317   present: 1796   in FES: 189
** Event #6055680   t=205.569899994949   Elapsed: 362.58s (6m 02s)  41% completed  (70% total)
     Speed:     ev/sec=17242.9   simsec/sec=0.508292   ev/simsec=33923.1
     Messages:  created: 5515137   present: 1700   in FES: 157
** Event #6090240   t=206.581711534758   Elapsed: 364.589s (6m 04s)  41% completed  (70% total)
     Speed:     ev/sec=17201.5   simsec/sec=0.503608   ev/simsec=34156.6
     Messages:  created: 5548756   present: 1786   in FES: 185
** Event #6131200   t=208.027156479967   Elapsed: 366.59s (6m 06s)  41% completed  (70% total)
     Speed:     ev/sec=20470.5   simsec/sec=0.722388   ev/simsec=28337.3
     Messages:  created: 5589534   present: 1809   in FES: 206
** Event #6174720   t=209.196289222067   Elapsed: 368.595s (6m 08s)  41% completed  (70% total)
     Speed:     ev/sec=21704.5   simsec/sec=0.583075   ev/simsec=37224.2
     Messages:  created: 5630888   present: 1745   in FES: 207
** Event #6210560   t=210.516143628087   Elapsed: 370.606s (6m 10s)  42% completed  (71% total)
     Speed:     ev/sec=17819.4   simsec/sec=0.656222   ev/simsec=27154.5
     Messages:  created: 5665767   present: 1748   in FES: 177
** Event #6246144   t=211.535497743167   Elapsed: 372.628s (6m 12s)  42% completed  (71% total)
     Speed:     ev/sec=17603.7   simsec/sec=0.504282   ev/simsec=34908.4
     Messages:  created: 5700378   present: 1776   in FES: 181
** Event #6280448   t=212.542469066457   Elapsed: 374.658s (6m 14s)  42% completed  (71% total)
     Speed:     ev/sec=16894.8   simsec/sec=0.495937   ev/simsec=34066.5
     Messages:  created: 5733247   present: 1825   in FES: 200
** Event #6314752   t=213.565902072913   Elapsed: 376.687s (6m 16s)  42% completed  (71% total)
     Speed:     ev/sec=16911.4   simsec/sec=0.504539   ev/simsec=33518.6
     Messages:  created: 5765850   present: 1820   in FES: 206
** Event #6350080   t=214.587272280784   Elapsed: 378.715s (6m 18s)  42% completed  (71% total)
     Speed:     ev/sec=17418.5   simsec/sec=0.503589   ev/simsec=34588.8
     Messages:  created: 5799804   present: 1803   in FES: 192
** Event #6387456   t=216.015384106918   Elapsed: 380.717s (6m 20s)  43% completed  (71% total)
     Speed:     ev/sec=18672.5   simsec/sec=0.713466   ev/simsec=26171.6
     Messages:  created: 5835690   present: 1812   in FES: 197
** Event #6425600   t=217.063232610326   Elapsed: 382.717s (6m 22s)  43% completed  (71% total)
     Speed:     ev/sec=19069.9   simsec/sec=0.523867   ev/simsec=36402.2
     Messages:  created: 5871021   present: 1798   in FES: 189
** Event #6465536   t=218.521000774445   Elapsed: 384.736s (6m 24s)  43% completed  (71% total)
     Speed:     ev/sec=19776.1   simsec/sec=0.72188   ev/simsec=27395.3
     Messages:  created: 5909556   present: 1797   in FES: 206
** Event #6499840   t=219.536319731756   Elapsed: 386.769s (6m 26s)  43% completed  (71% total)
     Speed:     ev/sec=16873.3   simsec/sec=0.49941   ev/simsec=33786.4
     Messages:  created: 5942044   present: 1788   in FES: 185
** Event #6534144   t=220.565278691151   Elapsed: 388.772s (6m 28s)  44% completed  (72% total)
     Speed:     ev/sec=17125.8   simsec/sec=0.513695   ev/simsec=33338.6
     Messages:  created: 5974834   present: 1735   in FES: 172
** Event #6568960   t=221.602828124639   Elapsed: 390.794s (6m 30s)  44% completed  (72% total)
     Speed:     ev/sec=17222.5   simsec/sec=0.513248   ev/simsec=33556
     Messages:  created: 6008310   present: 1828   in FES: 206
** Event #6613760   t=223.082544171077   Elapsed: 392.797s (6m 32s)  44% completed  (72% total)
     Speed:     ev/sec=22360.1   simsec/sec=0.73854   ev/simsec=30276.1
     Messages:  created: 6050802   present: 1787   in FES: 201
** Event #6651392   t=224.516139475773   Elapsed: 394.809s (6m 34s)  44% completed  (72% total)
     Speed:     ev/sec=18710.6   simsec/sec=0.712783   ev/simsec=26250.1
     Messages:  created: 6087047   present: 1748   in FES: 175
** Event #6686208   t=225.532289776198   Elapsed: 396.834s (6m 36s)  45% completed  (72% total)
     Speed:     ev/sec=17188.6   simsec/sec=0.501672   ev/simsec=34262.6
     Messages:  created: 6119953   present: 1840   in FES: 205
** Event #6720512   t=226.5407894763   Elapsed: 398.836s (6m 38s)  45% completed  (72% total)
     Speed:     ev/sec=17136.3   simsec/sec=0.503788   ev/simsec=34014.9
     Messages:  created: 6153027   present: 1816   in FES: 197
** Event #6755840   t=227.56516675222   Elapsed: 400.844s (6m 40s)  45% completed  (72% total)
     Speed:     ev/sec=17597.3   simsec/sec=0.510255   ev/simsec=34487.3
     Messages:  created: 6186829   present: 1835   in FES: 205
** Event #6790400   t=228.576048499218   Elapsed: 402.856s (6m 42s)  45% completed  (72% total)
     Speed:     ev/sec=17171.8   simsec/sec=0.502277   ev/simsec=34188
     Messages:  created: 6219869   present: 1696   in FES: 157
** Event #6824448   t=229.579216913501   Elapsed: 404.879s (6m 44s)  45% completed  (72% total)
     Speed:     ev/sec=16833.9   simsec/sec=0.495984   ev/simsec=33940.5
     Messages:  created: 6252323   present: 1743   in FES: 170
** Event #6859008   t=230.599200141841   Elapsed: 406.885s (6m 46s)  46% completed  (73% total)
     Speed:     ev/sec=17228.3   simsec/sec=0.508465   ev/simsec=33882.9
     Messages:  created: 6285393   present: 1744   in FES: 173
** Event #6893056   t=231.605931609742   Elapsed: 408.91s (6m 48s)  46% completed  (73% total)
     Speed:     ev/sec=16810.1   simsec/sec=0.497041   ev/simsec=33820.3
     Messages:  created: 6317482   present: 1774   in FES: 183
** Event #6935040   t=233.050291374552   Elapsed: 410.914s (6m 50s)  46% completed  (73% total)
     Speed:     ev/sec=20948.6   simsec/sec=0.720685   ev/simsec=29067.6
     Messages:  created: 6358246   present: 1812   in FES: 197
** Event #6973184   t=234.082500248373   Elapsed: 412.918s (6m 52s)  46% completed  (73% total)
     Speed:     ev/sec=19038.4   simsec/sec=0.515196   ev/simsec=36953.8
     Messages:  created: 6394014   present: 1737   in FES: 207
** Event #7002112   t=235.04585456856   Elapsed: 414.921s (6m 54s)  47% completed  (73% total)
     Speed:     ev/sec=14444.3   simsec/sec=0.48102   ev/simsec=30028.4
     Messages:  created: 6422620   present: 1829   in FES: 204
** Event #7033856   t=236.014998822372   Elapsed: 416.926s (6m 56s)  47% completed  (73% total)
     Speed:     ev/sec=15830.4   simsec/sec=0.483303   ev/simsec=32754.7
     Messages:  created: 6453803   present: 1828   in FES: 203
** Event #7071744   t=237.027211128976   Elapsed: 418.926s (6m 58s)  47% completed  (73% total)
     Speed:     ev/sec=18939.7   simsec/sec=0.505991   ev/simsec=37430.9
     Messages:  created: 6490846   present: 1765   in FES: 180
** Event #7106304   t=238.023125095138   Elapsed: 420.929s (7m 00s)  47% completed  (73% total)
     Speed:     ev/sec=17257.8   simsec/sec=0.497317   ev/simsec=34701.8
     Messages:  created: 6524404   present: 1696   in FES: 157
** Event #7144704   t=239.031187822384   Elapsed: 422.933s (7m 02s)  47% completed  (73% total)
     Speed:     ev/sec=19158.7   simsec/sec=0.502946   ev/simsec=38092.9
     Messages:  created: 6562564   present: 1787   in FES: 186
** Event #7184640   t=240.060620702993   Elapsed: 424.937s (7m 04s)  48% completed  (74% total)
     Speed:     ev/sec=19927.4   simsec/sec=0.513669   ev/simsec=38794.2
     Messages:  created: 6602265   present: 1810   in FES: 197
** Event #7217152   t=241.025659865086   Elapsed: 426.938s (7m 06s)  48% completed  (74% total)
     Speed:     ev/sec=16254.1   simsec/sec=0.482463   ev/simsec=33689.8
     Messages:  created: 6634255   present: 1809   in FES: 206
** Event #7254272   t=242.045855955397   Elapsed: 428.941s (7m 08s)  48% completed  (74% total)
     Speed:     ev/sec=18527.4   simsec/sec=0.509202   ev/simsec=36385.2
     Messages:  created: 6669816   present: 1763   in FES: 182
** Event #7287040   t=243.025920011968   Elapsed: 430.944s (7m 10s)  48% completed  (74% total)
     Speed:     ev/sec=16360.9   simsec/sec=0.48934   ev/simsec=33434.5
     Messages:  created: 6701199   present: 1820   in FES: 206
** Event #7314688   t=243.612187937465   Elapsed: 432.968s (7m 12s)  48% completed  (74% total)
     Speed:     ev/sec=13659.3   simsec/sec=0.289641   ev/simsec=47159.3
     Messages:  created: 6726057   present: 1743   in FES: 176
** Event #7347968   t=244.597907470835   Elapsed: 434.977s (7m 14s)  48% completed  (74% total)
     Speed:     ev/sec=16567.3   simsec/sec=0.490706   ev/simsec=33762.1
     Messages:  created: 6757241   present: 1762   in FES: 179
** Event #7380992   t=245.59317051403   Elapsed: 436.977s (7m 16s)  49% completed  (74% total)
     Speed:     ev/sec=16510.8   simsec/sec=0.497594   ev/simsec=33181.2
     Messages:  created: 6788238   present: 1767   in FES: 182
** Event #7414272   t=246.578592903482   Elapsed: 439.003s (7m 19s)  49% completed  (74% total)
     Speed:     ev/sec=16423   simsec/sec=0.486285   ev/simsec=33772.3
     Messages:  created: 6819428   present: 1722   in FES: 163
** Event #7447552   t=247.570854150537   Elapsed: 441.027s (7m 21s)  49% completed  (74% total)
     Speed:     ev/sec=16447.7   simsec/sec=0.490396   ev/simsec=33539.6
     Messages:  created: 6850501   present: 1766   in FES: 181
** Event #7480832   t=248.571713461947   Elapsed: 443.059s (7m 23s)  49% completed  (74% total)
     Speed:     ev/sec=16373.7   simsec/sec=0.49242   ev/simsec=33251.4
     Messages:  created: 6881617   present: 1696   in FES: 157
** Event #7514368   t=249.567671105423   Elapsed: 445.071s (7m 25s)  49% completed  (74% total)
     Speed:     ev/sec=16671.8   simsec/sec=0.495123   ev/simsec=33672.1
     Messages:  created: 6913066   present: 1692   in FES: 157
** Event #7549696   t=250.566071343366   Elapsed: 447.104s (7m 27s)  50% completed  (75% total)
     Speed:     ev/sec=17372.1   simsec/sec=0.49095   ev/simsec=35384.6
     Messages:  created: 6946987   present: 1731   in FES: 168
** Event #7584256   t=251.551420642274   Elapsed: 449.11s (7m 29s)  50% completed  (75% total)
     Speed:     ev/sec=17228.5   simsec/sec=0.491206   ev/simsec=35073.9
     Messages:  created: 6980299   present: 1779   in FES: 188
** Event #7618560   t=252.538289816824   Elapsed: 451.12s (7m 31s)  50% completed  (75% total)
     Speed:     ev/sec=17073.7   simsec/sec=0.491181   ev/simsec=34760.4
     Messages:  created: 7013154   present: 1838   in FES: 205
** Event #7652608   t=253.5261075794   Elapsed: 453.131s (7m 33s)  50% completed  (75% total)
     Speed:     ev/sec=16928.9   simsec/sec=0.491149   ev/simsec=34467.9
     Messages:  created: 7045553   present: 1763   in FES: 180
** Event #7687424   t=254.527208724913   Elapsed: 455.134s (7m 35s)  50% completed  (75% total)
     Speed:     ev/sec=17377.6   simsec/sec=0.499678   ev/simsec=34777.7
     Messages:  created: 7079269   present: 1811   in FES: 206
** Event #7721984   t=255.520459427842   Elapsed: 457.137s (7m 37s)  51% completed  (75% total)
     Speed:     ev/sec=17253.7   simsec/sec=0.49587   ev/simsec=34794.8
     Messages:  created: 7112547   present: 1838   in FES: 205
** Event #7756544   t=256.520459638012   Elapsed: 459.158s (7m 39s)  51% completed  (75% total)
     Speed:     ev/sec=17107.6   simsec/sec=0.495013   ev/simsec=34560
     Messages:  created: 7145622   present: 1829   in FES: 204
** Event #7791616   t=257.527208925385   Elapsed: 461.176s (7m 41s)  51% completed  (75% total)
     Speed:     ev/sec=17378.7   simsec/sec=0.49886   ev/simsec=34836.9
     Messages:  created: 7180265   present: 1924   in FES: 234
** Event #7826688   t=258.53010468981   Elapsed: 463.178s (7m 43s)  51% completed  (75% total)
     Speed:     ev/sec=17520   simsec/sec=0.50099   ev/simsec=34970.7
     Messages:  created: 7214363   present: 1786   in FES: 187
** Event #7861760   t=259.533173594902   Elapsed: 465.195s (7m 45s)  51% completed  (75% total)
     Speed:     ev/sec=17381.1   simsec/sec=0.497104   ev/simsec=34964.7
     Messages:  created: 7248392   present: 1841   in FES: 206
** Event #7897600   t=260.533271916423   Elapsed: 467.197s (7m 47s)  52% completed  (76% total)
     Speed:     ev/sec=17906.1   simsec/sec=0.499662   ev/simsec=35836.5
     Messages:  created: 7283961   present: 1803   in FES: 190
** Event #7933440   t=261.554356774983   Elapsed: 469.207s (7m 49s)  52% completed  (76% total)
     Speed:     ev/sec=17828.8   simsec/sec=0.507945   ev/simsec=35099.9
     Messages:  created: 7319348   present: 1799   in FES: 194
** Event #7970048   t=262.554410811808   Elapsed: 471.212s (7m 51s)  52% completed  (76% total)
     Speed:     ev/sec=18261.3   simsec/sec=0.49886   ev/simsec=36606
     Messages:  created: 7355991   present: 1814   in FES: 206
** Event #8006400   t=263.567612998115   Elapsed: 473.228s (7m 53s)  52% completed  (76% total)
     Speed:     ev/sec=18032.2   simsec/sec=0.502593   ev/simsec=35878.3
     Messages:  created: 7392243   present: 1842   in FES: 206
** Event #8043264   t=264.577677093314   Elapsed: 475.26s (7m 55s)  52% completed  (76% total)
     Speed:     ev/sec=18142.3   simsec/sec=0.497094   ev/simsec=36496.7
     Messages:  created: 7429073   present: 1847   in FES: 206
** Event #8079616   t=265.579943070251   Elapsed: 477.266s (7m 57s)  53% completed  (76% total)
     Speed:     ev/sec=18122   simsec/sec=0.499643   ev/simsec=36269.8
     Messages:  created: 7464893   present: 1786   in FES: 187
** Event #8121856   t=267.009937281477   Elapsed: 479.266s (7m 59s)  53% completed  (76% total)
     Speed:     ev/sec=21114.2   simsec/sec=0.714801   ev/simsec=29538.6
     Messages:  created: 7509002   present: 1810   in FES: 197
** Event #8171008   t=268.279074428453   Elapsed: 481.268s (8m 01s)  53% completed  (76% total)
     Speed:     ev/sec=24552.3   simsec/sec=0.633958   ev/simsec=38728.7
     Messages:  created: 7557414   present: 1822   in FES: 231
** Event #8210432   t=269.528763074836   Elapsed: 483.278s (8m 03s)  53% completed  (76% total)
     Speed:     ev/sec=19615.7   simsec/sec=0.621793   ev/simsec=31547.1
     Messages:  created: 7597462   present: 1723   in FES: 166
** Event #8248064   t=270.557193460592   Elapsed: 485.299s (8m 05s)  54% completed  (77% total)
     Speed:     ev/sec=18617.3   simsec/sec=0.508785   ev/simsec=36591.7
     Messages:  created: 7635003   present: 1688   in FES: 157
** Event #8285184   t=271.568296905016   Elapsed: 487.319s (8m 07s)  54% completed  (77% total)
     Speed:     ev/sec=18380.7   simsec/sec=0.500668   ev/simsec=36712.4
     Messages:  created: 7671827   present: 1841   in FES: 205
** Event #8322560   t=272.589966653191   Elapsed: 489.319s (8m 09s)  54% completed  (77% total)
     Speed:     ev/sec=18684   simsec/sec=0.510727   ev/simsec=36583.3
     Messages:  created: 7708992   present: 1826   in FES: 201
** Event #8377856   t=274.523184736822   Elapsed: 491.322s (8m 11s)  54% completed  (77% total)
     Speed:     ev/sec=27615.9   simsec/sec=0.965487   ev/simsec=28603.1
     Messages:  created: 7765248   present: 1797   in FES: 194
** Event #8414976   t=275.548035406811   Elapsed: 493.345s (8m 13s)  55% completed  (77% total)
     Speed:     ev/sec=18346.7   simsec/sec=0.506537   ev/simsec=36219.9
     Messages:  created: 7802200   present: 1725   in FES: 168
** Event #8452096   t=276.573469728708   Elapsed: 495.376s (8m 15s)  55% completed  (77% total)
     Speed:     ev/sec=18272.3   simsec/sec=0.50477   ev/simsec=36199.3
     Messages:  created: 7838694   present: 1842   in FES: 203
** Event #8488192   t=277.58249962061   Elapsed: 497.394s (8m 17s)  55% completed  (77% total)
     Speed:     ev/sec=17891.1   simsec/sec=0.50013   ev/simsec=35773
     Messages:  created: 7873593   present: 1829   in FES: 207
** Event #8524800   t=278.696067359894   Elapsed: 499.398s (8m 19s)  55% completed  (77% total)
     Speed:     ev/sec=18269.8   simsec/sec=0.555743   ev/simsec=32874.5
     Messages:  created: 7909571   present: 1813   in FES: 206
** Event #8571136   t=280.075805435266   Elapsed: 501.398s (8m 21s)  56% completed  (78% total)
     Speed:     ev/sec=23162.9   simsec/sec=0.689717   ev/simsec=33583.2
     Messages:  created: 7954441   present: 1821   in FES: 206
** Event #8610304   t=281.509438480029   Elapsed: 503.408s (8m 23s)  56% completed  (78% total)
     Speed:     ev/sec=19483.1   simsec/sec=0.713123   ev/simsec=27320.8
     Messages:  created: 7992587   present: 1801   in FES: 196
** Event #8644352   t=282.519260248784   Elapsed: 505.415s (8m 25s)  56% completed  (78% total)
     Speed:     ev/sec=16966.6   simsec/sec=0.503209   ev/simsec=33716.8
     Messages:  created: 8024841   present: 1805   in FES: 194
** Event #8680704   t=283.551293155689   Elapsed: 507.424s (8m 27s)  56% completed  (78% total)
     Speed:     ev/sec=18099.5   simsec/sec=0.513844   ev/simsec=35223.7
     Messages:  created: 8060408   present: 1793   in FES: 206
** Event #8716032   t=284.572696600673   Elapsed: 509.428s (8m 29s)  56% completed  (78% total)
     Speed:     ev/sec=17621.5   simsec/sec=0.509474   ev/simsec=34587.7
     Messages:  created: 8094732   present: 1827   in FES: 198
** Event #8749824   t=285.576805203877   Elapsed: 511.434s (8m 31s)  57% completed  (78% total)
     Speed:     ev/sec=16847   simsec/sec=0.500599   ev/simsec=33653.7
     Messages:  created: 8126818   present: 1814   in FES: 206
** Event #8784640   t=286.60893919936   Elapsed: 513.439s (8m 33s)  57% completed  (78% total)
     Speed:     ev/sec=17369.8   simsec/sec=0.514936   ev/simsec=33732.1
     Messages:  created: 8160348   present: 1774   in FES: 185
** Event #8830720   t=288.076204700223   Elapsed: 515.441s (8m 35s)  57% completed  (78% total)
     Speed:     ev/sec=23009.7   simsec/sec=0.732666   ev/simsec=31405.4
     Messages:  created: 8204584   present: 1767   in FES: 182
** Event #8870400   t=289.521085316788   Elapsed: 517.465s (8m 37s)  57% completed  (78% total)
     Speed:     ev/sec=19603   simsec/sec=0.713809   ev/simsec=27462.5
     Messages:  created: 8243504   present: 1768   in FES: 183
** Event #8904704   t=290.532719578886   Elapsed: 519.469s (8m 39s)  58% completed  (79% total)
     Speed:     ev/sec=17122.7   simsec/sec=0.504954   ev/simsec=33909.5
     Messages:  created: 8276251   present: 1803   in FES: 192
** Event #8939776   t=291.561936521729   Elapsed: 521.489s (8m 41s)  58% completed  (79% total)
     Speed:     ev/sec=17358.7   simsec/sec=0.509404   ev/simsec=34076.4
     Messages:  created: 8309919   present: 1737   in FES: 172
** Event #8974336   t=292.582014845137   Elapsed: 523.496s (8m 43s)  58% completed  (79% total)
     Speed:     ev/sec=17220.9   simsec/sec=0.508293   ev/simsec=33879.8
     Messages:  created: 8343424   present: 1838   in FES: 206
** Event #9010944   t=293.870393041045   Elapsed: 525.497s (8m 45s)  58% completed  (79% total)
     Speed:     ev/sec=18296.2   simsec/sec=0.643914   ev/simsec=28414
     Messages:  created: 8379409   present: 1722   in FES: 169
** Event #9060608   t=295.519390146379   Elapsed: 527.507s (8m 47s)  59% completed  (79% total)
     Speed:     ev/sec=24709.8   simsec/sec=0.820441   ev/simsec=30117.7
     Messages:  created: 8428584   present: 1938   in FES: 236
** Event #9099264   t=296.574799110687   Elapsed: 529.525s (8m 49s)  59% completed  (79% total)
     Speed:     ev/sec=19150.6   simsec/sec=0.522862   ev/simsec=36626.6
     Messages:  created: 8467320   present: 1742   in FES: 173
** Event #9153024   t=297.599085969411   Elapsed: 531.529s (8m 51s)  59% completed  (79% total)
     Speed:     ev/sec=26834.7   simsec/sec=0.51128   ev/simsec=52485.3
     Messages:  created: 8529314   present: 1834   in FES: 203
** Event #9206016   t=299.5099685098   Elapsed: 533.54s (8m 53s)  59% completed  (79% total)
     Speed:     ev/sec=26345.8   simsec/sec=0.950023   ev/simsec=27731.7
     Messages:  created: 8583191   present: 1806   in FES: 197
** Event #9245184   t=300.55587676772   Elapsed: 535.543s (8m 55s)  60% completed  (80% total)
     Speed:     ev/sec=19557.3   simsec/sec=0.52224   ev/simsec=37448.8
     Messages:  created: 8622839   present: 1985   in FES: 255
** Event #9283584   t=301.597572211563   Elapsed: 537.55s (8m 57s)  60% completed  (80% total)
     Speed:     ev/sec=19128.4   simsec/sec=0.518905   ev/simsec=36863
     Messages:  created: 8661029   present: 1782   in FES: 187
** Event #9340672   t=303.522536928828   Elapsed: 539.569s (8m 59s)  60% completed  (80% total)
     Speed:     ev/sec=28275.4   simsec/sec=0.953427   ev/simsec=29656.6
     Messages:  created: 8720366   present: 1807   in FES: 196
** Event #9379584   t=304.564091836761   Elapsed: 541.585s (9m 01s)  60% completed  (80% total)
     Speed:     ev/sec=19301.5   simsec/sec=0.516641   ev/simsec=37359.5
     Messages:  created: 8759324   present: 1810   in FES: 206
** Event #9418240   t=305.620391598147   Elapsed: 543.587s (9m 03s)  61% completed  (80% total)
     Speed:     ev/sec=19311.2   simsec/sec=0.52769   ev/simsec=36595.7
     Messages:  created: 8797783   present: 1813   in FES: 204
** Event #9472768   t=307.534134531191   Elapsed: 545.615s (9m 05s)  61% completed  (80% total)
     Speed:     ev/sec=26894.8   simsec/sec=0.943912   ev/simsec=28492.9
     Messages:  created: 8853532   present: 1836   in FES: 206
** Event #9510400   t=308.577168143628   Elapsed: 547.636s (9m 07s)  61% completed  (80% total)
     Speed:     ev/sec=18618.2   simsec/sec=0.516033   ev/simsec=36079.4
     Messages:  created: 8890496   present: 1805   in FES: 194
** Event #9561856   t=310.27910675981   Elapsed: 549.637s (9m 09s)  62% completed  (81% total)
     Speed:     ev/sec=25711.9   simsec/sec=0.850436   ev/simsec=30233.8
     Messages:  created: 8942502   present: 1826   in FES: 205
** Event #9601280   t=311.551408875086   Elapsed: 551.645s (9m 11s)  62% completed  (81% total)
     Speed:     ev/sec=19633.1   simsec/sec=0.633605   ev/simsec=30986.4
     Messages:  created: 8982261   present: 1776   in FES: 185
** Event #9638144   t=312.59673381462   Elapsed: 553.659s (9m 13s)  62% completed  (81% total)
     Speed:     ev/sec=18306.4   simsec/sec=0.519101   ev/simsec=35265.6
     Messages:  created: 9018490   present: 1793   in FES: 206
** Event #9690880   t=314.446333215809   Elapsed: 555.66s (9m 15s)  62% completed  (81% total)
     Speed:     ev/sec=26347.5   simsec/sec=0.92408   ev/simsec=28512.1
     Messages:  created: 9071948   present: 1818   in FES: 210
** Event #9728512   t=315.553949223307   Elapsed: 557.678s (9m 17s)  63% completed  (81% total)
     Speed:     ev/sec=18651.2   simsec/sec=0.548959   ev/simsec=33975.7
     Messages:  created: 9108930   present: 1787   in FES: 190
** Event #9765120   t=316.576753510285   Elapsed: 559.695s (9m 19s)  63% completed  (81% total)
     Speed:     ev/sec=18153.9   simsec/sec=0.50721   ev/simsec=35791.8
     Messages:  created: 9144469   present: 1803   in FES: 188
** Event #9813248   t=318.067018420008   Elapsed: 561.699s (9m 21s)  63% completed  (81% total)
     Speed:     ev/sec=24016.7   simsec/sec=0.743667   ev/simsec=32294.9
     Messages:  created: 9192745   present: 1804   in FES: 189
** Event #9857024   t=319.532299111128   Elapsed: 563.718s (9m 23s)  63% completed  (81% total)
     Speed:     ev/sec=21672.4   simsec/sec=0.725423   ev/simsec=29875.5
     Messages:  created: 9237102   present: 1757   in FES: 174
** Event #9893120   t=320.564770678722   Elapsed: 565.735s (9m 25s)  64% completed  (82% total)
     Speed:     ev/sec=17899.8   simsec/sec=0.511996   ev/simsec=34960.8
     Messages:  created: 9272207   present: 1800   in FES: 206
** Event #9928448   t=321.572622848765   Elapsed: 567.742s (9m 27s)  64% completed  (82% total)
     Speed:     ev/sec=17606.4   simsec/sec=0.502282   ev/simsec=35052.8
     Messages:  created: 9307042   present: 1833   in FES: 206
** Event #9966080   t=322.832544322469   Elapsed: 569.742s (9m 29s)  64% completed  (82% total)
     Speed:     ev/sec=18812.5   simsec/sec=0.629842   ev/simsec=29868.5
     Messages:  created: 9344694   present: 1827   in FES: 212
** Event #10016256   t=324.513455063972   Elapsed: 571.767s (9m 31s)  64% completed  (82% total)
     Speed:     ev/sec=24773.8   simsec/sec=0.829931   ev/simsec=29850.5
     Messages:  created: 9394498   present: 1762   in FES: 181
** Event #10050816   t=325.529555409577   Elapsed: 573.793s (9m 33s)  65% completed  (82% total)
     Speed:     ev/sec=17063.1   simsec/sec=0.501674   ev/simsec=34012.4
     Messages:  created: 9427549   present: 1800   in FES: 207
** Event #10085632   t=326.553147773097   Elapsed: 575.806s (9m 35s)  65% completed  (82% total)
     Speed:     ev/sec=17289.2   simsec/sec=0.508302   ev/simsec=34013.5
     Messages:  created: 9460805   present: 1830   in FES: 206
** Event #10120192   t=327.568620284589   Elapsed: 577.831s (9m 37s)  65% completed  (82% total)
     Speed:     ev/sec=17069.4   simsec/sec=0.50155   ev/simsec=34033.4
     Messages:  created: 9494103   present: 1804   in FES: 207
** Event #10155008   t=328.605091047129   Elapsed: 579.86s (9m 39s)  65% completed  (82% total)
     Speed:     ev/sec=17161.4   simsec/sec=0.510895   ev/simsec=33590.9
     Messages:  created: 9527808   present: 1797   in FES: 192
** Event #10206464   t=330.513527199526   Elapsed: 581.894s (9m 41s)  66% completed  (83% total)
     Speed:     ev/sec=25293.3   simsec/sec=0.938095   ev/simsec=26962.4
     Messages:  created: 9578779   present: 1725   in FES: 170
** Event #10241280   t=331.531788116686   Elapsed: 583.927s (9m 43s)  66% completed  (83% total)
     Speed:     ev/sec=17125.9   simsec/sec=0.500879   ev/simsec=34191.6
     Messages:  created: 9612304   present: 1747   in FES: 172
** Event #10275328   t=332.54894298916   Elapsed: 585.945s (9m 45s)  66% completed  (83% total)
     Speed:     ev/sec=16873   simsec/sec=0.504068   ev/simsec=33473.8
     Messages:  created: 9644786   present: 1808   in FES: 197
** Event #10309376   t=333.565945707999   Elapsed: 587.955s (9m 47s)  66% completed  (83% total)
     Speed:     ev/sec=16937.9   simsec/sec=0.505929   ev/simsec=33478.8
     Messages:  created: 9677173   present: 1812   in FES: 197
** Event #10343936   t=334.579829950022   Elapsed: 589.988s (9m 49s)  66% completed  (83% total)
     Speed:     ev/sec=17003.3   simsec/sec=0.498826   ev/simsec=34086.7
     Messages:  created: 9710140   present: 1812   in FES: 206
** Event #10377984   t=335.573223455152   Elapsed: 592.007s (9m 52s)  67% completed  (83% total)
     Speed:     ev/sec=16858.9   simsec/sec=0.49188   ev/simsec=34274.4
     Messages:  created: 9742365   present: 1781   in FES: 186
** Event #10411776   t=336.598170427719   Elapsed: 594.024s (9m 54s)  67% completed  (83% total)
     Speed:     ev/sec=16760.2   simsec/sec=0.508354   ev/simsec=32969.5
     Messages:  created: 9774712   present: 1760   in FES: 181
** Event #10445568   t=337.620392718571   Elapsed: 596.024s (9m 56s)  67% completed  (83% total)
     Speed:     ev/sec=16890.4   simsec/sec=0.510941   ev/simsec=33057.4
     Messages:  created: 9807285   present: 1774   in FES: 187
** Event #10481664   t=338.933471597961   Elapsed: 598.027s (9m 58s)  67% completed  (83% total)
     Speed:     ev/sec=18023.7   simsec/sec=0.655657   ev/simsec=27489.6
     Messages:  created: 9842654   present: 1820   in FES: 207
** Event #10516736   t=339.946334565176   Elapsed: 600.029s (10m 00s)  67% completed  (83% total)
     Speed:     ev/sec=17515.5   simsec/sec=0.505839   ev/simsec=34626.6
     Messages:  created: 9876560   present: 1752   in FES: 179
** Event #10555904   t=341.045854507993   Elapsed: 602.032s (10m 02s)  68% completed  (84% total)
     Speed:     ev/sec=19558   simsec/sec=0.549031   ev/simsec=35622.8
     Messages:  created: 9914158   present: 1829   in FES: 204
** Event #10600448   t=342.370392760047   Elapsed: 604.035s (10m 04s)  68% completed  (84% total)
     Speed:     ev/sec=22233.1   simsec/sec=0.661112   ev/simsec=33629.8
     Messages:  created: 9957427   present: 1772   in FES: 187
** Event #10637312   t=343.51709464623   Elapsed: 606.05s (10m 06s)  68% completed  (84% total)
     Speed:     ev/sec=18295.2   simsec/sec=0.569094   ev/simsec=32147.8
     Messages:  created: 9993714   present: 1836   in FES: 205
** Event #10672896   t=344.530590995816   Elapsed: 608.08s (10m 08s)  68% completed  (84% total)
     Speed:     ev/sec=17534.1   simsec/sec=0.499402   ev/simsec=35110.1
     Messages:  created: 10028146   present: 1832   in FES: 206
** Event #10708224   t=345.528353993512   Elapsed: 610.094s (10m 10s)  69% completed  (84% total)
     Speed:     ev/sec=17541.6   simsec/sec=0.495425   ev/simsec=35407.2
     Messages:  created: 10062088   present: 1780   in FES: 187
** Event #10743552   t=346.540578598173   Elapsed: 612.108s (10m 12s)  69% completed  (84% total)
     Speed:     ev/sec=17535.5   simsec/sec=0.502429   ev/simsec=34901.3
     Messages:  created: 10096608   present: 1818   in FES: 199
** Event #10778624   t=347.546857632847   Elapsed: 614.134s (10m 14s)  69% completed  (84% total)
     Speed:     ev/sec=17316   simsec/sec=0.496827   ev/simsec=34853.2
     Messages:  created: 10130486   present: 1803   in FES: 206
** Event #10813952   t=348.563352431295   Elapsed: 616.146s (10m 16s)  69% completed  (84% total)
     Speed:     ev/sec=17556.9   simsec/sec=0.505165   ev/simsec=34754.7
     Messages:  created: 10164678   present: 1832   in FES: 201
** Event #10849536   t=349.568399996485   Elapsed: 618.159s (10m 18s)  69% completed  (84% total)
     Speed:     ev/sec=17681.2   simsec/sec=0.499394   ev/simsec=35405.3
     Messages:  created: 10199392   present: 1813   in FES: 206
** Event #10883840   t=350.569714606564   Elapsed: 620.169s (10m 20s)  70% completed  (85% total)
     Speed:     ev/sec=17063.6   simsec/sec=0.498078   ev/simsec=34259
     Messages:  created: 10232990   present: 1808   in FES: 206
** Event #10918144   t=351.578682485446   Elapsed: 622.185s (10m 22s)  70% completed  (85% total)
     Speed:     ev/sec=17012.9   simsec/sec=0.500393   ev/simsec=33999.1
     Messages:  created: 10266190   present: 1821   in FES: 191
** Event #10953216   t=352.578311324285   Elapsed: 624.202s (10m 24s)  70% completed  (85% total)
     Speed:     ev/sec=17394.2   simsec/sec=0.495774   ev/simsec=35085
     Messages:  created: 10300137   present: 1817   in FES: 194
** Event #10988544   t=353.600458768046   Elapsed: 626.212s (10m 26s)  70% completed  (85% total)
     Speed:     ev/sec=17576.1   simsec/sec=0.508532   ev/simsec=34562.5
     Messages:  created: 10334966   present: 1743   in FES: 174
** Event #11024384   t=354.696785654647   Elapsed: 628.215s (10m 28s)  70% completed  (85% total)
     Speed:     ev/sec=17889.4   simsec/sec=0.547229   ev/simsec=32691
     Messages:  created: 10370303   present: 1797   in FES: 207
** Event #11064064   t=356.025966428446   Elapsed: 630.219s (10m 30s)  71% completed  (85% total)
     Speed:     ev/sec=19798.4   simsec/sec=0.663196   ev/simsec=29853
     Messages:  created: 10409083   present: 1827   in FES: 206
** Event #11094784   t=356.946300660101   Elapsed: 632.22s (10m 32s)  71% completed  (85% total)
     Speed:     ev/sec=15354.7   simsec/sec=0.460009   ev/simsec=33379.2
     Messages:  created: 10439123   present: 1816   in FES: 233
** Event #11133696   t=358.030577027332   Elapsed: 634.224s (10m 34s)  71% completed  (85% total)
     Speed:     ev/sec=19420.2   simsec/sec=0.541141   ev/simsec=35887.5
     Messages:  created: 10477078   present: 1696   in FES: 157
** Event #11177472   t=359.094705947764   Elapsed: 636.224s (10m 36s)  71% completed  (85% total)
     Speed:     ev/sec=21887.2   simsec/sec=0.532045   ev/simsec=41137.9
     Messages:  created: 10519618   present: 1783   in FES: 186
** Event #11218176   t=360.511729966342   Elapsed: 638.246s (10m 38s)  72% completed  (86% total)
     Speed:     ev/sec=20130.2   simsec/sec=0.700789   ev/simsec=28725
     Messages:  created: 10561052   present: 1823   in FES: 202
** Event #11254272   t=361.517502477697   Elapsed: 640.259s (10m 40s)  72% completed  (86% total)
     Speed:     ev/sec=17926.1   simsec/sec=0.49949   ev/simsec=35888.8
     Messages:  created: 10596190   present: 1768   in FES: 183
** Event #11294976   t=362.537433596374   Elapsed: 642.29s (10m 42s)  72% completed  (86% total)
     Speed:     ev/sec=20040.1   simsec/sec=0.502149   ev/simsec=39908.6
     Messages:  created: 10637467   present: 1744   in FES: 171
** Event #11332096   t=363.567491196817   Elapsed: 644.306s (10m 44s)  72% completed  (86% total)
     Speed:     ev/sec=18416.4   simsec/sec=0.511044   ev/simsec=36036.8
     Messages:  created: 10673652   present: 1791   in FES: 188
** Event #11369728   t=364.575233529856   Elapsed: 646.326s (10m 46s)  72% completed  (86% total)
     Speed:     ev/sec=18632.9   simsec/sec=0.498967   ev/simsec=37342.9
     Messages:  created: 10711303   present: 1819   in FES: 206
** Event #11407360   t=365.576986943145   Elapsed: 648.352s (10m 48s)  73% completed  (86% total)
     Speed:     ev/sec=18573.5   simsec/sec=0.494421   ev/simsec=37566.1
     Messages:  created: 10748393   present: 1828   in FES: 206
** Event #11444480   t=366.594202489275   Elapsed: 650.365s (10m 50s)  73% completed  (86% total)
     Speed:     ev/sec=18436.9   simsec/sec=0.505235   ev/simsec=36491.8
     Messages:  created: 10784744   present: 1747   in FES: 176
** Event #11480832   t=367.602721431242   Elapsed: 652.373s (10m 52s)  73% completed  (86% total)
     Speed:     ev/sec=18102.4   simsec/sec=0.502217   ev/simsec=36044.9
     Messages:  created: 10820184   present: 1812   in FES: 206
** Event #11525376   t=369.030632135811   Elapsed: 654.374s (10m 54s)  73% completed  (86% total)
     Speed:     ev/sec=22263.7   simsec/sec=0.713688   ev/simsec=31195.2
     Messages:  created: 10865071   present: 1778   in FES: 183
** Event #11568640   t=370.082545385292   Elapsed: 656.375s (10m 56s)  74% completed  (87% total)
     Speed:     ev/sec=21623.3   simsec/sec=0.525745   ev/simsec=41128.9
     Messages:  created: 10906811   present: 1743   in FES: 174
** Event #11611392   t=371.508502695749   Elapsed: 658.39s (10m 58s)  74% completed  (87% total)
     Speed:     ev/sec=21213   simsec/sec=0.707542   ev/simsec=29981.3
     Messages:  created: 10949775   present: 1785   in FES: 190
** Event #11648512   t=372.525208128801   Elapsed: 660.41s (11m 00s)  74% completed  (87% total)
     Speed:     ev/sec=18375.8   simsec/sec=0.503308   ev/simsec=36510.1
     Messages:  created: 10986095   present: 1836   in FES: 205
** Event #11686400   t=373.536716266264   Elapsed: 662.415s (11m 02s)  74% completed  (87% total)
     Speed:     ev/sec=18901.5   simsec/sec=0.504619   ev/simsec=37456.9
     Messages:  created: 11023488   present: 1966   in FES: 245
** Event #11723520   t=374.546381116485   Elapsed: 664.417s (11m 04s)  74% completed  (87% total)
     Speed:     ev/sec=18542.3   simsec/sec=0.504351   ev/simsec=36764.7
     Messages:  created: 11059878   present: 1783   in FES: 186
** Event #11760640   t=375.565378982496   Elapsed: 666.421s (11m 06s)  75% completed  (87% total)
     Speed:     ev/sec=18523.3   simsec/sec=0.508492   ev/simsec=36427.9
     Messages:  created: 11096107   present: 1784   in FES: 189
** Event #11799040   t=376.594521163262   Elapsed: 668.436s (11m 08s)  75% completed  (87% total)
     Speed:     ev/sec=19051.2   simsec/sec=0.510584   ev/simsec=37312.6
     Messages:  created: 11134310   present: 1799   in FES: 194
** Event #11838720   t=377.833188694375   Elapsed: 670.441s (11m 10s)  75% completed  (87% total)
     Speed:     ev/sec=19797   simsec/sec=0.617991   ev/simsec=32034.4
     Messages:  created: 11174239   present: 1805   in FES: 246
** Event #11890688   t=379.279062068355   Elapsed: 672.443s (11m 12s)  75% completed  (87% total)
     Speed:     ev/sec=25958.8   simsec/sec=0.722237   ev/simsec=35942.3
     Messages:  created: 11225413   present: 1751   in FES: 207
** Event #11929856   t=380.513061567845   Elapsed: 674.45s (11m 14s)  76% completed  (88% total)
     Speed:     ev/sec=19514.8   simsec/sec=0.61482   ev/simsec=31740.7
     Messages:  created: 11264451   present: 1777   in FES: 186
** Event #11966976   t=381.523991416114   Elapsed: 676.475s (11m 16s)  76% completed  (88% total)
     Speed:     ev/sec=18330.3   simsec/sec=0.49921   ev/simsec=36718.7
     Messages:  created: 11300458   present: 1701   in FES: 158
** Event #12005120   t=382.528903122268   Elapsed: 678.503s (11m 18s)  76% completed  (88% total)
     Speed:     ev/sec=18803.6   simsec/sec=0.495384   ev/simsec=37957.6
     Messages:  created: 11338025   present: 1825   in FES: 197
** Event #12042240   t=383.530966598652   Elapsed: 680.524s (11m 20s)  76% completed  (88% total)
     Speed:     ev/sec=18367   simsec/sec=0.495821   ev/simsec=37043.6
     Messages:  created: 11374251   present: 1839   in FES: 202
** Event #12080384   t=384.559295463841   Elapsed: 682.531s (11m 22s)  76% completed  (88% total)
     Speed:     ev/sec=19003.9   simsec/sec=0.512328   ev/simsec=37093.2
     Messages:  created: 11412068   present: 1835   in FES: 206
** Event #12119040   t=385.580251417561   Elapsed: 684.549s (11m 24s)  77% completed  (88% total)
     Speed:     ev/sec=19159.1   simsec/sec=0.506017   ev/simsec=37862.6
     Messages:  created: 11450748   present: 1755   in FES: 174
** Event #12160000   t=386.620393800966   Elapsed: 686.553s (11m 26s)  77% completed  (88% total)
     Speed:     ev/sec=20437.6   simsec/sec=0.518995   ev/simsec=39379.2
     Messages:  created: 11492637   present: 1689   in FES: 158
** Event #12208384   t=388.06209174462   Elapsed: 688.558s (11m 28s)  77% completed  (88% total)
     Speed:     ev/sec=24139.3   simsec/sec=0.719278   ev/simsec=33560.4
     Messages:  created: 11541500   present: 1805   in FES: 207
** Event #12255232   t=389.516308811982   Elapsed: 690.579s (11m 30s)  77% completed  (88% total)
     Speed:     ev/sec=23171.7   simsec/sec=0.719276   ev/simsec=32215.3
     Messages:  created: 11589295   present: 1797   in FES: 206
** Event #12295936   t=390.549830969305   Elapsed: 692.596s (11m 32s)  78% completed  (89% total)
     Speed:     ev/sec=20181.2   simsec/sec=0.512424   ev/simsec=39383.8
     Messages:  created: 11630867   present: 1834   in FES: 205
** Event #12337920   t=391.592236631767   Elapsed: 694.616s (11m 34s)  78% completed  (89% total)
     Speed:     ev/sec=20785.5   simsec/sec=0.516075   ev/simsec=40276.1
     Messages:  created: 11673191   present: 1820   in FES: 197
** Event #12388864   t=393.06214670071   Elapsed: 696.619s (11m 36s)  78% completed  (89% total)
     Speed:     ev/sec=25430.8   simsec/sec=0.733767   ev/simsec=34657.9
     Messages:  created: 11724718   present: 1741   in FES: 172
** Event #12438528   t=394.532052946746   Elapsed: 698.63s (11m 38s)  78% completed  (89% total)
     Speed:     ev/sec=24700.9   simsec/sec=0.731072   ev/simsec=33787.2
     Messages:  created: 11775911   present: 1808   in FES: 191
** Event #12479232   t=395.573810839532   Elapsed: 700.646s (11m 40s)  79% completed  (89% total)
     Speed:     ev/sec=20188   simsec/sec=0.516681   ev/simsec=39072.4
     Messages:  created: 11816415   present: 1721   in FES: 164
** Event #12539648   t=397.446288425446   Elapsed: 702.647s (11m 42s)  79% completed  (89% total)
     Speed:     ev/sec=30194   simsec/sec=0.935806   ev/simsec=32265.3
     Messages:  created: 11879570   present: 1826   in FES: 207
** Event #12581632   t=398.559877811397   Elapsed: 704.668s (11m 44s)  79% completed  (89% total)
     Speed:     ev/sec=20774.7   simsec/sec=0.55103   ev/simsec=37701.5
     Messages:  created: 11922016   present: 1785   in FES: 188
** Event #12622848   t=399.590128219372   Elapsed: 706.671s (11m 46s)  79% completed  (89% total)
     Speed:     ev/sec=20580.8   simsec/sec=0.514446   ev/simsec=40005.8
     Messages:  created: 11963340   present: 1841   in FES: 206
** Event #12681984   t=401.512498617825   Elapsed: 708.693s (11m 48s)  80% completed  (90% total)
     Speed:     ev/sec=29242.6   simsec/sec=0.950607   ev/simsec=30762
     Messages:  created: 12024518   present: 1802   in FES: 195
** Event #12723200   t=402.550455761649   Elapsed: 710.7s (11m 50s)  80% completed  (90% total)
     Speed:     ev/sec=20541.1   simsec/sec=0.517295   ev/simsec=39708.8
     Messages:  created: 12065994   present: 1695   in FES: 156
** Event #12764928   t=403.621015912011   Elapsed: 712.7s (11m 52s)  80% completed  (90% total)
     Speed:     ev/sec=20860.1   simsec/sec=0.535179   ev/simsec=38977.7
     Messages:  created: 12108333   present: 1810   in FES: 236
** Event #12824832   t=405.530185557552   Elapsed: 714.723s (11m 54s)  81% completed  (90% total)
     Speed:     ev/sec=29605.1   simsec/sec=0.943528   ev/simsec=31377
     Messages:  created: 12170568   present: 1830   in FES: 199
** Event #12865536   t=406.571431727382   Elapsed: 716.729s (11m 56s)  81% completed  (90% total)
     Speed:     ev/sec=20299.2   simsec/sec=0.519271   ev/simsec=39091.6
     Messages:  created: 12211026   present: 1805   in FES: 206
** Event #12917760   t=408.065989621339   Elapsed: 718.73s (11m 58s)  81% completed  (90% total)
     Speed:     ev/sec=26094.5   simsec/sec=0.746779   ev/simsec=34942.8
     Messages:  created: 12264027   present: 1833   in FES: 200
** Event #12966912   t=409.546010832741   Elapsed: 720.738s (12m 00s)  81% completed  (90% total)
     Speed:     ev/sec=24470.8   simsec/sec=0.736843   ev/simsec=33210.3
     Messages:  created: 12315254   present: 1818   in FES: 199
** Event #13007872   t=410.584068571354   Elapsed: 722.742s (12m 02s)  82% completed  (91% total)
     Speed:     ev/sec=20447.9   simsec/sec=0.518215   ev/simsec=39458.3
     Messages:  created: 12356355   present: 1815   in FES: 206
** Event #13065984   t=412.333181645881   Elapsed: 724.745s (12m 04s)  82% completed  (91% total)
     Speed:     ev/sec=29012.2   simsec/sec=0.873239   ev/simsec=33223.7
     Messages:  created: 12415974   present: 1808   in FES: 197
** Event #13107968   t=413.541274084639   Elapsed: 726.758s (12m 06s)  82% completed  (91% total)
     Speed:     ev/sec=20848.6   simsec/sec=0.59992   ev/simsec=34752.3
     Messages:  created: 12458265   present: 1833   in FES: 204
** Event #13147648   t=414.567498870646   Elapsed: 728.775s (12m 08s)  82% completed  (91% total)
     Speed:     ev/sec=19678.9   simsec/sec=0.508945   ev/simsec=38666
     Messages:  created: 12497348   present: 1765   in FES: 180
** Event #13188608   t=415.60097144504   Elapsed: 730.792s (12m 10s)  83% completed  (91% total)
     Speed:     ev/sec=20300.9   simsec/sec=0.512217   ev/simsec=39633.4
     Messages:  created: 12538318   present: 1823   in FES: 206
** Event #13243136   t=417.072041537011   Elapsed: 732.797s (12m 12s)  83% completed  (91% total)
     Speed:     ev/sec=27208.2   simsec/sec=0.734029   ev/simsec=37066.9
     Messages:  created: 12593958   present: 1789   in FES: 186
** Event #13293056   t=418.543369406325   Elapsed: 734.797s (12m 14s)  83% completed  (91% total)
     Speed:     ev/sec=24956.8   simsec/sec=0.73557   ev/simsec=33928.5
     Messages:  created: 12646797   present: 1754   in FES: 177
** Event #13334528   t=419.585111063358   Elapsed: 736.822s (12m 16s)  83% completed  (91% total)
     Speed:     ev/sec=20478.7   simsec/sec=0.514408   ev/simsec=39810.3
     Messages:  created: 12688582   present: 1761   in FES: 178
** Event #13383168   t=421.047817961828   Elapsed: 738.823s (12m 18s)  84% completed  (92% total)
     Speed:     ev/sec=24306.5   simsec/sec=0.730948   ev/simsec=33253.4
     Messages:  created: 12738111   present: 1815   in FES: 198
** Event #13433088   t=422.528143376089   Elapsed: 740.835s (12m 20s)  84% completed  (92% total)
     Speed:     ev/sec=24814.9   simsec/sec=0.735861   ev/simsec=33722.3
     Messages:  created: 12787879   present: 1779   in FES: 184
** Event #13474304   t=423.561747232888   Elapsed: 742.862s (12m 22s)  84% completed  (92% total)
     Speed:     ev/sec=20333.2   simsec/sec=0.509911   ev/simsec=39876
     Messages:  created: 12828970   present: 1703   in FES: 160
** Event #13513728   t=424.606486358183   Elapsed: 744.878s (12m 24s)  84% completed  (92% total)
     Speed:     ev/sec=19557.7   simsec/sec=0.518282   ev/simsec=37735.7
     Messages:  created: 12867582   present: 1838   in FES: 205
** Event #13571072   t=426.516418790142   Elapsed: 746.898s (12m 26s)  85% completed  (92% total)
     Speed:     ev/sec=28382.1   simsec/sec=0.945312   ev/simsec=30024.1
     Messages:  created: 12925353   present: 1779   in FES: 188
** Event #13612288   t=427.562290654857   Elapsed: 748.914s (12m 28s)  85% completed  (92% total)
     Speed:     ev/sec=20448.4   simsec/sec=0.518886   ev/simsec=39408.3
     Messages:  created: 12966426   present: 1810   in FES: 195
** Event #13655040   t=428.592872162059   Elapsed: 750.94s (12m 30s)  85% completed  (92% total)
     Speed:     ev/sec=21094.9   simsec/sec=0.508514   ev/simsec=41483.4
     Messages:  created: 13009699   present: 1740   in FES: 173
** Event #13703168   t=430.051145081893   Elapsed: 752.944s (12m 32s)  86% completed  (93% total)
     Speed:     ev/sec=24023.8   simsec/sec=0.72792   ev/simsec=33003.4
     Messages:  created: 13058249   present: 1806   in FES: 195
** Event #13751296   t=431.524475542633   Elapsed: 754.957s (12m 34s)  86% completed  (93% total)
     Speed:     ev/sec=23908.2   simsec/sec=0.731896   ev/simsec=32666.1
     Messages:  created: 13105896   present: 1843   in FES: 206
** Event #13791488   t=432.563792316199   Elapsed: 756.982s (12m 36s)  86% completed  (93% total)
     Speed:     ev/sec=19847.1   simsec/sec=0.513221   ev/simsec=38671.6
     Messages:  created: 13145688   present: 1815   in FES: 206
** Event #13830656   t=433.583038308464   Elapsed: 758.983s (12m 38s)  86% completed  (93% total)
     Speed:     ev/sec=19570   simsec/sec=0.509258   ev/simsec=38428.4
     Messages:  created: 13183887   present: 1799   in FES: 192
** Event #13881088   t=435.064048499218   Elapsed: 760.984s (12m 40s)  87% completed  (93% total)
     Speed:     ev/sec=25206.9   simsec/sec=0.740239   ev/simsec=34052.4
     Messages:  created: 13234098   present: 1702   in FES: 157
** Event #13929472   t=436.527347732305   Elapsed: 762.999s (12m 42s)  87% completed  (93% total)
     Speed:     ev/sec=24008.7   simsec/sec=0.726105   ev/simsec=33065
     Messages:  created: 13283527   present: 1825   in FES: 198
** Event #13969920   t=437.560896091891   Elapsed: 765.002s (12m 45s)  87% completed  (93% total)
     Speed:     ev/sec=20196.4   simsec/sec=0.51607   ev/simsec=39135.1
     Messages:  created: 13323965   present: 1803   in FES: 194
** Event #14012160   t=438.59751961226   Elapsed: 767.013s (12m 47s)  87% completed  (93% total)
     Speed:     ev/sec=21006.9   simsec/sec=0.515537   ev/simsec=40747.7
     Messages:  created: 13366766   present: 1766   in FES: 183
** Event #14060288   t=440.047808911807   Elapsed: 769.013s (12m 49s)  88% completed  (94% total)
     Speed:     ev/sec=24063.5   simsec/sec=0.725131   ev/simsec=33185.1
     Messages:  created: 13415776   present: 1825   in FES: 202
** Event #14110464   t=441.515997048437   Elapsed: 771.039s (12m 51s)  88% completed  (94% total)
     Speed:     ev/sec=24762.2   simsec/sec=0.72456   ev/simsec=34175.5
     Messages:  created: 13465943   present: 1800   in FES: 195
** Event #14150144   t=442.5348245028   Elapsed: 773.04s (12m 53s)  88% completed  (94% total)
     Speed:     ev/sec=19832.2   simsec/sec=0.509215   ev/simsec=38946.7
     Messages:  created: 13505433   present: 1748   in FES: 171
** Event #14191872   t=443.555952900155   Elapsed: 775.051s (12m 55s)  88% completed  (94% total)
     Speed:     ev/sec=20744.5   simsec/sec=0.50764   ev/simsec=40864.6
     Messages:  created: 13547802   present: 1811   in FES: 196
** Event #14231296   t=444.568777753743   Elapsed: 777.051s (12m 57s)  88% completed  (94% total)
     Speed:     ev/sec=19711   simsec/sec=0.506387   ev/simsec=38924.8
     Messages:  created: 13587003   present: 1806   in FES: 206
** Event #14269952   t=445.568461246948   Elapsed: 779.083s (12m 59s)  89% completed  (94% total)
     Speed:     ev/sec=19022.5   simsec/sec=0.491941   ev/simsec=38668.2
     Messages:  created: 13624954   present: 1820   in FES: 197
** Event #14308096   t=446.577093661314   Elapsed: 781.094s (13m 01s)  89% completed  (94% total)
     Speed:     ev/sec=18970.9   simsec/sec=0.501643   ev/simsec=37817.5
     Messages:  created: 13662135   present: 1757   in FES: 178
** Event #14347008   t=447.603505733414   Elapsed: 783.098s (13m 03s)  89% completed  (94% total)
     Speed:     ev/sec=19418.8   simsec/sec=0.512224   ev/simsec=37910.7
     Messages:  created: 13700905   present: 1811   in FES: 196
** Event #14385920   t=448.696845880411   Elapsed: 785.099s (13m 05s)  89% completed  (94% total)
     Speed:     ev/sec=19442.7   simsec/sec=0.546297   ev/simsec=35590
     Messages:  created: 13739529   present: 1782   in FES: 207
** Event #14429952   t=450.025712995864   Elapsed: 787.102s (13m 07s)  90% completed  (95% total)
     Speed:     ev/sec=21981.2   simsec/sec=0.663385   ev/simsec=33135
     Messages:  created: 13784255   present: 1824   in FES: 201
** Event #14467840   t=451.023122095369   Elapsed: 789.104s (13m 09s)  90% completed  (95% total)
     Speed:     ev/sec=18933.5   simsec/sec=0.498429   ev/simsec=37986.4
     Messages:  created: 13822181   present: 1823   in FES: 200
** Event #14508544   t=452.047193128767   Elapsed: 791.105s (13m 11s)  90% completed  (95% total)
     Speed:     ev/sec=20338.7   simsec/sec=0.511701   ev/simsec=39747.2
     Messages:  created: 13862453   present: 1764   in FES: 183
** Event #14544896   t=453.031005588808   Elapsed: 793.107s (13m 13s)  90% completed  (95% total)
     Speed:     ev/sec=18156.9   simsec/sec=0.491388   ev/simsec=36950.1
     Messages:  created: 13898680   present: 1816   in FES: 193
** Event #14592768   t=454.278840063343   Elapsed: 795.109s (13m 15s)  90% completed  (95% total)
     Speed:     ev/sec=23909.1   simsec/sec=0.623215   ev/simsec=38364.1
     Messages:  created: 13945617   present: 1790   in FES: 206
** Event #14633984   t=455.521212455336   Elapsed: 797.137s (13m 17s)  91% completed  (95% total)
     Speed:     ev/sec=20323.3   simsec/sec=0.612605   ev/simsec=33175.2
     Messages:  created: 13987513   present: 1837   in FES: 206
** Event #14673408   t=456.524459542522   Elapsed: 799.159s (13m 19s)  91% completed  (95% total)
     Speed:     ev/sec=19504.2   simsec/sec=0.496337   ev/simsec=39296.4
     Messages:  created: 14026837   present: 1761   in FES: 170
** Event #14714112   t=457.572899773886   Elapsed: 801.181s (13m 21s)  91% completed  (95% total)
     Speed:     ev/sec=20125   simsec/sec=0.518374   ev/simsec=38823.4
     Messages:  created: 14068422   present: 1698   in FES: 157
** Event #14753280   t=458.601128819625   Elapsed: 803.207s (13m 23s)  91% completed  (95% total)
     Speed:     ev/sec=19330.3   simsec/sec=0.507453   ev/simsec=38092.7
     Messages:  created: 14107405   present: 1752   in FES: 177
** Event #14804224   t=460.065989347961   Elapsed: 805.211s (13m 25s)  92% completed  (96% total)
     Speed:     ev/sec=25432.2   simsec/sec=0.731287   ev/simsec=34777.4
     Messages:  created: 14158980   present: 1814   in FES: 193
** Event #14855936   t=461.520083463856   Elapsed: 807.213s (13m 27s)  92% completed  (96% total)
     Speed:     ev/sec=25827.9   simsec/sec=0.726257   ev/simsec=35563
     Messages:  created: 14213654   present: 1794   in FES: 191
** Event #14900224   t=462.55239048094   Elapsed: 809.215s (13m 29s)  92% completed  (96% total)
     Speed:     ev/sec=22117.1   simsec/sec=0.515526   ev/simsec=42902
     Messages:  created: 14260257   present: 1840   in FES: 206
** Event #14942976   t=463.558341107584   Elapsed: 811.223s (13m 31s)  92% completed  (96% total)
     Speed:     ev/sec=21292.1   simsec/sec=0.501002   ev/simsec=42499.1
     Messages:  created: 14304185   present: 1739   in FES: 172
** Event #14985472   t=464.567834863685   Elapsed: 813.244s (13m 33s)  92% completed  (96% total)
     Speed:     ev/sec=21024.3   simsec/sec=0.499434   ev/simsec=42096.3
     Messages:  created: 14347674   present: 1766   in FES: 179
** Event #15024128   t=465.576919698568   Elapsed: 815.261s (13m 35s)  93% completed  (96% total)
     Speed:     ev/sec=19163   simsec/sec=0.500235   ev/simsec=38308
     Messages:  created: 14385612   present: 1791   in FES: 186
** Event #15064064   t=466.60483757371   Elapsed: 817.279s (13m 37s)  93% completed  (96% total)
     Speed:     ev/sec=19798.4   simsec/sec=0.509594   ev/simsec=38851.4
     Messages:  created: 14425168   present: 1708   in FES: 163
** Event #15123200   t=468.446333314648   Elapsed: 819.279s (13m 39s)  93% completed  (96% total)
     Speed:     ev/sec=29560.4   simsec/sec=0.92051   ev/simsec=32113
     Messages:  created: 14487052   present: 1831   in FES: 215
** Event #15164928   t=469.534350840799   Elapsed: 821.282s (13m 41s)  93% completed  (96% total)
     Speed:     ev/sec=20837.5   simsec/sec=0.543318   ev/simsec=38352.3
     Messages:  created: 14529857   present: 1764   in FES: 175
** Event #15205120   t=470.571992150453   Elapsed: 823.309s (13m 43s)  94% completed  (97% total)
     Speed:     ev/sec=19827.7   simsec/sec=0.511893   ev/simsec=38734
     Messages:  created: 14570273   present: 1811   in FES: 194
** Event #15246592   t=471.696290866877   Elapsed: 825.309s (13m 45s)  94% completed  (97% total)
     Speed:     ev/sec=20731.2   simsec/sec=0.562019   ev/simsec=36887
     Messages:  created: 14612728   present: 1707   in FES: 189
** Event #15306240   t=473.523005214046   Elapsed: 827.312s (13m 47s)  94% completed  (97% total)
     Speed:     ev/sec=29777.2   simsec/sec=0.911923   ev/simsec=32653.2
     Messages:  created: 14674726   present: 1821   in FES: 200
** Event #15365120   t=474.53510808518   Elapsed: 829.326s (13m 49s)  94% completed  (97% total)
     Speed:     ev/sec=29240.9   simsec/sec=0.50263   ev/simsec=58175.9
     Messages:  created: 14742543   present: 1845   in FES: 202
** Event #15406592   t=475.569369844482   Elapsed: 831.344s (13m 51s)  95% completed  (97% total)
     Speed:     ev/sec=20547.2   simsec/sec=0.512423   ev/simsec=40098.2
     Messages:  created: 14784070   present: 1758   in FES: 175
** Event #15456000   t=477.030990864451   Elapsed: 833.347s (13m 53s)  95% completed  (97% total)
     Speed:     ev/sec=24670.8   simsec/sec=0.729829   ev/simsec=33803.6
     Messages:  created: 14835544   present: 1836   in FES: 201
** Event #15509760   t=478.536246946717   Elapsed: 835.362s (13m 55s)  95% completed  (97% total)
     Speed:     ev/sec=26675.2   simsec/sec=0.746893   ev/simsec=35714.9
     Messages:  created: 14890619   present: 1799   in FES: 206
** Event #15551488   t=479.590835764881   Elapsed: 837.386s (13m 57s)  95% completed  (97% total)
     Speed:     ev/sec=20620.5   simsec/sec=0.521141   ev/simsec=39568
     Messages:  created: 14932601   present: 1811   in FES: 196
** Event #15610112   t=481.509684213722   Elapsed: 839.398s (13m 59s)  96% completed  (98% total)
     Speed:     ev/sec=29138.7   simsec/sec=0.953753   ev/simsec=30551.7
     Messages:  created: 14993243   present: 1773   in FES: 186
** Event #15651328   t=482.562080381312   Elapsed: 841.403s (14m 01s)  96% completed  (98% total)
     Speed:     ev/sec=20551.7   simsec/sec=0.524761   ev/simsec=39164
     Messages:  created: 15034725   present: 1844   in FES: 205
** Event #15701760   t=484.065989623671   Elapsed: 843.405s (14m 03s)  96% completed  (98% total)
     Speed:     ev/sec=25194.9   simsec/sec=0.751325   ev/simsec=33533.9
     Messages:  created: 15085319   present: 1782   in FES: 183
** Event #15752448   t=485.571178673314   Elapsed: 845.413s (14m 05s)  97% completed  (98% total)
     Speed:     ev/sec=25247.2   simsec/sec=0.749721   ev/simsec=33675.5
     Messages:  created: 15138096   present: 1806   in FES: 206
** Event #15812608   t=487.332544991671   Elapsed: 847.413s (14m 07s)  97% completed  (98% total)
     Speed:     ev/sec=30069.3   simsec/sec=0.880371   ev/simsec=34155.3
     Messages:  created: 15200813   present: 1778   in FES: 187
** Event #15856896   t=488.594126878126   Elapsed: 849.431s (14m 09s)  97% completed  (98% total)
     Speed:     ev/sec=21949   simsec/sec=0.625236   ev/simsec=35105.1
     Messages:  created: 15245647   present: 1805   in FES: 194
** Event #15917056   t=490.553312643019   Elapsed: 851.44s (14m 11s)  98% completed  (99% total)
     Speed:     ev/sec=29941.6   simsec/sec=0.975085   ev/simsec=30706.6
     Messages:  created: 15308102   present: 1791   in FES: 190
** Event #15969024   t=492.066618599556   Elapsed: 853.442s (14m 13s)  98% completed  (99% total)
     Speed:     ev/sec=25966.7   simsec/sec=0.756151   ev/simsec=34340.7
     Messages:  created: 15360339   present: 1707   in FES: 158
** Event #16017664   t=493.570548025283   Elapsed: 855.46s (14m 15s)  98% completed  (99% total)
     Speed:     ev/sec=24099.3   simsec/sec=0.74514   ev/simsec=32341.9
     Messages:  created: 15410394   present: 1803   in FES: 192
** Event #16077824   t=495.527310628821   Elapsed: 857.462s (14m 17s)  99% completed  (99% total)
     Speed:     ev/sec=30046.5   simsec/sec=0.977293   ev/simsec=30744.7
     Messages:  created: 15472901   present: 1795   in FES: 190
** Event #16121600   t=496.604488787588   Elapsed: 859.474s (14m 19s)  99% completed  (99% total)
     Speed:     ev/sec=21763.6   simsec/sec=0.535529   ev/simsec=40639.5
     Messages:  created: 15517319   present: 1830   in FES: 203
** Event #16181504   t=498.567389717355   Elapsed: 861.476s (14m 21s)  99% completed  (99% total)
     Speed:     ev/sec=29915.2   simsec/sec=0.980246   ev/simsec=30518.1
     Messages:  created: 15579770   present: 1840   in FES: 206
** Event #16224486   t=500   Elapsed: 863.045s (14m 23s)  100% completed  (100% total)
     Speed:     ev/sec=27395.4   simsec/sec=0.91028   ev/simsec=30095.5
     Messages:  created: 15625888   present: 1681   in FES: 155

<!> Simulation time limit reached -- at t=500s, event #16224486
undisposed object: (omnetpp::cMessage) FanetStressNetwork.uav[0].app.debugTimer -- check module destructor
undisposed object: (omnetpp::cMessage) FanetStressNetwork.uav[1].app.debugTimer -- check module destructor
undisposed object: (omnetpp::cMessage) FanetStressNetwork.uav[2].app.debugTimer -- check module destructor
undisposed object: (omnetpp::cMessage) FanetStressNetwork.uav[3].app.debugTimer -- check module destructor
undisposed object: (omnetpp::cMessage) FanetStressNetwork.uav[4].app.debugTimer -- check module destructor
undisposed object: (omnetpp::cMessage) FanetStressNetwork.uav[5].app.debugTimer -- check module destructor
undisposed object: (omnetpp::cMessage) FanetStressNetwork.uav[6].app.debugTimer -- check module destructor
undisposed object: (omnetpp::cMessage) FanetStressNetwork.uav[7].app.debugTimer -- check module destructor
undisposed object: (omnetpp::cMessage) FanetStressNetwork.uav[8].app.debugTimer -- check module destructor
undisposed object: (omnetpp::cMessage) FanetStressNetwork.uav[9].app.debugTimer -- check module destructor
undisposed object: (omnetpp::cMessage) FanetStressNetwork.uav[10].app.debugTimer -- check module destructor
undisposed object: (omnetpp::cMessage) FanetStressNetwork.uav[11].app.debugTimer -- check module destructor
undisposed object: (omnetpp::cMessage) FanetStressNetwork.uav[12].app.debugTimer -- check module destructor
undisposed object: (omnetpp::cMessage) FanetStressNetwork.uav[13].app.debugTimer -- check module destructor
undisposed object: (omnetpp::cMessage) FanetStressNetwork.uav[14].app.debugTimer -- check module destructor
undisposed object: (omnetpp::cMessage) FanetStressNetwork.uav[15].app.debugTimer -- check module destructor
undisposed object: (omnetpp::cMessage) FanetStressNetwork.uav[16].app.debugTimer -- check module destructor
undisposed object: (omnetpp::cMessage) FanetStressNetwork.uav[17].app.debugTimer -- check module destructor
undisposed object: (omnetpp::cMessage) FanetStressNetwork.uav[18].app.debugTimer -- check module destructor
undisposed object: (omnetpp::cMessage) FanetStressNetwork.uav[19].app.debugTimer -- check module destructor
undisposed object: (omnetpp::cMessage) FanetStressNetwork.uav[20].app.debugTimer -- check module destructor
undisposed object: (omnetpp::cMessage) FanetStressNetwork.uav[21].app.debugTimer -- check module destructor
undisposed object: (omnetpp::cMessage) FanetStressNetwork.uav[22].app.debugTimer -- check module destructor
undisposed object: (omnetpp::cMessage) FanetStressNetwork.uav[23].app.debugTimer -- check module destructor
undisposed object: (omnetpp::cMessage) FanetStressNetwork.uav[24].app.debugTimer -- check module destructor
undisposed object: (omnetpp::cMessage) FanetStressNetwork.uav[25].app.debugTimer -- check module destructor
undisposed object: (omnetpp::cMessage) FanetStressNetwork.uav[26].app.debugTimer -- check module destructor
undisposed object: (omnetpp::cMessage) FanetStressNetwork.uav[27].app.debugTimer -- check module destructor
undisposed object: (omnetpp::cMessage) FanetStressNetwork.uav[28].app.debugTimer -- check module destructor
undisposed object: (omnetpp::cMessage) FanetStressNetwork.uav[29].app.debugTimer -- check module destructor
undisposed object: (omnetpp::cMessage) FanetStressNetwork.uav[30].app.debugTimer -- check module destructor
undisposed object: (omnetpp::cMessage) FanetStressNetwork.uav[31].app.debugTimer -- check module destructor
undisposed object: (omnetpp::cMessage) FanetStressNetwork.uav[32].app.debugTimer -- check module destructor
undisposed object: (omnetpp::cMessage) FanetStressNetwork.uav[33].app.debugTimer -- check module destructor
undisposed object: (omnetpp::cMessage) FanetStressNetwork.uav[34].app.debugTimer -- check module destructor
undisposed object: (omnetpp::cMessage) FanetStressNetwork.uav[35].app.debugTimer -- check module destructor
undisposed object: (omnetpp::cMessage) FanetStressNetwork.uav[36].app.debugTimer -- check module destructor
undisposed object: (omnetpp::cMessage) FanetStressNetwork.uav[37].app.debugTimer -- check module destructor
undisposed object: (omnetpp::cMessage) FanetStressNetwork.uav[38].app.debugTimer -- check module destructor
undisposed object: (omnetpp::cMessage) FanetStressNetwork.uav[39].app.debugTimer -- check module destructor
undisposed object: (omnetpp::cMessage) FanetStressNetwork.uav[40].app.debugTimer -- check module destructor
undisposed object: (omnetpp::cMessage) FanetStressNetwork.uav[41].app.debugTimer -- check module destructor
undisposed object: (omnetpp::cMessage) FanetStressNetwork.uav[42].app.debugTimer -- check module destructor
undisposed object: (omnetpp::cMessage) FanetStressNetwork.uav[43].app.debugTimer -- check module destructor
undisposed object: (omnetpp::cMessage) FanetStressNetwork.uav[44].app.debugTimer -- check module destructor
undisposed object: (omnetpp::cMessage) FanetStressNetwork.uav[45].app.debugTimer -- check module destructor
undisposed object: (omnetpp::cMessage) FanetStressNetwork.uav[46].app.debugTimer -- check module destructor
undisposed object: (omnetpp::cMessage) FanetStressNetwork.uav[47].app.debugTimer -- check module destructor
undisposed object: (omnetpp::cMessage) FanetStressNetwork.uav[48].app.debugTimer -- check module destructor
undisposed object: (omnetpp::cMessage) FanetStressNetwork.uav[49].app.debugTimer -- check module destructor
