** Event #0   t=0   Elapsed: 6e-06s (0m 00s)  0% completed  (50% total)
     Speed:     ev/sec=0   simsec/sec=0   ev/simsec=0
     Messages:  created: 1781   present: 1781   in FES: 261
** Event #45568   t=1.517894733812   Elapsed: 2.01043s (0m 02s)  0% completed  (50% total)
     Speed:     ev/sec=22666.4   simsec/sec=0.755012   ev/simsec=30021.2
     Messages:  created: 40131   present: 1752   in FES: 163
** Event #73984   t=2.558487934632   Elapsed: 4.035s (0m 04s)  0% completed  (50% total)
     Speed:     ev/sec=14035.6   simsec/sec=0.513982   ev/simsec=27307.5
     Messages:  created: 63245   present: 1808   in FES: 197
** Event #101632   t=3.58414239552   Elapsed: 6.03544s (0m 06s)  0% completed  (50% total)
     Speed:     ev/sec=13821   simsec/sec=0.512716   ev/simsec=26956.4
     Messages:  created: 85691   present: 1814   in FES: 207
** Event #129024   t=4.595825854316   Elapsed: 8.06358s (0m 08s)  0% completed  (50% total)
     Speed:     ev/sec=13505.9   simsec/sec=0.498821   ev/simsec=27075.7
     Messages:  created: 107940   present: 1832   in FES: 201
** Event #155648   t=5.59467646875   Elapsed: 10.0876s (0m 10s)  1% completed  (50% total)
     Speed:     ev/sec=13154.4   simsec/sec=0.493511   ev/simsec=26654.6
     Messages:  created: 129390   present: 1827   in FES: 206
** Event #182016   t=6.590027563918   Elapsed: 12.1035s (0m 12s)  1% completed  (50% total)
     Speed:     ev/sec=13079.8   simsec/sec=0.493741   ev/simsec=26491.2
     Messages:  created: 150305   present: 1723   in FES: 166
** Event #208640   t=7.592857603452   Elapsed: 14.106s (0m 14s)  1% completed  (50% total)
     Speed:     ev/sec=13295.1   simsec/sec=0.500777   ev/simsec=26548.9
     Messages:  created: 171659   present: 1756   in FES: 177
** Event #236032   t=8.602818632961   Elapsed: 16.1269s (0m 16s)  1% completed  (50% total)
     Speed:     ev/sec=13554.5   simsec/sec=0.499764   ev/simsec=27121.8
     Messages:  created: 194002   present: 1782   in FES: 187
** Event #264960   t=10.017523260327   Elapsed: 18.1314s (0m 18s)  2% completed  (51% total)
     Speed:     ev/sec=14431.6   simsec/sec=0.705769   ev/simsec=20448.1
     Messages:  created: 217171   present: 1769   in FES: 182
** Event #299008   t=11.082490038307   Elapsed: 20.1338s (0m 20s)  2% completed  (51% total)
     Speed:     ev/sec=17003.7   simsec/sec=0.531848   ev/simsec=31971
     Messages:  created: 244979   present: 1812   in FES: 195
** Event #329728   t=12.521681963284   Elapsed: 22.1589s (0m 22s)  2% completed  (51% total)
     Speed:     ev/sec=15169.8   simsec/sec=0.710687   ev/simsec=21345.3
     Messages:  created: 270077   present: 1794   in FES: 206
** Event #357376   t=13.535093569486   Elapsed: 24.1623s (0m 24s)  2% completed  (51% total)
     Speed:     ev/sec=13800.1   simsec/sec=0.505831   ev/simsec=27282.1
     Messages:  created: 292786   present: 1799   in FES: 192
** Event #385024   t=14.553128125457   Elapsed: 26.1798s (0m 26s)  2% completed  (51% total)
     Speed:     ev/sec=13704.3   simsec/sec=0.504609   ev/simsec=27158.2
     Messages:  created: 315462   present: 1752   in FES: 177
** Event #413440   t=15.584381753909   Elapsed: 28.1806s (0m 28s)  3% completed  (51% total)
     Speed:     ev/sec=14201.9   simsec/sec=0.515406   ev/simsec=27554.8
     Messages:  created: 339274   present: 1808   in FES: 195
** Event #441600   t=16.606298790924   Elapsed: 30.1966s (0m 30s)  3% completed  (51% total)
     Speed:     ev/sec=13968.8   simsec/sec=0.506922   ev/simsec=27556.1
     Messages:  created: 362529   present: 1803   in FES: 194
** Event #481024   t=18.514730000585   Elapsed: 32.2018s (0m 32s)  3% completed  (51% total)
     Speed:     ev/sec=19661   simsec/sec=0.951749   ev/simsec=20657.8
     Messages:  created: 394874   present: 1809   in FES: 196
** Event #509440   t=19.539779696561   Elapsed: 34.2051s (0m 34s)  3% completed  (51% total)
     Speed:     ev/sec=14184.2   simsec/sec=0.511665   ev/simsec=27721.6
     Messages:  created: 418459   present: 1842   in FES: 205
** Event #538112   t=20.559460085356   Elapsed: 36.2196s (0m 36s)  4% completed  (52% total)
     Speed:     ev/sec=14233.2   simsec/sec=0.506185   ev/simsec=28118.6
     Messages:  created: 442498   present: 1806   in FES: 195
** Event #567040   t=21.608451744729   Elapsed: 38.2335s (0m 38s)  4% completed  (52% total)
     Speed:     ev/sec=14364   simsec/sec=0.520871   ev/simsec=27577
     Messages:  created: 466732   present: 1761   in FES: 180
** Event #606720   t=23.518776156705   Elapsed: 40.245s (0m 40s)  4% completed  (52% total)
     Speed:     ev/sec=19726.2   simsec/sec=0.949683   ev/simsec=20771.3
     Messages:  created: 499298   present: 1827   in FES: 202
** Event #635904   t=24.547180882315   Elapsed: 42.2728s (0m 42s)  4% completed  (52% total)
     Speed:     ev/sec=14392.5   simsec/sec=0.507171   ev/simsec=28377.9
     Messages:  created: 523697   present: 1814   in FES: 195
** Event #664320   t=25.571692713962   Elapsed: 44.3027s (0m 44s)  5% completed  (52% total)
     Speed:     ev/sec=13998.6   simsec/sec=0.504706   ev/simsec=27736.1
     Messages:  created: 547227   present: 1820   in FES: 199
** Event #692736   t=26.598633333228   Elapsed: 46.3251s (0m 46s)  5% completed  (52% total)
     Speed:     ev/sec=14050.1   simsec/sec=0.507764   ev/simsec=27670.5
     Messages:  created: 570753   present: 1836   in FES: 206
** Event #731904   t=28.509617386159   Elapsed: 48.3372s (0m 48s)  5% completed  (52% total)
     Speed:     ev/sec=19467.1   simsec/sec=0.949786   ev/simsec=20496.2
     Messages:  created: 603047   present: 1821   in FES: 206
** Event #759808   t=29.535761768991   Elapsed: 50.3374s (0m 50s)  5% completed  (52% total)
     Speed:     ev/sec=13950.3   simsec/sec=0.513011   ev/simsec=27193.1
     Messages:  created: 626029   present: 1770   in FES: 181
** Event #788480   t=30.567362626378   Elapsed: 52.3649s (0m 52s)  6% completed  (53% total)
     Speed:     ev/sec=14141.3   simsec/sec=0.508795   ev/simsec=27793.7
     Messages:  created: 650009   present: 1819   in FES: 200
** Event #817152   t=31.591641310249   Elapsed: 54.3787s (0m 54s)  6% completed  (53% total)
     Speed:     ev/sec=14238.1   simsec/sec=0.508643   ev/simsec=27992.4
     Messages:  created: 673847   present: 1806   in FES: 206
** Event #851200   t=33.057044576216   Elapsed: 56.3819s (0m 56s)  6% completed  (53% total)
     Speed:     ev/sec=16996.4   simsec/sec=0.731514   ev/simsec=23234.6
     Messages:  created: 701848   present: 1768   in FES: 183
** Event #885760   t=34.535260125586   Elapsed: 58.3955s (0m 58s)  6% completed  (53% total)
     Speed:     ev/sec=17163.9   simsec/sec=0.734142   ev/simsec=23379.5
     Messages:  created: 730769   present: 1823   in FES: 198
** Event #914176   t=35.572371991672   Elapsed: 60.398s (1m 00s)  7% completed  (53% total)
     Speed:     ev/sec=14190.3   simsec/sec=0.517912   ev/simsec=27399.2
     Messages:  created: 754296   present: 1826   in FES: 203
** Event #942848   t=36.591632706125   Elapsed: 62.4132s (1m 02s)  7% completed  (53% total)
     Speed:     ev/sec=14227.9   simsec/sec=0.505787   ev/simsec=28130.2
     Messages:  created: 778147   present: 1704   in FES: 157
** Event #980992   t=38.092701106035   Elapsed: 64.4167s (1m 04s)  7% completed  (53% total)
     Speed:     ev/sec=19037.7   simsec/sec=0.749186   ev/simsec=25411.2
     Messages:  created: 809805   present: 1814   in FES: 197
** Event #1010432   t=39.529316497473   Elapsed: 66.4256s (1m 06s)  7% completed  (53% total)
     Speed:     ev/sec=14655   simsec/sec=0.715134   ev/simsec=20492.6
     Messages:  created: 833872   present: 1823   in FES: 206
** Event #1038848   t=40.554146400907   Elapsed: 68.4527s (1m 08s)  8% completed  (54% total)
     Speed:     ev/sec=14018.1   simsec/sec=0.505565   ev/simsec=27727.5
     Messages:  created: 857310   present: 1795   in FES: 190
** Event #1067008   t=41.576938402313   Elapsed: 70.4644s (1m 10s)  8% completed  (54% total)
     Speed:     ev/sec=13998.2   simsec/sec=0.508425   ev/simsec=27532.5
     Messages:  created: 880547   present: 1731   in FES: 172
** Event #1094912   t=42.586923003207   Elapsed: 72.484s (1m 12s)  8% completed  (54% total)
     Speed:     ev/sec=13816.4   simsec/sec=0.500083   ev/simsec=27628.1
     Messages:  created: 903377   present: 1724   in FES: 165
** Event #1130752   t=44.0764306611   Elapsed: 74.4855s (1m 14s)  8% completed  (54% total)
     Speed:     ev/sec=17907.2   simsec/sec=0.744221   ev/simsec=24061.6
     Messages:  created: 933226   present: 1794   in FES: 191
** Event #1162752   t=45.528428828616   Elapsed: 76.5152s (1m 16s)  9% completed  (54% total)
     Speed:     ev/sec=15765.9   simsec/sec=0.715375   ev/simsec=22038.6
     Messages:  created: 959515   present: 1765   in FES: 182
** Event #1190912   t=46.547483735892   Elapsed: 78.5388s (1m 18s)  9% completed  (54% total)
     Speed:     ev/sec=13915.9   simsec/sec=0.503589   ev/simsec=27633.4
     Messages:  created: 983030   present: 1800   in FES: 191
** Event #1219328   t=47.585492798232   Elapsed: 80.5561s (1m 20s)  9% completed  (54% total)
     Speed:     ev/sec=14086   simsec/sec=0.514549   ev/simsec=27375.5
     Messages:  created: 1006770   present: 1725   in FES: 168
** Event #1247488   t=48.599620373887   Elapsed: 82.5642s (1m 22s)  9% completed  (54% total)
     Speed:     ev/sec=14023.1   simsec/sec=0.505016   ev/simsec=27767.7
     Messages:  created: 1029991   present: 1795   in FES: 190
** Event #1287168   t=50.513213823171   Elapsed: 84.5794s (1m 24s)  10% completed  (55% total)
     Speed:     ev/sec=19690.6   simsec/sec=0.94959   ev/simsec=20735.9
     Messages:  created: 1062651   present: 1732   in FES: 171
** Event #1315328   t=51.534016737809   Elapsed: 86.5846s (1m 26s)  10% completed  (55% total)
     Speed:     ev/sec=14043.6   simsec/sec=0.509081   ev/simsec=27586.1
     Messages:  created: 1085880   present: 1813   in FES: 196
** Event #1343744   t=52.552949567194   Elapsed: 88.6135s (1m 28s)  10% completed  (55% total)
     Speed:     ev/sec=14005.2   simsec/sec=0.502194   ev/simsec=27888
     Messages:  created: 1109307   present: 1842   in FES: 206
** Event #1372160   t=53.584566079006   Elapsed: 90.6237s (1m 30s)  10% completed  (55% total)
     Speed:     ev/sec=14135.9   simsec/sec=0.513189   ev/simsec=27545.1
     Messages:  created: 1133017   present: 1794   in FES: 193
** Event #1399552   t=54.597374597435   Elapsed: 92.6463s (1m 32s)  10% completed  (55% total)
     Speed:     ev/sec=13543.2   simsec/sec=0.500754   ev/simsec=27045.6
     Messages:  created: 1155256   present: 1774   in FES: 185
** Event #1430528   t=56.029606107209   Elapsed: 94.6487s (1m 34s)  11% completed  (55% total)
     Speed:     ev/sec=15469.5   simsec/sec=0.715261   ev/simsec=21627.8
     Messages:  created: 1180544   present: 1825   in FES: 200
** Event #1464576   t=57.089341560333   Elapsed: 96.651s (1m 36s)  11% completed  (55% total)
     Speed:     ev/sec=17004.7   simsec/sec=0.529268   ev/simsec=32128.8
     Messages:  created: 1208118   present: 1800   in FES: 191
** Event #1493760   t=58.517246587574   Elapsed: 98.6818s (1m 38s)  11% completed  (55% total)
     Speed:     ev/sec=14370   simsec/sec=0.703093   ev/simsec=20438.3
     Messages:  created: 1231764   present: 1813   in FES: 196
** Event #1521152   t=59.528417539499   Elapsed: 100.7s (1m 40s)  11% completed  (55% total)
     Speed:     ev/sec=13570.9   simsec/sec=0.500968   ev/simsec=27089.4
     Messages:  created: 1253900   present: 1746   in FES: 173
** Event #1548800   t=60.544180937002   Elapsed: 102.724s (1m 42s)  12% completed  (56% total)
     Speed:     ev/sec=13664.2   simsec/sec=0.50201   ev/simsec=27218.9
     Messages:  created: 1276700   present: 1775   in FES: 184
** Event #1576192   t=61.549534864315   Elapsed: 104.732s (1m 44s)  12% completed  (56% total)
     Speed:     ev/sec=13638   simsec/sec=0.500547   ev/simsec=27246.1
     Messages:  created: 1299060   present: 1789   in FES: 188
** Event #1603840   t=62.58390613123   Elapsed: 106.736s (1m 46s)  12% completed  (56% total)
     Speed:     ev/sec=13796.4   simsec/sec=0.516153   ev/simsec=26729.3
     Messages:  created: 1322002   present: 1812   in FES: 197
** Event #1630976   t=63.586866422132   Elapsed: 108.739s (1m 48s)  12% completed  (56% total)
     Speed:     ev/sec=13549.5   simsec/sec=0.500797   ev/simsec=27055.9
     Messages:  created: 1344099   present: 1786   in FES: 189
** Event #1660416   t=65.009912344267   Elapsed: 110.739s (1m 50s)  13% completed  (56% total)
     Speed:     ev/sec=14719   simsec/sec=0.711475   ev/simsec=20688
     Messages:  created: 1368222   present: 1751   in FES: 176
** Event #1697792   t=66.519859625975   Elapsed: 112.74s (1m 52s)  13% completed  (56% total)
     Speed:     ev/sec=18683.6   simsec/sec=0.754797   ev/simsec=24753.2
     Messages:  created: 1399276   present: 1838   in FES: 206
** Event #1726208   t=67.539265030773   Elapsed: 114.744s (1m 54s)  13% completed  (56% total)
     Speed:     ev/sec=14174.4   simsec/sec=0.508497   ev/simsec=27875.1
     Messages:  created: 1423099   present: 1821   in FES: 196
** Event #1754624   t=68.576752310185   Elapsed: 116.777s (1m 56s)  13% completed  (56% total)
     Speed:     ev/sec=13981.2   simsec/sec=0.510462   ev/simsec=27389.3
     Messages:  created: 1446639   present: 1814   in FES: 206
** Event #1783040   t=69.595881175563   Elapsed: 118.799s (1m 58s)  13% completed  (56% total)
     Speed:     ev/sec=14050.9   simsec/sec=0.503931   ev/simsec=27882.6
     Messages:  created: 1470225   present: 1846   in FES: 205
** Event #1819136   t=71.076782337369   Elapsed: 120.8s (2m 00s)  14% completed  (57% total)
     Speed:     ev/sec=18037.5   simsec/sec=0.74002   ev/simsec=24374.3
     Messages:  created: 1500045   present: 1793   in FES: 190
** Event #1850624   t=72.521661412311   Elapsed: 122.819s (2m 02s)  14% completed  (57% total)
     Speed:     ev/sec=15598.6   simsec/sec=0.715769   ev/simsec=21792.8
     Messages:  created: 1525606   present: 1827   in FES: 202
** Event #1879040   t=73.541373468111   Elapsed: 124.84s (2m 04s)  14% completed  (57% total)
     Speed:     ev/sec=14059   simsec/sec=0.504509   ev/simsec=27866.7
     Messages:  created: 1549054   present: 1837   in FES: 204
** Event #1907200   t=74.565003540988   Elapsed: 126.843s (2m 06s)  14% completed  (57% total)
     Speed:     ev/sec=14062.7   simsec/sec=0.511186   ev/simsec=27509.9
     Messages:  created: 1572302   present: 1794   in FES: 206
** Event #1934848   t=75.578897518897   Elapsed: 128.844s (2m 08s)  15% completed  (57% total)
     Speed:     ev/sec=13815.2   simsec/sec=0.506625   ev/simsec=27269.1
     Messages:  created: 1594807   present: 1815   in FES: 198
** Event #1962752   t=76.593329420505   Elapsed: 130.855s (2m 10s)  15% completed  (57% total)
     Speed:     ev/sec=13875.1   simsec/sec=0.504421   ev/simsec=27507
     Messages:  created: 1617677   present: 1800   in FES: 191
** Event #1995776   t=78.042952532102   Elapsed: 132.855s (2m 12s)  15% completed  (57% total)
     Speed:     ev/sec=16507   simsec/sec=0.72459   ev/simsec=22781.1
     Messages:  created: 1644707   present: 1831   in FES: 202
** Event #2030336   t=79.518357450185   Elapsed: 134.88s (2m 14s)  15% completed  (57% total)
     Speed:     ev/sec=17068.7   simsec/sec=0.72868   ev/simsec=23424.1
     Messages:  created: 1672751   present: 1763   in FES: 182
** Event #2059520   t=80.540923282352   Elapsed: 136.897s (2m 16s)  16% completed  (58% total)
     Speed:     ev/sec=14472.7   simsec/sec=0.507104   ev/simsec=28540
     Messages:  created: 1697362   present: 1800   in FES: 193
** Event #2087424   t=81.546890380576   Elapsed: 138.899s (2m 18s)  16% completed  (58% total)
     Speed:     ev/sec=13936.1   simsec/sec=0.502412   ev/simsec=27738.5
     Messages:  created: 1719894   present: 1842   in FES: 206
** Event #2114816   t=82.549857290852   Elapsed: 140.9s (2m 20s)  16% completed  (58% total)
     Speed:     ev/sec=13691.7   simsec/sec=0.501325   ev/simsec=27311
     Messages:  created: 1742115   present: 1805   in FES: 192
** Event #2142464   t=83.572682284274   Elapsed: 142.92s (2m 22s)  16% completed  (58% total)
     Speed:     ev/sec=13684   simsec/sec=0.506232   ev/simsec=27031
     Messages:  created: 1764723   present: 1769   in FES: 182
** Event #2169088   t=84.582493002446   Elapsed: 144.953s (2m 24s)  16% completed  (58% total)
     Speed:     ev/sec=13096.4   simsec/sec=0.496729   ev/simsec=26365.3
     Messages:  created: 1785854   present: 1692   in FES: 157
** Event #2196224   t=85.580494378904   Elapsed: 146.975s (2m 26s)  17% completed  (58% total)
     Speed:     ev/sec=13419.1   simsec/sec=0.493524   ev/simsec=27190.3
     Messages:  created: 1807880   present: 1815   in FES: 206
** Event #2223104   t=86.579209185045   Elapsed: 148.99s (2m 28s)  17% completed  (58% total)
     Speed:     ev/sec=13342.6   simsec/sec=0.495739   ev/simsec=26914.6
     Messages:  created: 1829374   present: 1750   in FES: 177
** Event #2249472   t=87.579208637327   Elapsed: 151.02s (2m 31s)  17% completed  (58% total)
     Speed:     ev/sec=12987.2   simsec/sec=0.492535   ev/simsec=26368
     Messages:  created: 1850529   present: 1809   in FES: 198
** Event #2276608   t=88.584214845049   Elapsed: 153.053s (2m 33s)  17% completed  (58% total)
     Speed:     ev/sec=13347.1   simsec/sec=0.494321   ev/simsec=27000.8
     Messages:  created: 1872346   present: 1804   in FES: 206
** Event #2303232   t=89.579882070951   Elapsed: 155.074s (2m 35s)  17% completed  (58% total)
     Speed:     ev/sec=13174.2   simsec/sec=0.492679   ev/simsec=26739.9
     Messages:  created: 1893614   present: 1809   in FES: 198
** Event #2330368   t=90.5843140834   Elapsed: 157.075s (2m 37s)  18% completed  (59% total)
     Speed:     ev/sec=13560.1   simsec/sec=0.501925   ev/simsec=27016.3
     Messages:  created: 1915486   present: 1761   in FES: 182
** Event #2357760   t=91.587971117278   Elapsed: 159.092s (2m 39s)  18% completed  (59% total)
     Speed:     ev/sec=13582.4   simsec/sec=0.497666   ev/simsec=27292.2
     Messages:  created: 1937680   present: 1722   in FES: 167
** Event #2384128   t=92.58835145422   Elapsed: 161.112s (2m 41s)  18% completed  (59% total)
     Speed:     ev/sec=13051   simsec/sec=0.495143   ev/simsec=26358
     Messages:  created: 1958714   present: 1717   in FES: 164
** Event #2411264   t=93.592704868393   Elapsed: 163.128s (2m 43s)  18% completed  (59% total)
     Speed:     ev/sec=13463.7   simsec/sec=0.498316   ev/simsec=27018.4
     Messages:  created: 1980668   present: 1850   in FES: 206
** Event #2438144   t=94.59479699457   Elapsed: 165.143s (2m 45s)  18% completed  (59% total)
     Speed:     ev/sec=13342.7   simsec/sec=0.49742   ev/simsec=26823.9
     Messages:  created: 2002228   present: 1824   in FES: 199
** Event #2465280   t=95.597793965719   Elapsed: 167.179s (2m 47s)  19% completed  (59% total)
     Speed:     ev/sec=13322.7   simsec/sec=0.49243   ev/simsec=27054.9
     Messages:  created: 2024159   present: 1746   in FES: 171
** Event #2499840   t=97.06982282091   Elapsed: 169.182s (2m 49s)  19% completed  (59% total)
     Speed:     ev/sec=17261.1   simsec/sec=0.73521   ev/simsec=23477.8
     Messages:  created: 2052348   present: 1751   in FES: 178
** Event #2531840   t=98.518416208614   Elapsed: 171.19s (2m 51s)  19% completed  (59% total)
     Speed:     ev/sec=15935.3   simsec/sec=0.721369   ev/simsec=22090.4
     Messages:  created: 2078669   present: 1812   in FES: 197
** Event #2559232   t=99.533359404419   Elapsed: 173.199s (2m 53s)  19% completed  (59% total)
     Speed:     ev/sec=13630.5   simsec/sec=0.505046   ev/simsec=26988.7
     Messages:  created: 2101323   present: 1798   in FES: 193
** Event #2590464   t=100.557305047882   Elapsed: 175.21s (2m 55s)  20% completed  (60% total)
     Speed:     ev/sec=15533.5   simsec/sec=0.509269   ev/simsec=30501.6
     Messages:  created: 2129220   present: 1988   in FES: 252
** Event #2627328   t=101.565816257218   Elapsed: 177.215s (2m 57s)  20% completed  (60% total)
     Speed:     ev/sec=18380.9   simsec/sec=0.502857   ev/simsec=36552.9
     Messages:  created: 2165542   present: 1814   in FES: 197
** Event #2663680   t=102.586946617105   Elapsed: 179.233s (2m 59s)  20% completed  (60% total)
     Speed:     ev/sec=18021.7   simsec/sec=0.506232   ev/simsec=35599.8
     Messages:  created: 2201075   present: 1740   in FES: 171
** Event #2700544   t=103.610300664555   Elapsed: 181.248s (3m 01s)  20% completed  (60% total)
     Speed:     ev/sec=18289.6   simsec/sec=0.507725   ev/simsec=36022.7
     Messages:  created: 2237569   present: 1688   in FES: 157
** Event #2752512   t=105.180514609524   Elapsed: 183.25s (3m 03s)  21% completed  (60% total)
     Speed:     ev/sec=25964.7   simsec/sec=0.784523   ev/simsec=33096.1
     Messages:  created: 2289961   present: 1816   in FES: 236
** Event #2791680   t=106.526406845052   Elapsed: 185.258s (3m 05s)  21% completed  (60% total)
     Speed:     ev/sec=19500.7   simsec/sec=0.670083   ev/simsec=29101.9
     Messages:  created: 2329775   present: 1899   in FES: 225
** Event #2828032   t=107.54015010025   Elapsed: 187.275s (3m 07s)  21% completed  (60% total)
     Speed:     ev/sec=18028   simsec/sec=0.502744   ev/simsec=35859.2
     Messages:  created: 2365925   present: 1802   in FES: 206
** Event #2869760   t=108.595344566398   Elapsed: 189.287s (3m 09s)  21% completed  (60% total)
     Speed:     ev/sec=20732.8   simsec/sec=0.52428   ev/simsec=39545.3
     Messages:  created: 2408782   present: 1819   in FES: 207
** Event #2918400   t=110.054092839687   Elapsed: 191.29s (3m 11s)  22% completed  (61% total)
     Speed:     ev/sec=24281.7   simsec/sec=0.728226   ev/simsec=33343.7
     Messages:  created: 2459067   present: 1833   in FES: 206
** Event #2965248   t=111.527113205496   Elapsed: 193.296s (3m 13s)  22% completed  (61% total)
     Speed:     ev/sec=23355.6   simsec/sec=0.734359   ev/simsec=31804
     Messages:  created: 2506749   present: 1841   in FES: 206
** Event #3005696   t=112.56366661805   Elapsed: 195.309s (3m 15s)  22% completed  (61% total)
     Speed:     ev/sec=20098.9   simsec/sec=0.515071   ev/simsec=39021.6
     Messages:  created: 2547703   present: 1796   in FES: 206
** Event #3045376   t=113.680065525698   Elapsed: 197.318s (3m 17s)  22% completed  (61% total)
     Speed:     ev/sec=19749.2   simsec/sec=0.555646   ev/simsec=35542.9
     Messages:  created: 2587762   present: 1780   in FES: 208
** Event #3104000   t=115.516343182627   Elapsed: 199.328s (3m 19s)  23% completed  (61% total)
     Speed:     ev/sec=29158.4   simsec/sec=0.913328   ev/simsec=31925.5
     Messages:  created: 2649854   present: 1824   in FES: 206
** Event #3142656   t=116.542311648333   Elapsed: 201.339s (3m 21s)  23% completed  (61% total)
     Speed:     ev/sec=19228.7   simsec/sec=0.510349   ev/simsec=37677.6
     Messages:  created: 2688519   present: 1838   in FES: 203
** Event #3184640   t=117.605987335493   Elapsed: 203.357s (3m 23s)  23% completed  (61% total)
     Speed:     ev/sec=20798.3   simsec/sec=0.526931   ev/simsec=39470.7
     Messages:  created: 2731881   present: 1815   in FES: 198
** Event #3241472   t=119.509741403928   Elapsed: 205.369s (3m 25s)  23% completed  (61% total)
     Speed:     ev/sec=28246.8   simsec/sec=0.946211   ev/simsec=29852.6
     Messages:  created: 2790849   present: 1820   in FES: 201
** Event #3286016   t=120.547334309918   Elapsed: 207.39s (3m 27s)  24% completed  (62% total)
     Speed:     ev/sec=22043.9   simsec/sec=0.513483   ev/simsec=42930.1
     Messages:  created: 2837538   present: 1836   in FES: 206
** Event #3326976   t=121.58238116106   Elapsed: 209.401s (3m 29s)  24% completed  (62% total)
     Speed:     ev/sec=20373.5   simsec/sec=0.514831   ev/simsec=39573.1
     Messages:  created: 2879345   present: 1784   in FES: 187
** Event #3375360   t=123.0082849659   Elapsed: 211.402s (3m 31s)  24% completed  (62% total)
     Speed:     ev/sec=24168.1   simsec/sec=0.712247   ev/simsec=33932.2
     Messages:  created: 2931551   present: 1777   in FES: 186
** Event #3433728   t=124.511047380003   Elapsed: 213.422s (3m 33s)  24% completed  (62% total)
     Speed:     ev/sec=28895.3   simsec/sec=0.743949   ev/simsec=38840.5
     Messages:  created: 2993560   present: 1760   in FES: 181
** Event #3474944   t=125.534698265818   Elapsed: 215.429s (3m 35s)  25% completed  (62% total)
     Speed:     ev/sec=20545.9   simsec/sec=0.510283   ev/simsec=40263.7
     Messages:  created: 3036770   present: 1796   in FES: 206
** Event #3517952   t=126.551883989042   Elapsed: 217.432s (3m 37s)  25% completed  (62% total)
     Speed:     ev/sec=21462.8   simsec/sec=0.507618   ev/simsec=42281.4
     Messages:  created: 3082057   present: 1725   in FES: 200
** Event #3560192   t=127.577237201364   Elapsed: 219.447s (3m 39s)  25% completed  (62% total)
     Speed:     ev/sec=20963.3   simsec/sec=0.508873   ev/simsec=41195.6
     Messages:  created: 3126084   present: 1765   in FES: 182
** Event #3599616   t=128.598648928858   Elapsed: 221.453s (3m 41s)  25% completed  (62% total)
     Speed:     ev/sec=19652.8   simsec/sec=0.509172   ev/simsec=38597.6
     Messages:  created: 3166324   present: 1832   in FES: 206
** Event #3646976   t=130.040252373707   Elapsed: 223.456s (3m 43s)  26% completed  (63% total)
     Speed:     ev/sec=23652.7   simsec/sec=0.719971   ev/simsec=32852.3
     Messages:  created: 3215305   present: 1813   in FES: 196
** Event #3696384   t=131.303733045965   Elapsed: 225.456s (3m 45s)  26% completed  (63% total)
     Speed:     ev/sec=24700.5   simsec/sec=0.631652   ev/simsec=39104.7
     Messages:  created: 3266432   present: 1835   in FES: 206
** Event #3736064   t=132.50687974535   Elapsed: 227.459s (3m 47s)  26% completed  (63% total)
     Speed:     ev/sec=19805.2   simsec/sec=0.600517   ev/simsec=32980.2
     Messages:  created: 3307220   present: 1785   in FES: 206
** Event #3774464   t=133.523043473658   Elapsed: 229.474s (3m 49s)  26% completed  (63% total)
     Speed:     ev/sec=19064   simsec/sec=0.504483   ev/simsec=37789.2
     Messages:  created: 3345782   present: 1769   in FES: 182
** Event #3812864   t=134.526698200172   Elapsed: 231.501s (3m 51s)  26% completed  (63% total)
     Speed:     ev/sec=18940.5   simsec/sec=0.495045   ev/simsec=38260.2
     Messages:  created: 3384558   present: 1805   in FES: 207
** Event #3849216   t=135.544107556729   Elapsed: 233.515s (3m 53s)  27% completed  (63% total)
     Speed:     ev/sec=18054.3   simsec/sec=0.505299   ev/simsec=35730
     Messages:  created: 3420202   present: 1821   in FES: 206
** Event #3885056   t=136.542538557169   Elapsed: 235.531s (3m 55s)  27% completed  (63% total)
     Speed:     ev/sec=17770.2   simsec/sec=0.495042   ev/simsec=35896.3
     Messages:  created: 3455123   present: 1831   in FES: 202
** Event #3921664   t=137.549330834626   Elapsed: 237.533s (3m 57s)  27% completed  (63% total)
     Speed:     ev/sec=18293.8   simsec/sec=0.503116   ev/simsec=36361
     Messages:  created: 3491304   present: 1796   in FES: 187
** Event #3955712   t=138.550022273398   Elapsed: 239.539s (3m 59s)  27% completed  (63% total)
     Speed:     ev/sec=16970.1   simsec/sec=0.498761   ev/simsec=34024.5
     Messages:  created: 3523619   present: 1796   in FES: 189
** Event #3990016   t=139.564552541894   Elapsed: 241.543s (4m 01s)  27% completed  (63% total)
     Speed:     ev/sec=17119.2   simsec/sec=0.506296   ev/simsec=33812.7
     Messages:  created: 3556333   present: 1836   in FES: 206
** Event #4022272   t=140.552539270294   Elapsed: 243.57s (4m 03s)  28% completed  (64% total)
     Speed:     ev/sec=15909.3   simsec/sec=0.487294   ev/simsec=32648.2
     Messages:  created: 3586429   present: 1759   in FES: 174
** Event #4056320   t=141.557790827652   Elapsed: 245.591s (4m 05s)  28% completed  (64% total)
     Speed:     ev/sec=16849   simsec/sec=0.497458   ev/simsec=33870.1
     Messages:  created: 3618718   present: 1839   in FES: 202
** Event #4090112   t=142.559310293637   Elapsed: 247.614s (4m 07s)  28% completed  (64% total)
     Speed:     ev/sec=16700.7   simsec/sec=0.494973   ev/simsec=33740.7
     Messages:  created: 3650578   present: 1733   in FES: 168
** Event #4123392   t=143.554734114557   Elapsed: 249.621s (4m 09s)  28% completed  (64% total)
     Speed:     ev/sec=16581.3   simsec/sec=0.495956   ev/simsec=33433
     Messages:  created: 3682111   present: 1719   in FES: 160
** Event #4156416   t=144.559005385956   Elapsed: 251.642s (4m 11s)  28% completed  (64% total)
     Speed:     ev/sec=16347.7   simsec/sec=0.49714   ev/simsec=32883.5
     Messages:  created: 3713195   present: 1840   in FES: 206
** Event #4189952   t=145.563210946892   Elapsed: 253.644s (4m 13s)  29% completed  (64% total)
     Speed:     ev/sec=16745.2   simsec/sec=0.501419   ev/simsec=33395.6
     Messages:  created: 3745067   present: 1749   in FES: 176
** Event #4223232   t=146.56364156973   Elapsed: 255.663s (4m 15s)  29% completed  (64% total)
     Speed:     ev/sec=16486.1   simsec/sec=0.495588   ev/simsec=33265.7
     Messages:  created: 3776448   present: 1812   in FES: 195
** Event #4255744   t=147.575365052712   Elapsed: 257.689s (4m 17s)  29% completed  (64% total)
     Speed:     ev/sec=16048.4   simsec/sec=0.499402   ev/simsec=32135.3
     Messages:  created: 3807019   present: 1805   in FES: 196
** Event #4288512   t=148.587192058116   Elapsed: 259.7s (4m 19s)  29% completed  (64% total)
     Speed:     ev/sec=16293.5   simsec/sec=0.503119   ev/simsec=32385
     Messages:  created: 3837759   present: 1840   in FES: 205
** Event #4321280   t=149.602395650228   Elapsed: 261.713s (4m 21s)  29% completed  (64% total)
     Speed:     ev/sec=16276.5   simsec/sec=0.504272   ev/simsec=32277.3
     Messages:  created: 3868217   present: 1770   in FES: 183
** Event #4354304   t=150.680064469587   Elapsed: 263.735s (4m 23s)  30% completed  (65% total)
     Speed:     ev/sec=16330   simsec/sec=0.532894   ev/simsec=30643.9
     Messages:  created: 3898733   present: 1829   in FES: 207
** Event #4393984   t=152.042626942842   Elapsed: 265.739s (4m 25s)  30% completed  (65% total)
     Speed:     ev/sec=19802.5   simsec/sec=0.679992   ev/simsec=29121.6
     Messages:  created: 3935854   present: 1847   in FES: 206
** Event #4430848   t=153.082490591187   Elapsed: 267.742s (4m 27s)  30% completed  (65% total)
     Speed:     ev/sec=18407.7   simsec/sec=0.519246   ev/simsec=35450.8
     Messages:  created: 3969818   present: 1776   in FES: 183
** Event #4462592   t=154.082490204372   Elapsed: 269.742s (4m 29s)  30% completed  (65% total)
     Speed:     ev/sec=15870.4   simsec/sec=0.499949   ev/simsec=31744
     Messages:  created: 3999200   present: 1809   in FES: 194
** Event #4499968   t=155.50943217675   Elapsed: 271.75s (4m 31s)  31% completed  (65% total)
     Speed:     ev/sec=18618.2   simsec/sec=0.710807   ev/simsec=26193.1
     Messages:  created: 4034283   present: 1799   in FES: 194
** Event #4532480   t=156.521456244295   Elapsed: 273.755s (4m 33s)  31% completed  (65% total)
     Speed:     ev/sec=16211.1   simsec/sec=0.504613   ev/simsec=32125.7
     Messages:  created: 4064277   present: 1817   in FES: 200
** Event #4565504   t=157.523464261935   Elapsed: 275.784s (4m 35s)  31% completed  (65% total)
     Speed:     ev/sec=16273.9   simsec/sec=0.493781   ev/simsec=32957.8
     Messages:  created: 4095173   present: 1816   in FES: 195
** Event #4598272   t=158.535401424629   Elapsed: 277.812s (4m 37s)  31% completed  (65% total)
     Speed:     ev/sec=16160   simsec/sec=0.499051   ev/simsec=32381.5
     Messages:  created: 4125648   present: 1837   in FES: 204
** Event #4631552   t=159.548726556582   Elapsed: 279.834s (4m 39s)  31% completed  (65% total)
     Speed:     ev/sec=16460.6   simsec/sec=0.5012   ev/simsec=32842.4
     Messages:  created: 4157112   present: 1832   in FES: 206
** Event #4664320   t=160.5682164593   Elapsed: 281.851s (4m 41s)  32% completed  (66% total)
     Speed:     ev/sec=16248.2   simsec/sec=0.50552   ev/simsec=32141.6
     Messages:  created: 4187935   present: 1796   in FES: 206
** Event #4697344   t=161.590120223161   Elapsed: 283.853s (4m 43s)  32% completed  (66% total)
     Speed:     ev/sec=16492.4   simsec/sec=0.510345   ev/simsec=32316.2
     Messages:  created: 4218703   present: 1825   in FES: 206
** Event #4730624   t=162.606427798815   Elapsed: 285.869s (4m 45s)  32% completed  (66% total)
     Speed:     ev/sec=16507   simsec/sec=0.504091   ev/simsec=32746
     Messages:  created: 4249801   present: 1783   in FES: 186
** Event #4768768   t=164.03752913271   Elapsed: 287.873s (4m 47s)  32% completed  (66% total)
     Speed:     ev/sec=19031.8   simsec/sec=0.714043   ev/simsec=26653.6
     Messages:  created: 4285466   present: 1796   in FES: 206
** Event #4811008   t=165.321956212077   Elapsed: 289.877s (4m 49s)  33% completed  (66% total)
     Speed:     ev/sec=21086   simsec/sec=0.641178   ev/simsec=32886.3
     Messages:  created: 4324814   present: 1681   in FES: 155
** Event #4844544   t=166.524677497487   Elapsed: 291.882s (4m 51s)  33% completed  (66% total)
     Speed:     ev/sec=16725.9   simsec/sec=0.599851   ev/simsec=27883.4
     Messages:  created: 4356085   present: 1823   in FES: 200
** Event #4878592   t=167.544332367191   Elapsed: 293.897s (4m 53s)  33% completed  (66% total)
     Speed:     ev/sec=16893.1   simsec/sec=0.505907   ev/simsec=33391.7
     Messages:  created: 4388174   present: 1774   in FES: 181
** Event #4912896   t=168.56118662253   Elapsed: 295.916s (4m 55s)  33% completed  (66% total)
     Speed:     ev/sec=16992.2   simsec/sec=0.503689   ev/simsec=33735.4
     Messages:  created: 4420597   present: 1797   in FES: 192
** Event #4946176   t=169.582824272276   Elapsed: 297.933s (4m 57s)  33% completed  (66% total)
     Speed:     ev/sec=16498.7   simsec/sec=0.506481   ev/simsec=32575.2
     Messages:  created: 4451550   present: 1798   in FES: 206
** Event #4979712   t=170.597660452337   Elapsed: 299.94s (4m 59s)  34% completed  (67% total)
     Speed:     ev/sec=16707.9   simsec/sec=0.505599   ev/simsec=33045.7
     Messages:  created: 4482629   present: 1748   in FES: 173
** Event #5027584   t=172.299891583665   Elapsed: 301.942s (5m 01s)  34% completed  (67% total)
     Speed:     ev/sec=23914.9   simsec/sec=0.850364   ev/simsec=28123.1
     Messages:  created: 4528122   present: 1710   in FES: 163
** Event #5062144   t=173.532334653306   Elapsed: 303.951s (5m 03s)  34% completed  (67% total)
     Speed:     ev/sec=17203.4   simsec/sec=0.61349   ev/simsec=28041.9
     Messages:  created: 4560815   present: 1825   in FES: 200
** Event #5096960   t=174.555301098731   Elapsed: 305.976s (5m 05s)  34% completed  (67% total)
     Speed:     ev/sec=17192.8   simsec/sec=0.505161   ev/simsec=34034.4
     Messages:  created: 4593774   present: 1842   in FES: 203
** Event #5131264   t=175.592646449921   Elapsed: 307.978s (5m 07s)  35% completed  (67% total)
     Speed:     ev/sec=17136.1   simsec/sec=0.518192   ev/simsec=33069
     Messages:  created: 4625863   present: 1694   in FES: 157
** Event #5179904   t=177.095750729259   Elapsed: 309.98s (5m 09s)  35% completed  (67% total)
     Speed:     ev/sec=24296.5   simsec/sec=0.750826   ev/simsec=32359.7
     Messages:  created: 4673031   present: 1792   in FES: 189
** Event #5218304   t=178.539332788897   Elapsed: 312.003s (5m 12s)  35% completed  (67% total)
     Speed:     ev/sec=18981.5   simsec/sec=0.713578   ev/simsec=26600.5
     Messages:  created: 4710861   present: 1812   in FES: 207
** Event #5254656   t=179.571496128512   Elapsed: 314.009s (5m 14s)  35% completed  (67% total)
     Speed:     ev/sec=18115   simsec/sec=0.51435   ev/simsec=35219.2
     Messages:  created: 4746001   present: 1816   in FES: 206
** Event #5291776   t=180.799505722442   Elapsed: 316.012s (5m 16s)  36% completed  (68% total)
     Speed:     ev/sec=18537.5   simsec/sec=0.613261   ev/simsec=30227.8
     Messages:  created: 4782090   present: 1797   in FES: 207
** Event #5341696   t=182.523561005883   Elapsed: 318.03s (5m 18s)  36% completed  (68% total)
     Speed:     ev/sec=24733.4   simsec/sec=0.8542   ev/simsec=28955
     Messages:  created: 4830523   present: 1812   in FES: 206
** Event #5378560   t=183.542170119074   Elapsed: 320.049s (5m 20s)  36% completed  (68% total)
     Speed:     ev/sec=18260.9   simsec/sec=0.504576   ev/simsec=36190.5
     Messages:  created: 4866510   present: 1730   in FES: 165
** Event #5416192   t=184.587223749077   Elapsed: 322.049s (5m 22s)  36% completed  (68% total)
     Speed:     ev/sec=18814.6   simsec/sec=0.522487   ev/simsec=36009.6
     Messages:  created: 4903608   present: 1832   in FES: 205
** Event #5458944   t=186.037583443711   Elapsed: 324.052s (5m 24s)  37% completed  (68% total)
     Speed:     ev/sec=21350.1   simsec/sec=0.724303   ev/simsec=29476.8
     Messages:  created: 4946266   present: 1810   in FES: 195
** Event #5508864   t=187.5161357148   Elapsed: 326.075s (5m 26s)  37% completed  (68% total)
     Speed:     ev/sec=24672.6   simsec/sec=0.730765   ev/simsec=33762.8
     Messages:  created: 4997299   present: 1827   in FES: 200
** Event #5546240   t=188.540373850913   Elapsed: 328.087s (5m 28s)  37% completed  (68% total)
     Speed:     ev/sec=18579.5   simsec/sec=0.509147   ev/simsec=36491.5
     Messages:  created: 5034695   present: 1789   in FES: 188
** Event #5585664   t=189.577263762919   Elapsed: 330.098s (5m 30s)  37% completed  (68% total)
     Speed:     ev/sec=19601.8   simsec/sec=0.515547   ev/simsec=38021.4
     Messages:  created: 5074684   present: 1830   in FES: 203
** Event #5625344   t=190.607407431308   Elapsed: 332.118s (5m 32s)  38% completed  (69% total)
     Speed:     ev/sec=19637.6   simsec/sec=0.509817   ev/simsec=38518.9
     Messages:  created: 5115330   present: 1790   in FES: 191
** Event #5669376   t=192.041044626128   Elapsed: 334.121s (5m 34s)  38% completed  (69% total)
     Speed:     ev/sec=21987.7   simsec/sec=0.715896   ev/simsec=30713.5
     Messages:  created: 5159848   present: 1802   in FES: 191
** Event #5712640   t=193.095160856103   Elapsed: 336.123s (5m 36s)  38% completed  (69% total)
     Speed:     ev/sec=21605   simsec/sec=0.5264   ev/simsec=41042.9
     Messages:  created: 5202291   present: 1798   in FES: 206
** Event #5753856   t=194.521572862596   Elapsed: 338.13s (5m 38s)  38% completed  (69% total)
     Speed:     ev/sec=20540.1   simsec/sec=0.710857   ev/simsec=28894.9
     Messages:  created: 5244480   present: 1696   in FES: 157
** Event #5791232   t=195.527673267332   Elapsed: 340.145s (5m 40s)  39% completed  (69% total)
     Speed:     ev/sec=18547.9   simsec/sec=0.499279   ev/simsec=37149.4
     Messages:  created: 5281705   present: 1827   in FES: 200
** Event #5831936   t=196.551068682384   Elapsed: 342.154s (5m 42s)  39% completed  (69% total)
     Speed:     ev/sec=20259.6   simsec/sec=0.509375   ev/simsec=39773.5
     Messages:  created: 5323755   present: 1787   in FES: 182
** Event #5870336   t=197.565885071643   Elapsed: 344.155s (5m 44s)  39% completed  (69% total)
     Speed:     ev/sec=19193.4   simsec/sec=0.507234   ev/simsec=37839.4
     Messages:  created: 5363183   present: 1720   in FES: 167
** Event #5908224   t=198.568318146141   Elapsed: 346.188s (5m 46s)  39% completed  (69% total)
     Speed:     ev/sec=18638.7   simsec/sec=0.493139   ev/simsec=37796
     Messages:  created: 5401542   present: 1746   in FES: 174
** Event #5951488   t=199.57824471484   Elapsed: 348.198s (5m 48s)  39% completed  (69% total)
     Speed:     ev/sec=21519.1   simsec/sec=0.502328   ev/simsec=42838.8
     Messages:  created: 5447057   present: 1794   in FES: 191
** Event #5990144   t=200.590858443423   Elapsed: 350.227s (5m 50s)  40% completed  (70% total)
     Speed:     ev/sec=19057.2   simsec/sec=0.499213   ev/simsec=38174.5
     Messages:  created: 5486162   present: 1794   in FES: 191
** Event #6028032   t=201.680460585257   Elapsed: 352.23s (5m 52s)  40% completed  (70% total)
     Speed:     ev/sec=18912   simsec/sec=0.543881   ev/simsec=34772.3
     Messages:  created: 5524206   present: 1800   in FES: 206
** Event #6077440   t=203.061550092172   Elapsed: 354.23s (5m 54s)  40% completed  (70% total)
     Speed:     ev/sec=24701.1   simsec/sec=0.690463   ev/simsec=35774.7
     Messages:  created: 5575476   present: 1793   in FES: 188
** Event #6128384   t=204.4759907365   Elapsed: 356.231s (5m 56s)  40% completed  (70% total)
     Speed:     ev/sec=25461   simsec/sec=0.706914   ev/simsec=36017.1
     Messages:  created: 5629345   present: 1735   in FES: 192
** Event #6183168   t=205.300564945886   Elapsed: 358.233s (5m 58s)  41% completed  (70% total)
     Speed:     ev/sec=27365.4   simsec/sec=0.411887   ev/simsec=66439.1
     Messages:  created: 5692536   present: 1785   in FES: 207
** Event #6239744   t=206.474418995954   Elapsed: 360.236s (6m 00s)  41% completed  (70% total)
     Speed:     ev/sec=28240.1   simsec/sec=0.585934   ev/simsec=48196.8
     Messages:  created: 5757857   present: 1739   in FES: 168
** Event #6288640   t=207.516465707177   Elapsed: 362.254s (6m 02s)  41% completed  (70% total)
     Speed:     ev/sec=24238.2   simsec/sec=0.516552   ev/simsec=46923
     Messages:  created: 5812345   present: 1711   in FES: 162
** Event #6332928   t=208.531342255918   Elapsed: 364.274s (6m 04s)  41% completed  (70% total)
     Speed:     ev/sec=21918.1   simsec/sec=0.502262   ev/simsec=43638.8
     Messages:  created: 5859742   present: 1803   in FES: 190
** Event #6376704   t=209.560159813595   Elapsed: 366.294s (6m 06s)  41% completed  (70% total)
     Speed:     ev/sec=21671.7   simsec/sec=0.509325   ev/simsec=42549.8
     Messages:  created: 5906553   present: 1835   in FES: 202
** Event #6417664   t=210.596218314639   Elapsed: 368.299s (6m 08s)  42% completed  (71% total)
     Speed:     ev/sec=20437.2   simsec/sec=0.516945   ev/simsec=39534.4
     Messages:  created: 5948941   present: 1845   in FES: 206
** Event #6458112   t=211.799312205302   Elapsed: 370.301s (6m 10s)  42% completed  (71% total)
     Speed:     ev/sec=20201   simsec/sec=0.600862   ev/simsec=33620
     Messages:  created: 5990720   present: 1704   in FES: 159
** Event #6509824   t=213.080705532263   Elapsed: 372.304s (6m 12s)  42% completed  (71% total)
     Speed:     ev/sec=25817.6   simsec/sec=0.639745   ev/simsec=40356.1
     Messages:  created: 6044228   present: 1842   in FES: 205
** Event #6555648   t=214.503019703057   Elapsed: 374.313s (6m 14s)  42% completed  (71% total)
     Speed:     ev/sec=22803.6   simsec/sec=0.707793   ev/simsec=32217.9
     Messages:  created: 6091787   present: 1710   in FES: 165
** Event #6595584   t=215.526767028471   Elapsed: 376.331s (6m 16s)  43% completed  (71% total)
     Speed:     ev/sec=19797.5   simsec/sec=0.507503   ev/simsec=39009.6
     Messages:  created: 6132891   present: 1800   in FES: 207
** Event #6636544   t=216.546471548345   Elapsed: 378.34s (6m 18s)  43% completed  (71% total)
     Speed:     ev/sec=20386.4   simsec/sec=0.507521   ev/simsec=40168.5
     Messages:  created: 6175401   present: 1790   in FES: 185
** Event #6678528   t=217.586728731193   Elapsed: 380.356s (6m 20s)  43% completed  (71% total)
     Speed:     ev/sec=20821.2   simsec/sec=0.515897   ev/simsec=40359.3
     Messages:  created: 6219417   present: 1809   in FES: 206
** Event #6718720   t=218.587822910315   Elapsed: 382.376s (6m 22s)  43% completed  (71% total)
     Speed:     ev/sec=19896.6   simsec/sec=0.495581   ev/simsec=40148.1
     Messages:  created: 6260747   present: 1795   in FES: 190
** Event #6759168   t=219.60984010346   Elapsed: 384.401s (6m 24s)  43% completed  (71% total)
     Speed:     ev/sec=19978.5   simsec/sec=0.504805   ev/simsec=39576.6
     Messages:  created: 6302365   present: 1798   in FES: 193
** Event #6808064   t=221.042332254024   Elapsed: 386.405s (6m 26s)  44% completed  (72% total)
     Speed:     ev/sec=24401.3   simsec/sec=0.714879   ev/simsec=34133.5
     Messages:  created: 6353718   present: 1700   in FES: 157
** Event #6858752   t=222.470966350287   Elapsed: 388.408s (6m 28s)  44% completed  (72% total)
     Speed:     ev/sec=25305.8   simsec/sec=0.71324   ev/simsec=35480
     Messages:  created: 6406205   present: 1684   in FES: 157
** Event #6899456   t=223.525528042524   Elapsed: 390.413s (6m 30s)  44% completed  (72% total)
     Speed:     ev/sec=20300.6   simsec/sec=0.525948   ev/simsec=38598
     Messages:  created: 6448447   present: 1826   in FES: 206
** Event #6938112   t=224.531737406568   Elapsed: 392.439s (6m 32s)  44% completed  (72% total)
     Speed:     ev/sec=19081.4   simsec/sec=0.496686   ev/simsec=38417.5
     Messages:  created: 6487733   present: 1816   in FES: 195
** Event #6980608   t=225.554970596018   Elapsed: 394.458s (6m 34s)  45% completed  (72% total)
     Speed:     ev/sec=21042.4   simsec/sec=0.506667   ev/simsec=41531.1
     Messages:  created: 6532591   present: 1945   in FES: 257
** Event #7023872   t=226.589783505872   Elapsed: 396.466s (6m 36s)  45% completed  (72% total)
     Speed:     ev/sec=21544.2   simsec/sec=0.515307   ev/simsec=41808.5
     Messages:  created: 6578260   present: 1793   in FES: 206
** Event #7063296   t=227.598450715053   Elapsed: 398.479s (6m 38s)  45% completed  (72% total)
     Speed:     ev/sec=19589.5   simsec/sec=0.5012   ev/simsec=39085.2
     Messages:  created: 6618838   present: 1827   in FES: 200
** Event #7102976   t=228.606318241349   Elapsed: 400.505s (6m 40s)  45% completed  (72% total)
     Speed:     ev/sec=19582.3   simsec/sec=0.497387   ev/simsec=39370.3
     Messages:  created: 6659354   present: 1827   in FES: 202
** Event #7149056   t=230.016462507764   Elapsed: 402.505s (6m 42s)  46% completed  (73% total)
     Speed:     ev/sec=23037.9   simsec/sec=0.705009   ev/simsec=32677.5
     Messages:  created: 6707798   present: 1697   in FES: 158
** Event #7198976   t=231.075806268178   Elapsed: 404.51s (6m 44s)  46% completed  (73% total)
     Speed:     ev/sec=24899   simsec/sec=0.528378   ev/simsec=47123.5
     Messages:  created: 6760335   present: 1800   in FES: 193
** Event #7246080   t=232.511392310698   Elapsed: 406.528s (6m 46s)  46% completed  (73% total)
     Speed:     ev/sec=23341.1   simsec/sec=0.711367   ev/simsec=32811.7
     Messages:  created: 6809179   present: 1827   in FES: 204
** Event #7285760   t=233.523393254019   Elapsed: 408.538s (6m 48s)  46% completed  (73% total)
     Speed:     ev/sec=19742.4   simsec/sec=0.50351   ev/simsec=39209.4
     Messages:  created: 6849592   present: 1759   in FES: 178
** Event #7325440   t=234.543224901759   Elapsed: 410.56s (6m 50s)  46% completed  (73% total)
     Speed:     ev/sec=19622.2   simsec/sec=0.504317   ev/simsec=38908.4
     Messages:  created: 6890197   present: 1775   in FES: 178
** Event #7364864   t=235.562642575564   Elapsed: 412.59s (6m 52s)  47% completed  (73% total)
     Speed:     ev/sec=19421.3   simsec/sec=0.502191   ev/simsec=38673.1
     Messages:  created: 6930231   present: 1745   in FES: 174
** Event #7403520   t=236.58837287273   Elapsed: 414.607s (6m 54s)  47% completed  (73% total)
     Speed:     ev/sec=19171.4   simsec/sec=0.50871   ev/simsec=37686.3
     Messages:  created: 6969315   present: 1818   in FES: 197
** Event #7448832   t=238.026752461597   Elapsed: 416.609s (6m 56s)  47% completed  (73% total)
     Speed:     ev/sec=22626.8   simsec/sec=0.718262   ev/simsec=31502.1
     Messages:  created: 7016460   present: 1744   in FES: 175
** Event #7496960   t=239.096756356267   Elapsed: 418.612s (6m 58s)  47% completed  (73% total)
     Speed:     ev/sec=24034.4   simsec/sec=0.534345   ev/simsec=44979.3
     Messages:  created: 7064834   present: 1816   in FES: 197
** Event #7540992   t=240.471813438675   Elapsed: 420.614s (7m 00s)  48% completed  (74% total)
     Speed:     ev/sec=21986.7   simsec/sec=0.686615   ev/simsec=32021.9
     Messages:  created: 7111426   present: 1690   in FES: 157
** Event #7579648   t=241.519952356814   Elapsed: 422.638s (7m 02s)  48% completed  (74% total)
     Speed:     ev/sec=19100.2   simsec/sec=0.517892   ev/simsec=36880.6
     Messages:  created: 7150415   present: 1846   in FES: 206
** Event #7617024   t=242.537859860256   Elapsed: 424.647s (7m 04s)  48% completed  (74% total)
     Speed:     ev/sec=18608.8   simsec/sec=0.506797   ev/simsec=36718.5
     Messages:  created: 7187711   present: 1781   in FES: 186
** Event #7655936   t=243.54568834464   Elapsed: 426.656s (7m 06s)  48% completed  (74% total)
     Speed:     ev/sec=19360.9   simsec/sec=0.501451   ev/simsec=38609.7
     Messages:  created: 7227388   present: 1817   in FES: 190
** Event #7695616   t=244.590245818174   Elapsed: 428.668s (7m 08s)  48% completed  (74% total)
     Speed:     ev/sec=19726.7   simsec/sec=0.519295   ev/simsec=37987.4
     Messages:  created: 7268174   present: 1723   in FES: 168
** Event #7735552   t=245.800160935666   Elapsed: 430.668s (7m 10s)  49% completed  (74% total)
     Speed:     ev/sec=19962.2   simsec/sec=0.604783   ev/simsec=33007.3
     Messages:  created: 7309581   present: 1819   in FES: 206
** Event #7790080   t=247.507785815705   Elapsed: 432.689s (7m 12s)  49% completed  (74% total)
     Speed:     ev/sec=26981.6   simsec/sec=0.844969   ev/simsec=31932.1
     Messages:  created: 7365327   present: 1778   in FES: 187
** Event #7828480   t=248.532260835901   Elapsed: 434.697s (7m 14s)  49% completed  (74% total)
     Speed:     ev/sec=19124.2   simsec/sec=0.510215   ev/simsec=37482.6
     Messages:  created: 7403917   present: 1815   in FES: 206
** Event #7867392   t=249.562789097691   Elapsed: 436.703s (7m 16s)  49% completed  (74% total)
     Speed:     ev/sec=19403.5   simsec/sec=0.513873   ev/simsec=37759.3
     Messages:  created: 7443472   present: 1775   in FES: 186
** Event #7905792   t=250.595825304731   Elapsed: 438.713s (7m 18s)  50% completed  (75% total)
     Speed:     ev/sec=19105.1   simsec/sec=0.513966   ev/simsec=37172
     Messages:  created: 7482120   present: 1843   in FES: 206
** Event #7959296   t=252.18006634533   Elapsed: 440.714s (7m 20s)  50% completed  (75% total)
     Speed:     ev/sec=26733.6   simsec/sec=0.791576   ev/simsec=33772.6
     Messages:  created: 7536899   present: 1752   in FES: 199
** Event #8001792   t=253.536753102308   Elapsed: 442.716s (7m 22s)  50% completed  (75% total)
     Speed:     ev/sec=21224.8   simsec/sec=0.677602   ev/simsec=31323.4
     Messages:  created: 7581504   present: 1803   in FES: 206
** Event #8041728   t=254.578460194401   Elapsed: 444.729s (7m 24s)  50% completed  (75% total)
     Speed:     ev/sec=19842.4   simsec/sec=0.517579   ev/simsec=38337.1
     Messages:  created: 7622236   present: 1798   in FES: 193
** Event #8090368   t=256.058270673891   Elapsed: 446.733s (7m 26s)  51% completed  (75% total)
     Speed:     ev/sec=24271.5   simsec/sec=0.738431   ev/simsec=32869.1
     Messages:  created: 7672633   present: 1823   in FES: 196
** Event #8137472   t=257.534164265845   Elapsed: 448.754s (7m 28s)  51% completed  (75% total)
     Speed:     ev/sec=23300.8   simsec/sec=0.730077   ev/simsec=31915.6
     Messages:  created: 7721055   present: 1830   in FES: 201
** Event #8178432   t=258.590208333383   Elapsed: 450.771s (7m 30s)  51% completed  (75% total)
     Speed:     ev/sec=20310.3   simsec/sec=0.523646   ev/simsec=38786.3
     Messages:  created: 7763094   present: 1798   in FES: 206
** Event #8239104   t=260.515050037973   Elapsed: 452.79s (7m 32s)  52% completed  (76% total)
     Speed:     ev/sec=30058.2   simsec/sec=0.953609   ev/simsec=31520.5
     Messages:  created: 7828014   present: 1815   in FES: 198
** Event #8282880   t=261.563003624583   Elapsed: 454.801s (7m 34s)  52% completed  (76% total)
     Speed:     ev/sec=21770.1   simsec/sec=0.521154   ev/simsec=41772.8
     Messages:  created: 7874180   present: 1797   in FES: 206
** Event #8331008   t=263.034035981144   Elapsed: 456.803s (7m 36s)  52% completed  (76% total)
     Speed:     ev/sec=24032.6   simsec/sec=0.734558   ev/simsec=32717.2
     Messages:  created: 7924742   present: 1826   in FES: 206
** Event #8386304   t=264.528560027103   Elapsed: 458.805s (7m 38s)  52% completed  (76% total)
     Speed:     ev/sec=27616.6   simsec/sec=0.746414   ev/simsec=36999.1
     Messages:  created: 7983741   present: 1812   in FES: 206
** Event #8428800   t=265.570394540566   Elapsed: 460.825s (7m 40s)  53% completed  (76% total)
     Speed:     ev/sec=21038.7   simsec/sec=0.515787   ev/simsec=40789.6
     Messages:  created: 8028167   present: 1802   in FES: 193
** Event #8482048   t=267.076727295108   Elapsed: 462.83s (7m 42s)  53% completed  (76% total)
     Speed:     ev/sec=26557.7   simsec/sec=0.751292   ev/simsec=35349.4
     Messages:  created: 8083947   present: 1692   in FES: 157
** Event #8531968   t=268.554575272393   Elapsed: 464.841s (7m 44s)  53% completed  (76% total)
     Speed:     ev/sec=24832.4   simsec/sec=0.735147   ev/simsec=33778.8
     Messages:  created: 8137252   present: 1843   in FES: 206
** Event #8573184   t=269.594920231185   Elapsed: 466.846s (7m 46s)  53% completed  (76% total)
     Speed:     ev/sec=20549.7   simsec/sec=0.518701   ev/simsec=39617.6
     Messages:  created: 8179872   present: 1822   in FES: 206
** Event #8633344   t=271.509328941879   Elapsed: 468.865s (7m 48s)  54% completed  (77% total)
     Speed:     ev/sec=29802.3   simsec/sec=0.948368   ev/simsec=31424.8
     Messages:  created: 8244825   present: 1815   in FES: 200
** Event #8676352   t=272.55431255411   Elapsed: 470.87s (7m 50s)  54% completed  (77% total)
     Speed:     ev/sec=21444.6   simsec/sec=0.521047   ev/simsec=41156.6
     Messages:  created: 8290353   present: 1791   in FES: 186
** Event #8718080   t=273.590805293999   Elapsed: 472.871s (7m 52s)  54% completed  (77% total)
     Speed:     ev/sec=20854.7   simsec/sec=0.518016   ev/simsec=40258.8
     Messages:  created: 8333788   present: 1806   in FES: 195
** Event #8773376   t=275.094311219214   Elapsed: 474.875s (7m 54s)  55% completed  (77% total)
     Speed:     ev/sec=27592   simsec/sec=0.75023   ev/simsec=36778
     Messages:  created: 8391373   present: 1814   in FES: 197
** Event #8819712   t=276.547648016109   Elapsed: 476.89s (7m 56s)  55% completed  (77% total)
     Speed:     ev/sec=23003   simsec/sec=0.721493   ev/simsec=31882.5
     Messages:  created: 8440514   present: 1929   in FES: 233
** Event #8861696   t=277.58993000401   Elapsed: 478.905s (7m 58s)  55% completed  (77% total)
     Speed:     ev/sec=20833.4   simsec/sec=0.517204   ev/simsec=40280.8
     Messages:  created: 8483755   present: 1790   in FES: 187
** Event #8917504   t=279.221232956294   Elapsed: 480.906s (8m 00s)  55% completed  (77% total)
     Speed:     ev/sec=27886.7   simsec/sec=0.815146   ev/simsec=34210.7
     Messages:  created: 8541155   present: 1835   in FES: 217
** Event #8961536   t=280.543033233147   Elapsed: 482.928s (8m 02s)  56% completed  (78% total)
     Speed:     ev/sec=21775.7   simsec/sec=0.653687   ev/simsec=33312.1
     Messages:  created: 8587452   present: 1749   in FES: 174
** Event #9003264   t=281.569246541362   Elapsed: 484.936s (8m 04s)  56% completed  (78% total)
     Speed:     ev/sec=20782   simsec/sec=0.511089   ev/simsec=40662.1
     Messages:  created: 8630635   present: 1776   in FES: 185
** Event #9058048   t=283.094311567214   Elapsed: 486.938s (8m 06s)  56% completed  (78% total)
     Speed:     ev/sec=27372.7   simsec/sec=0.761996   ev/simsec=35922.4
     Messages:  created: 8687788   present: 1787   in FES: 188
** Event #9103872   t=284.534161228763   Elapsed: 488.95s (8m 08s)  56% completed  (78% total)
     Speed:     ev/sec=22768.5   simsec/sec=0.715416   ev/simsec=31825.5
     Messages:  created: 8736163   present: 1835   in FES: 204
** Event #9145600   t=285.558491804903   Elapsed: 490.969s (8m 10s)  57% completed  (78% total)
     Speed:     ev/sec=20666.3   simsec/sec=0.507313   ev/simsec=40736.8
     Messages:  created: 8779417   present: 1838   in FES: 199
** Event #9185792   t=286.58780799843   Elapsed: 492.975s (8m 12s)  57% completed  (78% total)
     Speed:     ev/sec=20037.7   simsec/sec=0.513164   ev/simsec=39047.3
     Messages:  created: 8820510   present: 1803   in FES: 206
** Event #9236224   t=288.051928823348   Elapsed: 494.979s (8m 14s)  57% completed  (78% total)
     Speed:     ev/sec=25171.5   simsec/sec=0.730769   ev/simsec=34445.2
     Messages:  created: 8873970   present: 1814   in FES: 207
** Event #9286656   t=289.531163634572   Elapsed: 496.985s (8m 16s)  57% completed  (78% total)
     Speed:     ev/sec=25141.8   simsec/sec=0.737442   ev/simsec=34093.3
     Messages:  created: 8926675   present: 1816   in FES: 206
** Event #9329152   t=290.556166460504   Elapsed: 499.011s (8m 19s)  58% completed  (79% total)
     Speed:     ev/sec=20965.7   simsec/sec=0.505692   ev/simsec=41459.4
     Messages:  created: 8971035   present: 1815   in FES: 188
** Event #9369856   t=291.596838488304   Elapsed: 501.03s (8m 21s)  58% completed  (79% total)
     Speed:     ev/sec=20160.4   simsec/sec=0.515438   ev/simsec=39113.2
     Messages:  created: 9012850   present: 1772   in FES: 181
** Event #9423872   t=293.08928730274   Elapsed: 503.036s (8m 23s)  58% completed  (79% total)
     Speed:     ev/sec=26935   simsec/sec=0.744206   ev/simsec=36192.9
     Messages:  created: 9068841   present: 1810   in FES: 206
** Event #9469184   t=294.530545235135   Elapsed: 505.043s (8m 25s)  58% completed  (79% total)
     Speed:     ev/sec=22573.8   simsec/sec=0.718013   ev/simsec=31439.2
     Messages:  created: 9116501   present: 1743   in FES: 172
** Event #9511168   t=295.566371501593   Elapsed: 507.049s (8m 27s)  59% completed  (79% total)
     Speed:     ev/sec=20933.9   simsec/sec=0.516481   ev/simsec=40531.9
     Messages:  created: 9160314   present: 1732   in FES: 171
** Event #9551616   t=296.607919832301   Elapsed: 509.054s (8m 29s)  59% completed  (79% total)
     Speed:     ev/sec=20175.4   simsec/sec=0.519524   ev/simsec=38834.5
     Messages:  created: 9201962   present: 1792   in FES: 191
** Event #9608960   t=298.298960906496   Elapsed: 511.056s (8m 31s)  59% completed  (79% total)
     Speed:     ev/sec=28638.4   simsec/sec=0.844531   ev/simsec=33910.5
     Messages:  created: 9262417   present: 1838   in FES: 243
** Event #9651968   t=299.544133152763   Elapsed: 513.083s (8m 33s)  59% completed  (79% total)
     Speed:     ev/sec=21211.6   simsec/sec=0.614122   ev/simsec=34539.8
     Messages:  created: 9307338   present: 1746   in FES: 169
** Event #9693440   t=300.580265929107   Elapsed: 515.098s (8m 35s)  60% completed  (80% total)
     Speed:     ev/sec=20586.2   simsec/sec=0.514325   ev/simsec=40025.8
     Messages:  created: 9350156   present: 1795   in FES: 192
** Event #9738496   t=302.021613989835   Elapsed: 517.102s (8m 37s)  60% completed  (80% total)
     Speed:     ev/sec=22481.8   simsec/sec=0.719195   ev/simsec=31259.6
     Messages:  created: 9397340   present: 1822   in FES: 201
** Event #9791744   t=303.520345407085   Elapsed: 519.112s (8m 39s)  60% completed  (80% total)
     Speed:     ev/sec=26498.6   simsec/sec=0.745837   ev/simsec=35528.7
     Messages:  created: 9453017   present: 1784   in FES: 187
** Event #9835008   t=304.551403809088   Elapsed: 521.114s (8m 41s)  60% completed  (80% total)
     Speed:     ev/sec=21608.9   simsec/sec=0.514978   ev/simsec=41960.8
     Messages:  created: 9498974   present: 2013   in FES: 255
** Event #9875968   t=305.597816046139   Elapsed: 523.128s (8m 43s)  61% completed  (80% total)
     Speed:     ev/sec=20338.9   simsec/sec=0.519602   ev/simsec=39143.3
     Messages:  created: 9541216   present: 1806   in FES: 195
** Event #9932288   t=307.430460171911   Elapsed: 525.131s (8m 45s)  61% completed  (80% total)
     Speed:     ev/sec=28113.4   simsec/sec=0.914805   ev/simsec=30731.6
     Messages:  created: 9599951   present: 1792   in FES: 206
** Event #9972736   t=308.548712055543   Elapsed: 527.135s (8m 47s)  61% completed  (80% total)
     Speed:     ev/sec=20185.7   simsec/sec=0.558068   ev/simsec=36170.7
     Messages:  created: 9641157   present: 1791   in FES: 188
** Event #10016512   t=309.800601685386   Elapsed: 529.137s (8m 49s)  61% completed  (80% total)
     Speed:     ev/sec=21859.8   simsec/sec=0.625138   ev/simsec=34967.9
     Messages:  created: 9687215   present: 1730   in FES: 195
** Event #10073344   t=311.538350259142   Elapsed: 531.146s (8m 51s)  62% completed  (81% total)
     Speed:     ev/sec=28293.2   simsec/sec=0.865121   ev/simsec=32704.4
     Messages:  created: 9746927   present: 1805   in FES: 196
** Event #10115328   t=312.591725815888   Elapsed: 533.158s (8m 53s)  62% completed  (81% total)
     Speed:     ev/sec=20866.6   simsec/sec=0.523541   ev/simsec=39856.6
     Messages:  created: 9790513   present: 1809   in FES: 196
** Event #10176256   t=314.515809839203   Elapsed: 535.168s (8m 55s)  62% completed  (81% total)
     Speed:     ev/sec=30307.1   simsec/sec=0.957086   ev/simsec=31666
     Messages:  created: 9855804   present: 1763   in FES: 182
** Event #10221568   t=315.564063133918   Elapsed: 537.179s (8m 57s)  63% completed  (81% total)
     Speed:     ev/sec=22537.3   simsec/sec=0.521382   ev/simsec=43226.2
     Messages:  created: 9904018   present: 1783   in FES: 186
** Event #10268672   t=317.042332440325   Elapsed: 539.184s (8m 59s)  63% completed  (81% total)
     Speed:     ev/sec=23496.6   simsec/sec=0.737396   ev/simsec=31864.3
     Messages:  created: 9952551   present: 1799   in FES: 206
** Event #10319104   t=318.540149143455   Elapsed: 541.198s (9m 01s)  63% completed  (81% total)
     Speed:     ev/sec=25035   simsec/sec=0.743532   ev/simsec=33670.3
     Messages:  created: 10004544   present: 1692   in FES: 157
** Event #10359296   t=319.561666418727   Elapsed: 543.209s (9m 03s)  63% completed  (81% total)
     Speed:     ev/sec=19989.4   simsec/sec=0.50805   ev/simsec=39345.4
     Messages:  created: 10045416   present: 1717   in FES: 162
** Event #10399488   t=320.670161557937   Elapsed: 545.213s (9m 05s)  64% completed  (82% total)
     Speed:     ev/sec=20055.7   simsec/sec=0.553136   ev/simsec=36258.2
     Messages:  created: 10086504   present: 1681   in FES: 155
** Event #10456320   t=322.519971861643   Elapsed: 547.226s (9m 07s)  64% completed  (82% total)
     Speed:     ev/sec=28228.6   simsec/sec=0.918804   ev/simsec=30723.2
     Messages:  created: 10145704   present: 1798   in FES: 191
** Event #10496768   t=323.573930483888   Elapsed: 549.247s (9m 09s)  64% completed  (82% total)
     Speed:     ev/sec=20015.3   simsec/sec=0.52154   ev/simsec=38377.2
     Messages:  created: 10187003   present: 1780   in FES: 187
** Event #10545920   t=325.048993270764   Elapsed: 551.251s (9m 11s)  65% completed  (82% total)
     Speed:     ev/sec=24521.5   simsec/sec=0.735897   ev/simsec=33322
     Messages:  created: 10238396   present: 1811   in FES: 194
** Event #10594816   t=326.53758470022   Elapsed: 553.262s (9m 13s)  65% completed  (82% total)
     Speed:     ev/sec=24322.1   simsec/sec=0.740463   ev/simsec=32847.2
     Messages:  created: 10289175   present: 1797   in FES: 190
** Event #10636288   t=327.598796292265   Elapsed: 555.27s (9m 15s)  65% completed  (82% total)
     Speed:     ev/sec=20652.3   simsec/sec=0.528463   ev/simsec=39079.9
     Messages:  created: 10332037   present: 1814   in FES: 197
** Event #10690816   t=329.541723332069   Elapsed: 557.291s (9m 17s)  65% completed  (82% total)
     Speed:     ev/sec=26983.8   simsec/sec=0.96148   ev/simsec=28064.9
     Messages:  created: 10388238   present: 1794   in FES: 189
** Event #10738176   t=331.042753360872   Elapsed: 559.294s (9m 19s)  66% completed  (83% total)
     Speed:     ev/sec=23641   simsec/sec=0.749278   ev/simsec=31551.7
     Messages:  created: 10436914   present: 1800   in FES: 189
** Event #10786816   t=332.567789486259   Elapsed: 561.307s (9m 21s)  66% completed  (83% total)
     Speed:     ev/sec=24159.6   simsec/sec=0.757489   ev/simsec=31894.3
     Messages:  created: 10486687   present: 1758   in FES: 177
** Event #10842880   t=334.52928578176   Elapsed: 563.327s (9m 23s)  66% completed  (83% total)
     Speed:     ev/sec=27761.2   simsec/sec=0.971272   ev/simsec=28582.3
     Messages:  created: 10544641   present: 1758   in FES: 179
** Event #10892288   t=336.039376015056   Elapsed: 565.329s (9m 25s)  67% completed  (83% total)
     Speed:     ev/sec=24678.4   simsec/sec=0.754264   ev/simsec=32718.6
     Messages:  created: 10596424   present: 1841   in FES: 225
** Event #10945280   t=337.560529550057   Elapsed: 567.349s (9m 27s)  67% completed  (83% total)
     Speed:     ev/sec=26232.6   simsec/sec=0.753015   ev/simsec=34836.7
     Messages:  created: 10652117   present: 1814   in FES: 197
** Event #11005952   t=339.539586116726   Elapsed: 569.352s (9m 29s)  67% completed  (83% total)
     Speed:     ev/sec=30286.2   simsec/sec=0.987904   ev/simsec=30657
     Messages:  created: 10717532   present: 1799   in FES: 190
** Event #11058688   t=341.050401710305   Elapsed: 571.353s (9m 31s)  68% completed  (84% total)
     Speed:     ev/sec=26352.8   simsec/sec=0.754972   ev/simsec=34905.6
     Messages:  created: 10773533   present: 1814   in FES: 193
** Event #11111936   t=342.605695304731   Elapsed: 573.362s (9m 33s)  68% completed  (84% total)
     Speed:     ev/sec=26502.8   simsec/sec=0.774107   ev/simsec=34236.6
     Messages:  created: 10830335   present: 1692   in FES: 157
** Event #11169792   t=344.554455910051   Elapsed: 575.363s (9m 35s)  68% completed  (84% total)
     Speed:     ev/sec=28915.4   simsec/sec=0.973955   ev/simsec=29688.6
     Messages:  created: 10891812   present: 1784   in FES: 181
** Event #11226368   t=346.507781437147   Elapsed: 577.37s (9m 37s)  69% completed  (84% total)
     Speed:     ev/sec=28191.2   simsec/sec=0.973321   ev/simsec=28963.9
     Messages:  created: 10950507   present: 1795   in FES: 194
** Event #11269120   t=347.59579370085   Elapsed: 579.373s (9m 39s)  69% completed  (84% total)
     Speed:     ev/sec=21345.9   simsec/sec=0.543241   ev/simsec=39293.7
     Messages:  created: 10994271   present: 1797   in FES: 190
** Event #11323648   t=349.539332596633   Elapsed: 581.39s (9m 41s)  69% completed  (84% total)
     Speed:     ev/sec=27035.9   simsec/sec=0.963638   ev/simsec=28056
     Messages:  created: 11050333   present: 1810   in FES: 207
** Event #11369984   t=351.039835520446   Elapsed: 583.392s (9m 43s)  70% completed  (85% total)
     Speed:     ev/sec=23147.3   simsec/sec=0.74958   ev/simsec=30880.3
     Messages:  created: 11097484   present: 1840   in FES: 207
** Event #11419648   t=352.554450589732   Elapsed: 585.399s (9m 45s)  70% completed  (85% total)
     Speed:     ev/sec=24745.1   simsec/sec=0.754656   ev/simsec=32789.8
     Messages:  created: 11148068   present: 1792   in FES: 185
** Event #11474432   t=354.506792928003   Elapsed: 587.42s (9m 47s)  70% completed  (85% total)
     Speed:     ev/sec=27108.6   simsec/sec=0.966073   ev/simsec=28060.7
     Messages:  created: 11203625   present: 1818   in FES: 201
** Event #11513856   t=355.586728402131   Elapsed: 589.444s (9m 49s)  71% completed  (85% total)
     Speed:     ev/sec=19477.8   simsec/sec=0.533552   ev/simsec=36505.9
     Messages:  created: 11242830   present: 1806   in FES: 206
** Event #11566080   t=357.514062814957   Elapsed: 591.449s (9m 51s)  71% completed  (85% total)
     Speed:     ev/sec=26035.2   simsec/sec=0.960834   ev/simsec=27096.5
     Messages:  created: 11294568   present: 1772   in FES: 185
** Event #11603456   t=358.554515091232   Elapsed: 593.463s (9m 53s)  71% completed  (85% total)
     Speed:     ev/sec=18560   simsec/sec=0.516663   ev/simsec=35922.8
     Messages:  created: 11330869   present: 1839   in FES: 204
** Event #11639808   t=359.597840902911   Elapsed: 595.464s (9m 55s)  71% completed  (85% total)
     Speed:     ev/sec=18172.7   simsec/sec=0.521569   ev/simsec=34842.4
     Messages:  created: 11365695   present: 1811   in FES: 206
** Event #11691520   t=361.521859473514   Elapsed: 597.48s (9m 57s)  72% completed  (86% total)
     Speed:     ev/sec=25643.6   simsec/sec=0.954106   ev/simsec=26877.1
     Messages:  created: 11416604   present: 1840   in FES: 206
** Event #11727872   t=362.558428673135   Elapsed: 599.483s (9m 59s)  72% completed  (86% total)
     Speed:     ev/sec=18149.6   simsec/sec=0.517531   ev/simsec=35069.5
     Messages:  created: 11451518   present: 1792   in FES: 187
** Event #11763712   t=363.588634146681   Elapsed: 601.484s (10m 01s)  72% completed  (86% total)
     Speed:     ev/sec=17910   simsec/sec=0.514814   ev/simsec=34789.2
     Messages:  created: 11485970   present: 1826   in FES: 206
** Event #11806464   t=365.046344733235   Elapsed: 603.488s (10m 03s)  73% completed  (86% total)
     Speed:     ev/sec=21333.3   simsec/sec=0.727399   ev/simsec=29328.2
     Messages:  created: 11527532   present: 1781   in FES: 184
** Event #11850240   t=366.521877438877   Elapsed: 605.503s (10m 05s)  73% completed  (86% total)
     Speed:     ev/sec=21722.5   simsec/sec=0.732189   ev/simsec=29667.9
     Messages:  created: 11569655   present: 1768   in FES: 183
** Event #11886336   t=367.545160928013   Elapsed: 607.523s (10m 07s)  73% completed  (86% total)
     Speed:     ev/sec=17869.5   simsec/sec=0.506581   ev/simsec=35274.7
     Messages:  created: 11604296   present: 1810   in FES: 193
** Event #11921920   t=368.566716339661   Elapsed: 609.526s (10m 09s)  73% completed  (86% total)
     Speed:     ev/sec=17769.5   simsec/sec=0.510132   ev/simsec=34833.2
     Messages:  created: 11638301   present: 1805   in FES: 196
** Event #11956736   t=369.584827711981   Elapsed: 611.544s (10m 11s)  73% completed  (86% total)
     Speed:     ev/sec=17248.6   simsec/sec=0.504393   ev/simsec=34196.7
     Messages:  created: 11671134   present: 1761   in FES: 180
** Event #11994112   t=371.003668779131   Elapsed: 613.547s (10m 13s)  74% completed  (87% total)
     Speed:     ev/sec=18665.9   simsec/sec=0.708582   ev/simsec=26342.6
     Messages:  created: 11707631   present: 1830   in FES: 205
** Event #12040448   t=372.225941127614   Elapsed: 615.55s (10m 15s)  74% completed  (87% total)
     Speed:     ev/sec=23125.9   simsec/sec=0.610027   ev/simsec=37909.7
     Messages:  created: 11751082   present: 1690   in FES: 170
** Event #12077056   t=373.521416787953   Elapsed: 617.564s (10m 17s)  74% completed  (87% total)
     Speed:     ev/sec=18182.6   simsec/sec=0.643443   ev/simsec=28258.3
     Messages:  created: 11786757   present: 1759   in FES: 180
** Event #12111360   t=374.539333063467   Elapsed: 619.579s (10m 19s)  74% completed  (87% total)
     Speed:     ev/sec=17021.4   simsec/sec=0.505084   ev/simsec=33700.2
     Messages:  created: 11819106   present: 1781   in FES: 207
** Event #12146432   t=375.552420209631   Elapsed: 621.589s (10m 21s)  75% completed  (87% total)
     Speed:     ev/sec=17446.4   simsec/sec=0.503954   ev/simsec=34618.9
     Messages:  created: 11852709   present: 1802   in FES: 191
** Event #12180992   t=376.570882538985   Elapsed: 623.6s (10m 23s)  75% completed  (87% total)
     Speed:     ev/sec=17184.9   simsec/sec=0.506429   ev/simsec=33933.5
     Messages:  created: 11885700   present: 1795   in FES: 192
** Event #12215552   t=377.590301997017   Elapsed: 625.611s (10m 25s)  75% completed  (87% total)
     Speed:     ev/sec=17189.5   simsec/sec=0.50704   ev/simsec=33901.6
     Messages:  created: 11918767   present: 1743   in FES: 174
** Event #12250112   t=378.680075206451   Elapsed: 627.617s (10m 27s)  75% completed  (87% total)
     Speed:     ev/sec=17224.9   simsec/sec=0.543151   ev/simsec=31713
     Messages:  created: 11951896   present: 1790   in FES: 224
** Event #12290304   t=380.039887944003   Elapsed: 629.62s (10m 29s)  76% completed  (88% total)
     Speed:     ev/sec=20065.6   simsec/sec=0.678879   ev/simsec=29557
     Messages:  created: 11990490   present: 1793   in FES: 190
** Event #12330752   t=381.095214678812   Elapsed: 631.624s (10m 31s)  76% completed  (88% total)
     Speed:     ev/sec=20187.4   simsec/sec=0.526708   ev/simsec=38327.5
     Messages:  created: 12028267   present: 1812   in FES: 197
** Event #12368640   t=382.513936896474   Elapsed: 633.641s (10m 33s)  76% completed  (88% total)
     Speed:     ev/sec=18789.6   simsec/sec=0.703579   ev/simsec=26705.7
     Messages:  created: 12065561   present: 1821   in FES: 206
** Event #12403712   t=383.519448418377   Elapsed: 635.644s (10m 35s)  76% completed  (88% total)
     Speed:     ev/sec=17505.4   simsec/sec=0.501877   ev/simsec=34879.8
     Messages:  created: 12099328   present: 1798   in FES: 191
** Event #12439552   t=384.536370754905   Elapsed: 637.667s (10m 37s)  76% completed  (88% total)
     Speed:     ev/sec=17718.2   simsec/sec=0.502735   ev/simsec=35243.6
     Messages:  created: 12134197   present: 1789   in FES: 188
** Event #12475136   t=385.543846664458   Elapsed: 639.671s (10m 39s)  77% completed  (88% total)
     Speed:     ev/sec=17757.2   simsec/sec=0.502754   ev/simsec=35320
     Messages:  created: 12168887   present: 1792   in FES: 187
** Event #12510720   t=386.562817807095   Elapsed: 641.694s (10m 41s)  77% completed  (88% total)
     Speed:     ev/sec=17585.4   simsec/sec=0.503569   ev/simsec=34921.5
     Messages:  created: 12203511   present: 1700   in FES: 161
** Event #12546304   t=387.583556039332   Elapsed: 643.71s (10m 43s)  77% completed  (88% total)
     Speed:     ev/sec=17656.1   simsec/sec=0.50647   ev/simsec=34861
     Messages:  created: 12238180   present: 1816   in FES: 199
** Event #12581376   t=388.589053539295   Elapsed: 645.72s (10m 45s)  77% completed  (88% total)
     Speed:     ev/sec=17441.8   simsec/sec=0.500048   ev/simsec=34880.2
     Messages:  created: 12271929   present: 1843   in FES: 206
** Event #12615936   t=389.597000228502   Elapsed: 647.737s (10m 47s)  77% completed  (88% total)
     Speed:     ev/sec=17138.3   simsec/sec=0.49984   ev/simsec=34287.5
     Messages:  created: 12305111   present: 1721   in FES: 164
** Event #12650752   t=390.60990775994   Elapsed: 649.76s (10m 49s)  78% completed  (89% total)
     Speed:     ev/sec=17207.6   simsec/sec=0.500622   ev/simsec=34372.3
     Messages:  created: 12338478   present: 1808   in FES: 197
** Event #12685312   t=391.680076747058   Elapsed: 651.764s (10m 51s)  78% completed  (89% total)
     Speed:     ev/sec=17250.2   simsec/sec=0.534162   ev/simsec=32294
     Messages:  created: 12371610   present: 1803   in FES: 223
** Event #12727808   t=393.043072007487   Elapsed: 653.765s (10m 53s)  78% completed  (89% total)
     Speed:     ev/sec=21238.8   simsec/sec=0.681201   ev/simsec=31178.4
     Messages:  created: 12413209   present: 1805   in FES: 192
** Event #12770048   t=394.221233854306   Elapsed: 655.765s (10m 55s)  78% completed  (89% total)
     Speed:     ev/sec=21112.2   simsec/sec=0.588862   ev/simsec=35852.5
     Messages:  created: 12453840   present: 1802   in FES: 200
** Event #12807168   t=395.510703558178   Elapsed: 657.777s (10m 57s)  79% completed  (89% total)
     Speed:     ev/sec=18455.2   simsec/sec=0.641095   ev/simsec=28787
     Messages:  created: 12490461   present: 1812   in FES: 199
** Event #12844032   t=396.524314963058   Elapsed: 659.777s (10m 59s)  79% completed  (89% total)
     Speed:     ev/sec=18425.2   simsec/sec=0.506619   ev/simsec=36369
     Messages:  created: 12526767   present: 1697   in FES: 158
** Event #12879616   t=397.53142694846   Elapsed: 661.787s (11m 01s)  79% completed  (89% total)
     Speed:     ev/sec=17708.3   simsec/sec=0.501187   ev/simsec=35332.7
     Messages:  created: 12561298   present: 1773   in FES: 184
** Event #12915712   t=398.549507015737   Elapsed: 663.789s (11m 03s)  79% completed  (89% total)
     Speed:     ev/sec=18029.3   simsec/sec=0.508513   ev/simsec=35455
     Messages:  created: 12596816   present: 1835   in FES: 234
** Event #12951040   t=399.55825751294   Elapsed: 665.823s (11m 05s)  79% completed  (89% total)
     Speed:     ev/sec=17371.2   simsec/sec=0.496014   ev/simsec=35021.5
     Messages:  created: 12631081   present: 1762   in FES: 175
** Event #12986112   t=400.559346884185   Elapsed: 667.832s (11m 07s)  80% completed  (90% total)
     Speed:     ev/sec=17457.2   simsec/sec=0.498296   ev/simsec=35033.8
     Messages:  created: 12664870   present: 1845   in FES: 206
** Event #13022720   t=401.579878497007   Elapsed: 669.835s (11m 09s)  80% completed  (90% total)
     Speed:     ev/sec=18272.7   simsec/sec=0.509394   ev/simsec=35871.5
     Messages:  created: 12700684   present: 1800   in FES: 195
** Event #13058048   t=402.590808194783   Elapsed: 671.869s (11m 11s)  80% completed  (90% total)
     Speed:     ev/sec=17365.7   simsec/sec=0.496928   ev/simsec=34946.1
     Messages:  created: 12734967   present: 1827   in FES: 206
** Event #13093120   t=403.594762047859   Elapsed: 673.884s (11m 13s)  80% completed  (90% total)
     Speed:     ev/sec=17412.8   simsec/sec=0.498449   ev/simsec=34933.9
     Messages:  created: 12768752   present: 1803   in FES: 194
** Event #13127680   t=404.59096987652   Elapsed: 675.902s (11m 15s)  80% completed  (90% total)
     Speed:     ev/sec=17118.7   simsec/sec=0.493453   ev/simsec=34691.6
     Messages:  created: 12801899   present: 1772   in FES: 183
** Event #13160960   t=405.587336435891   Elapsed: 677.905s (11m 17s)  81% completed  (90% total)
     Speed:     ev/sec=16622   simsec/sec=0.497646   ev/simsec=33401.4
     Messages:  created: 12834183   present: 1833   in FES: 203
** Event #13196288   t=406.594397432605   Elapsed: 679.935s (11m 19s)  81% completed  (90% total)
     Speed:     ev/sec=17396.5   simsec/sec=0.495904   ev/simsec=35080.3
     Messages:  created: 12868609   present: 1833   in FES: 204
** Event #13231616   t=407.591735552255   Elapsed: 681.947s (11m 21s)  81% completed  (90% total)
     Speed:     ev/sec=17558.8   simsec/sec=0.495699   ev/simsec=35422.3
     Messages:  created: 12902979   present: 1741   in FES: 174
** Event #13267456   t=408.596377312797   Elapsed: 683.956s (11m 23s)  81% completed  (90% total)
     Speed:     ev/sec=17846.1   simsec/sec=0.500249   ev/simsec=35674.4
     Messages:  created: 12938322   present: 1797   in FES: 190
** Event #13303552   t=409.598160931418   Elapsed: 685.97s (11m 25s)  81% completed  (90% total)
     Speed:     ev/sec=17917.7   simsec/sec=0.497276   ev/simsec=36031.7
     Messages:  created: 12973916   present: 1799   in FES: 206
** Event #13339648   t=410.605383561906   Elapsed: 687.982s (11m 27s)  82% completed  (91% total)
     Speed:     ev/sec=17938.7   simsec/sec=0.500561   ev/simsec=35837.2
     Messages:  created: 13009303   present: 1789   in FES: 190
** Event #13378048   t=411.838876367698   Elapsed: 689.985s (11m 29s)  82% completed  (91% total)
     Speed:     ev/sec=19174.7   simsec/sec=0.615932   ev/simsec=31131.1
     Messages:  created: 13048005   present: 1681   in FES: 155
** Event #13421824   t=413.050402150306   Elapsed: 691.986s (11m 31s)  82% completed  (91% total)
     Speed:     ev/sec=21873.8   simsec/sec=0.605371   ev/simsec=36132.9
     Messages:  created: 13091292   present: 1731   in FES: 166
** Event #13466880   t=414.510392817794   Elapsed: 694.003s (11m 34s)  82% completed  (91% total)
     Speed:     ev/sec=22340.2   simsec/sec=0.723909   ev/simsec=30860.5
     Messages:  created: 13136402   present: 1779   in FES: 188
** Event #13503744   t=415.535206190296   Elapsed: 696.036s (11m 36s)  83% completed  (91% total)
     Speed:     ev/sec=18136.9   simsec/sec=0.504204   ev/simsec=35971.4
     Messages:  created: 13172982   present: 1824   in FES: 206
** Event #13540096   t=416.539914338023   Elapsed: 698.038s (11m 38s)  83% completed  (91% total)
     Speed:     ev/sec=18157   simsec/sec=0.501829   ev/simsec=36181.7
     Messages:  created: 13208894   present: 1854   in FES: 229
** Event #13577216   t=417.55044261507   Elapsed: 700.039s (11m 40s)  83% completed  (91% total)
     Speed:     ev/sec=18551.7   simsec/sec=0.505037   ev/simsec=36733.3
     Messages:  created: 13245958   present: 1810   in FES: 192
** Event #13614848   t=418.585415027597   Elapsed: 702.067s (11m 42s)  83% completed  (91% total)
     Speed:     ev/sec=18548.7   simsec/sec=0.510134   ev/simsec=36360.4
     Messages:  created: 13283657   present: 1802   in FES: 193
** Event #13654016   t=419.800312082034   Elapsed: 704.07s (11m 44s)  83% completed  (91% total)
     Speed:     ev/sec=19559.6   simsec/sec=0.606693   ev/simsec=32239.8
     Messages:  created: 13323604   present: 1772   in FES: 208
** Event #13709312   t=421.510062822845   Elapsed: 706.079s (11m 46s)  84% completed  (92% total)
     Speed:     ev/sec=27519.9   simsec/sec=0.850915   ev/simsec=32341.6
     Messages:  created: 13380646   present: 1752   in FES: 179
** Event #13749504   t=422.5641022616   Elapsed: 708.1s (11m 48s)  84% completed  (92% total)
     Speed:     ev/sec=19889.1   simsec/sec=0.521593   ev/simsec=38131.4
     Messages:  created: 13421936   present: 1820   in FES: 201
** Event #13786624   t=423.590730905098   Elapsed: 710.102s (11m 50s)  84% completed  (92% total)
     Speed:     ev/sec=18541   simsec/sec=0.512789   ev/simsec=36157.2
     Messages:  created: 13459035   present: 1834   in FES: 201
** Event #13839104   t=425.220966879639   Elapsed: 712.106s (11m 52s)  85% completed  (92% total)
     Speed:     ev/sec=26193.8   simsec/sec=0.813683   ev/simsec=32191.7
     Messages:  created: 13512008   present: 1789   in FES: 206
** Event #13881600   t=426.55201496596   Elapsed: 714.122s (11m 54s)  85% completed  (92% total)
     Speed:     ev/sec=21080.3   simsec/sec=0.660273   ev/simsec=31926.7
     Messages:  created: 13556169   present: 1838   in FES: 201
** Event #13920256   t=427.595560386197   Elapsed: 716.137s (11m 56s)  85% completed  (92% total)
     Speed:     ev/sec=19178.5   simsec/sec=0.517737   ev/simsec=37042.9
     Messages:  created: 13594869   present: 1793   in FES: 190
** Event #13975296   t=429.517010805081   Elapsed: 718.139s (11m 58s)  85% completed  (92% total)
     Speed:     ev/sec=27499.5   simsec/sec=0.96001   ev/simsec=28645
     Messages:  created: 13652008   present: 1805   in FES: 195
** Event #14016512   t=430.564091070894   Elapsed: 720.163s (12m 00s)  86% completed  (93% total)
     Speed:     ev/sec=20358.3   simsec/sec=0.517196   ev/simsec=39362.8
     Messages:  created: 13694726   present: 1771   in FES: 184
** Event #14070528   t=432.28911155018   Elapsed: 722.165s (12m 02s)  86% completed  (93% total)
     Speed:     ev/sec=26976.9   simsec/sec=0.861517   ev/simsec=31313.3
     Messages:  created: 13750349   present: 1808   in FES: 206
** Event #14113024   t=433.555431930617   Elapsed: 724.189s (12m 04s)  86% completed  (93% total)
     Speed:     ev/sec=20997.6   simsec/sec=0.625699   ev/simsec=33558.6
     Messages:  created: 13794379   present: 1804   in FES: 189
** Event #14166528   t=435.050905730738   Elapsed: 726.192s (12m 06s)  87% completed  (93% total)
     Speed:     ev/sec=26720.6   simsec/sec=0.746858   ev/simsec=35777.3
     Messages:  created: 13851920   present: 1814   in FES: 206
** Event #14219008   t=436.56645144889   Elapsed: 728.197s (12m 08s)  87% completed  (93% total)
     Speed:     ev/sec=26173.3   simsec/sec=0.755848   ev/simsec=34627.8
     Messages:  created: 13907582   present: 1726   in FES: 169
** Event #14268928   t=438.0523893755   Elapsed: 730.199s (12m 10s)  87% completed  (93% total)
     Speed:     ev/sec=24930.1   simsec/sec=0.742078   ev/simsec=33594.9
     Messages:  created: 13960262   present: 1844   in FES: 203
** Event #14319360   t=439.559198218159   Elapsed: 732.21s (12m 12s)  87% completed  (93% total)
     Speed:     ev/sec=25080.8   simsec/sec=0.749365   ev/simsec=33469.4
     Messages:  created: 14012722   present: 1797   in FES: 190
** Event #14369280   t=441.026699320687   Elapsed: 734.212s (12m 14s)  88% completed  (94% total)
     Speed:     ev/sec=24935.3   simsec/sec=0.733025   ev/simsec=34017
     Messages:  created: 14066146   present: 1836   in FES: 209
** Event #14428160   t=442.532866333343   Elapsed: 736.233s (12m 16s)  88% completed  (94% total)
     Speed:     ev/sec=29135.4   simsec/sec=0.745293   ev/simsec=39092.6
     Messages:  created: 14129749   present: 1763   in FES: 180
** Event #14470656   t=443.588696371462   Elapsed: 738.251s (12m 18s)  88% completed  (94% total)
     Speed:     ev/sec=21052.6   simsec/sec=0.523061   ev/simsec=40248.9
     Messages:  created: 14174390   present: 1747   in FES: 172
** Event #14524672   t=445.092647185485   Elapsed: 740.253s (12m 20s)  89% completed  (94% total)
     Speed:     ev/sec=26987.8   simsec/sec=0.751412   ev/simsec=35916.1
     Messages:  created: 14230569   present: 1804   in FES: 206
** Event #14569728   t=446.557110424019   Elapsed: 742.262s (12m 22s)  89% completed  (94% total)
     Speed:     ev/sec=22426.3   simsec/sec=0.728926   ev/simsec=30766.2
     Messages:  created: 14277992   present: 1816   in FES: 193
** Event #14613504   t=448.028259335585   Elapsed: 744.264s (12m 24s)  89% completed  (94% total)
     Speed:     ev/sec=21869.3   simsec/sec=0.734948   ev/simsec=29756.3
     Messages:  created: 14322400   present: 1803   in FES: 194
** Event #14663936   t=449.543311955266   Elapsed: 746.265s (12m 26s)  89% completed  (94% total)
     Speed:     ev/sec=25202.4   simsec/sec=0.757117   ev/simsec=33287.3
     Messages:  created: 14374174   present: 1805   in FES: 192
** Event #14703616   t=450.591435452147   Elapsed: 748.273s (12m 28s)  90% completed  (95% total)
     Speed:     ev/sec=19760   simsec/sec=0.521948   ev/simsec=37858.1
     Messages:  created: 14414301   present: 1771   in FES: 180
** Event #14755584   t=452.18035945948   Elapsed: 750.274s (12m 30s)  90% completed  (95% total)
     Speed:     ev/sec=25966.9   simsec/sec=0.79394   ev/simsec=32706.4
     Messages:  created: 14466981   present: 1713   in FES: 188
** Event #14796288   t=453.539109660313   Elapsed: 752.285s (12m 32s)  90% completed  (95% total)
     Speed:     ev/sec=20238.1   simsec/sec=0.675574   ev/simsec=29956.9
     Messages:  created: 14508289   present: 1696   in FES: 157
** Event #14836736   t=454.590398334821   Elapsed: 754.301s (12m 34s)  90% completed  (95% total)
     Speed:     ev/sec=20068.8   simsec/sec=0.52161   ev/simsec=38474.7
     Messages:  created: 14549718   present: 1826   in FES: 203
** Event #14883072   t=456.03408914741   Elapsed: 756.303s (12m 36s)  91% completed  (95% total)
     Speed:     ev/sec=23141.7   simsec/sec=0.721025   ev/simsec=32095.5
     Messages:  created: 14597605   present: 1757   in FES: 178
** Event #14933248   t=457.519643039146   Elapsed: 758.306s (12m 38s)  91% completed  (95% total)
     Speed:     ev/sec=25052   simsec/sec=0.741711   ev/simsec=33776
     Messages:  created: 14649157   present: 1795   in FES: 190
** Event #14971136   t=458.539332936817   Elapsed: 760.319s (12m 40s)  91% completed  (95% total)
     Speed:     ev/sec=18824.3   simsec/sec=0.506623   ev/simsec=37156.4
     Messages:  created: 14686979   present: 1785   in FES: 208
** Event #15010816   t=459.560300874471   Elapsed: 762.334s (12m 42s)  91% completed  (95% total)
     Speed:     ev/sec=19687.9   simsec/sec=0.50657   ev/simsec=38865.1
     Messages:  created: 14727315   present: 1838   in FES: 205
** Event #15052032   t=460.585879494589   Elapsed: 764.365s (12m 44s)  92% completed  (96% total)
     Speed:     ev/sec=20298.8   simsec/sec=0.505096   ev/simsec=40188
     Messages:  created: 14769583   present: 1705   in FES: 160
** Event #15089408   t=461.59975879405   Elapsed: 766.39s (12m 46s)  92% completed  (96% total)
     Speed:     ev/sec=18456   simsec/sec=0.500646   ev/simsec=36864.3
     Messages:  created: 14806880   present: 1814   in FES: 206
** Event #15130880   t=463.002934276293   Elapsed: 768.391s (12m 48s)  92% completed  (96% total)
     Speed:     ev/sec=20728.2   simsec/sec=0.701324   ev/simsec=29555.8
     Messages:  created: 14849944   present: 1818   in FES: 201
** Event #15174656   t=464.060721253381   Elapsed: 770.392s (12m 50s)  92% completed  (96% total)
     Speed:     ev/sec=21873.3   simsec/sec=0.528539   ev/simsec=41384.5
     Messages:  created: 14893529   present: 1770   in FES: 183
** Event #15220736   t=465.510345478347   Elapsed: 772.409s (12m 52s)  93% completed  (96% total)
     Speed:     ev/sec=22849.5   simsec/sec=0.71882   ev/simsec=31787.5
     Messages:  created: 14940343   present: 1773   in FES: 186
** Event #15257088   t=466.537184598967   Elapsed: 774.421s (12m 54s)  93% completed  (96% total)
     Speed:     ev/sec=18062.2   simsec/sec=0.510204   ev/simsec=35401.8
     Messages:  created: 14975934   present: 1806   in FES: 195
** Event #15292672   t=467.542990769525   Elapsed: 776.423s (12m 56s)  93% completed  (96% total)
     Speed:     ev/sec=17776.3   simsec/sec=0.502458   ev/simsec=35378.6
     Messages:  created: 15010607   present: 1744   in FES: 171
** Event #15329280   t=468.557292100128   Elapsed: 778.435s (12m 58s)  93% completed  (96% total)
     Speed:     ev/sec=18198.2   simsec/sec=0.504219   ev/simsec=36091.8
     Messages:  created: 15047218   present: 1855   in FES: 206
** Event #15365632   t=469.58724899017   Elapsed: 780.455s (13m 00s)  93% completed  (96% total)
     Speed:     ev/sec=17990.6   simsec/sec=0.509724   ev/simsec=35294.7
     Messages:  created: 15083025   present: 1732   in FES: 169
** Event #15402240   t=470.598725780122   Elapsed: 782.478s (13m 02s)  94% completed  (97% total)
     Speed:     ev/sec=18097.2   simsec/sec=0.500025   ev/simsec=36192.6
     Messages:  created: 15118815   present: 1815   in FES: 198
** Event #15439872   t=471.799506543234   Elapsed: 784.479s (13m 04s)  94% completed  (97% total)
     Speed:     ev/sec=18811.1   simsec/sec=0.600235   ev/simsec=31339.6
     Messages:  created: 15156360   present: 1827   in FES: 228
** Event #15484160   t=473.069769187279   Elapsed: 786.484s (13m 06s)  94% completed  (97% total)
     Speed:     ev/sec=22087.9   simsec/sec=0.633522   ev/simsec=34865.2
     Messages:  created: 15200183   present: 1826   in FES: 206
** Event #15526912   t=474.513728344394   Elapsed: 788.484s (13m 08s)  94% completed  (97% total)
     Speed:     ev/sec=21374   simsec/sec=0.721913   ev/simsec=29607.5
     Messages:  created: 15242338   present: 1731   in FES: 172
** Event #15562496   t=475.525523717263   Elapsed: 790.485s (13m 10s)  95% completed  (97% total)
     Speed:     ev/sec=17783.7   simsec/sec=0.505661   ev/simsec=35169.2
     Messages:  created: 15276875   present: 1692   in FES: 157
** Event #15598848   t=476.536642094214   Elapsed: 792.497s (13m 12s)  95% completed  (97% total)
     Speed:     ev/sec=18067   simsec/sec=0.502528   ev/simsec=35952.3
     Messages:  created: 15312853   present: 1747   in FES: 172
** Event #15636736   t=477.574127843058   Elapsed: 794.523s (13m 14s)  95% completed  (97% total)
     Speed:     ev/sec=18702.7   simsec/sec=0.512135   ev/simsec=36519.1
     Messages:  created: 15350760   present: 1683   in FES: 156
** Event #15673088   t=478.598386856487   Elapsed: 796.529s (13m 16s)  95% completed  (97% total)
     Speed:     ev/sec=18115.6   simsec/sec=0.510427   ev/simsec=35491
     Messages:  created: 15386401   present: 1744   in FES: 175
** Event #15715328   t=480.039333163928   Elapsed: 798.534s (13m 18s)  96% completed  (98% total)
     Speed:     ev/sec=21071.4   simsec/sec=0.718815   ev/simsec=29314.1
     Messages:  created: 15428058   present: 1735   in FES: 207
** Event #15758336   t=481.08467379571   Elapsed: 800.535s (13m 20s)  96% completed  (98% total)
     Speed:     ev/sec=21489.5   simsec/sec=0.522317   ev/simsec=41142.6
     Messages:  created: 15470511   present: 1819   in FES: 196
** Event #15799808   t=482.510761799142   Elapsed: 802.566s (13m 22s)  96% completed  (98% total)
     Speed:     ev/sec=20420.1   simsec/sec=0.702182   ev/simsec=29081
     Messages:  created: 15512248   present: 1781   in FES: 188
** Event #15836928   t=483.539333114609   Elapsed: 804.582s (13m 24s)  96% completed  (98% total)
     Speed:     ev/sec=18410.3   simsec/sec=0.510137   ev/simsec=36088.9
     Messages:  created: 15549013   present: 1740   in FES: 207
** Event #15874048   t=484.53788078817   Elapsed: 806.601s (13m 26s)  96% completed  (98% total)
     Speed:     ev/sec=18387.7   simsec/sec=0.494638   ev/simsec=37174
     Messages:  created: 15585668   present: 1738   in FES: 171
** Event #15911168   t=485.548404578946   Elapsed: 808.606s (13m 28s)  97% completed  (98% total)
     Speed:     ev/sec=18514.4   simsec/sec=0.504022   ev/simsec=36733.4
     Messages:  created: 15622448   present: 1824   in FES: 199
** Event #15948800   t=486.553508755753   Elapsed: 810.623s (13m 30s)  97% completed  (98% total)
     Speed:     ev/sec=18660.3   simsec/sec=0.498394   ev/simsec=37440.9
     Messages:  created: 15660036   present: 1741   in FES: 166
** Event #15985152   t=487.552888078121   Elapsed: 812.644s (13m 32s)  97% completed  (98% total)
     Speed:     ev/sec=17989.5   simsec/sec=0.494564   ev/simsec=36374.6
     Messages:  created: 15695729   present: 1708   in FES: 157
** Event #16019968   t=488.543284181473   Elapsed: 814.656s (13m 34s)  97% completed  (98% total)
     Speed:     ev/sec=17299.2   simsec/sec=0.492102   ev/simsec=35153.6
     Messages:  created: 15729132   present: 1804   in FES: 191
** Event #16056064   t=489.543736151547   Elapsed: 816.664s (13m 36s)  97% completed  (98% total)
     Speed:     ev/sec=17979.3   simsec/sec=0.498322   ev/simsec=36079.7
     Messages:  created: 15764475   present: 1805   in FES: 190
** Event #16091648   t=490.543736275099   Elapsed: 818.671s (13m 38s)  98% completed  (99% total)
     Speed:     ev/sec=17727.6   simsec/sec=0.498191   ev/simsec=35584
     Messages:  created: 15799457   present: 1779   in FES: 182
** Event #16127232   t=491.535459642786   Elapsed: 820.686s (13m 40s)  98% completed  (99% total)
     Speed:     ev/sec=17657.8   simsec/sec=0.492123   ev/simsec=35881
     Messages:  created: 15834087   present: 1746   in FES: 171
** Event #16163072   t=492.539110731097   Elapsed: 822.69s (13m 42s)  98% completed  (99% total)
     Speed:     ev/sec=17884.6   simsec/sec=0.500835   ev/simsec=35709.6
     Messages:  created: 15869304   present: 1813   in FES: 206
** Event #16198144   t=493.528468076409   Elapsed: 824.699s (13m 44s)  98% completed  (99% total)
     Speed:     ev/sec=17455.7   simsec/sec=0.492414   ev/simsec=35449.3
     Messages:  created: 15902999   present: 1697   in FES: 158
** Event #16232704   t=494.522005275074   Elapsed: 826.714s (13m 46s)  98% completed  (99% total)
     Speed:     ev/sec=17152   simsec/sec=0.493089   ev/simsec=34784.8
     Messages:  created: 15936242   present: 1702   in FES: 159
** Event #16267520   t=495.509416532049   Elapsed: 828.723s (13m 48s)  99% completed  (99% total)
     Speed:     ev/sec=17331.5   simsec/sec=0.491536   ev/simsec=35259.9
     Messages:  created: 15969771   present: 1796   in FES: 193
** Event #16294912   t=496.075140830024   Elapsed: 830.727s (13m 50s)  99% completed  (99% total)
     Speed:     ev/sec=13666.8   simsec/sec=0.282259   ev/simsec=48419.3
     Messages:  created: 15995630   present: 1772   in FES: 185
** Event #16321792   t=497.017522915412   Elapsed: 832.73s (13m 52s)  99% completed  (99% total)
     Speed:     ev/sec=13422.7   simsec/sec=0.470585   ev/simsec=28523.5
     Messages:  created: 16021725   present: 1793   in FES: 190
** Event #16351488   t=497.605702107878   Elapsed: 834.771s (13m 54s)  99% completed  (99% total)
     Speed:     ev/sec=14547.2   simsec/sec=0.288132   ev/simsec=50488
     Messages:  created: 16049069   present: 1695   in FES: 158
** Event #16387072   t=498.590272193823   Elapsed: 836.801s (13m 56s)  99% completed  (99% total)
     Speed:     ev/sec=17533.3   simsec/sec=0.485128   ev/simsec=36141.7
     Messages:  created: 16083790   present: 1806   in FES: 193
** Event #16421632   t=499.582751218293   Elapsed: 838.819s (13m 58s)  99% completed  (99% total)
     Speed:     ev/sec=17124.1   simsec/sec=0.491762   ev/simsec=34821.9
     Messages:  created: 16117225   present: 1793   in FES: 206
** Event #16428408   t=500   Elapsed: 839.397s (13m 59s)  100% completed  (100% total)
     Speed:     ev/sec=11731.3   simsec/sec=0.720098   ev/simsec=16291.3
     Messages:  created: 16124088   present: 1681   in FES: 155

<!> Simulation time limit reached -- at t=500s, event #16428408
undisposed object: (omnetpp::cMessage) FanetStressNetwork.uav[0].app.debugTimer -- check module destructor
undisposed object: (omnetpp::cMessage) FanetStressNetwork.uav[1].app.debugTimer -- check module destructor
undisposed object: (omnetpp::cMessage) FanetStressNetwork.uav[2].app.debugTimer -- check module destructor
undisposed object: (omnetpp::cMessage) FanetStressNetwork.uav[3].app.debugTimer -- check module destructor
undisposed object: (omnetpp::cMessage) FanetStressNetwork.uav[4].app.debugTimer -- check module destructor
undisposed object: (omnetpp::cMessage) FanetStressNetwork.uav[5].app.debugTimer -- check module destructor
undisposed object: (omnetpp::cMessage) FanetStressNetwork.uav[6].app.debugTimer -- check module destructor
undisposed object: (omnetpp::cMessage) FanetStressNetwork.uav[7].app.debugTimer -- check module destructor
undisposed object: (omnetpp::cMessage) FanetStressNetwork.uav[8].app.debugTimer -- check module destructor
undisposed object: (omnetpp::cMessage) FanetStressNetwork.uav[9].app.debugTimer -- check module destructor
undisposed object: (omnetpp::cMessage) FanetStressNetwork.uav[10].app.debugTimer -- check module destructor
undisposed object: (omnetpp::cMessage) FanetStressNetwork.uav[11].app.debugTimer -- check module destructor
undisposed object: (omnetpp::cMessage) FanetStressNetwork.uav[12].app.debugTimer -- check module destructor
undisposed object: (omnetpp::cMessage) FanetStressNetwork.uav[13].app.debugTimer -- check module destructor
undisposed object: (omnetpp::cMessage) FanetStressNetwork.uav[14].app.debugTimer -- check module destructor
undisposed object: (omnetpp::cMessage) FanetStressNetwork.uav[15].app.debugTimer -- check module destructor
undisposed object: (omnetpp::cMessage) FanetStressNetwork.uav[16].app.debugTimer -- check module destructor
undisposed object: (omnetpp::cMessage) FanetStressNetwork.uav[17].app.debugTimer -- check module destructor
undisposed object: (omnetpp::cMessage) FanetStressNetwork.uav[18].app.debugTimer -- check module destructor
undisposed object: (omnetpp::cMessage) FanetStressNetwork.uav[19].app.debugTimer -- check module destructor
undisposed object: (omnetpp::cMessage) FanetStressNetwork.uav[20].app.debugTimer -- check module destructor
undisposed object: (omnetpp::cMessage) FanetStressNetwork.uav[21].app.debugTimer -- check module destructor
undisposed object: (omnetpp::cMessage) FanetStressNetwork.uav[22].app.debugTimer -- check module destructor
undisposed object: (omnetpp::cMessage) FanetStressNetwork.uav[23].app.debugTimer -- check module destructor
undisposed object: (omnetpp::cMessage) FanetStressNetwork.uav[24].app.debugTimer -- check module destructor
undisposed object: (omnetpp::cMessage) FanetStressNetwork.uav[25].app.debugTimer -- check module destructor
undisposed object: (omnetpp::cMessage) FanetStressNetwork.uav[26].app.debugTimer -- check module destructor
undisposed object: (omnetpp::cMessage) FanetStressNetwork.uav[27].app.debugTimer -- check module destructor
undisposed object: (omnetpp::cMessage) FanetStressNetwork.uav[28].app.debugTimer -- check module destructor
undisposed object: (omnetpp::cMessage) FanetStressNetwork.uav[29].app.debugTimer -- check module destructor
undisposed object: (omnetpp::cMessage) FanetStressNetwork.uav[30].app.debugTimer -- check module destructor
undisposed object: (omnetpp::cMessage) FanetStressNetwork.uav[31].app.debugTimer -- check module destructor
undisposed object: (omnetpp::cMessage) FanetStressNetwork.uav[32].app.debugTimer -- check module destructor
undisposed object: (omnetpp::cMessage) FanetStressNetwork.uav[33].app.debugTimer -- check module destructor
undisposed object: (omnetpp::cMessage) FanetStressNetwork.uav[34].app.debugTimer -- check module destructor
undisposed object: (omnetpp::cMessage) FanetStressNetwork.uav[35].app.debugTimer -- check module destructor
undisposed object: (omnetpp::cMessage) FanetStressNetwork.uav[36].app.debugTimer -- check module destructor
undisposed object: (omnetpp::cMessage) FanetStressNetwork.uav[37].app.debugTimer -- check module destructor
undisposed object: (omnetpp::cMessage) FanetStressNetwork.uav[38].app.debugTimer -- check module destructor
undisposed object: (omnetpp::cMessage) FanetStressNetwork.uav[39].app.debugTimer -- check module destructor
undisposed object: (omnetpp::cMessage) FanetStressNetwork.uav[40].app.debugTimer -- check module destructor
undisposed object: (omnetpp::cMessage) FanetStressNetwork.uav[41].app.debugTimer -- check module destructor
undisposed object: (omnetpp::cMessage) FanetStressNetwork.uav[42].app.debugTimer -- check module destructor
undisposed object: (omnetpp::cMessage) FanetStressNetwork.uav[43].app.debugTimer -- check module destructor
undisposed object: (omnetpp::cMessage) FanetStressNetwork.uav[44].app.debugTimer -- check module destructor
undisposed object: (omnetpp::cMessage) FanetStressNetwork.uav[45].app.debugTimer -- check module destructor
undisposed object: (omnetpp::cMessage) FanetStressNetwork.uav[46].app.debugTimer -- check module destructor
undisposed object: (omnetpp::cMessage) FanetStressNetwork.uav[47].app.debugTimer -- check module destructor
undisposed object: (omnetpp::cMessage) FanetStressNetwork.uav[48].app.debugTimer -- check module destructor
undisposed object: (omnetpp::cMessage) FanetStressNetwork.uav[49].app.debugTimer -- check module destructor
