** Event #0   t=0   Elapsed: 2.1e-05s (0m 00s)  0% completed  (0% total)
     Speed:     ev/sec=0   simsec/sec=0   ev/simsec=0
     Messages:  created: 1781   present: 1781   in FES: 261
** Event #41984   t=1.560779966326   Elapsed: 2.02601s (0m 02s)  0% completed  (0% total)
     Speed:     ev/sec=20723.2   simsec/sec=0.770379   ev/simsec=26900
     Messages:  created: 40939   present: 1774   in FES: 185
** Event #66560   t=2.5808596034   Elapsed: 4.03131s (0m 04s)  0% completed  (0% total)
     Speed:     ev/sec=12255.5   simsec/sec=0.50869   ev/simsec=24092.2
     Messages:  created: 61986   present: 1743   in FES: 176
** Event #89088   t=3.576927760406   Elapsed: 6.03488s (0m 06s)  0% completed  (0% total)
     Speed:     ev/sec=11243.9   simsec/sec=0.497146   ev/simsec=22616.9
     Messages:  created: 81222   present: 1792   in FES: 191
** Event #111360   t=4.535740744695   Elapsed: 8.07261s (0m 08s)  0% completed  (0% total)
     Speed:     ev/sec=10929.8   simsec/sec=0.470531   ev/simsec=23228.7
     Messages:  created: 99776   present: 1834   in FES: 206
** Event #133376   t=5.529968007941   Elapsed: 10.0838s (0m 10s)  1% completed  (0% total)
     Speed:     ev/sec=10946.9   simsec/sec=0.494353   ev/simsec=22143.8
     Messages:  created: 118273   present: 1802   in FES: 195
** Event #147968   t=6.037250848087   Elapsed: 12.0856s (0m 12s)  1% completed  (0% total)
     Speed:     ev/sec=7289.32   simsec/sec=0.253409   ev/simsec=28765
     Messages:  created: 130155   present: 1779   in FES: 184
** Event #164608   t=6.576460591735   Elapsed: 14.0864s (0m 14s)  1% completed  (0% total)
     Speed:     ev/sec=8316.55   simsec/sec=0.269493   ev/simsec=30860
     Messages:  created: 144286   present: 1804   in FES: 206
** Event #185600   t=7.535869920995   Elapsed: 16.1026s (0m 16s)  1% completed  (0% total)
     Speed:     ev/sec=10412.1   simsec/sec=0.475869   ev/simsec=21880.1
     Messages:  created: 161362   present: 1813   in FES: 206
** Event #206848   t=8.505137725565   Elapsed: 18.1055s (0m 18s)  1% completed  (0% total)
     Speed:     ev/sec=10608.7   simsec/sec=0.483934   ev/simsec=21921.7
     Messages:  created: 178747   present: 1793   in FES: 206
** Event #217600   t=8.594319862566   Elapsed: 20.141s (0m 20s)  1% completed  (0% total)
     Speed:     ev/sec=5282.05   simsec/sec=0.0438118   ev/simsec=120562
     Messages:  created: 187756   present: 1833   in FES: 202
** Event #239360   t=9.551806753593   Elapsed: 22.1683s (0m 22s)  1% completed  (0% total)
     Speed:     ev/sec=10733.7   simsec/sec=0.472304   ev/simsec=22726.2
     Messages:  created: 205449   present: 1818   in FES: 206
** Event #260864   t=10.530889256033   Elapsed: 24.1902s (0m 24s)  2% completed  (1% total)
     Speed:     ev/sec=10635.6   simsec/sec=0.48424   ev/simsec=21963.4
     Messages:  created: 223446   present: 1696   in FES: 157
** Event #276992   t=11.057605640188   Elapsed: 26.1974s (0m 26s)  2% completed  (1% total)
     Speed:     ev/sec=8035.03   simsec/sec=0.262412   ev/simsec=30619.9
     Messages:  created: 236933   present: 1869   in FES: 217
** Event #292352   t=11.591630596148   Elapsed: 28.2226s (0m 28s)  2% completed  (1% total)
     Speed:     ev/sec=7584.54   simsec/sec=0.263693   ev/simsec=28762.7
     Messages:  created: 249701   present: 1753   in FES: 178
** Event #313344   t=12.543397826453   Elapsed: 30.2306s (0m 30s)  2% completed  (1% total)
     Speed:     ev/sec=10454.1   simsec/sec=0.473984   ev/simsec=22055.8
     Messages:  created: 266951   present: 1809   in FES: 194
** Event #334080   t=13.506174553867   Elapsed: 32.2367s (0m 32s)  2% completed  (1% total)
     Speed:     ev/sec=10336.2   simsec/sec=0.479912   ev/simsec=21537.7
     Messages:  created: 283852   present: 1822   in FES: 206
** Event #344576   t=13.590296715487   Elapsed: 34.2627s (0m 34s)  2% completed  (1% total)
     Speed:     ev/sec=5180.83   simsec/sec=0.0415227   ev/simsec=124771
     Messages:  created: 292729   present: 1765   in FES: 180
** Event #366848   t=14.568607560124   Elapsed: 36.3223s (0m 36s)  2% completed  (1% total)
     Speed:     ev/sec=10813.5   simsec/sec=0.474989   ev/simsec=22765.8
     Messages:  created: 311088   present: 1717   in FES: 166
** Event #387584   t=15.527655235285   Elapsed: 38.338s (0m 38s)  3% completed  (1% total)
     Speed:     ev/sec=10287.1   simsec/sec=0.475783   ev/simsec=21621.4
     Messages:  created: 328026   present: 1799   in FES: 194
** Event #401920   t=16.031554149481   Elapsed: 40.3392s (0m 40s)  3% completed  (1% total)
     Speed:     ev/sec=7163.84   simsec/sec=0.251803   ev/simsec=28450.2
     Messages:  created: 339890   present: 1829   in FES: 206
** Event #419584   t=16.586014815701   Elapsed: 42.355s (0m 42s)  3% completed  (1% total)
     Speed:     ev/sec=8762.82   simsec/sec=0.275059   ev/simsec=31858
     Messages:  created: 354752   present: 1727   in FES: 170
** Event #441344   t=17.538560368781   Elapsed: 44.3878s (0m 44s)  3% completed  (1% total)
     Speed:     ev/sec=10704.4   simsec/sec=0.468585   ev/simsec=22844.1
     Messages:  created: 372861   present: 1814   in FES: 206
** Event #462080   t=18.50763271858   Elapsed: 46.3985s (0m 46s)  3% completed  (1% total)
     Speed:     ev/sec=10312.8   simsec/sec=0.481955   ev/simsec=21397.8
     Messages:  created: 389689   present: 1833   in FES: 206
** Event #472832   t=18.574815513084   Elapsed: 48.4367s (0m 48s)  3% completed  (1% total)
     Speed:     ev/sec=5275.29   simsec/sec=0.0329621   ev/simsec=160041
     Messages:  created: 399245   present: 1759   in FES: 170
** Event #494848   t=19.565800124643   Elapsed: 50.4494s (0m 50s)  3% completed  (1% total)
     Speed:     ev/sec=10938.4   simsec/sec=0.492358   ev/simsec=22216.3
     Messages:  created: 417613   present: 1853   in FES: 206
** Event #515328   t=20.535944502291   Elapsed: 52.4658s (0m 52s)  4% completed  (2% total)
     Speed:     ev/sec=10157.1   simsec/sec=0.481146   ev/simsec=21110.3
     Messages:  created: 434280   present: 1836   in FES: 205
** Event #530688   t=21.045399025562   Elapsed: 54.4668s (0m 54s)  4% completed  (2% total)
     Speed:     ev/sec=7675.97   simsec/sec=0.254594   ev/simsec=30149.9
     Messages:  created: 446860   present: 1819   in FES: 198
** Event #546048   t=21.571659984719   Elapsed: 56.5088s (0m 56s)  4% completed  (2% total)
     Speed:     ev/sec=7522.01   simsec/sec=0.257717   ev/simsec=29187
     Messages:  created: 459444   present: 1826   in FES: 199
** Event #566784   t=22.541988979511   Elapsed: 58.5202s (0m 58s)  4% completed  (2% total)
     Speed:     ev/sec=10309.2   simsec/sec=0.482415   ev/simsec=21370.1
     Messages:  created: 476523   present: 1723   in FES: 166
** Event #588032   t=23.504276201565   Elapsed: 60.5483s (1m 00s)  4% completed  (2% total)
     Speed:     ev/sec=10477   simsec/sec=0.474487   ev/simsec=22080.7
     Messages:  created: 493990   present: 1774   in FES: 187
** Event #599296   t=23.595536344421   Elapsed: 62.5969s (1m 02s)  4% completed  (2% total)
     Speed:     ev/sec=5498.35   simsec/sec=0.0445472   ev/simsec=123427
     Messages:  created: 503709   present: 1721   in FES: 164
** Event #621056   t=24.576633191143   Elapsed: 64.6423s (1m 04s)  4% completed  (2% total)
     Speed:     ev/sec=10638.3   simsec/sec=0.47965   ev/simsec=22179.3
     Messages:  created: 521760   present: 1826   in FES: 203
** Event #642816   t=25.547785196923   Elapsed: 66.6826s (1m 06s)  5% completed  (2% total)
     Speed:     ev/sec=10665.5   simsec/sec=0.476001   ev/simsec=22406.4
     Messages:  created: 539753   present: 1827   in FES: 198
** Event #665344   t=26.534146242558   Elapsed: 68.7185s (1m 08s)  5% completed  (2% total)
     Speed:     ev/sec=11065.2   simsec/sec=0.484478   ev/simsec=22839.5
     Messages:  created: 558592   present: 1733   in FES: 168
** Event #686080   t=27.093026096568   Elapsed: 70.7259s (1m 10s)  5% completed  (2% total)
     Speed:     ev/sec=10329.8   simsec/sec=0.278411   ev/simsec=37102.8
     Messages:  created: 575946   present: 1826   in FES: 201
** Event #697600   t=27.596693429885   Elapsed: 72.7283s (1m 12s)  5% completed  (2% total)
     Speed:     ev/sec=5753.03   simsec/sec=0.251529   ev/simsec=22872.2
     Messages:  created: 585469   present: 1821   in FES: 199
** Event #718848   t=28.548614014118   Elapsed: 74.7343s (1m 14s)  5% completed  (2% total)
     Speed:     ev/sec=10592.2   simsec/sec=0.474534   ev/simsec=22321.2
     Messages:  created: 603029   present: 1815   in FES: 206
** Event #741376   t=29.53530520329   Elapsed: 76.7502s (1m 16s)  5% completed  (2% total)
     Speed:     ev/sec=11174.9   simsec/sec=0.489445   ev/simsec=22831.9
     Messages:  created: 621709   present: 1749   in FES: 174
** Event #763136   t=30.512109542313   Elapsed: 78.799s (1m 18s)  6% completed  (3% total)
     Speed:     ev/sec=10621.3   simsec/sec=0.476788   ev/simsec=22276.7
     Messages:  created: 639702   present: 1770   in FES: 183
** Event #774144   t=30.604233155531   Elapsed: 80.8341s (1m 20s)  6% completed  (3% total)
     Speed:     ev/sec=5408.95   simsec/sec=0.0452663   ev/simsec=119492
     Messages:  created: 649025   present: 1720   in FES: 165
** Event #796928   t=31.590498087817   Elapsed: 82.8407s (1m 22s)  6% completed  (3% total)
     Speed:     ev/sec=11354.5   simsec/sec=0.491508   ev/simsec=23101.3
     Messages:  created: 668180   present: 1807   in FES: 206
** Event #818944   t=32.576174652336   Elapsed: 84.8848s (1m 24s)  6% completed  (3% total)
     Speed:     ev/sec=10770.6   simsec/sec=0.482211   ev/simsec=22335.9
     Messages:  created: 686289   present: 1800   in FES: 195
** Event #840448   t=33.536813417161   Elapsed: 86.9091s (1m 26s)  6% completed  (3% total)
     Speed:     ev/sec=10623.1   simsec/sec=0.474561   ev/simsec=22385.1
     Messages:  created: 704047   present: 1795   in FES: 206
** Event #862208   t=34.513572756753   Elapsed: 88.9295s (1m 28s)  6% completed  (3% total)
     Speed:     ev/sec=10770.2   simsec/sec=0.483451   ev/simsec=22277.7
     Messages:  created: 722396   present: 1793   in FES: 190
** Event #878336   t=35.037250755665   Elapsed: 90.9305s (1m 30s)  7% completed  (3% total)
     Speed:     ev/sec=8059.95   simsec/sec=0.261707   ev/simsec=30797.6
     Messages:  created: 735879   present: 1776   in FES: 183
** Event #897280   t=35.605709028615   Elapsed: 92.9526s (1m 32s)  7% completed  (3% total)
     Speed:     ev/sec=9368.32   simsec/sec=0.281118   ev/simsec=33325.2
     Messages:  created: 751882   present: 1698   in FES: 157
** Event #920832   t=36.596046155377   Elapsed: 94.9542s (1m 34s)  7% completed  (3% total)
     Speed:     ev/sec=11766.7   simsec/sec=0.494775   ev/simsec=23781.8
     Messages:  created: 771746   present: 1817   in FES: 206
** Event #946176   t=37.606334640165   Elapsed: 96.9644s (1m 36s)  7% completed  (3% total)
     Speed:     ev/sec=12607.4   simsec/sec=0.502568   ev/simsec=25085.9
     Messages:  created: 793112   present: 1821   in FES: 200
** Event #974080   t=39.027159559908   Elapsed: 98.9679s (1m 38s)  7% completed  (3% total)
     Speed:     ev/sec=13927.6   simsec/sec=0.709172   ev/simsec=19639.3
     Messages:  created: 816463   present: 1808   in FES: 206
** Event #997376   t=40.01371041618   Elapsed: 100.971s (1m 40s)  8% completed  (4% total)
     Speed:     ev/sec=11628.2   simsec/sec=0.492439   ev/simsec=23613.6
     Messages:  created: 835846   present: 1813   in FES: 198
** Event #1025024   t=41.037250953095   Elapsed: 102.977s (1m 42s)  8% completed  (4% total)
     Speed:     ev/sec=13786.1   simsec/sec=0.510365   ev/simsec=27012.1
     Messages:  created: 859107   present: 1749   in FES: 174
** Event #1056768   t=42.507118888631   Elapsed: 105.001s (1m 45s)  8% completed  (4% total)
     Speed:     ev/sec=15685.1   simsec/sec=0.72628   ev/simsec=21596.5
     Messages:  created: 886238   present: 1802   in FES: 206
** Event #1081088   t=43.510729312978   Elapsed: 107.029s (1m 47s)  8% completed  (4% total)
     Speed:     ev/sec=11989.8   simsec/sec=0.494781   ev/simsec=24232.5
     Messages:  created: 907059   present: 1748   in FES: 175
** Event #1105920   t=44.523129830173   Elapsed: 109.029s (1m 49s)  8% completed  (4% total)
     Speed:     ev/sec=12414.1   simsec/sec=0.506121   ev/simsec=24527.8
     Messages:  created: 928026   present: 1817   in FES: 200
** Event #1131008   t=45.522874594708   Elapsed: 111.036s (1m 51s)  9% completed  (4% total)
     Speed:     ev/sec=12502.1   simsec/sec=0.498202   ev/simsec=25094.4
     Messages:  created: 949079   present: 1744   in FES: 175
** Event #1156608   t=46.540053459691   Elapsed: 113.076s (1m 53s)  9% completed  (4% total)
     Speed:     ev/sec=12549.3   simsec/sec=0.49863   ev/simsec=25167.6
     Messages:  created: 970728   present: 1794   in FES: 191
** Event #1182208   t=47.543508906535   Elapsed: 115.104s (1m 55s)  9% completed  (4% total)
     Speed:     ev/sec=12621.5   simsec/sec=0.494731   ev/simsec=25511.8
     Messages:  created: 992703   present: 1797   in FES: 188
** Event #1207552   t=48.575206165811   Elapsed: 117.143s (1m 57s)  9% completed  (4% total)
     Speed:     ev/sec=12433.9   simsec/sec=0.506157   ev/simsec=24565.3
     Messages:  created: 1014180   present: 1822   in FES: 206
** Event #1231360   t=49.559886286782   Elapsed: 119.165s (1m 59s)  9% completed  (4% total)
     Speed:     ev/sec=11771.8   simsec/sec=0.486871   ev/simsec=24178.4
     Messages:  created: 1034134   present: 1749   in FES: 178
** Event #1256960   t=50.577398507493   Elapsed: 121.201s (2m 01s)  10% completed  (5% total)
     Speed:     ev/sec=12574.9   simsec/sec=0.499809   ev/simsec=25159.4
     Messages:  created: 1055832   present: 1766   in FES: 181
** Event #1282816   t=51.593622961181   Elapsed: 123.217s (2m 03s)  10% completed  (5% total)
     Speed:     ev/sec=12822.8   simsec/sec=0.503977   ev/simsec=25443.2
     Messages:  created: 1077943   present: 1731   in FES: 170
** Event #1307392   t=52.593578734549   Elapsed: 125.245s (2m 05s)  10% completed  (5% total)
     Speed:     ev/sec=12117.2   simsec/sec=0.493027   ev/simsec=24577.1
     Messages:  created: 1098777   present: 1804   in FES: 195
** Event #1332224   t=53.605728919056   Elapsed: 127.248s (2m 07s)  10% completed  (5% total)
     Speed:     ev/sec=12400.7   simsec/sec=0.505452   ev/simsec=24533.9
     Messages:  created: 1119836   present: 1790   in FES: 191
** Event #1358336   t=55.004905452084   Elapsed: 129.249s (2m 09s)  11% completed  (5% total)
     Speed:     ev/sec=13046.6   simsec/sec=0.699085   ev/simsec=18662.4
     Messages:  created: 1141578   present: 1801   in FES: 206
** Event #1392384   t=56.09527216045   Elapsed: 131.252s (2m 11s)  11% completed  (5% total)
     Speed:     ev/sec=17005.8   simsec/sec=0.544601   ev/simsec=31226.2
     Messages:  created: 1170977   present: 1816   in FES: 206
** Event #1417984   t=57.508741735856   Elapsed: 133.265s (2m 13s)  11% completed  (5% total)
     Speed:     ev/sec=12715.4   simsec/sec=0.702065   ev/simsec=18111.5
     Messages:  created: 1192426   present: 1724   in FES: 169
** Event #1443584   t=58.526303267306   Elapsed: 135.278s (2m 15s)  11% completed  (5% total)
     Speed:     ev/sec=12717.3   simsec/sec=0.505493   ev/simsec=25158.2
     Messages:  created: 1214577   present: 1804   in FES: 193
** Event #1469952   t=59.545963705298   Elapsed: 137.282s (2m 17s)  11% completed  (5% total)
     Speed:     ev/sec=13158   simsec/sec=0.508827   ev/simsec=25859.6
     Messages:  created: 1237327   present: 1826   in FES: 203
** Event #1494528   t=60.551749703754   Elapsed: 139.291s (2m 19s)  12% completed  (6% total)
     Speed:     ev/sec=12232.6   simsec/sec=0.500628   ev/simsec=24434.6
     Messages:  created: 1258076   present: 1822   in FES: 199
** Event #1519360   t=61.547830645622   Elapsed: 141.292s (2m 21s)  12% completed  (6% total)
     Speed:     ev/sec=12407.8   simsec/sec=0.497712   ev/simsec=24929.7
     Messages:  created: 1279272   present: 1814   in FES: 195
** Event #1544960   t=62.577737068102   Elapsed: 143.297s (2m 23s)  12% completed  (6% total)
     Speed:     ev/sec=12766.2   simsec/sec=0.513595   ev/simsec=24856.6
     Messages:  created: 1301208   present: 1833   in FES: 202
** Event #1570304   t=63.594477722298   Elapsed: 145.318s (2m 25s)  12% completed  (6% total)
     Speed:     ev/sec=12540   simsec/sec=0.503076   ev/simsec=24926.7
     Messages:  created: 1322975   present: 1839   in FES: 206
** Event #1600768   t=65.04186000603   Elapsed: 147.321s (2m 27s)  13% completed  (6% total)
     Speed:     ev/sec=15209.6   simsec/sec=0.722625   ev/simsec=21047.7
     Messages:  created: 1348969   present: 1824   in FES: 201
** Event #1633024   t=66.52515002271   Elapsed: 149.345s (2m 29s)  13% completed  (6% total)
     Speed:     ev/sec=15937.9   simsec/sec=0.732905   ev/simsec=21746.3
     Messages:  created: 1376697   present: 1813   in FES: 206
** Event #1659392   t=67.544449426193   Elapsed: 151.359s (2m 31s)  13% completed  (6% total)
     Speed:     ev/sec=13092.2   simsec/sec=0.5061   ev/simsec=25868.7
     Messages:  created: 1399403   present: 1844   in FES: 205
** Event #1685760   t=68.569249255298   Elapsed: 153.372s (2m 33s)  13% completed  (6% total)
     Speed:     ev/sec=13102.7   simsec/sec=0.509241   ev/simsec=25729.9
     Messages:  created: 1422039   present: 1835   in FES: 204
** Event #1711360   t=69.586713740464   Elapsed: 155.389s (2m 35s)  13% completed  (6% total)
     Speed:     ev/sec=12688.5   simsec/sec=0.504301   ev/simsec=25160.6
     Messages:  created: 1444013   present: 1980   in FES: 256
** Event #1745408   t=71.074769158178   Elapsed: 157.394s (2m 37s)  14% completed  (7% total)
     Speed:     ev/sec=16982.4   simsec/sec=0.742209   ev/simsec=22880.9
     Messages:  created: 1473029   present: 1754   in FES: 177
** Event #1774080   t=72.51471270198   Elapsed: 159.411s (2m 39s)  14% completed  (7% total)
     Speed:     ev/sec=14215.4   simsec/sec=0.713914   ev/simsec=19911.9
     Messages:  created: 1497572   present: 1968   in FES: 256
** Event #1800192   t=73.549196643322   Elapsed: 161.431s (2m 41s)  14% completed  (7% total)
     Speed:     ev/sec=12925.2   simsec/sec=0.512061   ev/simsec=25241.6
     Messages:  created: 1520077   present: 1812   in FES: 206
** Event #1827072   t=74.568406810548   Elapsed: 163.435s (2m 43s)  14% completed  (7% total)
     Speed:     ev/sec=13415.4   simsec/sec=0.508674   ev/simsec=26373.4
     Messages:  created: 1543606   present: 1830   in FES: 206
** Event #1853696   t=75.599759706676   Elapsed: 165.443s (2m 45s)  15% completed  (7% total)
     Speed:     ev/sec=13256.9   simsec/sec=0.51354   ev/simsec=25814.6
     Messages:  created: 1566470   present: 1761   in FES: 178
** Event #1889280   t=77.510261802237   Elapsed: 167.472s (2m 47s)  15% completed  (7% total)
     Speed:     ev/sec=17537.5   simsec/sec=0.941584   ev/simsec=18625.5
     Messages:  created: 1597207   present: 1694   in FES: 159
** Event #1914880   t=78.534056944925   Elapsed: 169.477s (2m 49s)  15% completed  (7% total)
     Speed:     ev/sec=12772   simsec/sec=0.51078   ev/simsec=25005
     Messages:  created: 1619621   present: 1807   in FES: 196
** Event #1943040   t=79.586556111762   Elapsed: 171.48s (2m 51s)  15% completed  (7% total)
     Speed:     ev/sec=14055.4   simsec/sec=0.525331   ev/simsec=26755.4
     Messages:  created: 1644391   present: 1841   in FES: 206
** Event #1977856   t=81.07825198546   Elapsed: 173.481s (2m 53s)  16% completed  (8% total)
     Speed:     ev/sec=17399.2   simsec/sec=0.745471   ev/simsec=23339.9
     Messages:  created: 1674438   present: 1802   in FES: 206
** Event #2009600   t=82.544302148376   Elapsed: 175.508s (2m 55s)  16% completed  (8% total)
     Speed:     ev/sec=15660   simsec/sec=0.723235   ev/simsec=21652.7
     Messages:  created: 1702926   present: 1790   in FES: 185
** Event #2039552   t=84.027060199822   Elapsed: 177.515s (2m 57s)  16% completed  (8% total)
     Speed:     ev/sec=14928   simsec/sec=0.739003   ev/simsec=20200.2
     Messages:  created: 1729189   present: 1808   in FES: 206
** Event #2073088   t=85.529121892211   Elapsed: 179.529s (2m 59s)  17% completed  (8% total)
     Speed:     ev/sec=16649.5   simsec/sec=0.745724   ev/simsec=22326.6
     Messages:  created: 1758531   present: 1830   in FES: 203
** Event #2099712   t=86.541993279767   Elapsed: 181.543s (3m 01s)  17% completed  (8% total)
     Speed:     ev/sec=13222   simsec/sec=0.503012   ev/simsec=26285.7
     Messages:  created: 1781725   present: 1812   in FES: 193
** Event #2126592   t=87.579713782037   Elapsed: 183.572s (3m 03s)  17% completed  (8% total)
     Speed:     ev/sec=13244.6   simsec/sec=0.511316   ev/simsec=25902.9
     Messages:  created: 1805022   present: 1815   in FES: 198
** Event #2163456   t=89.509100882874   Elapsed: 185.574s (3m 05s)  17% completed  (8% total)
     Speed:     ev/sec=18412.1   simsec/sec=0.963653   ev/simsec=19106.6
     Messages:  created: 1837431   present: 1808   in FES: 195
** Event #2190592   t=90.550386613196   Elapsed: 187.598s (3m 07s)  18% completed  (9% total)
     Speed:     ev/sec=13409.1   simsec/sec=0.514547   ev/simsec=26060.1
     Messages:  created: 1861243   present: 1770   in FES: 183
** Event #2218496   t=91.606188585271   Elapsed: 189.6s (3m 09s)  18% completed  (9% total)
     Speed:     ev/sec=13939.7   simsec/sec=0.527436   ev/simsec=26429.2
     Messages:  created: 1885598   present: 1769   in FES: 182
** Event #2255872   t=93.536951249954   Elapsed: 191.6s (3m 11s)  18% completed  (9% total)
     Speed:     ev/sec=18682.1   simsec/sec=0.965078   ev/simsec=19358.2
     Messages:  created: 1918221   present: 1785   in FES: 188
** Event #2283264   t=94.575570264417   Elapsed: 193.609s (3m 13s)  18% completed  (9% total)
     Speed:     ev/sec=13640.2   simsec/sec=0.517195   ev/simsec=26373.5
     Messages:  created: 1942164   present: 1830   in FES: 203
** Event #2317568   t=96.074767496791   Elapsed: 195.614s (3m 15s)  19% completed  (9% total)
     Speed:     ev/sec=17105.7   simsec/sec=0.747575   ev/simsec=22881.6
     Messages:  created: 1972045   present: 1827   in FES: 202
** Event #2349056   t=97.552346962734   Elapsed: 197.636s (3m 17s)  19% completed  (9% total)
     Speed:     ev/sec=15575.9   simsec/sec=0.730901   ev/simsec=21310.5
     Messages:  created: 1999808   present: 1835   in FES: 206
** Event #2381824   t=99.038390368183   Elapsed: 199.641s (3m 19s)  19% completed  (9% total)
     Speed:     ev/sec=16336   simsec/sec=0.740846   ev/simsec=22050.5
     Messages:  created: 2028396   present: 1756   in FES: 177
** Event #2414848   t=100.53930757532   Elapsed: 201.677s (3m 21s)  20% completed  (10% total)
     Speed:     ev/sec=16223.9   simsec/sec=0.737366   ev/simsec=22002.5
     Messages:  created: 2057579   present: 1802   in FES: 191
** Event #2451456   t=101.590842448774   Elapsed: 203.694s (3m 23s)  20% completed  (10% total)
     Speed:     ev/sec=18147.5   simsec/sec=0.521274   ev/simsec=34813.9
     Messages:  created: 2095400   present: 1785   in FES: 184
** Event #2490112   t=102.88851271736   Elapsed: 205.698s (3m 25s)  20% completed  (10% total)
     Speed:     ev/sec=19295.6   simsec/sec=0.647748   ev/simsec=29788.8
     Messages:  created: 2136822   present: 1747   in FES: 207
** Event #2543360   t=104.398659441517   Elapsed: 207.7s (3m 27s)  20% completed  (10% total)
     Speed:     ev/sec=26593.4   simsec/sec=0.754206   ev/simsec=35260.1
     Messages:  created: 2193281   present: 1815   in FES: 196
** Event #2583296   t=105.531091072643   Elapsed: 209.726s (3m 29s)  21% completed  (10% total)
     Speed:     ev/sec=19706.4   simsec/sec=0.558797   ev/simsec=35265.7
     Messages:  created: 2236010   present: 1795   in FES: 190
** Event #2621952   t=106.579919614074   Elapsed: 211.742s (3m 31s)  21% completed  (10% total)
     Speed:     ev/sec=19176.9   simsec/sec=0.520313   ev/simsec=36856.4
     Messages:  created: 2276134   present: 1825   in FES: 202
** Event #2659840   t=107.601227676341   Elapsed: 213.751s (3m 33s)  21% completed  (10% total)
     Speed:     ev/sec=18864.6   simsec/sec=0.508514   ev/simsec=37097.5
     Messages:  created: 2316049   present: 1754   in FES: 175
** Event #2707712   t=109.079711184612   Elapsed: 215.755s (3m 35s)  21% completed  (10% total)
     Speed:     ev/sec=23879.1   simsec/sec=0.737486   ev/simsec=32379.1
     Messages:  created: 2366875   present: 1828   in FES: 201
** Event #2750464   t=110.510698734079   Elapsed: 217.781s (3m 37s)  22% completed  (11% total)
     Speed:     ev/sec=21108.6   simsec/sec=0.706544   ev/simsec=29875.9
     Messages:  created: 2413214   present: 1694   in FES: 159
** Event #2787072   t=111.53320512622   Elapsed: 219.784s (3m 39s)  22% completed  (11% total)
     Speed:     ev/sec=18273.3   simsec/sec=0.510396   ev/simsec=35802.2
     Messages:  created: 2451435   present: 1695   in FES: 158
** Event #2824960   t=112.547310498059   Elapsed: 221.806s (3m 41s)  22% completed  (11% total)
     Speed:     ev/sec=18736.4   simsec/sec=0.501497   ev/simsec=37361
     Messages:  created: 2490487   present: 1719   in FES: 164
** Event #2861056   t=113.572669400248   Elapsed: 223.816s (3m 43s)  22% completed  (11% total)
     Speed:     ev/sec=17960.7   simsec/sec=0.5102   ev/simsec=35203.3
     Messages:  created: 2528143   present: 1826   in FES: 202
** Event #2898688   t=114.599534475949   Elapsed: 225.821s (3m 45s)  22% completed  (11% total)
     Speed:     ev/sec=18765.4   simsec/sec=0.512052   ev/simsec=36647.5
     Messages:  created: 2567798   present: 1818   in FES: 199
** Event #2951424   t=116.141752894914   Elapsed: 227.826s (3m 47s)  23% completed  (11% total)
     Speed:     ev/sec=26309.7   simsec/sec=0.769405   ev/simsec=34194.9
     Messages:  created: 2623943   present: 1837   in FES: 207
** Event #2992128   t=117.511593241182   Elapsed: 229.829s (3m 49s)  23% completed  (11% total)
     Speed:     ev/sec=20319   simsec/sec=0.68381   ev/simsec=29714.4
     Messages:  created: 2667839   present: 1773   in FES: 184
** Event #3027968   t=118.518003704651   Elapsed: 231.833s (3m 51s)  23% completed  (11% total)
     Speed:     ev/sec=17886.2   simsec/sec=0.502255   ev/simsec=35611.7
     Messages:  created: 2705179   present: 1800   in FES: 193
** Event #3064320   t=119.531460315071   Elapsed: 233.852s (3m 53s)  23% completed  (11% total)
     Speed:     ev/sec=17999.8   simsec/sec=0.501816   ev/simsec=35869.3
     Messages:  created: 2742926   present: 1815   in FES: 196
** Event #3100928   t=120.53436074602   Elapsed: 235.885s (3m 55s)  24% completed  (12% total)
     Speed:     ev/sec=18007.2   simsec/sec=0.493319   ev/simsec=36502.1
     Messages:  created: 2780485   present: 1744   in FES: 173
** Event #3133952   t=121.521029424546   Elapsed: 237.889s (3m 57s)  24% completed  (12% total)
     Speed:     ev/sec=16482.3   simsec/sec=0.492447   ev/simsec=33470.2
     Messages:  created: 2814381   present: 1723   in FES: 166
** Event #3169280   t=122.539755443371   Elapsed: 239.925s (3m 59s)  24% completed  (12% total)
     Speed:     ev/sec=17354   simsec/sec=0.500424   ev/simsec=34678.6
     Messages:  created: 2850794   present: 1773   in FES: 182
** Event #3202816   t=123.539277368259   Elapsed: 241.926s (4m 01s)  24% completed  (12% total)
     Speed:     ev/sec=16759.9   simsec/sec=0.499521   ev/simsec=33552
     Messages:  created: 2884705   present: 1721   in FES: 164
** Event #3236352   t=124.532998405822   Elapsed: 243.94s (4m 03s)  24% completed  (12% total)
     Speed:     ev/sec=16647.1   simsec/sec=0.493279   ev/simsec=33747.9
     Messages:  created: 2918586   present: 1784   in FES: 183
** Event #3269376   t=125.529409973526   Elapsed: 245.966s (4m 05s)  25% completed  (12% total)
     Speed:     ev/sec=16298.4   simsec/sec=0.491761   ev/simsec=33142.9
     Messages:  created: 2952049   present: 1771   in FES: 182
** Event #3302400   t=126.537036321473   Elapsed: 247.969s (4m 07s)  25% completed  (12% total)
     Speed:     ev/sec=16493.8   simsec/sec=0.503258   ev/simsec=32774.1
     Messages:  created: 2985724   present: 1818   in FES: 206
** Event #3336192   t=127.529267380413   Elapsed: 249.976s (4m 09s)  25% completed  (12% total)
     Speed:     ev/sec=16833.8   simsec/sec=0.494288   ev/simsec=34056.6
     Messages:  created: 3019745   present: 1821   in FES: 199
** Event #3369728   t=128.530065017485   Elapsed: 251.998s (4m 11s)  25% completed  (12% total)
     Speed:     ev/sec=16582.3   simsec/sec=0.494857   ev/simsec=33509.3
     Messages:  created: 3053426   present: 1773   in FES: 182
** Event #3404800   t=129.53796034103   Elapsed: 254.026s (4m 14s)  25% completed  (12% total)
     Speed:     ev/sec=17299.3   simsec/sec=0.497145   ev/simsec=34797.3
     Messages:  created: 3089341   present: 1796   in FES: 191
** Event #3439872   t=130.536368546592   Elapsed: 256.062s (4m 16s)  26% completed  (13% total)
     Speed:     ev/sec=17225.9   simsec/sec=0.490376   ev/simsec=35127.9
     Messages:  created: 3124806   present: 1756   in FES: 177
** Event #3474688   t=131.53620512622   Elapsed: 258.065s (4m 18s)  26% completed  (13% total)
     Speed:     ev/sec=17381.6   simsec/sec=0.499161   ev/simsec=34821.7
     Messages:  created: 3160895   present: 1690   in FES: 157
** Event #3508992   t=132.528994386543   Elapsed: 260.08s (4m 20s)  26% completed  (13% total)
     Speed:     ev/sec=17020.3   simsec/sec=0.492582   ev/simsec=34553.2
     Messages:  created: 3196160   present: 1824   in FES: 200
** Event #3544832   t=133.528503041543   Elapsed: 262.096s (4m 22s)  26% completed  (13% total)
     Speed:     ev/sec=17776   simsec/sec=0.495739   ev/simsec=35857.6
     Messages:  created: 3233452   present: 1837   in FES: 206
** Event #3580416   t=134.533706280542   Elapsed: 264.101s (4m 24s)  26% completed  (13% total)
     Speed:     ev/sec=17748.9   simsec/sec=0.501384   ev/simsec=35399.8
     Messages:  created: 3270169   present: 1837   in FES: 204
** Event #3614720   t=135.537233852056   Elapsed: 266.136s (4m 26s)  27% completed  (13% total)
     Speed:     ev/sec=16855.9   simsec/sec=0.493101   ev/simsec=34183.4
     Messages:  created: 3305142   present: 1841   in FES: 206
** Event #3648512   t=136.538981565447   Elapsed: 268.14s (4m 28s)  27% completed  (13% total)
     Speed:     ev/sec=16868.9   simsec/sec=0.50007   ev/simsec=33733
     Messages:  created: 3339354   present: 1823   in FES: 198
** Event #3681536   t=137.532672231864   Elapsed: 270.155s (4m 30s)  27% completed  (13% total)
     Speed:     ev/sec=16386.2   simsec/sec=0.49306   ev/simsec=33233.7
     Messages:  created: 3372723   present: 1812   in FES: 195
** Event #3715584   t=138.536741275719   Elapsed: 272.185s (4m 32s)  27% completed  (13% total)
     Speed:     ev/sec=16773.7   simsec/sec=0.494653   ev/simsec=33910
     Messages:  created: 3407648   present: 1822   in FES: 199
** Event #3751424   t=139.534312223492   Elapsed: 274.225s (4m 34s)  27% completed  (13% total)
     Speed:     ev/sec=17564.1   simsec/sec=0.488878   ev/simsec=35927.3
     Messages:  created: 3444792   present: 1761   in FES: 178
** Event #3785216   t=140.535263259932   Elapsed: 276.226s (4m 36s)  28% completed  (14% total)
     Speed:     ev/sec=16890.5   simsec/sec=0.500313   ev/simsec=33759.9
     Messages:  created: 3478858   present: 1824   in FES: 199
** Event #3820288   t=141.535435519445   Elapsed: 278.25s (4m 38s)  28% completed  (14% total)
     Speed:     ev/sec=17328.8   simsec/sec=0.494177   ev/simsec=35066
     Messages:  created: 3514779   present: 1837   in FES: 206
** Event #3854848   t=142.527994916702   Elapsed: 280.299s (4m 40s)  28% completed  (14% total)
     Speed:     ev/sec=16862   simsec/sec=0.484275   ev/simsec=34819.1
     Messages:  created: 3550477   present: 1791   in FES: 188
** Event #3889920   t=143.547069971597   Elapsed: 282.336s (4m 42s)  28% completed  (14% total)
     Speed:     ev/sec=17225.2   simsec/sec=0.500508   ev/simsec=34415.5
     Messages:  created: 3586239   present: 1729   in FES: 170
** Event #3925248   t=144.549406424838   Elapsed: 284.341s (4m 44s)  28% completed  (14% total)
     Speed:     ev/sec=17613.2   simsec/sec=0.499727   ev/simsec=35245.7
     Messages:  created: 3623003   present: 1911   in FES: 228
** Event #3963648   t=145.546390561295   Elapsed: 286.378s (4m 46s)  29% completed  (14% total)
     Speed:     ev/sec=18850.7   simsec/sec=0.489424   ev/simsec=38516.2
     Messages:  created: 3663890   present: 1690   in FES: 157
** Event #3998720   t=146.537591723612   Elapsed: 288.417s (4m 48s)  29% completed  (14% total)
     Speed:     ev/sec=17204.4   simsec/sec=0.486229   ev/simsec=35383.3
     Messages:  created: 3701308   present: 1838   in FES: 206
** Event #4034304   t=147.521291715716   Elapsed: 290.418s (4m 50s)  29% completed  (14% total)
     Speed:     ev/sec=17786.2   simsec/sec=0.49169   ev/simsec=36173.6
     Messages:  created: 3738865   present: 1832   in FES: 203
** Event #4070656   t=148.530483391866   Elapsed: 292.431s (4m 52s)  29% completed  (14% total)
     Speed:     ev/sec=18053.6   simsec/sec=0.501199   ev/simsec=36020.9
     Messages:  created: 3777026   present: 1825   in FES: 202
** Event #4108544   t=149.530968547069   Elapsed: 294.472s (4m 54s)  29% completed  (14% total)
     Speed:     ev/sec=18567.1   simsec/sec=0.49029   ev/simsec=37869.6
     Messages:  created: 3817157   present: 1778   in FES: 185
** Event #4145152   t=150.531149364715   Elapsed: 296.501s (4m 56s)  30% completed  (15% total)
     Speed:     ev/sec=18040   simsec/sec=0.492876   ev/simsec=36601.4
     Messages:  created: 3855889   present: 1744   in FES: 173
** Event #4179712   t=151.509145546381   Elapsed: 298.505s (4m 58s)  30% completed  (15% total)
     Speed:     ev/sec=17249   simsec/sec=0.488122   ev/simsec=35337.6
     Messages:  created: 3892428   present: 1724   in FES: 169
** Event #4217088   t=152.50713785386   Elapsed: 300.521s (5m 00s)  30% completed  (15% total)
     Speed:     ev/sec=18538.1   simsec/sec=0.494993   ev/simsec=37451.2
     Messages:  created: 3931880   present: 1708   in FES: 163
** Event #4253696   t=153.50632729168   Elapsed: 302.524s (5m 02s)  30% completed  (15% total)
     Speed:     ev/sec=18274.5   simsec/sec=0.498789   ev/simsec=36637.7
     Messages:  created: 3970536   present: 1795   in FES: 206
** Event #4291328   t=154.507088859263   Elapsed: 304.547s (5m 04s)  30% completed  (15% total)
     Speed:     ev/sec=18601.5   simsec/sec=0.494676   ev/simsec=37603.4
     Messages:  created: 4009824   present: 1813   in FES: 206
** Event #4327168   t=155.509760372091   Elapsed: 306.558s (5m 06s)  31% completed  (15% total)
     Speed:     ev/sec=17822.8   simsec/sec=0.498618   ev/simsec=35744.5
     Messages:  created: 4046588   present: 1823   in FES: 202
** Event #4360704   t=156.508173120829   Elapsed: 308.606s (5m 08s)  31% completed  (15% total)
     Speed:     ev/sec=16376.7   simsec/sec=0.487557   ev/simsec=33589.3
     Messages:  created: 4079739   present: 1788   in FES: 206
** Event #4391168   t=157.333686270532   Elapsed: 310.608s (5m 10s)  31% completed  (15% total)
     Speed:     ev/sec=15212.6   simsec/sec=0.41223   ev/simsec=36903.1
     Messages:  created: 4108947   present: 1681   in FES: 155
** Event #4411392   t=158.00417273166   Elapsed: 312.609s (5m 12s)  31% completed  (15% total)
     Speed:     ev/sec=10109.4   simsec/sec=0.335158   ev/simsec=30163.2
     Messages:  created: 4129245   present: 1771   in FES: 184
** Event #4439552   t=158.605127083694   Elapsed: 314.616s (5m 14s)  31% completed  (15% total)
     Speed:     ev/sec=14032.4   simsec/sec=0.299462   ev/simsec=46858.8
     Messages:  created: 4156202   present: 1733   in FES: 172
** Event #4470784   t=159.588628603629   Elapsed: 316.623s (5m 16s)  31% completed  (15% total)
     Speed:     ev/sec=15556.8   simsec/sec=0.489885   ev/simsec=31755.9
     Messages:  created: 4186920   present: 1794   in FES: 191
** Event #4502016   t=160.576424706029   Elapsed: 318.663s (5m 18s)  32% completed  (16% total)
     Speed:     ev/sec=15314.7   simsec/sec=0.484368   ev/simsec=31617.9
     Messages:  created: 4217775   present: 1832   in FES: 203
** Event #4533760   t=161.553856969119   Elapsed: 320.672s (5m 20s)  32% completed  (16% total)
     Speed:     ev/sec=15797.8   simsec/sec=0.486433   ev/simsec=32476.9
     Messages:  created: 4248927   present: 1814   in FES: 199
** Event #4565248   t=162.526675333995   Elapsed: 322.685s (5m 22s)  32% completed  (16% total)
     Speed:     ev/sec=15645.5   simsec/sec=0.483366   ev/simsec=32367.8
     Messages:  created: 4280083   present: 1779   in FES: 184
** Event #4596736   t=163.522056225427   Elapsed: 324.7s (5m 24s)  32% completed  (16% total)
     Speed:     ev/sec=15624.6   simsec/sec=0.493916   ev/simsec=31634.1
     Messages:  created: 4311033   present: 1793   in FES: 190
** Event #4630016   t=164.519548939095   Elapsed: 326.734s (5m 26s)  32% completed  (16% total)
     Speed:     ev/sec=16363.5   simsec/sec=0.490458   ev/simsec=33363.7
     Messages:  created: 4343980   present: 1803   in FES: 206
** Event #4658176   t=165.09871350217   Elapsed: 328.736s (5m 28s)  33% completed  (16% total)
     Speed:     ev/sec=14063.7   simsec/sec=0.289246   ev/simsec=48621.8
     Messages:  created: 4370600   present: 1834   in FES: 206
** Event #4683264   t=166.031606852401   Elapsed: 330.736s (5m 30s)  33% completed  (16% total)
     Speed:     ev/sec=12543   simsec/sec=0.466411   ev/simsec=26892.7
     Messages:  created: 4395631   present: 1824   in FES: 199
** Event #4709632   t=166.60816070031   Elapsed: 332.767s (5m 32s)  33% completed  (16% total)
     Speed:     ev/sec=12981.1   simsec/sec=0.283841   ev/simsec=45733.8
     Messages:  created: 4421117   present: 1771   in FES: 184
** Event #4741376   t=167.584935296045   Elapsed: 334.769s (5m 34s)  33% completed  (16% total)
     Speed:     ev/sec=15856.8   simsec/sec=0.487919   ev/simsec=32498.8
     Messages:  created: 4452167   present: 1748   in FES: 177
** Event #4774144   t=168.583871733902   Elapsed: 336.777s (5m 36s)  33% completed  (16% total)
     Speed:     ev/sec=16320.7   simsec/sec=0.497537   ev/simsec=32802.9
     Messages:  created: 4484388   present: 1729   in FES: 170
** Event #4804608   t=169.548563255219   Elapsed: 338.789s (5m 38s)  33% completed  (16% total)
     Speed:     ev/sec=15139.7   simsec/sec=0.479422   ev/simsec=31579
     Messages:  created: 4514585   present: 1736   in FES: 173
** Event #4836608   t=170.532984897716   Elapsed: 340.791s (5m 40s)  34% completed  (17% total)
     Speed:     ev/sec=15984.4   simsec/sec=0.49173   ev/simsec=32506.4
     Messages:  created: 4546068   present: 1722   in FES: 165
** Event #4869376   t=171.53038345979   Elapsed: 342.823s (5m 42s)  34% completed  (17% total)
     Speed:     ev/sec=16125.8   simsec/sec=0.490839   ev/simsec=32853.5
     Messages:  created: 4578301   present: 1788   in FES: 187
** Event #4901888   t=172.533206964146   Elapsed: 344.84s (5m 44s)  34% completed  (17% total)
     Speed:     ev/sec=16123.7   simsec/sec=0.497332   ev/simsec=32420.5
     Messages:  created: 4610308   present: 1836   in FES: 206
** Event #4934656   t=173.516790375782   Elapsed: 346.861s (5m 46s)  34% completed  (17% total)
     Speed:     ev/sec=16212.2   simsec/sec=0.486633   ev/simsec=33314.9
     Messages:  created: 4642807   present: 1811   in FES: 194
** Event #4962816   t=174.137677979614   Elapsed: 348.863s (5m 48s)  34% completed  (17% total)
     Speed:     ev/sec=14066.5   simsec/sec=0.310146   ev/simsec=45354.4
     Messages:  created: 4669168   present: 1834   in FES: 235
** Event #4981760   t=174.838509814277   Elapsed: 350.863s (5m 50s)  34% completed  (17% total)
     Speed:     ev/sec=9469.52   simsec/sec=0.350324   ev/simsec=27030.7
     Messages:  created: 4688121   present: 1822   in FES: 206
** Event #5011456   t=175.584352335016   Elapsed: 352.866s (5m 52s)  35% completed  (17% total)
     Speed:     ev/sec=14827.6   simsec/sec=0.372408   ev/simsec=39815.4
     Messages:  created: 4716238   present: 1761   in FES: 180
** Event #5042176   t=176.556033025755   Elapsed: 354.874s (5m 54s)  35% completed  (17% total)
     Speed:     ev/sec=15297.8   simsec/sec=0.483873   ev/simsec=31615.3
     Messages:  created: 4746461   present: 1733   in FES: 170
** Event #5073152   t=177.533320718645   Elapsed: 356.881s (5m 56s)  35% completed  (17% total)
     Speed:     ev/sec=15432.1   simsec/sec=0.486882   ev/simsec=31695.9
     Messages:  created: 4776844   present: 1782   in FES: 185
** Event #5104384   t=178.513136849159   Elapsed: 358.895s (5m 58s)  35% completed  (17% total)
     Speed:     ev/sec=15509.1   simsec/sec=0.486553   ev/simsec=31875.4
     Messages:  created: 4807738   present: 1790   in FES: 189
** Event #5119744   t=178.897981582059   Elapsed: 360.898s (6m 00s)  35% completed  (17% total)
     Speed:     ev/sec=7667.86   simsec/sec=0.192118   ev/simsec=39912.2
     Messages:  created: 4822578   present: 1765   in FES: 180
** Event #5146880   t=179.584859585035   Elapsed: 362.909s (6m 02s)  35% completed  (17% total)
     Speed:     ev/sec=13499.6   simsec/sec=0.341707   ev/simsec=39506.3
     Messages:  created: 4847582   present: 1776   in FES: 185
** Event #5177344   t=180.546539633191   Elapsed: 364.917s (6m 04s)  36% completed  (18% total)
     Speed:     ev/sec=15166.4   simsec/sec=0.478769   ev/simsec=31677.9
     Messages:  created: 4877626   present: 1745   in FES: 174
** Event #5208320   t=181.530418015098   Elapsed: 366.922s (6m 06s)  36% completed  (18% total)
     Speed:     ev/sec=15446.9   simsec/sec=0.490633   ev/simsec=31483.6
     Messages:  created: 4908160   present: 1744   in FES: 175
** Event #5239552   t=182.508118390864   Elapsed: 368.96s (6m 08s)  36% completed  (18% total)
     Speed:     ev/sec=15327.8   simsec/sec=0.479828   ev/simsec=31944.3
     Messages:  created: 4939187   present: 1799   in FES: 206
** Event #5266688   t=183.088364500597   Elapsed: 370.961s (6m 10s)  36% completed  (18% total)
     Speed:     ev/sec=13560   simsec/sec=0.289951   ev/simsec=46766.4
     Messages:  created: 4964853   present: 1802   in FES: 223
** Event #5285120   t=183.637413461219   Elapsed: 372.995s (6m 12s)  36% completed  (18% total)
     Speed:     ev/sec=9064.34   simsec/sec=0.270007   ev/simsec=33570.8
     Messages:  created: 4982980   present: 1815   in FES: 206
** Event #5315072   t=184.585411358452   Elapsed: 375.022s (6m 15s)  36% completed  (18% total)
     Speed:     ev/sec=14775.8   simsec/sec=0.467663   ev/simsec=31595
     Messages:  created: 5012363   present: 1685   in FES: 156
** Event #5347328   t=185.557464272958   Elapsed: 377.05s (6m 17s)  37% completed  (18% total)
     Speed:     ev/sec=15905.4   simsec/sec=0.479319   ev/simsec=33183.4
     Messages:  created: 5044135   present: 1728   in FES: 169
** Event #5378048   t=186.535205710279   Elapsed: 379.064s (6m 19s)  37% completed  (18% total)
     Speed:     ev/sec=15248.7   simsec/sec=0.485329   ev/simsec=31419.3
     Messages:  created: 5074868   present: 1827   in FES: 206
** Event #5410560   t=187.528335578298   Elapsed: 381.104s (6m 21s)  37% completed  (18% total)
     Speed:     ev/sec=15938.4   simsec/sec=0.486863   ev/simsec=32736.9
     Messages:  created: 5106941   present: 1758   in FES: 177
** Event #5442816   t=188.513679005203   Elapsed: 383.107s (6m 23s)  37% completed  (18% total)
     Speed:     ev/sec=16104.6   simsec/sec=0.491958   ev/simsec=32735.8
     Messages:  created: 5138671   present: 1704   in FES: 161
** Event #5466368   t=189.064037362713   Elapsed: 385.107s (6m 25s)  37% completed  (18% total)
     Speed:     ev/sec=11774.6   simsec/sec=0.275147   ev/simsec=42793.9
     Messages:  created: 5161113   present: 1814   in FES: 206
** Event #5487872   t=189.599955621127   Elapsed: 387.127s (6m 27s)  37% completed  (18% total)
     Speed:     ev/sec=10648.6   simsec/sec=0.265381   ev/simsec=40125.5
     Messages:  created: 5181631   present: 1823   in FES: 200
** Event #5521152   t=190.602141726313   Elapsed: 389.138s (6m 29s)  38% completed  (19% total)
     Speed:     ev/sec=16549.5   simsec/sec=0.498367   ev/simsec=33207.4
     Messages:  created: 5215558   present: 1700   in FES: 161
** Event #5553664   t=191.602140722582   Elapsed: 391.159s (6m 31s)  38% completed  (19% total)
     Speed:     ev/sec=16088.1   simsec/sec=0.494836   ev/simsec=32512
     Messages:  created: 5248178   present: 1803   in FES: 194
** Event #5584128   t=192.566142561868   Elapsed: 393.159s (6m 33s)  38% completed  (19% total)
     Speed:     ev/sec=15226   simsec/sec=0.481811   ev/simsec=31601.6
     Messages:  created: 5277916   present: 1814   in FES: 199
** Event #5615872   t=193.550386165897   Elapsed: 395.197s (6m 35s)  38% completed  (19% total)
     Speed:     ev/sec=15577.6   simsec/sec=0.482993   ev/simsec=32252.2
     Messages:  created: 5308895   present: 1795   in FES: 192
** Event #5646848   t=194.532712571612   Elapsed: 397.22s (6m 37s)  38% completed  (19% total)
     Speed:     ev/sec=15313.3   simsec/sec=0.485623   ev/simsec=31533.3
     Messages:  created: 5339380   present: 1776   in FES: 187
** Event #5671680   t=195.080860112811   Elapsed: 399.224s (6m 39s)  39% completed  (19% total)
     Speed:     ev/sec=12392.5   simsec/sec=0.273556   ev/simsec=45301.7
     Messages:  created: 5362189   present: 1704   in FES: 159
** Event #5690880   t=195.598768507941   Elapsed: 401.243s (6m 41s)  39% completed  (19% total)
     Speed:     ev/sec=9511.18   simsec/sec=0.256558   ev/simsec=37072.2
     Messages:  created: 5381181   present: 1840   in FES: 206
** Event #5719808   t=196.548000219246   Elapsed: 403.256s (6m 43s)  39% completed  (19% total)
     Speed:     ev/sec=14367.5   simsec/sec=0.471451   ev/simsec=30475.2
     Messages:  created: 5409256   present: 1787   in FES: 186
** Event #5752832   t=197.528548709323   Elapsed: 405.28s (6m 45s)  39% completed  (19% total)
     Speed:     ev/sec=16318.2   simsec/sec=0.484521   ev/simsec=33679.1
     Messages:  created: 5442435   present: 1801   in FES: 206
** Event #5783040   t=198.392376121862   Elapsed: 407.28s (6m 47s)  39% completed  (19% total)
     Speed:     ev/sec=15102.8   simsec/sec=0.43188   ev/simsec=34969.9
     Messages:  created: 5471571   present: 1811   in FES: 196
** Event #5795840   t=198.595321019753   Elapsed: 409.296s (6m 49s)  39% completed  (19% total)
     Speed:     ev/sec=6348.91   simsec/sec=0.100662   ev/simsec=63071.3
     Messages:  created: 5482891   present: 1740   in FES: 169
** Event #5827584   t=199.577322150435   Elapsed: 411.298s (6m 51s)  39% completed  (19% total)
     Speed:     ev/sec=15856.9   simsec/sec=0.490532   ev/simsec=32325.8
     Messages:  created: 5514141   present: 1796   in FES: 191
** Event #5859072   t=200.554692971163   Elapsed: 413.299s (6m 53s)  40% completed  (20% total)
     Speed:     ev/sec=15735.6   simsec/sec=0.488426   ev/simsec=32217
     Messages:  created: 5545713   present: 1754   in FES: 177
** Event #5890560   t=201.537464026466   Elapsed: 415.324s (6m 55s)  40% completed  (20% total)
     Speed:     ev/sec=15545.6   simsec/sec=0.485192   ev/simsec=32040
     Messages:  created: 5577287   present: 1812   in FES: 195
** Event #5920768   t=202.506026417063   Elapsed: 417.355s (6m 57s)  40% completed  (20% total)
     Speed:     ev/sec=14877.9   simsec/sec=0.477032   ev/simsec=31188.5
     Messages:  created: 5607007   present: 1831   in FES: 204
** Event #5936384   t=202.892503741115   Elapsed: 419.359s (6m 59s)  40% completed  (20% total)
     Speed:     ev/sec=7790.96   simsec/sec=0.192817   ev/simsec=40406
     Messages:  created: 5621879   present: 1833   in FES: 248
** Event #5964800   t=203.588399061607   Elapsed: 421.365s (7m 01s)  40% completed  (20% total)
     Speed:     ev/sec=14165.3   simsec/sec=0.346902   ev/simsec=40833.7
     Messages:  created: 5648630   present: 1783   in FES: 186
** Event #5996032   t=204.576528668029   Elapsed: 423.383s (7m 03s)  40% completed  (20% total)
     Speed:     ev/sec=15480.9   simsec/sec=0.489792   ev/simsec=31607.2
     Messages:  created: 5679547   present: 1823   in FES: 206
** Event #6026240   t=205.543687734097   Elapsed: 425.383s (7m 05s)  41% completed  (20% total)
     Speed:     ev/sec=15100   simsec/sec=0.48345   ev/simsec=31233.7
     Messages:  created: 5709624   present: 1844   in FES: 205
** Event #6057472   t=206.531070929271   Elapsed: 427.431s (7m 07s)  41% completed  (20% total)
     Speed:     ev/sec=15254.2   simsec/sec=0.482254   ev/simsec=31631.1
     Messages:  created: 5740439   present: 1776   in FES: 185
** Event #6088960   t=207.516866092489   Elapsed: 429.442s (7m 09s)  41% completed  (20% total)
     Speed:     ev/sec=15655.7   simsec/sec=0.490133   ev/simsec=31941.7
     Messages:  created: 5771894   present: 1798   in FES: 191
** Event #6121984   t=208.507700755088   Elapsed: 431.467s (7m 11s)  41% completed  (20% total)
     Speed:     ev/sec=16309.9   simsec/sec=0.489354   ev/simsec=33329.5
     Messages:  created: 5805244   present: 1817   in FES: 200
** Event #6152704   t=209.338769174941   Elapsed: 433.467s (7m 13s)  41% completed  (20% total)
     Speed:     ev/sec=15355.1   simsec/sec=0.415401   ev/simsec=36964.5
     Messages:  created: 5834820   present: 1828   in FES: 206
** Event #6180352   t=210.079712733336   Elapsed: 435.47s (7m 15s)  42% completed  (21% total)
     Speed:     ev/sec=13802.6   simsec/sec=0.369898   ev/simsec=37314.6
     Messages:  created: 5861492   present: 1747   in FES: 174
** Event #6206720   t=211.027541032266   Elapsed: 437.471s (7m 17s)  42% completed  (21% total)
     Speed:     ev/sec=13183.4   simsec/sec=0.473893   ev/simsec=27819.4
     Messages:  created: 5888826   present: 1816   in FES: 206
** Event #6237952   t=212.019982927015   Elapsed: 439.475s (7m 19s)  42% completed  (21% total)
     Speed:     ev/sec=15582.3   simsec/sec=0.495149   ev/simsec=31469.9
     Messages:  created: 5920304   present: 1772   in FES: 185
** Event #6275328   t=213.06220391202   Elapsed: 441.483s (7m 21s)  42% completed  (21% total)
     Speed:     ev/sec=18611.8   simsec/sec=0.518986   ev/simsec=35861.9
     Messages:  created: 5957125   present: 1782   in FES: 187
** Event #6303232   t=214.028940832154   Elapsed: 443.485s (7m 23s)  42% completed  (21% total)
     Speed:     ev/sec=13935.4   simsec/sec=0.482795   ev/simsec=28864.1
     Messages:  created: 5984796   present: 1822   in FES: 199
** Event #6330112   t=214.887679675777   Elapsed: 445.487s (7m 25s)  42% completed  (21% total)
     Speed:     ev/sec=13432.1   simsec/sec=0.429118   ev/simsec=31301.7
     Messages:  created: 6010808   present: 1740   in FES: 175
** Event #6358528   t=215.599743032012   Elapsed: 447.5s (7m 27s)  43% completed  (21% total)
     Speed:     ev/sec=14115.7   simsec/sec=0.353719   ev/simsec=39906.6
     Messages:  created: 6037923   present: 1821   in FES: 200
** Event #6390784   t=216.589744041604   Elapsed: 449.543s (7m 29s)  43% completed  (21% total)
     Speed:     ev/sec=15784.4   simsec/sec=0.484455   ev/simsec=32581.8
     Messages:  created: 6070016   present: 1833   in FES: 203
** Event #6420992   t=217.570525211118   Elapsed: 451.573s (7m 31s)  43% completed  (21% total)
     Speed:     ev/sec=14881.2   simsec/sec=0.483156   ev/simsec=30799.9
     Messages:  created: 6099199   present: 1693   in FES: 156
** Event #6452480   t=218.572457743423   Elapsed: 453.599s (7m 33s)  43% completed  (21% total)
     Speed:     ev/sec=15544.8   simsec/sec=0.494629   ev/simsec=31427.3
     Messages:  created: 6129754   present: 1781   in FES: 186
** Event #6483968   t=219.580513137162   Elapsed: 455.601s (7m 35s)  43% completed  (21% total)
     Speed:     ev/sec=15726.4   simsec/sec=0.503464   ev/simsec=31236.4
     Messages:  created: 6160335   present: 1688   in FES: 157
** Event #6514944   t=220.554875143305   Elapsed: 457.637s (7m 37s)  44% completed  (22% total)
     Speed:     ev/sec=15217.4   simsec/sec=0.478668   ev/simsec=31791.1
     Messages:  created: 6190478   present: 1699   in FES: 160
** Event #6546432   t=221.564288072897   Elapsed: 459.662s (7m 39s)  44% completed  (22% total)
     Speed:     ev/sec=15545.6   simsec/sec=0.498348   ev/simsec=31194.4
     Messages:  created: 6221212   present: 1766   in FES: 183
** Event #6577408   t=222.552337336026   Elapsed: 461.677s (7m 41s)  44% completed  (22% total)
     Speed:     ev/sec=15371.6   simsec/sec=0.490312   ev/simsec=31350.7
     Messages:  created: 6251426   present: 1835   in FES: 207
** Event #6608384   t=223.55079117344   Elapsed: 463.715s (7m 43s)  44% completed  (22% total)
     Speed:     ev/sec=15199.9   simsec/sec=0.489941   ev/simsec=31024
     Messages:  created: 6281640   present: 1939   in FES: 256
** Event #6640384   t=224.558873205974   Elapsed: 465.726s (7m 45s)  44% completed  (22% total)
     Speed:     ev/sec=15911.2   simsec/sec=0.501243   ev/simsec=31743.4
     Messages:  created: 6312661   present: 1825   in FES: 202
** Event #6672640   t=225.545906346028   Elapsed: 467.73s (7m 47s)  45% completed  (22% total)
     Speed:     ev/sec=16094.6   simsec/sec=0.492495   ev/simsec=32679.8
     Messages:  created: 6345021   present: 1776   in FES: 183
** Event #6705152   t=226.548511324994   Elapsed: 469.77s (7m 49s)  45% completed  (22% total)
     Speed:     ev/sec=15937.4   simsec/sec=0.491477   ev/simsec=32427.5
     Messages:  created: 6377299   present: 1815   in FES: 194
** Event #6737920   t=227.561180387316   Elapsed: 471.792s (7m 51s)  45% completed  (22% total)
     Speed:     ev/sec=16211.2   simsec/sec=0.500993   ev/simsec=32358.1
     Messages:  created: 6409810   present: 1816   in FES: 197
** Event #6770176   t=228.559507050427   Elapsed: 473.809s (7m 53s)  45% completed  (22% total)
     Speed:     ev/sec=15990.7   simsec/sec=0.494913   ev/simsec=32310.1
     Messages:  created: 6442115   present: 1977   in FES: 249
** Event #6804480   t=229.571186801749   Elapsed: 475.821s (7m 55s)  45% completed  (22% total)
     Speed:     ev/sec=17051.5   simsec/sec=0.502876   ev/simsec=33908
     Messages:  created: 6477077   present: 1796   in FES: 191
** Event #6838528   t=230.580661290775   Elapsed: 477.853s (7m 57s)  46% completed  (23% total)
     Speed:     ev/sec=16754.2   simsec/sec=0.496738   ev/simsec=33728.4
     Messages:  created: 6512022   present: 1829   in FES: 202
** Event #6872576   t=231.578358122175   Elapsed: 479.869s (7m 59s)  46% completed  (23% total)
     Speed:     ev/sec=16890.6   simsec/sec=0.494941   ev/simsec=34126.6
     Messages:  created: 6546438   present: 1810   in FES: 197
** Event #6906112   t=232.580604832298   Elapsed: 481.888s (8m 01s)  46% completed  (23% total)
     Speed:     ev/sec=16610.5   simsec/sec=0.496416   ev/simsec=33460.8
     Messages:  created: 6580421   present: 1786   in FES: 187
** Event #6940928   t=233.594090686402   Elapsed: 483.924s (8m 03s)  46% completed  (23% total)
     Speed:     ev/sec=17100.3   simsec/sec=0.497785   ev/simsec=34352.7
     Messages:  created: 6616121   present: 1815   in FES: 194
** Event #6974208   t=234.597048145455   Elapsed: 485.95s (8m 05s)  46% completed  (23% total)
     Speed:     ev/sec=16426.7   simsec/sec=0.49505   ev/simsec=33181.9
     Messages:  created: 6649968   present: 1841   in FES: 206
** Event #7006976   t=235.597832580546   Elapsed: 487.972s (8m 07s)  47% completed  (23% total)
     Speed:     ev/sec=16204.1   simsec/sec=0.494898   ev/simsec=32742.3
     Messages:  created: 6683401   present: 1781   in FES: 182
** Event #7040256   t=236.603816216344   Elapsed: 489.972s (8m 09s)  47% completed  (23% total)
     Speed:     ev/sec=16638.4   simsec/sec=0.502944   ev/simsec=33082
     Messages:  created: 6717450   present: 1797   in FES: 192
** Event #7077632   t=237.95441227383   Elapsed: 491.972s (8m 11s)  47% completed  (23% total)
     Speed:     ev/sec=18687.9   simsec/sec=0.675294   ev/simsec=27673.7
     Messages:  created: 6756810   present: 1682   in FES: 156
** Event #7115008   t=239.032936643662   Elapsed: 493.973s (8m 13s)  47% completed  (23% total)
     Speed:     ev/sec=18678.3   simsec/sec=0.538983   ev/simsec=34654.8
     Messages:  created: 6794418   present: 1846   in FES: 205
** Event #7150080   t=240.061365203007   Elapsed: 495.983s (8m 15s)  48% completed  (24% total)
     Speed:     ev/sec=17446.5   simsec/sec=0.511589   ev/simsec=34102.5
     Messages:  created: 6829923   present: 1802   in FES: 206
** Event #7193856   t=241.508984276947   Elapsed: 497.985s (8m 17s)  48% completed  (24% total)
     Speed:     ev/sec=21871.1   simsec/sec=0.72325   ev/simsec=30240
     Messages:  created: 6877030   present: 1815   in FES: 206
** Event #7229184   t=242.536748434687   Elapsed: 500.005s (8m 20s)  48% completed  (24% total)
     Speed:     ev/sec=17490.2   simsec/sec=0.508825   ev/simsec=34373.6
     Messages:  created: 6912982   present: 1780   in FES: 185
** Event #7266304   t=243.540275763617   Elapsed: 502.015s (8m 22s)  48% completed  (24% total)
     Speed:     ev/sec=18467.3   simsec/sec=0.499257   ev/simsec=36989.5
     Messages:  created: 6952017   present: 1800   in FES: 189
** Event #7303424   t=244.539412732577   Elapsed: 504.015s (8m 24s)  48% completed  (24% total)
     Speed:     ev/sec=18555.1   simsec/sec=0.499436   ev/simsec=37152.1
     Messages:  created: 6990864   present: 1811   in FES: 194
** Event #7336960   t=245.541503126891   Elapsed: 506.035s (8m 26s)  49% completed  (24% total)
     Speed:     ev/sec=16605.5   simsec/sec=0.496191   ev/simsec=33466
     Messages:  created: 7024859   present: 1715   in FES: 158
** Event #7369216   t=246.55379018704   Elapsed: 508.08s (8m 28s)  49% completed  (24% total)
     Speed:     ev/sec=15775.7   simsec/sec=0.495089   ev/simsec=31864.5
     Messages:  created: 7057247   present: 1790   in FES: 206
** Event #7401984   t=247.571488990637   Elapsed: 510.086s (8m 30s)  49% completed  (24% total)
     Speed:     ev/sec=16332.5   simsec/sec=0.507249   ev/simsec=32198.1
     Messages:  created: 7089845   present: 1740   in FES: 173
** Event #7434752   t=248.577283647937   Elapsed: 512.12s (8m 32s)  49% completed  (24% total)
     Speed:     ev/sec=16113.5   simsec/sec=0.494595   ev/simsec=32579.2
     Messages:  created: 7122428   present: 1809   in FES: 196
** Event #7466240   t=249.570035553252   Elapsed: 514.16s (8m 34s)  49% completed  (24% total)
     Speed:     ev/sec=15434.8   simsec/sec=0.486627   ev/simsec=31717.9
     Messages:  created: 7153562   present: 1688   in FES: 159
** Event #7498240   t=250.555262337254   Elapsed: 516.186s (8m 36s)  50% completed  (25% total)
     Speed:     ev/sec=15790.7   simsec/sec=0.48617   ev/simsec=32479.8
     Messages:  created: 7185424   present: 1780   in FES: 187
** Event #7530496   t=251.544100062669   Elapsed: 518.214s (8m 38s)  50% completed  (25% total)
     Speed:     ev/sec=15909.7   simsec/sec=0.487728   ev/simsec=32620.1
     Messages:  created: 7217921   present: 1840   in FES: 203
** Event #7563008   t=252.544948746741   Elapsed: 520.228s (8m 40s)  50% completed  (25% total)
     Speed:     ev/sec=16141.5   simsec/sec=0.496899   ev/simsec=32484.4
     Messages:  created: 7250744   present: 1821   in FES: 200
** Event #7595520   t=253.541344196228   Elapsed: 522.246s (8m 42s)  50% completed  (25% total)
     Speed:     ev/sec=16110.9   simsec/sec=0.49375   ev/simsec=32629.6
     Messages:  created: 7283734   present: 1802   in FES: 193
** Event #7628544   t=254.533205366158   Elapsed: 524.246s (8m 44s)  50% completed  (25% total)
     Speed:     ev/sec=16506.4   simsec/sec=0.495761   ev/simsec=33295
     Messages:  created: 7317048   present: 1822   in FES: 206
** Event #7662336   t=255.536695014996   Elapsed: 526.263s (8m 46s)  51% completed  (25% total)
     Speed:     ev/sec=16754.9   simsec/sec=0.497553   ev/simsec=33674.5
     Messages:  created: 7351215   present: 1807   in FES: 206
** Event #7696896   t=256.553196179279   Elapsed: 528.291s (8m 48s)  51% completed  (25% total)
     Speed:     ev/sec=17044.5   simsec/sec=0.501324   ev/simsec=33999
     Messages:  created: 7386255   present: 1791   in FES: 206
** Event #7730944   t=257.542486208027   Elapsed: 530.323s (8m 50s)  51% completed  (25% total)
     Speed:     ev/sec=16751.7   simsec/sec=0.486732   ev/simsec=34416.6
     Messages:  created: 7420082   present: 1762   in FES: 179
** Event #7764992   t=258.552498131822   Elapsed: 532.351s (8m 52s)  51% completed  (25% total)
     Speed:     ev/sec=16795.4   simsec/sec=0.498225   ev/simsec=33710.5
     Messages:  created: 7454183   present: 1786   in FES: 189
** Event #7799808   t=259.585584212488   Elapsed: 534.371s (8m 54s)  51% completed  (25% total)
     Speed:     ev/sec=17233.5   simsec/sec=0.511366   ev/simsec=33701
     Messages:  created: 7489491   present: 1971   in FES: 256
** Event #7835904   t=260.599850653531   Elapsed: 536.398s (8m 56s)  52% completed  (26% total)
     Speed:     ev/sec=17803.4   simsec/sec=0.500261   ev/simsec=35588.3
     Messages:  created: 7525830   present: 1779   in FES: 184
** Event #7869952   t=261.610126656803   Elapsed: 538.421s (8m 58s)  52% completed  (26% total)
     Speed:     ev/sec=16836.9   simsec/sec=0.499587   ev/simsec=33701.7
     Messages:  created: 7559946   present: 1702   in FES: 161
** Event #7913728   t=263.028941732737   Elapsed: 540.421s (9m 00s)  52% completed  (26% total)
     Speed:     ev/sec=21879.3   simsec/sec=0.709127   ev/simsec=30853.9
     Messages:  created: 7605636   present: 1768   in FES: 181
** Event #7953152   t=264.04418609897   Elapsed: 542.424s (9m 02s)  52% completed  (26% total)
     Speed:     ev/sec=19683.9   simsec/sec=0.506898   ev/simsec=38832
     Messages:  created: 7646297   present: 1801   in FES: 194
** Event #7998208   t=265.391764704651   Elapsed: 544.425s (9m 04s)  53% completed  (26% total)
     Speed:     ev/sec=22517.5   simsec/sec=0.673474   ev/simsec=33434.8
     Messages:  created: 7692465   present: 1803   in FES: 231
** Event #8036352   t=266.516368488953   Elapsed: 546.431s (9m 06s)  53% completed  (26% total)
     Speed:     ev/sec=19011.7   simsec/sec=0.560525   ev/simsec=33917.7
     Messages:  created: 7731901   present: 1798   in FES: 206
** Event #8071936   t=267.516658208526   Elapsed: 548.455s (9m 08s)  53% completed  (26% total)
     Speed:     ev/sec=17584.6   simsec/sec=0.494316   ev/simsec=35573.7
     Messages:  created: 7768075   present: 1840   in FES: 206
** Event #8107008   t=268.516783237193   Elapsed: 550.479s (9m 10s)  53% completed  (26% total)
     Speed:     ev/sec=17326.7   simsec/sec=0.494094   ev/simsec=35067.6
     Messages:  created: 7803659   present: 1759   in FES: 178
** Event #8142848   t=269.51777978621   Elapsed: 552.491s (9m 12s)  53% completed  (26% total)
     Speed:     ev/sec=17811.6   simsec/sec=0.497471   ev/simsec=35804.3
     Messages:  created: 7839871   present: 1721   in FES: 164
** Event #8179200   t=270.538483694435   Elapsed: 554.516s (9m 14s)  54% completed  (27% total)
     Speed:     ev/sec=17951.2   simsec/sec=0.504041   ev/simsec=35614.6
     Messages:  created: 7876661   present: 1840   in FES: 205
** Event #8215040   t=271.541529147256   Elapsed: 556.551s (9m 16s)  54% completed  (27% total)
     Speed:     ev/sec=17614.2   simsec/sec=0.492963   ev/simsec=35731.2
     Messages:  created: 7912829   present: 1812   in FES: 197
** Event #8251904   t=272.55152137261   Elapsed: 558.585s (9m 18s)  54% completed  (27% total)
     Speed:     ev/sec=18125.7   simsec/sec=0.496604   ev/simsec=36499.3
     Messages:  created: 7950244   present: 1814   in FES: 195
** Event #8288256   t=273.56699348374   Elapsed: 560.606s (9m 20s)  54% completed  (27% total)
     Speed:     ev/sec=17983.5   simsec/sec=0.502359   ev/simsec=35798.1
     Messages:  created: 7987171   present: 1827   in FES: 202
** Event #8325376   t=274.588695095444   Elapsed: 562.622s (9m 22s)  54% completed  (27% total)
     Speed:     ev/sec=18416   simsec/sec=0.506887   ev/simsec=36331.5
     Messages:  created: 8024972   present: 1797   in FES: 207
** Event #8360960   t=275.603849724295   Elapsed: 564.627s (9m 24s)  55% completed  (27% total)
     Speed:     ev/sec=17747.8   simsec/sec=0.506317   ev/simsec=35052.8
     Messages:  created: 8060698   present: 1833   in FES: 204
** Event #8399360   t=276.955491933552   Elapsed: 566.63s (9m 26s)  55% completed  (27% total)
     Speed:     ev/sec=19166.4   simsec/sec=0.674639   ev/simsec=28409.9
     Messages:  created: 8100332   present: 1833   in FES: 207
** Event #8439552   t=278.038390149122   Elapsed: 568.636s (9m 28s)  55% completed  (27% total)
     Speed:     ev/sec=20043.8   simsec/sec=0.540044   ev/simsec=37115.2
     Messages:  created: 8140211   present: 1792   in FES: 189
** Event #8481792   t=279.149351219146   Elapsed: 570.637s (9m 30s)  55% completed  (27% total)
     Speed:     ev/sec=21102.4   simsec/sec=0.555018   ev/simsec=38021.1
     Messages:  created: 8182046   present: 1844   in FES: 206
** Event #8519424   t=280.510300037027   Elapsed: 572.652s (9m 32s)  56% completed  (28% total)
     Speed:     ev/sec=18679   simsec/sec=0.675521   ev/simsec=27651.3
     Messages:  created: 8220859   present: 1793   in FES: 192
** Event #8555264   t=281.533064235277   Elapsed: 574.672s (9m 34s)  56% completed  (28% total)
     Speed:     ev/sec=17742.1   simsec/sec=0.506304   ev/simsec=35042.3
     Messages:  created: 8256192   present: 1717   in FES: 164
** Event #8591104   t=282.563747468112   Elapsed: 576.687s (9m 36s)  56% completed  (28% total)
     Speed:     ev/sec=17784.7   simsec/sec=0.511452   ev/simsec=34773.1
     Messages:  created: 8291633   present: 1789   in FES: 190
** Event #8625664   t=283.587292596519   Elapsed: 578.701s (9m 38s)  56% completed  (28% total)
     Speed:     ev/sec=17162.7   simsec/sec=0.508297   ev/simsec=33765
     Messages:  created: 8325947   present: 1787   in FES: 188
** Event #8675072   t=285.122660079534   Elapsed: 580.701s (9m 40s)  57% completed  (28% total)
     Speed:     ev/sec=24699.8   simsec/sec=0.767554   ev/simsec=32179.9
     Messages:  created: 8375594   present: 1681   in FES: 155
** Event #8715264   t=286.542683658531   Elapsed: 582.709s (9m 42s)  57% completed  (28% total)
     Speed:     ev/sec=20021.2   simsec/sec=0.70737   ev/simsec=28303.8
     Messages:  created: 8416639   present: 1785   in FES: 188
** Event #8752896   t=287.588397435679   Elapsed: 584.71s (9m 44s)  57% completed  (28% total)
     Speed:     ev/sec=18805   simsec/sec=0.522552   ev/simsec=35986.9
     Messages:  created: 8453738   present: 1846   in FES: 237
** Event #8805376   t=289.391799849106   Elapsed: 586.713s (9m 46s)  57% completed  (28% total)
     Speed:     ev/sec=26199.3   simsec/sec=0.900302   ev/simsec=29100.5
     Messages:  created: 8506800   present: 1719   in FES: 166
** Event #8844032   t=290.557796587827   Elapsed: 588.739s (9m 48s)  58% completed  (29% total)
     Speed:     ev/sec=19081   simsec/sec=0.575549   ev/simsec=33152.8
     Messages:  created: 8545297   present: 1837   in FES: 206
** Event #8883200   t=291.596840347721   Elapsed: 590.769s (9m 50s)  58% completed  (29% total)
     Speed:     ev/sec=19297.2   simsec/sec=0.511915   ev/simsec=37696.2
     Messages:  created: 8584253   present: 1784   in FES: 187
** Event #8936448   t=293.513289899733   Elapsed: 592.79s (9m 52s)  58% completed  (29% total)
     Speed:     ev/sec=26347.3   simsec/sec=0.948267   ev/simsec=27784.7
     Messages:  created: 8638469   present: 1698   in FES: 159
** Event #8973312   t=294.551014059432   Elapsed: 594.796s (9m 54s)  58% completed  (29% total)
     Speed:     ev/sec=18371.3   simsec/sec=0.517155   ev/simsec=35523.9
     Messages:  created: 8674923   present: 1798   in FES: 189
** Event #9017344   t=296.00896059737   Elapsed: 596.801s (9m 56s)  59% completed  (29% total)
     Speed:     ev/sec=21964.2   simsec/sec=0.727257   ev/simsec=30201.4
     Messages:  created: 8720315   present: 1748   in FES: 175
** Event #9066752   t=297.53506495988   Elapsed: 598.811s (9m 58s)  59% completed  (29% total)
     Speed:     ev/sec=24578.8   simsec/sec=0.759186   ev/simsec=32375.2
     Messages:  created: 8769697   present: 1791   in FES: 188
** Event #9104640   t=298.590935377175   Elapsed: 600.832s (10m 00s)  59% completed  (29% total)
     Speed:     ev/sec=18748.4   simsec/sec=0.522485   ev/simsec=35883.2
     Messages:  created: 8807490   present: 1757   in FES: 176
** Event #9163776   t=300.513284075447   Elapsed: 602.846s (10m 02s)  60% completed  (30% total)
     Speed:     ev/sec=29358.7   simsec/sec=0.95437   ev/simsec=30762.4
     Messages:  created: 8870159   present: 1786   in FES: 189
** Event #9201920   t=301.58165377458   Elapsed: 604.866s (10m 04s)  60% completed  (30% total)
     Speed:     ev/sec=18883.3   simsec/sec=0.528899   ev/simsec=35703
     Messages:  created: 8907649   present: 1822   in FES: 201
** Event #9254656   t=303.387636208875   Elapsed: 606.867s (10m 06s)  60% completed  (30% total)
     Speed:     ev/sec=26357   simsec/sec=0.902615   ev/simsec=29200.7
     Messages:  created: 8961324   present: 1736   in FES: 188
** Event #9294336   t=304.557575165266   Elapsed: 608.879s (10m 08s)  60% completed  (30% total)
     Speed:     ev/sec=19721.9   simsec/sec=0.581488   ev/simsec=33916.3
     Messages:  created: 9001067   present: 1817   in FES: 200
** Event #9341696   t=306.064091529437   Elapsed: 610.885s (10m 10s)  61% completed  (30% total)
     Speed:     ev/sec=23605.7   simsec/sec=0.750895   ev/simsec=31436.8
     Messages:  created: 9048756   present: 1785   in FES: 188
** Event #9386496   t=307.532894524887   Elapsed: 612.912s (10m 12s)  61% completed  (30% total)
     Speed:     ev/sec=22103.7   simsec/sec=0.724686   ev/simsec=30501
     Messages:  created: 9093739   present: 1690   in FES: 157
** Event #9423872   t=308.580860453765   Elapsed: 614.923s (10m 14s)  61% completed  (30% total)
     Speed:     ev/sec=18587.9   simsec/sec=0.521177   ev/simsec=35665.3
     Messages:  created: 9130491   present: 1750   in FES: 177
** Event #9470976   t=310.073528326017   Elapsed: 616.928s (10m 16s)  62% completed  (31% total)
     Speed:     ev/sec=23490.9   simsec/sec=0.744399   ev/simsec=31556.9
     Messages:  created: 9177647   present: 1814   in FES: 206
** Event #9514752   t=311.528670232587   Elapsed: 618.934s (10m 18s)  62% completed  (31% total)
     Speed:     ev/sec=21827.6   simsec/sec=0.725564   ev/simsec=30083.7
     Messages:  created: 9221708   present: 1834   in FES: 203
** Event #9552384   t=312.547317227522   Elapsed: 620.938s (10m 20s)  62% completed  (31% total)
     Speed:     ev/sec=18776.5   simsec/sec=0.508255   ev/simsec=36943.1
     Messages:  created: 9259084   present: 1827   in FES: 198
** Event #9591808   t=313.587678707621   Elapsed: 622.942s (10m 22s)  62% completed  (31% total)
     Speed:     ev/sec=19672.8   simsec/sec=0.519147   ev/simsec=37894.5
     Messages:  created: 9299377   present: 1824   in FES: 206
** Event #9638912   t=315.044185338457   Elapsed: 624.943s (10m 24s)  63% completed  (31% total)
     Speed:     ev/sec=23533.1   simsec/sec=0.727668   ev/simsec=32340.4
     Messages:  created: 9347641   present: 1828   in FES: 203
** Event #9686528   t=316.455329575616   Elapsed: 626.947s (10m 26s)  63% completed  (31% total)
     Speed:     ev/sec=23769.8   simsec/sec=0.704439   ev/simsec=33742.8
     Messages:  created: 9396637   present: 1792   in FES: 207
** Event #9725184   t=317.527671216102   Elapsed: 628.956s (10m 28s)  63% completed  (31% total)
     Speed:     ev/sec=19240.7   simsec/sec=0.53375   ev/simsec=36048.2
     Messages:  created: 9435487   present: 1772   in FES: 185
** Event #9764864   t=318.567279751368   Elapsed: 630.966s (10m 30s)  63% completed  (31% total)
     Speed:     ev/sec=19742.5   simsec/sec=0.517249   ev/simsec=38168.2
     Messages:  created: 9475745   present: 1800   in FES: 195
** Event #9804288   t=319.604119056275   Elapsed: 632.989s (10m 32s)  63% completed  (31% total)
     Speed:     ev/sec=19486.2   simsec/sec=0.512482   ev/simsec=38023.2
     Messages:  created: 9515548   present: 1744   in FES: 175
** Event #9861120   t=321.514519826426   Elapsed: 635.012s (10m 35s)  64% completed  (32% total)
     Speed:     ev/sec=28095.6   simsec/sec=0.94443   ev/simsec=29748.7
     Messages:  created: 9574615   present: 1808   in FES: 206
** Event #9899008   t=322.54732509995   Elapsed: 637.024s (10m 37s)  64% completed  (32% total)
     Speed:     ev/sec=18826.6   simsec/sec=0.513203   ev/simsec=36684.6
     Messages:  created: 9612402   present: 1824   in FES: 197
** Event #9937920   t=323.577820766464   Elapsed: 639.03s (10m 39s)  64% completed  (32% total)
     Speed:     ev/sec=19402.7   simsec/sec=0.513838   ev/simsec=37760.5
     Messages:  created: 9651411   present: 1780   in FES: 187
** Event #9980416   t=325.00019193224   Elapsed: 641.033s (10m 41s)  65% completed  (32% total)
     Speed:     ev/sec=21212.1   simsec/sec=0.709983   ev/simsec=29876.9
     Messages:  created: 9695330   present: 1789   in FES: 192
** Event #10032896   t=326.518117332888   Elapsed: 643.045s (10m 43s)  65% completed  (32% total)
     Speed:     ev/sec=26087.8   simsec/sec=0.754559   ev/simsec=34573.5
     Messages:  created: 9748048   present: 1693   in FES: 158
** Event #10076160   t=327.541392224817   Elapsed: 645.049s (10m 45s)  65% completed  (32% total)
     Speed:     ev/sec=21580   simsec/sec=0.510407   ev/simsec=42279.9
     Messages:  created: 9793286   present: 1825   in FES: 206
** Event #10116096   t=328.601602067146   Elapsed: 647.076s (10m 47s)  65% completed  (32% total)
     Speed:     ev/sec=19703.7   simsec/sec=0.523088   ev/simsec=37668
     Messages:  created: 9833794   present: 1818   in FES: 199
** Event #10178048   t=330.153290226566   Elapsed: 649.077s (10m 49s)  66% completed  (33% total)
     Speed:     ev/sec=30966.5   simsec/sec=0.775607   ev/simsec=39925.5
     Messages:  created: 9900659   present: 1791   in FES: 180
** Event #10240256   t=331.528646961324   Elapsed: 651.092s (10m 51s)  66% completed  (33% total)
     Speed:     ev/sec=30864.8   simsec/sec=0.682389   ev/simsec=45230.4
     Messages:  created: 9974269   present: 1832   in FES: 203
** Event #10281216   t=332.562697381531   Elapsed: 653.108s (10m 53s)  66% completed  (33% total)
     Speed:     ev/sec=20320.5   simsec/sec=0.512997   ev/simsec=39611.2
     Messages:  created: 10015954   present: 1700   in FES: 159
** Event #10327808   t=334.0136586671   Elapsed: 655.108s (10m 55s)  66% completed  (33% total)
     Speed:     ev/sec=23294.6   simsec/sec=0.725436   ev/simsec=32111.1
     Messages:  created: 10065680   present: 1837   in FES: 206
** Event #10381568   t=335.536814711466   Elapsed: 657.114s (10m 57s)  67% completed  (33% total)
     Speed:     ev/sec=26806.2   simsec/sec=0.759487   ev/simsec=35295.1
     Messages:  created: 10121618   present: 1804   in FES: 206
** Event #10423040   t=336.597358730427   Elapsed: 659.119s (10m 59s)  67% completed  (33% total)
     Speed:     ev/sec=20686   simsec/sec=0.528993   ev/simsec=39104.5
     Messages:  created: 10164627   present: 1804   in FES: 193
** Event #10482944   t=338.524036228844   Elapsed: 661.138s (11m 01s)  67% completed  (33% total)
     Speed:     ev/sec=29664.1   simsec/sec=0.954078   ev/simsec=31091.9
     Messages:  created: 10228716   present: 1790   in FES: 191
** Event #10524928   t=339.595551072564   Elapsed: 663.157s (11m 03s)  67% completed  (33% total)
     Speed:     ev/sec=20797   simsec/sec=0.530781   ev/simsec=39181.9
     Messages:  created: 10271803   present: 1798   in FES: 189
** Event #10584832   t=341.522030607982   Elapsed: 665.164s (11m 05s)  68% completed  (34% total)
     Speed:     ev/sec=29846.3   simsec/sec=0.95984   ev/simsec=31095.1
     Messages:  created: 10336050   present: 1823   in FES: 202
** Event #10626560   t=342.588132439387   Elapsed: 667.177s (11m 07s)  68% completed  (34% total)
     Speed:     ev/sec=20722.7   simsec/sec=0.52944   ev/simsec=39140.7
     Messages:  created: 10378906   present: 1816   in FES: 206
** Event #10687488   t=344.522805556947   Elapsed: 669.19s (11m 09s)  68% completed  (34% total)
     Speed:     ev/sec=30279.5   simsec/sec=0.961479   ev/simsec=31492.7
     Messages:  created: 10444126   present: 1828   in FES: 203
** Event #10728704   t=345.572706501236   Elapsed: 671.207s (11m 11s)  69% completed  (34% total)
     Speed:     ev/sec=20429.1   simsec/sec=0.520394   ev/simsec=39257
     Messages:  created: 10486050   present: 1775   in FES: 184
** Event #10783232   t=347.137680656344   Elapsed: 673.211s (11m 13s)  69% completed  (34% total)
     Speed:     ev/sec=27214.8   simsec/sec=0.781075   ev/simsec=34842.7
     Messages:  created: 10542267   present: 1781   in FES: 188
** Event #10827264   t=348.550501460473   Elapsed: 675.221s (11m 15s)  69% completed  (34% total)
     Speed:     ev/sec=21909.5   simsec/sec=0.702995   ev/simsec=31166
     Messages:  created: 10588838   present: 1823   in FES: 198
** Event #10866432   t=349.595799391612   Elapsed: 677.231s (11m 17s)  69% completed  (34% total)
     Speed:     ev/sec=19477.6   simsec/sec=0.519809   ev/simsec=37470.7
     Messages:  created: 10628519   present: 1779   in FES: 182
** Event #10926336   t=351.516744390645   Elapsed: 679.258s (11m 19s)  70% completed  (35% total)
     Speed:     ev/sec=29560.8   simsec/sec=0.947927   ev/simsec=31184.7
     Messages:  created: 10692489   present: 1823   in FES: 202
** Event #10967040   t=352.553791992168   Elapsed: 681.281s (11m 21s)  70% completed  (35% total)
     Speed:     ev/sec=20117.6   simsec/sec=0.512551   ev/simsec=39249.9
     Messages:  created: 10734183   present: 1820   in FES: 206
** Event #11006464   t=353.593352222931   Elapsed: 683.295s (11m 23s)  70% completed  (35% total)
     Speed:     ev/sec=19579.3   simsec/sec=0.51628   ev/simsec=37923.7
     Messages:  created: 10773763   present: 1794   in FES: 187
** Event #11059712   t=355.137646136886   Elapsed: 685.299s (11m 25s)  71% completed  (35% total)
     Speed:     ev/sec=26574   simsec/sec=0.770698   ev/simsec=34480.5
     Messages:  created: 10827829   present: 1795   in FES: 231
** Event #11102720   t=356.541394076245   Elapsed: 687.315s (11m 27s)  71% completed  (35% total)
     Speed:     ev/sec=21330.6   simsec/sec=0.696213   ev/simsec=30638
     Messages:  created: 10872617   present: 1752   in FES: 177
** Event #11140096   t=357.559735424995   Elapsed: 689.323s (11m 29s)  71% completed  (35% total)
     Speed:     ev/sec=18608.5   simsec/sec=0.507005   ev/simsec=36702.8
     Messages:  created: 10909471   present: 1810   in FES: 206
** Event #11182080   t=359.001629082437   Elapsed: 691.326s (11m 31s)  71% completed  (35% total)
     Speed:     ev/sec=20967.9   simsec/sec=0.720119   ev/simsec=29117.3
     Messages:  created: 10952660   present: 1821   in FES: 202
** Event #11233792   t=360.508303904632   Elapsed: 693.355s (11m 33s)  72% completed  (36% total)
     Speed:     ev/sec=25479.5   simsec/sec=0.742366   ev/simsec=34321.9
     Messages:  created: 11004257   present: 1802   in FES: 195
** Event #11270400   t=361.522687901914   Elapsed: 695.357s (11m 35s)  72% completed  (36% total)
     Speed:     ev/sec=18283.3   simsec/sec=0.506617   ev/simsec=36088.9
     Messages:  created: 11040091   present: 1722   in FES: 167
** Event #11307264   t=362.535241846348   Elapsed: 697.376s (11m 37s)  72% completed  (36% total)
     Speed:     ev/sec=18266.8   simsec/sec=0.50174   ev/simsec=36406.9
     Messages:  created: 11076338   present: 1707   in FES: 158
** Event #11344128   t=363.558755871174   Elapsed: 699.402s (11m 39s)  72% completed  (36% total)
     Speed:     ev/sec=18189.8   simsec/sec=0.505032   ev/simsec=36017.1
     Messages:  created: 11112520   present: 1790   in FES: 191
** Event #11380992   t=364.582712978082   Elapsed: 701.407s (11m 41s)  72% completed  (36% total)
     Speed:     ev/sec=18390.6   simsec/sec=0.510829   ev/simsec=36001.5
     Messages:  created: 11148820   present: 1821   in FES: 206
** Event #11418368   t=365.61090983443   Elapsed: 703.414s (11m 43s)  73% completed  (36% total)
     Speed:     ev/sec=18624   simsec/sec=0.512337   ev/simsec=36351
     Messages:  created: 11185827   present: 1807   in FES: 196
** Event #11471616   t=367.142371482042   Elapsed: 705.418s (11m 45s)  73% completed  (36% total)
     Speed:     ev/sec=26561.5   simsec/sec=0.763934   ev/simsec=34769.4
     Messages:  created: 11239753   present: 1737   in FES: 207
** Event #11514880   t=368.523656923884   Elapsed: 707.424s (11m 47s)  73% completed  (36% total)
     Speed:     ev/sec=21574.5   simsec/sec=0.688808   ev/simsec=31321.5
     Messages:  created: 11285191   present: 1812   in FES: 206
** Event #11554048   t=369.536578178144   Elapsed: 709.439s (11m 49s)  73% completed  (36% total)
     Speed:     ev/sec=19438.3   simsec/sec=0.502691   ev/simsec=38668.4
     Messages:  created: 11325084   present: 1789   in FES: 186
** Event #11595520   t=370.582819446581   Elapsed: 711.446s (11m 51s)  74% completed  (37% total)
     Speed:     ev/sec=20658.4   simsec/sec=0.521162   ev/simsec=39639
     Messages:  created: 11368032   present: 1982   in FES: 254
** Event #11638784   t=371.598780809755   Elapsed: 713.446s (11m 53s)  74% completed  (37% total)
     Speed:     ev/sec=21628.3   simsec/sec=0.507893   ev/simsec=42584.3
     Messages:  created: 11413379   present: 1787   in FES: 188
** Event #11691008   t=373.078252170381   Elapsed: 715.45s (11m 55s)  74% completed  (37% total)
     Speed:     ev/sec=26069.1   simsec/sec=0.738519   ev/simsec=35299.1
     Messages:  created: 11467449   present: 1809   in FES: 206
** Event #11738624   t=374.515145591966   Elapsed: 717.47s (11m 57s)  74% completed  (37% total)
     Speed:     ev/sec=23566.5   simsec/sec=0.711158   ev/simsec=33138.2
     Messages:  created: 11517959   present: 1738   in FES: 173
** Event #11779328   t=375.534955499259   Elapsed: 719.479s (11m 59s)  75% completed  (37% total)
     Speed:     ev/sec=20259.4   simsec/sec=0.507585   ev/simsec=39913.3
     Messages:  created: 11559630   present: 1782   in FES: 185
** Event #11820032   t=376.556735480765   Elapsed: 721.502s (12m 01s)  75% completed  (37% total)
     Speed:     ev/sec=20127.2   simsec/sec=0.505246   ev/simsec=39836.4
     Messages:  created: 11601400   present: 1805   in FES: 206
** Event #11864832   t=377.586650776565   Elapsed: 723.525s (12m 03s)  75% completed  (37% total)
     Speed:     ev/sec=22144.1   simsec/sec=0.509075   ev/simsec=43498.7
     Messages:  created: 11648866   present: 1768   in FES: 181
** Event #11917312   t=379.037250734003   Elapsed: 725.526s (12m 05s)  75% completed  (37% total)
     Speed:     ev/sec=26227.5   simsec/sec=0.724955   ev/simsec=36178.1
     Messages:  created: 11705728   present: 1791   in FES: 188
** Event #11971840   t=380.515747051423   Elapsed: 727.526s (12m 07s)  76% completed  (38% total)
     Speed:     ev/sec=27256.7   simsec/sec=0.739049   ev/simsec=36880.7
     Messages:  created: 11763992   present: 1801   in FES: 192
** Event #12013824   t=381.551098182942   Elapsed: 729.535s (12m 09s)  76% completed  (38% total)
     Speed:     ev/sec=20903.2   simsec/sec=0.515486   ev/simsec=40550.5
     Messages:  created: 11807497   present: 1832   in FES: 206
** Event #12055296   t=382.605095645573   Elapsed: 731.54s (12m 11s)  76% completed  (38% total)
     Speed:     ev/sec=20679.2   simsec/sec=0.525554   ev/simsec=39347.3
     Messages:  created: 11850233   present: 1724   in FES: 167
** Event #12115712   t=384.508252477165   Elapsed: 733.542s (12m 13s)  76% completed  (38% total)
     Speed:     ev/sec=30182.8   simsec/sec=0.950785   ev/simsec=31745.2
     Messages:  created: 11914713   present: 1780   in FES: 189
** Event #12155648   t=385.548611619447   Elapsed: 735.547s (12m 15s)  77% completed  (38% total)
     Speed:     ev/sec=19917.4   simsec/sec=0.518861   ev/simsec=38386.7
     Messages:  created: 11955117   present: 1833   in FES: 206
** Event #12196608   t=386.601409672652   Elapsed: 737.556s (12m 17s)  77% completed  (38% total)
     Speed:     ev/sec=20385.1   simsec/sec=0.523961   ev/simsec=38905.8
     Messages:  created: 11996915   present: 1837   in FES: 204
** Event #12252416   t=388.512575296524   Elapsed: 739.569s (12m 19s)  77% completed  (38% total)
     Speed:     ev/sec=27730.8   simsec/sec=0.949652   ev/simsec=29201
     Messages:  created: 12055052   present: 1800   in FES: 206
** Event #12293120   t=389.568036850275   Elapsed: 741.574s (12m 21s)  77% completed  (38% total)
     Speed:     ev/sec=20295.4   simsec/sec=0.526264   ev/simsec=38565.1
     Messages:  created: 12096570   present: 1812   in FES: 206
** Event #12348160   t=391.088132132848   Elapsed: 743.577s (12m 23s)  78% completed  (39% total)
     Speed:     ev/sec=27478.5   simsec/sec=0.758901   ev/simsec=36208.3
     Messages:  created: 12153762   present: 1819   in FES: 206
** Event #12393728   t=392.548508081693   Elapsed: 745.59s (12m 25s)  78% completed  (39% total)
     Speed:     ev/sec=22642.9   simsec/sec=0.725665   ev/simsec=31202.9
     Messages:  created: 12201015   present: 1686   in FES: 157
** Event #12448512   t=394.141798696866   Elapsed: 747.591s (12m 27s)  78% completed  (39% total)
     Speed:     ev/sec=27383.9   simsec/sec=0.79641   ev/simsec=34384.2
     Messages:  created: 12257628   present: 1833   in FES: 204
** Event #12491520   t=395.571469909299   Elapsed: 749.595s (12m 29s)  79% completed  (39% total)
     Speed:     ev/sec=21459.8   simsec/sec=0.713367   ev/simsec=30082.4
     Messages:  created: 12301907   present: 1747   in FES: 176
** Event #12549632   t=397.517239908415   Elapsed: 751.603s (12m 31s)  79% completed  (39% total)
     Speed:     ev/sec=28932.3   simsec/sec=0.968744   ev/simsec=29865.8
     Messages:  created: 12362879   present: 1828   in FES: 202
** Event #12591616   t=398.608363420849   Elapsed: 753.618s (12m 33s)  79% completed  (39% total)
     Speed:     ev/sec=20832.7   simsec/sec=0.541422   ev/simsec=38477.8
     Messages:  created: 12405358   present: 1758   in FES: 179
** Event #12649472   t=400.554004477161   Elapsed: 755.634s (12m 35s)  80% completed  (40% total)
     Speed:     ev/sec=28705.2   simsec/sec=0.965328   ev/simsec=29736.2
     Messages:  created: 12465850   present: 1756   in FES: 177
** Event #12708864   t=402.519266075281   Elapsed: 757.638s (12m 37s)  80% completed  (40% total)
     Speed:     ev/sec=29630.2   simsec/sec=0.980454   ev/simsec=30220.9
     Messages:  created: 12528706   present: 1722   in FES: 165
** Event #12751104   t=403.601825904478   Elapsed: 759.639s (12m 39s)  80% completed  (40% total)
     Speed:     ev/sec=21116.5   simsec/sec=0.541189   ev/simsec=39018.6
     Messages:  created: 12571578   present: 1816   in FES: 199
** Event #12807936   t=405.558673170934   Elapsed: 761.652s (12m 41s)  81% completed  (40% total)
     Speed:     ev/sec=28232   simsec/sec=0.972089   ev/simsec=29042.6
     Messages:  created: 12630731   present: 1789   in FES: 206
** Event #12865536   t=407.521091965456   Elapsed: 763.67s (12m 43s)  81% completed  (40% total)
     Speed:     ev/sec=28535.2   simsec/sec=0.972188   ev/simsec=29351.5
     Messages:  created: 12690631   present: 1776   in FES: 187
** Event #12907520   t=408.637645843665   Elapsed: 765.681s (12m 45s)  81% completed  (40% total)
     Speed:     ev/sec=20879.7   simsec/sec=0.55529   ev/simsec=37601.4
     Messages:  created: 12733374   present: 1791   in FES: 245
** Event #12965120   t=410.540659492788   Elapsed: 767.691s (12m 47s)  82% completed  (41% total)
     Speed:     ev/sec=28661.3   simsec/sec=0.946923   ev/simsec=30267.8
     Messages:  created: 12794514   present: 1824   in FES: 201
** Event #13017344   t=412.08421267023   Elapsed: 769.692s (12m 49s)  82% completed  (41% total)
     Speed:     ev/sec=26097.5   simsec/sec=0.771348   ev/simsec=33833.6
     Messages:  created: 12848448   present: 1800   in FES: 191
** Event #13063936   t=413.578287385025   Elapsed: 771.709s (12m 51s)  82% completed  (41% total)
     Speed:     ev/sec=23102.6   simsec/sec=0.740836   ev/simsec=31184.5
     Messages:  created: 12897343   present: 1793   in FES: 206
** Event #13122304   t=415.536204126173   Elapsed: 773.737s (12m 53s)  83% completed  (41% total)
     Speed:     ev/sec=28778.7   simsec/sec=0.965361   ev/simsec=29811.3
     Messages:  created: 12958571   present: 1704   in FES: 157
** Event #13176832   t=417.141754963824   Elapsed: 775.739s (12m 55s)  83% completed  (41% total)
     Speed:     ev/sec=27230.8   simsec/sec=0.801799   ev/simsec=33962.2
     Messages:  created: 13014861   present: 1729   in FES: 193
** Event #13223680   t=418.596551201951   Elapsed: 777.751s (12m 57s)  83% completed  (41% total)
     Speed:     ev/sec=23288   simsec/sec=0.723176   ev/simsec=32202.4
     Messages:  created: 13064940   present: 1771   in FES: 178
** Event #13280768   t=420.531208815083   Elapsed: 779.773s (12m 59s)  84% completed  (42% total)
     Speed:     ev/sec=28228.9   simsec/sec=0.95665   ev/simsec=29508.1
     Messages:  created: 13124647   present: 1739   in FES: 172
** Event #13323264   t=421.604417245161   Elapsed: 781.778s (13m 01s)  84% completed  (42% total)
     Speed:     ev/sec=21195.1   simsec/sec=0.535269   ev/simsec=39597.2
     Messages:  created: 13168526   present: 1820   in FES: 206
** Event #13383168   t=423.533642421418   Elapsed: 783.786s (13m 03s)  84% completed  (42% total)
     Speed:     ev/sec=29840.5   simsec/sec=0.96102   ev/simsec=31050.8
     Messages:  created: 13232512   present: 1840   in FES: 205
** Event #13427968   t=424.891767290568   Elapsed: 785.788s (13m 05s)  84% completed  (42% total)
     Speed:     ev/sec=22369.3   simsec/sec=0.678131   ev/simsec=32986.7
     Messages:  created: 13279517   present: 1837   in FES: 225
** Event #13483520   t=426.5463783792   Elapsed: 787.789s (13m 07s)  85% completed  (42% total)
     Speed:     ev/sec=27771.6   simsec/sec=0.827174   ev/simsec=33574.1
     Messages:  created: 13337287   present: 1795   in FES: 190
** Event #13529856   t=428.013709546478   Elapsed: 789.789s (13m 09s)  85% completed  (42% total)
     Speed:     ev/sec=23160.6   simsec/sec=0.733433   ev/simsec=31578.4
     Messages:  created: 13386062   present: 1834   in FES: 205
** Event #13585664   t=429.54002997916   Elapsed: 791.793s (13m 11s)  85% completed  (42% total)
     Speed:     ev/sec=27847.7   simsec/sec=0.761619   ev/simsec=36563.8
     Messages:  created: 13444583   present: 1743   in FES: 172
** Event #13635072   t=431.004959521517   Elapsed: 793.799s (13m 13s)  86% completed  (43% total)
     Speed:     ev/sec=24636.1   simsec/sec=0.730453   ev/simsec=33727.2
     Messages:  created: 13498141   present: 1806   in FES: 195
** Event #13688832   t=432.539371520238   Elapsed: 795.814s (13m 15s)  86% completed  (43% total)
     Speed:     ev/sec=26673.6   simsec/sec=0.761314   ev/simsec=35036.2
     Messages:  created: 13553263   present: 1724   in FES: 163
** Event #13734400   t=434.000137668713   Elapsed: 797.818s (13m 17s)  86% completed  (43% total)
     Speed:     ev/sec=22742.9   simsec/sec=0.729067   ev/simsec=31194.6
     Messages:  created: 13601515   present: 1791   in FES: 206
** Event #13786880   t=435.54372388026   Elapsed: 799.824s (13m 19s)  87% completed  (43% total)
     Speed:     ev/sec=26167.2   simsec/sec=0.769653   ev/simsec=33998.7
     Messages:  created: 13654455   present: 1759   in FES: 178
** Event #13827584   t=436.647981928481   Elapsed: 801.825s (13m 21s)  87% completed  (43% total)
     Speed:     ev/sec=20339.9   simsec/sec=0.551801   ev/simsec=36860.9
     Messages:  created: 13695473   present: 1806   in FES: 195
** Event #13883392   t=438.535044941136   Elapsed: 803.849s (13m 23s)  87% completed  (43% total)
     Speed:     ev/sec=27569.5   simsec/sec=0.93222   ev/simsec=29574
     Messages:  created: 13752765   present: 1820   in FES: 197
** Event #13928192   t=440.004172435238   Elapsed: 805.853s (13m 25s)  88% completed  (44% total)
     Speed:     ev/sec=22359.9   simsec/sec=0.733248   ev/simsec=30494.3
     Messages:  created: 13799232   present: 1785   in FES: 188
** Event #13979648   t=441.536940144452   Elapsed: 807.867s (13m 27s)  88% completed  (44% total)
     Speed:     ev/sec=25539.6   simsec/sec=0.760771   ev/simsec=33570.6
     Messages:  created: 13851558   present: 1832   in FES: 206
** Event #14023680   t=442.898500060587   Elapsed: 809.868s (13m 29s)  88% completed  (44% total)
     Speed:     ev/sec=22010.9   simsec/sec=0.680622   ev/simsec=32339.4
     Messages:  created: 13897338   present: 1754   in FES: 175
** Event #14077184   t=444.536978127246   Elapsed: 811.883s (13m 31s)  88% completed  (44% total)
     Speed:     ev/sec=26548.1   simsec/sec=0.812996   ev/simsec=32654.7
     Messages:  created: 13951388   present: 1708   in FES: 159
** Event #14119936   t=445.898331963512   Elapsed: 813.886s (13m 33s)  89% completed  (44% total)
     Speed:     ev/sec=21351.4   simsec/sec=0.679894   ev/simsec=31404
     Messages:  created: 13995257   present: 1801   in FES: 206
** Event #14173184   t=447.53131973238   Elapsed: 815.903s (13m 35s)  89% completed  (44% total)
     Speed:     ev/sec=26393.1   simsec/sec=0.809413   ev/simsec=32607.7
     Messages:  created: 14049021   present: 1824   in FES: 199
** Event #14212864   t=448.637411704753   Elapsed: 817.916s (13m 37s)  89% completed  (44% total)
     Speed:     ev/sec=19712.3   simsec/sec=0.549486   ev/simsec=35874.1
     Messages:  created: 14088812   present: 1682   in FES: 156
** Event #14269184   t=450.529088234878   Elapsed: 819.934s (13m 39s)  90% completed  (45% total)
     Speed:     ev/sec=27911.3   simsec/sec=0.937485   ev/simsec=29772.5
     Messages:  created: 14147556   present: 1829   in FES: 202
** Event #14307584   t=451.586261576847   Elapsed: 821.943s (13m 41s)  90% completed  (45% total)
     Speed:     ev/sec=19110.1   simsec/sec=0.526112   ev/simsec=36323.3
     Messages:  created: 14185709   present: 1836   in FES: 207
** Event #14360832   t=453.141798204942   Elapsed: 823.945s (13m 43s)  90% completed  (45% total)
     Speed:     ev/sec=26595.3   simsec/sec=0.77693   ev/simsec=34231.3
     Messages:  created: 14239566   present: 1783   in FES: 194
** Event #14402048   t=454.520712940696   Elapsed: 825.966s (13m 45s)  90% completed  (45% total)
     Speed:     ev/sec=20393   simsec/sec=0.682265   ev/simsec=29890.2
     Messages:  created: 14281578   present: 1973   in FES: 256
** Event #14439680   t=455.542609382719   Elapsed: 827.988s (13m 47s)  91% completed  (45% total)
     Speed:     ev/sec=18612.1   simsec/sec=0.505411   ev/simsec=36825.6
     Messages:  created: 14318628   present: 1831   in FES: 206
** Event #14476544   t=456.576148890365   Elapsed: 830.005s (13m 50s)  91% completed  (45% total)
     Speed:     ev/sec=18281.7   simsec/sec=0.512556   ev/simsec=35667.7
     Messages:  created: 14354584   present: 1686   in FES: 157
** Event #14513664   t=457.5859842316   Elapsed: 832.033s (13m 52s)  91% completed  (45% total)
     Speed:     ev/sec=18306   simsec/sec=0.498007   ev/simsec=36758.5
     Messages:  created: 14391346   present: 1770   in FES: 181
** Event #14550272   t=458.637635139201   Elapsed: 834.041s (13m 54s)  91% completed  (45% total)
     Speed:     ev/sec=18231.5   simsec/sec=0.523743   ev/simsec=34810
     Messages:  created: 14427282   present: 1761   in FES: 208
** Event #14594560   t=460.032882246072   Elapsed: 836.042s (13m 56s)  92% completed  (46% total)
     Speed:     ev/sec=22132.3   simsec/sec=0.697256   ev/simsec=31742
     Messages:  created: 14471992   present: 1700   in FES: 157
** Event #14631424   t=461.044132720837   Elapsed: 838.045s (13m 58s)  92% completed  (46% total)
     Speed:     ev/sec=18399.6   simsec/sec=0.504737   ev/simsec=36453.9
     Messages:  created: 14507881   present: 1832   in FES: 206
** Event #14670848   t=462.079659138737   Elapsed: 840.048s (14m 00s)  92% completed  (46% total)
     Speed:     ev/sec=19686.6   simsec/sec=0.517097   ev/simsec=38071.5
     Messages:  created: 14546183   present: 1836   in FES: 206
** Event #14706176   t=463.076552244813   Elapsed: 842.051s (14m 02s)  92% completed  (46% total)
     Speed:     ev/sec=17636.5   simsec/sec=0.49767   ev/simsec=35438.1
     Messages:  created: 14580832   present: 1808   in FES: 195
** Event #14743296   t=464.092973398475   Elapsed: 844.055s (14m 04s)  92% completed  (46% total)
     Speed:     ev/sec=18518.8   simsec/sec=0.507084   ev/simsec=36520.3
     Messages:  created: 14616585   present: 1822   in FES: 206
** Event #14779904   t=465.204412548522   Elapsed: 846.058s (14m 06s)  93% completed  (46% total)
     Speed:     ev/sec=18275.2   simsec/sec=0.554844   ev/simsec=32937.5
     Messages:  created: 14652367   present: 1785   in FES: 206
** Event #14816512   t=466.398920055771   Elapsed: 848.061s (14m 08s)  93% completed  (46% total)
     Speed:     ev/sec=18277.9   simsec/sec=0.596403   ev/simsec=30646.9
     Messages:  created: 14688462   present: 1723   in FES: 166
** Event #14851584   t=467.50669294303   Elapsed: 850.087s (14m 10s)  93% completed  (46% total)
     Speed:     ev/sec=17314.5   simsec/sec=0.54689   ev/simsec=31659.9
     Messages:  created: 14722815   present: 1734   in FES: 173
** Event #14887680   t=468.531053170107   Elapsed: 852.11s (14m 12s)  93% completed  (46% total)
     Speed:     ev/sec=17840.9   simsec/sec=0.506303   ev/simsec=35237.6
     Messages:  created: 14758675   present: 1785   in FES: 186
** Event #14922752   t=469.546197458247   Elapsed: 854.135s (14m 14s)  93% completed  (46% total)
     Speed:     ev/sec=17317   simsec/sec=0.501233   ev/simsec=34548.8
     Messages:  created: 14792854   present: 1827   in FES: 206
** Event #14957568   t=470.564419918472   Elapsed: 856.156s (14m 16s)  94% completed  (47% total)
     Speed:     ev/sec=17232.2   simsec/sec=0.50397   ev/simsec=34192.9
     Messages:  created: 14826760   present: 1785   in FES: 189
** Event #14992128   t=471.548350358295   Elapsed: 858.17s (14m 18s)  94% completed  (47% total)
     Speed:     ev/sec=17161.6   simsec/sec=0.488596   ev/simsec=35124.4
     Messages:  created: 14860368   present: 1815   in FES: 198
** Event #15025920   t=472.558790617348   Elapsed: 860.183s (14m 20s)  94% completed  (47% total)
     Speed:     ev/sec=16783.9   simsec/sec=0.501869   ev/simsec=33442.8
     Messages:  created: 14892501   present: 1790   in FES: 206
** Event #15059456   t=473.57240416619   Elapsed: 862.185s (14m 22s)  94% completed  (47% total)
     Speed:     ev/sec=16750.3   simsec/sec=0.506271   ev/simsec=33085.6
     Messages:  created: 14924364   present: 1688   in FES: 157
** Event #15094528   t=474.591310976582   Elapsed: 864.199s (14m 24s)  94% completed  (47% total)
     Speed:     ev/sec=17416.3   simsec/sec=0.505977   ev/simsec=34421.2
     Messages:  created: 14958571   present: 1774   in FES: 207
** Event #15134464   t=476.001629709856   Elapsed: 866.202s (14m 26s)  95% completed  (47% total)
     Speed:     ev/sec=19940.7   simsec/sec=0.704195   ev/simsec=28317
     Messages:  created: 14999111   present: 1776   in FES: 187
** Event #15180032   t=477.093028094225   Elapsed: 868.204s (14m 28s)  95% completed  (47% total)
     Speed:     ev/sec=22752.3   simsec/sec=0.544941   ev/simsec=41751.9
     Messages:  created: 15042473   present: 1734   in FES: 167
** Event #15220480   t=478.524711100671   Elapsed: 870.221s (14m 30s)  95% completed  (47% total)
     Speed:     ev/sec=20060.4   simsec/sec=0.71005   ev/simsec=28252.1
     Messages:  created: 15083253   present: 1690   in FES: 157
** Event #15256576   t=479.544541405389   Elapsed: 872.235s (14m 32s)  95% completed  (47% total)
     Speed:     ev/sec=17916.6   simsec/sec=0.506204   ev/simsec=35394.1
     Messages:  created: 15118565   present: 1825   in FES: 200
** Event #15293952   t=480.567736484028   Elapsed: 874.254s (14m 34s)  96% completed  (48% total)
     Speed:     ev/sec=18514.2   simsec/sec=0.506838   ev/simsec=36528.7
     Messages:  created: 15155995   present: 1733   in FES: 172
** Event #15332352   t=481.572225548496   Elapsed: 876.281s (14m 36s)  96% completed  (48% total)
     Speed:     ev/sec=18943.2   simsec/sec=0.495528   ev/simsec=38228.4
     Messages:  created: 15194396   present: 1820   in FES: 199
** Event #15372032   t=482.647937042446   Elapsed: 878.284s (14m 38s)  96% completed  (48% total)
     Speed:     ev/sec=19816.8   simsec/sec=0.537226   ev/simsec=36887.2
     Messages:  created: 15235544   present: 1808   in FES: 207
** Event #15414784   t=484.031552649938   Elapsed: 880.285s (14m 40s)  96% completed  (48% total)
     Speed:     ev/sec=21356.4   simsec/sec=0.691174   ev/simsec=30898.8
     Messages:  created: 15278553   present: 1798   in FES: 206
** Event #15456512   t=485.084212385697   Elapsed: 882.287s (14m 42s)  97% completed  (48% total)
     Speed:     ev/sec=20843.9   simsec/sec=0.525824   ev/simsec=39640.5
     Messages:  created: 15319142   present: 1817   in FES: 196
** Event #15498752   t=486.514292559782   Elapsed: 884.303s (14m 44s)  97% completed  (48% total)
     Speed:     ev/sec=20953   simsec/sec=0.709385   ev/simsec=29536.8
     Messages:  created: 15362611   present: 1735   in FES: 172
** Event #15535616   t=487.533003439884   Elapsed: 886.317s (14m 46s)  97% completed  (48% total)
     Speed:     ev/sec=18305.5   simsec/sec=0.505859   ev/simsec=36186.9
     Messages:  created: 15399133   present: 1815   in FES: 198
** Event #15572992   t=488.546073933095   Elapsed: 888.347s (14m 48s)  97% completed  (48% total)
     Speed:     ev/sec=18414.9   simsec/sec=0.499134   ev/simsec=36893.8
     Messages:  created: 15436397   present: 1750   in FES: 175
** Event #15609600   t=489.573531299777   Elapsed: 890.374s (14m 50s)  97% completed  (48% total)
     Speed:     ev/sec=18057.8   simsec/sec=0.506818   ev/simsec=35629.7
     Messages:  created: 15472477   present: 1801   in FES: 194
** Event #15645952   t=490.593728081341   Elapsed: 892.375s (14m 52s)  98% completed  (49% total)
     Speed:     ev/sec=18170.7   simsec/sec=0.509949   ev/simsec=35632.3
     Messages:  created: 15508117   present: 1771   in FES: 182
** Event #15691776   t=492.0577893836   Elapsed: 894.378s (14m 54s)  98% completed  (49% total)
     Speed:     ev/sec=22868.1   simsec/sec=0.730627   ev/simsec=31299.2
     Messages:  created: 15554126   present: 1813   in FES: 198
** Event #15736576   t=493.530983423216   Elapsed: 896.393s (14m 56s)  98% completed  (49% total)
     Speed:     ev/sec=22232.3   simsec/sec=0.731084   ev/simsec=30410.1
     Messages:  created: 15599303   present: 1745   in FES: 174
** Event #15772928   t=494.552861023494   Elapsed: 898.407s (14m 58s)  98% completed  (49% total)
     Speed:     ev/sec=18049.8   simsec/sec=0.507391   ev/simsec=35573.7
     Messages:  created: 15634852   present: 1695   in FES: 158
** Event #15808768   t=495.583252780289   Elapsed: 900.418s (15m 00s)  99% completed  (49% total)
     Speed:     ev/sec=17829.2   simsec/sec=0.512586   ev/simsec=34782.9
     Messages:  created: 15670268   present: 1825   in FES: 206
** Event #15844352   t=496.60302860319   Elapsed: 902.427s (15m 02s)  99% completed  (49% total)
     Speed:     ev/sec=17709.1   simsec/sec=0.507511   ev/simsec=34893.9
     Messages:  created: 15705301   present: 1812   in FES: 206
** Event #15896320   t=498.388512496805   Elapsed: 904.432s (15m 04s)  99% completed  (49% total)
     Speed:     ev/sec=25924.7   simsec/sec=0.890705   ev/simsec=29105.8
     Messages:  created: 15757969   present: 1732   in FES: 207
** Event #15933696   t=499.531659789184   Elapsed: 906.439s (15m 06s)  99% completed  (49% total)
     Speed:     ev/sec=18615.8   simsec/sec=0.569365   ev/simsec=32695.7
     Messages:  created: 15795054   present: 1804   in FES: 193
** Event #15947031   t=500   Elapsed: 907.453s (15m 07s)  100% completed  (50% total)
     Speed:     ev/sec=13151.7   simsec/sec=0.459968   ev/simsec=28592.6
     Messages:  created: 15808623   present: 1681   in FES: 155

<!> Simulation time limit reached -- at t=500s, event #15947031
undisposed object: (omnetpp::cMessage) FanetStressNetwork.uav[0].app.debugTimer -- check module destructor
undisposed object: (omnetpp::cMessage) FanetStressNetwork.uav[1].app.debugTimer -- check module destructor
undisposed object: (omnetpp::cMessage) FanetStressNetwork.uav[2].app.debugTimer -- check module destructor
undisposed object: (omnetpp::cMessage) FanetStressNetwork.uav[3].app.debugTimer -- check module destructor
undisposed object: (omnetpp::cMessage) FanetStressNetwork.uav[4].app.debugTimer -- check module destructor
undisposed object: (omnetpp::cMessage) FanetStressNetwork.uav[5].app.debugTimer -- check module destructor
undisposed object: (omnetpp::cMessage) FanetStressNetwork.uav[6].app.debugTimer -- check module destructor
undisposed object: (omnetpp::cMessage) FanetStressNetwork.uav[7].app.debugTimer -- check module destructor
undisposed object: (omnetpp::cMessage) FanetStressNetwork.uav[8].app.debugTimer -- check module destructor
undisposed object: (omnetpp::cMessage) FanetStressNetwork.uav[9].app.debugTimer -- check module destructor
undisposed object: (omnetpp::cMessage) FanetStressNetwork.uav[10].app.debugTimer -- check module destructor
undisposed object: (omnetpp::cMessage) FanetStressNetwork.uav[11].app.debugTimer -- check module destructor
undisposed object: (omnetpp::cMessage) FanetStressNetwork.uav[12].app.debugTimer -- check module destructor
undisposed object: (omnetpp::cMessage) FanetStressNetwork.uav[13].app.debugTimer -- check module destructor
undisposed object: (omnetpp::cMessage) FanetStressNetwork.uav[14].app.debugTimer -- check module destructor
undisposed object: (omnetpp::cMessage) FanetStressNetwork.uav[15].app.debugTimer -- check module destructor
undisposed object: (omnetpp::cMessage) FanetStressNetwork.uav[16].app.debugTimer -- check module destructor
undisposed object: (omnetpp::cMessage) FanetStressNetwork.uav[17].app.debugTimer -- check module destructor
undisposed object: (omnetpp::cMessage) FanetStressNetwork.uav[18].app.debugTimer -- check module destructor
undisposed object: (omnetpp::cMessage) FanetStressNetwork.uav[19].app.debugTimer -- check module destructor
undisposed object: (omnetpp::cMessage) FanetStressNetwork.uav[20].app.debugTimer -- check module destructor
undisposed object: (omnetpp::cMessage) FanetStressNetwork.uav[21].app.debugTimer -- check module destructor
undisposed object: (omnetpp::cMessage) FanetStressNetwork.uav[22].app.debugTimer -- check module destructor
undisposed object: (omnetpp::cMessage) FanetStressNetwork.uav[23].app.debugTimer -- check module destructor
undisposed object: (omnetpp::cMessage) FanetStressNetwork.uav[24].app.debugTimer -- check module destructor
undisposed object: (omnetpp::cMessage) FanetStressNetwork.uav[25].app.debugTimer -- check module destructor
undisposed object: (omnetpp::cMessage) FanetStressNetwork.uav[26].app.debugTimer -- check module destructor
undisposed object: (omnetpp::cMessage) FanetStressNetwork.uav[27].app.debugTimer -- check module destructor
undisposed object: (omnetpp::cMessage) FanetStressNetwork.uav[28].app.debugTimer -- check module destructor
undisposed object: (omnetpp::cMessage) FanetStressNetwork.uav[29].app.debugTimer -- check module destructor
undisposed object: (omnetpp::cMessage) FanetStressNetwork.uav[30].app.debugTimer -- check module destructor
undisposed object: (omnetpp::cMessage) FanetStressNetwork.uav[31].app.debugTimer -- check module destructor
undisposed object: (omnetpp::cMessage) FanetStressNetwork.uav[32].app.debugTimer -- check module destructor
undisposed object: (omnetpp::cMessage) FanetStressNetwork.uav[33].app.debugTimer -- check module destructor
undisposed object: (omnetpp::cMessage) FanetStressNetwork.uav[34].app.debugTimer -- check module destructor
undisposed object: (omnetpp::cMessage) FanetStressNetwork.uav[35].app.debugTimer -- check module destructor
undisposed object: (omnetpp::cMessage) FanetStressNetwork.uav[36].app.debugTimer -- check module destructor
undisposed object: (omnetpp::cMessage) FanetStressNetwork.uav[37].app.debugTimer -- check module destructor
undisposed object: (omnetpp::cMessage) FanetStressNetwork.uav[38].app.debugTimer -- check module destructor
undisposed object: (omnetpp::cMessage) FanetStressNetwork.uav[39].app.debugTimer -- check module destructor
undisposed object: (omnetpp::cMessage) FanetStressNetwork.uav[40].app.debugTimer -- check module destructor
undisposed object: (omnetpp::cMessage) FanetStressNetwork.uav[41].app.debugTimer -- check module destructor
undisposed object: (omnetpp::cMessage) FanetStressNetwork.uav[42].app.debugTimer -- check module destructor
undisposed object: (omnetpp::cMessage) FanetStressNetwork.uav[43].app.debugTimer -- check module destructor
undisposed object: (omnetpp::cMessage) FanetStressNetwork.uav[44].app.debugTimer -- check module destructor
undisposed object: (omnetpp::cMessage) FanetStressNetwork.uav[45].app.debugTimer -- check module destructor
undisposed object: (omnetpp::cMessage) FanetStressNetwork.uav[46].app.debugTimer -- check module destructor
undisposed object: (omnetpp::cMessage) FanetStressNetwork.uav[47].app.debugTimer -- check module destructor
undisposed object: (omnetpp::cMessage) FanetStressNetwork.uav[48].app.debugTimer -- check module destructor
undisposed object: (omnetpp::cMessage) FanetStressNetwork.uav[49].app.debugTimer -- check module destructor
